2026-02-25 13:33:47 DEBUG    Fetching open PRs from 'products/SLFO'
2026-02-25 13:33:49 INFO     Loaded 242 active PRs from products/SLFO
2026-02-25 13:33:49 DEBUG    Fetching info for PR git:2649 from Gitea
2026-02-25 13:33:49 DEBUG    Fetching info for PR git:2648 from Gitea
2026-02-25 13:33:49 DEBUG    Fetching info for PR git:2647 from Gitea
2026-02-25 13:33:49 DEBUG    Fetching info for PR git:2646 from Gitea
2026-02-25 13:33:49 DEBUG    Fetching info for PR git:2645 from Gitea
2026-02-25 13:33:49 DEBUG    Fetching info for PR git:2643 from Gitea
2026-02-25 13:33:49 DEBUG    Fetching info for PR git:2642 from Gitea
2026-02-25 13:33:49 DEBUG    Fetching info for PR git:2641 from Gitea
2026-02-25 13:33:49 DEBUG    Fetching info for PR git:2640 from Gitea
2026-02-25 13:33:49 DEBUG    Fetching info for PR git:2639 from Gitea
2026-02-25 13:33:49 DEBUG    Fetching info for PR git:2638 from Gitea
2026-02-25 13:33:49 DEBUG    Fetching info for PR git:2637 from Gitea
2026-02-25 13:33:49 DEBUG    Fetching info for PR git:2636 from Gitea
2026-02-25 13:33:49 DEBUG    Fetching info for PR git:2635 from Gitea
2026-02-25 13:33:49 DEBUG    Fetching info for PR git:2634 from Gitea
2026-02-25 13:33:49 DEBUG    Fetching info for PR git:2633 from Gitea
2026-02-25 13:33:49 DEBUG    Fetching info for PR git:2631 from Gitea
2026-02-25 13:33:49 DEBUG    Fetching info for PR git:2630 from Gitea
2026-02-25 13:33:49 DEBUG    Fetching info for PR git:2629 from Gitea
2026-02-25 13:33:49 DEBUG    Fetching info for PR git:2628 from Gitea
2026-02-25 13:33:49 DEBUG    Fetching info for PR git:2627 from Gitea
2026-02-25 13:33:49 DEBUG    Fetching info for PR git:2626 from Gitea
2026-02-25 13:33:49 DEBUG    Fetching info for PR git:2625 from Gitea
2026-02-25 13:33:49 DEBUG    Fetching info for PR git:2624 from Gitea
2026-02-25 13:33:49 DEBUG    Fetching info for PR git:2623 from Gitea
2026-02-25 13:33:49 DEBUG    Fetching info for PR git:2618 from Gitea
2026-02-25 13:33:49 DEBUG    Fetching info for PR git:2617 from Gitea
2026-02-25 13:33:49 DEBUG    Fetching info for PR git:2616 from Gitea
2026-02-25 13:33:49 DEBUG    Fetching info for PR git:2615 from Gitea
2026-02-25 13:33:49 DEBUG    Fetching info for PR git:2612 from Gitea
2026-02-25 13:33:49 DEBUG    Fetching info for PR git:2611 from Gitea
2026-02-25 13:33:49 DEBUG    Fetching info for PR git:2610 from Gitea
2026-02-25 13:33:50 DEBUG    Checking OBS project SUSE:SLFO:1.2:PullRequest:2649
2026-02-25 13:33:50 DEBUG    Checking OBS project SUSE:SLFO:1.2:PullRequest:2646
2026-02-25 13:33:50 DEBUG    Checking OBS project SUSE:SLFO:1.2:PullRequest:2643
2026-02-25 13:33:50 DEBUG    Checking OBS project SUSE:SLFO:1.2:PullRequest:2635
2026-02-25 13:33:50 DEBUG    Checking OBS project SUSE:SLFO:1.2:PullRequest:2640
2026-02-25 13:33:50 DEBUG    Checking OBS project SUSE:SLFO:1.2:PullRequest:2628
2026-02-25 13:33:50 DEBUG    Checking OBS project SUSE:SLFO:1.2:PullRequest:2631
2026-02-25 13:33:50 DEBUG    Checking OBS project SUSE:SLFO:1.2:PullRequest:2637
2026-02-25 13:33:50 DEBUG    Checking OBS project SUSE:SLFO:1.2:PullRequest:2639
2026-02-25 13:33:50 DEBUG    Checking OBS project SUSE:SLFO:1.2:PullRequest:2634
2026-02-25 13:33:50 DEBUG    Checking OBS project SUSE:SLFO:1.2:PullRequest:2633
2026-02-25 13:33:50 DEBUG    Checking OBS project SUSE:SLFO:1.2:PullRequest:2636
2026-02-25 13:33:50 DEBUG    Checking OBS project SUSE:SLFO:1.2:PullRequest:2649:SL-Micro
2026-02-25 13:33:50 DEBUG    Checking OBS project SUSE:SLFO:1.2:PullRequest:2642
2026-02-25 13:33:50 DEBUG    Checking OBS project SUSE:SLFO:1.2:PullRequest:2625
2026-02-25 13:33:50 DEBUG    Checking OBS project SUSE:SLFO:1.2:PullRequest:2615
2026-02-25 13:33:50 DEBUG    Relevant archs for SUSE:SLFO:1.2:PullRequest:2649:SL-Micro: ['aarch64', 'ppc64le', 's390x', 'x86_64']
2026-02-25 13:33:50 DEBUG    Checking OBS project SUSE:SLFO:1.2:PullRequest:2646:SL-Micro
2026-02-25 13:33:50 DEBUG    Checking OBS project SUSE:SLFO:1.2:PullRequest:2638
2026-02-25 13:33:50 DEBUG    Checking OBS project SUSE:SLFO:1.2:PullRequest:2643:SL-Micro
2026-02-25 13:33:50 DEBUG    Checking OBS project SUSE:SLFO:1.2:PullRequest:2642:SL-Micro
2026-02-25 13:33:50 DEBUG    Checking OBS project SUSE:SLFO:1.2:PullRequest:2615:SL-Micro
2026-02-25 13:33:50 INFO     PR git:2645 skipped: No reviews by qam-openqa
2026-02-25 13:33:50 DEBUG    Fetching info for PR git:2609 from Gitea
2026-02-25 13:33:50 DEBUG    Relevant archs for SUSE:SLFO:1.2:PullRequest:2646:SL-Micro: ['aarch64', 'ppc64le', 's390x', 'x86_64']
2026-02-25 13:33:50 DEBUG    Checking OBS project SUSE:SLFO:1.2:PullRequest:2629
2026-02-25 13:33:50 DEBUG    Checking OBS project SUSE:SLFO:1.2:PullRequest:2625:SL-Micro
2026-02-25 13:33:50 DEBUG    Relevant archs for SUSE:SLFO:1.2:PullRequest:2643:SL-Micro: ['aarch64', 'ppc64le', 's390x', 'x86_64']
2026-02-25 13:33:50 DEBUG    Checking OBS project SUSE:SLFO:1.2:PullRequest:2627
2026-02-25 13:33:50 DEBUG    Relevant archs for SUSE:SLFO:1.2:PullRequest:2642:SL-Micro: ['aarch64', 'ppc64le', 's390x', 'x86_64']
2026-02-25 13:33:50 DEBUG    Relevant archs for SUSE:SLFO:1.2:PullRequest:2615:SL-Micro: ['aarch64', 'ppc64le', 's390x', 'x86_64']
2026-02-25 13:33:50 DEBUG    Checking OBS project SUSE:SLFO:1.2:PullRequest:2635:SL-Micro
2026-02-25 13:33:50 INFO     PR git:2616 skipped: No reviews by qam-openqa
2026-02-25 13:33:50 DEBUG    Fetching info for PR git:2608 from Gitea
2026-02-25 13:33:50 DEBUG    Checking OBS project SUSE:SLFO:1.2:PullRequest:2626
2026-02-25 13:33:50 DEBUG    Checking OBS project SUSE:SLFO:1.2:PullRequest:2630
2026-02-25 13:33:50 INFO     PR git:2610 skipped: No reviews by qam-openqa
2026-02-25 13:33:50 DEBUG    Fetching info for PR git:2607 from Gitea
2026-02-25 13:33:50 DEBUG    Checking OBS project SUSE:SLFO:1.2:PullRequest:2638:SL-Micro
2026-02-25 13:33:50 DEBUG    Checking OBS project SUSE:SLFO:1.2:PullRequest:2628:SL-Micro
2026-02-25 13:33:50 DEBUG    Relevant archs for SUSE:SLFO:1.2:PullRequest:2625:SL-Micro: ['aarch64', 'ppc64le', 's390x', 'x86_64']
2026-02-25 13:33:50 DEBUG    Relevant archs for SUSE:SLFO:1.2:PullRequest:2635:SL-Micro: ['aarch64', 'ppc64le', 's390x', 'x86_64']
2026-02-25 13:33:50 DEBUG    Checking OBS project SUSE:SLFO:1.2:PullRequest:2629:SL-Micro
2026-02-25 13:33:50 INFO     PR git:2647 skipped: No reviews by qam-openqa
2026-02-25 13:33:50 DEBUG    Fetching info for PR git:2606 from Gitea
2026-02-25 13:33:50 INFO     PR git:2617 skipped: No reviews by qam-openqa
2026-02-25 13:33:50 DEBUG    Fetching info for PR git:2605 from Gitea
2026-02-25 13:33:50 DEBUG    Relevant archs for SUSE:SLFO:1.2:PullRequest:2638:SL-Micro: ['aarch64', 'ppc64le', 's390x', 'x86_64']
2026-02-25 13:33:50 INFO     PR git:2648 skipped: No reviews by qam-openqa
2026-02-25 13:33:50 DEBUG    Fetching info for PR git:2604 from Gitea
2026-02-25 13:33:50 INFO     PR git:2623 skipped: No reviews by qam-openqa
2026-02-25 13:33:50 INFO     PR git:2624 skipped: No reviews by qam-openqa
2026-02-25 13:33:50 DEBUG    Fetching info for PR git:2603 from Gitea
2026-02-25 13:33:50 DEBUG    Fetching info for PR git:2602 from Gitea
2026-02-25 13:33:50 DEBUG    Relevant archs for SUSE:SLFO:1.2:PullRequest:2628:SL-Micro: ['aarch64', 'ppc64le', 's390x', 'x86_64']
2026-02-25 13:33:50 INFO     PR git:2611 skipped: No reviews by qam-openqa
2026-02-25 13:33:50 DEBUG    Checking OBS project SUSE:SLFO:1.2:PullRequest:2640:SL-Micro
2026-02-25 13:33:50 DEBUG    Checking OBS project SUSE:SLFO:1.2:PullRequest:2631:SL-Micro
2026-02-25 13:33:50 INFO     PR git:2641 skipped: No reviews by qam-openqa
2026-02-25 13:33:50 DEBUG    Checking OBS project SUSE:SLFO:1.2:PullRequest:2630:SL-Micro
2026-02-25 13:33:50 DEBUG    Relevant archs for SUSE:SLFO:1.2:PullRequest:2629:SL-Micro: ['aarch64', 'ppc64le', 's390x', 'x86_64']
2026-02-25 13:33:50 INFO     PR git:2618 skipped: No reviews by qam-openqa
2026-02-25 13:33:50 DEBUG    Fetching info for PR git:2601 from Gitea
2026-02-25 13:33:50 DEBUG    Checking OBS project SUSE:SLFO:1.2:PullRequest:2649:SLES
2026-02-25 13:33:50 DEBUG    Checking OBS project SUSE:SLFO:1.2:PullRequest:2634:SL-Micro
2026-02-25 13:33:50 INFO     PR git:2612 skipped: No reviews by qam-openqa
2026-02-25 13:33:50 DEBUG    Checking OBS project SUSE:SLFO:1.2:PullRequest:2639:SL-Micro
2026-02-25 13:33:50 DEBUG    Fetching info for PR git:2600 from Gitea
2026-02-25 13:33:50 DEBUG    Fetching info for PR git:2599 from Gitea
2026-02-25 13:33:50 DEBUG    Fetching info for PR git:2598 from Gitea
2026-02-25 13:33:50 DEBUG    Checking OBS project SUSE:SLFO:1.2:PullRequest:2646:SLES
2026-02-25 13:33:50 DEBUG    Checking OBS project SUSE:SLFO:1.2:PullRequest:2626:SL-Micro
2026-02-25 13:33:50 DEBUG    Checking OBS project SUSE:SLFO:1.2:PullRequest:2627:SL-Micro
2026-02-25 13:33:50 DEBUG    Checking OBS project SUSE:SLFO:1.2:PullRequest:2637:SL-Micro
2026-02-25 13:33:50 DEBUG    Checking OBS project SUSE:SLFO:1.2:PullRequest:2633:SL-Micro
2026-02-25 13:33:50 DEBUG    Relevant archs for SUSE:SLFO:1.2:PullRequest:2631:SL-Micro: ['aarch64', 'ppc64le', 's390x', 'x86_64']
2026-02-25 13:33:50 DEBUG    Relevant archs for SUSE:SLFO:1.2:PullRequest:2640:SL-Micro: ['aarch64', 'ppc64le', 's390x', 'x86_64']
2026-02-25 13:33:50 DEBUG    Checking OBS project SUSE:SLFO:1.2:PullRequest:2636:SL-Micro
2026-02-25 13:33:51 DEBUG    Relevant archs for SUSE:SLFO:1.2:PullRequest:2630:SL-Micro: ['aarch64', 'ppc64le', 's390x', 'x86_64']
2026-02-25 13:33:51 DEBUG    Relevant archs for SUSE:SLFO:1.2:PullRequest:2634:SL-Micro: ['aarch64', 'ppc64le', 's390x', 'x86_64']
2026-02-25 13:33:51 DEBUG    Relevant archs for SUSE:SLFO:1.2:PullRequest:2626:SL-Micro: ['aarch64', 'ppc64le', 's390x', 'x86_64']
2026-02-25 13:33:51 DEBUG    Relevant archs for SUSE:SLFO:1.2:PullRequest:2649:SLES: ['aarch64', 'ppc64le', 's390x', 'x86_64']
2026-02-25 13:33:51 DEBUG    Relevant archs for SUSE:SLFO:1.2:PullRequest:2639:SL-Micro: ['aarch64', 'ppc64le', 's390x', 'x86_64']
2026-02-25 13:33:51 DEBUG    Checking OBS project SUSE:SLFO:1.2:PullRequest:2642:SLES
2026-02-25 13:33:51 DEBUG    Relevant archs for SUSE:SLFO:1.2:PullRequest:2637:SL-Micro: ['aarch64', 'ppc64le', 's390x', 'x86_64']
2026-02-25 13:33:51 DEBUG    Relevant archs for SUSE:SLFO:1.2:PullRequest:2633:SL-Micro: ['aarch64', 'ppc64le', 's390x', 'x86_64']
2026-02-25 13:33:51 DEBUG    Relevant archs for SUSE:SLFO:1.2:PullRequest:2627:SL-Micro: ['aarch64', 'ppc64le', 's390x', 'x86_64']
2026-02-25 13:33:51 DEBUG    Relevant archs for SUSE:SLFO:1.2:PullRequest:2646:SLES: ['aarch64', 'ppc64le', 's390x', 'x86_64']
2026-02-25 13:33:51 DEBUG    Relevant archs for SUSE:SLFO:1.2:PullRequest:2636:SL-Micro: ['aarch64', 'ppc64le', 's390x', 'x86_64']
2026-02-25 13:33:51 DEBUG    Checking OBS project SUSE:SLFO:1.2:PullRequest:2609
2026-02-25 13:33:51 DEBUG    Checking OBS project SUSE:SLFO:1.2:PullRequest:2615:SLES
2026-02-25 13:33:51 DEBUG    Checking OBS project SUSE:SLFO:1.2:PullRequest:2625:SLES
2026-02-25 13:33:51 DEBUG    Relevant archs for SUSE:SLFO:1.2:PullRequest:2642:SLES: ['aarch64', 'ppc64le', 's390x', 'x86_64']
2026-02-25 13:33:51 DEBUG    Checking OBS project SUSE:SLFO:1.2:PullRequest:2643:SLES
2026-02-25 13:33:51 DEBUG    Relevant archs for SUSE:SLFO:1.2:PullRequest:2615:SLES: ['aarch64', 'ppc64le', 's390x', 'x86_64']
2026-02-25 13:33:51 DEBUG    Checking OBS project SUSE:SLFO:1.2:PullRequest:2628:SLES
2026-02-25 13:33:51 DEBUG    Checking OBS project SUSE:SLFO:1.2:PullRequest:2635:SLES
2026-02-25 13:33:51 DEBUG    Relevant archs for SUSE:SLFO:1.2:PullRequest:2625:SLES: ['aarch64', 'ppc64le', 's390x', 'x86_64']
2026-02-25 13:33:51 DEBUG    Checking OBS project SUSE:SLFO:1.2:PullRequest:2638:SLES
2026-02-25 13:33:51 DEBUG    Relevant archs for SUSE:SLFO:1.2:PullRequest:2643:SLES: ['aarch64', 'ppc64le', 's390x', 'x86_64']
2026-02-25 13:33:51 DEBUG    Checking OBS project SUSE:SLFO:1.2:PullRequest:2609:SL-Micro
2026-02-25 13:33:51 DEBUG    Checking OBS project SUSE:SLFO:1.2:PullRequest:2629:SLES
2026-02-25 13:33:51 DEBUG    Relevant archs for SUSE:SLFO:1.2:PullRequest:2628:SLES: ['aarch64', 'ppc64le', 's390x', 'x86_64']
2026-02-25 13:33:51 DEBUG    Relevant archs for SUSE:SLFO:1.2:PullRequest:2635:SLES: ['aarch64', 'ppc64le', 's390x', 'x86_64']
2026-02-25 13:33:51 DEBUG    Relevant archs for SUSE:SLFO:1.2:PullRequest:2638:SLES: ['aarch64', 'ppc64le', 's390x', 'x86_64']
2026-02-25 13:33:51 DEBUG    Checking OBS project SUSE:SLFO:1.2:PullRequest:2626:SLES
2026-02-25 13:33:51 DEBUG    Relevant archs for SUSE:SLFO:1.2:PullRequest:2629:SLES: ['aarch64', 'ppc64le', 's390x', 'x86_64']
2026-02-25 13:33:51 DEBUG    Relevant archs for SUSE:SLFO:1.2:PullRequest:2609:SL-Micro: ['aarch64', 'ppc64le', 's390x', 'x86_64']
2026-02-25 13:33:51 DEBUG    Checking OBS project SUSE:SLFO:1.2:PullRequest:2634:SLES
2026-02-25 13:33:51 DEBUG    Checking OBS project SUSE:SLFO:1.2:PullRequest:2640:SLES
2026-02-25 13:33:51 DEBUG    Checking OBS project SUSE:SLFO:1.2:PullRequest:2637:SLES
2026-02-25 13:33:51 DEBUG    Checking OBS project SUSE:SLFO:1.2:PullRequest:2631:SLES
2026-02-25 13:33:51 DEBUG    Checking OBS project SUSE:SLFO:1.2:PullRequest:2639:SLES
2026-02-25 13:33:51 DEBUG    Relevant archs for SUSE:SLFO:1.2:PullRequest:2626:SLES: ['aarch64', 'ppc64le', 's390x', 'x86_64']
2026-02-25 13:33:51 DEBUG    Checking OBS project SUSE:SLFO:1.2:PullRequest:2630:SLES
2026-02-25 13:33:51 DEBUG    Relevant archs for SUSE:SLFO:1.2:PullRequest:2640:SLES: ['aarch64', 'ppc64le', 's390x', 'x86_64']
2026-02-25 13:33:51 DEBUG    Relevant archs for SUSE:SLFO:1.2:PullRequest:2639:SLES: ['aarch64', 'ppc64le', 's390x', 'x86_64']
2026-02-25 13:33:51 INFO     PR git:2608 skipped: No reviews by qam-openqa
2026-02-25 13:33:51 DEBUG    Checking OBS project SUSE:SLFO:1.2:PullRequest:2633:SLES
2026-02-25 13:33:51 DEBUG    Relevant archs for SUSE:SLFO:1.2:PullRequest:2637:SLES: ['aarch64', 'ppc64le', 's390x', 'x86_64']
2026-02-25 13:33:51 DEBUG    Checking OBS project SUSE:SLFO:1.2:PullRequest:2636:SLES
2026-02-25 13:33:51 INFO     PR git:2607 skipped: No reviews by qam-openqa
2026-02-25 13:33:51 DEBUG    Relevant archs for SUSE:SLFO:1.2:PullRequest:2631:SLES: ['aarch64', 'ppc64le', 's390x', 'x86_64']
2026-02-25 13:33:51 DEBUG    Relevant archs for SUSE:SLFO:1.2:PullRequest:2634:SLES: ['aarch64', 'ppc64le', 's390x', 'x86_64']
2026-02-25 13:33:51 DEBUG    Checking OBS project SUSE:SLFO:1.2:PullRequest:2627:SLES
2026-02-25 13:33:51 DEBUG    Fetching info for PR git:2597 from Gitea
2026-02-25 13:33:51 DEBUG    Fetching info for PR git:2595 from Gitea
2026-02-25 13:33:51 INFO     PR git:2606 skipped: No reviews by qam-openqa
2026-02-25 13:33:51 DEBUG    Relevant archs for SUSE:SLFO:1.2:PullRequest:2630:SLES: ['aarch64', 'ppc64le', 's390x', 'x86_64']
2026-02-25 13:33:51 INFO     PR git:2598 skipped: No reviews by qam-openqa
2026-02-25 13:33:51 DEBUG    Fetching info for PR git:2594 from Gitea
2026-02-25 13:33:51 DEBUG    Fetching info for PR git:2593 from Gitea
2026-02-25 13:33:51 DEBUG    Relevant archs for SUSE:SLFO:1.2:PullRequest:2633:SLES: ['aarch64', 'ppc64le', 's390x', 'x86_64']
2026-02-25 13:33:51 INFO     PR git:2603 skipped: No reviews by qam-openqa
2026-02-25 13:33:51 DEBUG    Relevant archs for SUSE:SLFO:1.2:PullRequest:2636:SLES: ['aarch64', 'ppc64le', 's390x', 'x86_64']
2026-02-25 13:33:51 DEBUG    Fetching info for PR git:2592 from Gitea
2026-02-25 13:33:51 DEBUG    Relevant archs for SUSE:SLFO:1.2:PullRequest:2627:SLES: ['aarch64', 'ppc64le', 's390x', 'x86_64']
2026-02-25 13:33:51 INFO     PR git:2604 skipped: No reviews by qam-openqa
2026-02-25 13:33:51 DEBUG    Fetching info for PR git:2590 from Gitea
2026-02-25 13:33:51 INFO     PR git:2601 skipped: No channels found
2026-02-25 13:33:51 DEBUG    Fetching info for PR git:2589 from Gitea
2026-02-25 13:33:51 DEBUG    Fetching info for PR git:2587 from Gitea
2026-02-25 13:33:51 INFO     PR git:2599 skipped: No reviews by qam-openqa
2026-02-25 13:33:51 INFO     PR git:2600 skipped: No reviews by qam-openqa
2026-02-25 13:33:51 DEBUG    Fetching info for PR git:2585 from Gitea
2026-02-25 13:33:51 INFO     PR git:2649: Some repos not published yet: SUSE:SLFO:1.2:PullRequest:2649:SLES:x86_64#16.0, SUSE:SLFO:1.2:PullRequest:2649:SLES:aarch64#16.0, SUSE:SLFO:1.2:PullRequest:2649:SLES:ppc64le#16.0, SUSE:SLFO:1.2:PullRequest:2649:SLES:s390x#16.0
2026-02-25 13:33:51 DEBUG    Fetching info for PR git:2581 from Gitea
2026-02-25 13:33:51 INFO     Skipping PR git:2649: Not all packages succeeded or published
2026-02-25 13:33:51 DEBUG    Fetching info for PR git:2578 from Gitea
2026-02-25 13:33:51 INFO     PR git:2605 skipped: No reviews by qam-openqa
2026-02-25 13:33:51 DEBUG    Fetching info for PR git:2577 from Gitea
2026-02-25 13:33:51 DEBUG    Fetching info for PR git:2576 from Gitea
2026-02-25 13:33:51 INFO     PR git:2602 skipped: No reviews by qam-openqa
2026-02-25 13:33:51 DEBUG    Fetching info for PR git:2573 from Gitea
2026-02-25 13:33:51 DEBUG    Checking OBS project SUSE:SLFO:1.2:PullRequest:2609:SLES
2026-02-25 13:33:51 DEBUG    Fetching info for PR git:2567 from Gitea
2026-02-25 13:33:51 DEBUG    Fetching info for PR git:2566 from Gitea
2026-02-25 13:33:51 DEBUG    Fetching info for PR git:2563 from Gitea
2026-02-25 13:33:51 DEBUG    Relevant archs for SUSE:SLFO:1.2:PullRequest:2609:SLES: ['aarch64', 'ppc64le', 's390x', 'x86_64']
2026-02-25 13:33:51 DEBUG    Fetching info for PR git:2561 from Gitea
2026-02-25 13:33:51 DEBUG    Fetching info for PR git:2560 from Gitea
2026-02-25 13:33:51 DEBUG    Checking OBS project SUSE:SLFO:1.2:PullRequest:2589
2026-02-25 13:33:51 DEBUG    Fetching info for PR git:2558 from Gitea
2026-02-25 13:33:51 DEBUG    Checking OBS project SUSE:SLFO:1.2:PullRequest:2589:SL-Micro
2026-02-25 13:33:51 DEBUG    Fetching info for PR git:2557 from Gitea
2026-02-25 13:33:51 DEBUG    Fetching info for PR git:2556 from Gitea
2026-02-25 13:33:51 DEBUG    Fetching info for PR git:2554 from Gitea
2026-02-25 13:33:51 DEBUG    Fetching info for PR git:2550 from Gitea
2026-02-25 13:33:51 DEBUG    Fetching info for PR git:2548 from Gitea
2026-02-25 13:33:51 DEBUG    Fetching info for PR git:2542 from Gitea
2026-02-25 13:33:51 DEBUG    Relevant archs for SUSE:SLFO:1.2:PullRequest:2589:SL-Micro: ['aarch64', 'ppc64le', 's390x', 'x86_64']
2026-02-25 13:33:51 DEBUG    Fetching info for PR git:2541 from Gitea
2026-02-25 13:33:51 DEBUG    Fetching info for PR git:2539 from Gitea
2026-02-25 13:33:52 DEBUG    Fetching info for PR git:2534 from Gitea
2026-02-25 13:33:52 DEBUG    Fetching info for PR git:2533 from Gitea
2026-02-25 13:33:52 DEBUG    Fetching info for PR git:2529 from Gitea
2026-02-25 13:33:52 DEBUG    Fetching info for PR git:2526 from Gitea
2026-02-25 13:33:52 DEBUG    Checking OBS project SUSE:SLFO:1.2:PullRequest:2590
2026-02-25 13:33:52 DEBUG    Checking OBS project SUSE:SLFO:1.2:PullRequest:2589:SLES
2026-02-25 13:33:52 DEBUG    Checking OBS project SUSE:SLFO:1.2:PullRequest:2587
2026-02-25 13:33:52 DEBUG    Relevant archs for SUSE:SLFO:1.2:PullRequest:2589:SLES: ['aarch64', 'ppc64le', 's390x', 'x86_64']
2026-02-25 13:33:52 DEBUG    Checking OBS project SUSE:SLFO:1.2:PullRequest:2590:SL-Micro
2026-02-25 13:33:52 INFO     PR git:2595 skipped: No reviews by qam-openqa
2026-02-25 13:33:52 DEBUG    Fetching info for PR git:2525 from Gitea
2026-02-25 13:33:52 DEBUG    Checking OBS project SUSE:SLFO:1.2:PullRequest:2587:SL-Micro
2026-02-25 13:33:52 DEBUG    Relevant archs for SUSE:SLFO:1.2:PullRequest:2590:SL-Micro: ['aarch64', 'ppc64le', 's390x', 'x86_64']
2026-02-25 13:33:52 INFO     PR git:2597 skipped: No reviews by qam-openqa
2026-02-25 13:33:52 DEBUG    Fetching info for PR git:2520 from Gitea
2026-02-25 13:33:52 DEBUG    Relevant archs for SUSE:SLFO:1.2:PullRequest:2587:SL-Micro: ['aarch64', 'ppc64le', 's390x', 'x86_64']
2026-02-25 13:33:52 DEBUG    Checking OBS project SUSE:SLFO:1.2:PullRequest:2567
2026-02-25 13:33:52 INFO     PR git:2594 skipped: No reviews by qam-openqa
2026-02-25 13:33:52 DEBUG    Fetching info for PR git:2519 from Gitea
2026-02-25 13:33:52 DEBUG    Checking OBS project SUSE:SLFO:1.2:PullRequest:2567:SL-Micro
2026-02-25 13:33:52 INFO     PR git:2592 skipped: No reviews by qam-openqa
2026-02-25 13:33:52 DEBUG    Fetching info for PR git:2517 from Gitea
2026-02-25 13:33:52 DEBUG    Relevant archs for SUSE:SLFO:1.2:PullRequest:2567:SL-Micro: ['aarch64', 'ppc64le', 's390x', 'x86_64']
2026-02-25 13:33:52 DEBUG    Checking OBS project SUSE:SLFO:1.2:PullRequest:2590:SLES
2026-02-25 13:33:52 DEBUG    Checking OBS project SUSE:SLFO:1.2:PullRequest:2587:SLES
2026-02-25 13:33:52 INFO     PR git:2577 skipped: No reviews by qam-openqa
2026-02-25 13:33:52 DEBUG    Fetching info for PR git:2516 from Gitea
2026-02-25 13:33:52 DEBUG    Relevant archs for SUSE:SLFO:1.2:PullRequest:2590:SLES: ['aarch64', 'ppc64le', 's390x', 'x86_64']
2026-02-25 13:33:52 INFO     PR git:2585 skipped: No reviews by qam-openqa
2026-02-25 13:33:52 DEBUG    Fetching info for PR git:2514 from Gitea
2026-02-25 13:33:52 DEBUG    Relevant archs for SUSE:SLFO:1.2:PullRequest:2587:SLES: ['aarch64', 'ppc64le', 's390x', 'x86_64']
2026-02-25 13:33:52 INFO     PR git:2593 skipped: No reviews by qam-openqa
2026-02-25 13:33:52 DEBUG    Fetching info for PR git:2489 from Gitea
2026-02-25 13:33:52 DEBUG    Checking OBS project SUSE:SLFO:1.2:PullRequest:2567:SLES
2026-02-25 13:33:52 DEBUG    Relevant archs for SUSE:SLFO:1.2:PullRequest:2567:SLES: ['aarch64', 'ppc64le', 's390x', 'x86_64']
2026-02-25 13:33:52 INFO     PR git:2576 skipped: No reviews by qam-openqa
2026-02-25 13:33:52 DEBUG    Fetching info for PR git:2484 from Gitea
2026-02-25 13:33:52 DEBUG    Fetching info for PR git:2482 from Gitea
2026-02-25 13:33:52 DEBUG    Checking OBS project SUSE:SLFO:1.2:PullRequest:2561
2026-02-25 13:33:52 DEBUG    Checking OBS project SUSE:SLFO:1.2:PullRequest:2557
2026-02-25 13:33:52 DEBUG    Checking OBS project SUSE:SLFO:1.2:PullRequest:2566
2026-02-25 13:33:52 DEBUG    Checking OBS project SUSE:SLFO:1.2:PullRequest:2539
2026-02-25 13:33:52 DEBUG    Checking OBS project SUSE:SLFO:1.2:PullRequest:2561:SL-Micro
2026-02-25 13:33:52 DEBUG    Checking OBS project SUSE:SLFO:1.2:PullRequest:2557:SL-Micro
2026-02-25 13:33:52 DEBUG    Checking OBS project SUSE:SLFO:1.2:PullRequest:2548
2026-02-25 13:33:52 DEBUG    Relevant archs for SUSE:SLFO:1.2:PullRequest:2561:SL-Micro: ['aarch64', 'ppc64le', 's390x', 'x86_64']
2026-02-25 13:33:52 DEBUG    Checking OBS project SUSE:SLFO:1.2:PullRequest:2566:SL-Micro
2026-02-25 13:33:52 DEBUG    Relevant archs for SUSE:SLFO:1.2:PullRequest:2557:SL-Micro: ['aarch64', 'ppc64le', 's390x', 'x86_64']
2026-02-25 13:33:52 DEBUG    Checking OBS project SUSE:SLFO:1.2:PullRequest:2539:SL-Micro
2026-02-25 13:33:52 DEBUG    Checking OBS project SUSE:SLFO:1.2:PullRequest:2558
2026-02-25 13:33:52 DEBUG    Relevant archs for SUSE:SLFO:1.2:PullRequest:2566:SL-Micro: ['aarch64', 'ppc64le', 's390x', 'x86_64']
2026-02-25 13:33:52 DEBUG    Fetching info for PR git:2480 from Gitea
2026-02-25 13:33:52 DEBUG    Checking OBS project SUSE:SLFO:1.2:PullRequest:2534
2026-02-25 13:33:52 DEBUG    Relevant archs for SUSE:SLFO:1.2:PullRequest:2539:SL-Micro: ['aarch64', 'ppc64le', 's390x', 'x86_64']
2026-02-25 13:33:52 INFO     PR git:2541 skipped: No reviews by qam-openqa
2026-02-25 13:33:52 DEBUG    Fetching info for PR git:2472 from Gitea
2026-02-25 13:33:52 DEBUG    Checking OBS project SUSE:SLFO:1.2:PullRequest:2548:SL-Micro
2026-02-25 13:33:52 DEBUG    Checking OBS project SUSE:SLFO:1.2:PullRequest:2558:SL-Micro
2026-02-25 13:33:52 INFO     PR git:2563 skipped: No reviews by qam-openqa
2026-02-25 13:33:52 DEBUG    Fetching info for PR git:2467 from Gitea
2026-02-25 13:33:52 DEBUG    Fetching info for PR git:2466 from Gitea
2026-02-25 13:33:52 DEBUG    Relevant archs for SUSE:SLFO:1.2:PullRequest:2548:SL-Micro: ['aarch64', 'ppc64le', 's390x', 'x86_64']
2026-02-25 13:33:52 DEBUG    Checking OBS project SUSE:SLFO:1.2:PullRequest:2534:SL-Micro
2026-02-25 13:33:52 DEBUG    Relevant archs for SUSE:SLFO:1.2:PullRequest:2558:SL-Micro: ['aarch64', 'ppc64le', 's390x', 'x86_64']
2026-02-25 13:33:52 DEBUG    Checking OBS project SUSE:SLFO:1.2:PullRequest:2525
2026-02-25 13:33:52 DEBUG    Checking OBS project SUSE:SLFO:1.2:PullRequest:2526
2026-02-25 13:33:52 DEBUG    Relevant archs for SUSE:SLFO:1.2:PullRequest:2534:SL-Micro: ['aarch64', 'ppc64le', 's390x', 'x86_64']
2026-02-25 13:33:52 DEBUG    Checking OBS project SUSE:SLFO:1.2:PullRequest:2561:SLES
2026-02-25 13:33:52 DEBUG    Checking OBS project SUSE:SLFO:1.2:PullRequest:2557:SLES
2026-02-25 13:33:52 DEBUG    Checking OBS project SUSE:SLFO:1.2:PullRequest:2525:SL-Micro
2026-02-25 13:33:52 INFO     PR git:2578 skipped: No reviews by qam-openqa
2026-02-25 13:33:52 DEBUG    Fetching info for PR git:2462 from Gitea
2026-02-25 13:33:52 INFO     PR git:2581 skipped: No reviews by qam-openqa
2026-02-25 13:33:52 DEBUG    Fetching info for PR git:2459 from Gitea
2026-02-25 13:33:52 DEBUG    Checking OBS project SUSE:SLFO:1.2:PullRequest:2526:SL-Micro
2026-02-25 13:33:52 DEBUG    Checking OBS project SUSE:SLFO:1.2:PullRequest:2519
2026-02-25 13:33:52 DEBUG    Relevant archs for SUSE:SLFO:1.2:PullRequest:2561:SLES: ['aarch64', 'ppc64le', 's390x', 'x86_64']
2026-02-25 13:33:52 DEBUG    Checking OBS project SUSE:SLFO:1.2:PullRequest:2539:SLES
2026-02-25 13:33:52 DEBUG    Relevant archs for SUSE:SLFO:1.2:PullRequest:2557:SLES: ['aarch64', 'ppc64le', 's390x', 'x86_64']
2026-02-25 13:33:52 INFO     PR git:2542 skipped: No reviews by qam-openqa
2026-02-25 13:33:52 DEBUG    Fetching info for PR git:2456 from Gitea
2026-02-25 13:33:52 DEBUG    Checking OBS project SUSE:SLFO:1.2:PullRequest:2566:SLES
2026-02-25 13:33:52 DEBUG    Checking OBS project SUSE:SLFO:1.2:PullRequest:2520
2026-02-25 13:33:52 DEBUG    Relevant archs for SUSE:SLFO:1.2:PullRequest:2525:SL-Micro: ['aarch64', 'ppc64le', 's390x', 'x86_64']
2026-02-25 13:33:52 DEBUG    Fetching info for PR git:2453 from Gitea
2026-02-25 13:33:52 DEBUG    Relevant archs for SUSE:SLFO:1.2:PullRequest:2526:SL-Micro: ['aarch64', 'ppc64le', 's390x', 'x86_64']
2026-02-25 13:33:52 INFO     PR git:2554 skipped: No reviews by qam-openqa
2026-02-25 13:33:52 DEBUG    Fetching info for PR git:2451 from Gitea
2026-02-25 13:33:52 DEBUG    Checking OBS project SUSE:SLFO:1.2:PullRequest:2548:SLES
2026-02-25 13:33:52 DEBUG    Checking OBS project SUSE:SLFO:1.2:PullRequest:2519:SL-Micro
2026-02-25 13:33:53 DEBUG    Relevant archs for SUSE:SLFO:1.2:PullRequest:2539:SLES: ['aarch64', 'ppc64le', 's390x', 'x86_64']
2026-02-25 13:33:53 DEBUG    Checking OBS project SUSE:SLFO:1.2:PullRequest:2558:SLES
2026-02-25 13:33:53 DEBUG    Relevant archs for SUSE:SLFO:1.2:PullRequest:2566:SLES: ['aarch64', 'ppc64le', 's390x', 'x86_64']
2026-02-25 13:33:53 DEBUG    Relevant archs for SUSE:SLFO:1.2:PullRequest:2548:SLES: ['aarch64', 'ppc64le', 's390x', 'x86_64']
2026-02-25 13:33:53 DEBUG    Relevant archs for SUSE:SLFO:1.2:PullRequest:2519:SL-Micro: ['aarch64', 'ppc64le', 's390x', 'x86_64']
2026-02-25 13:33:53 DEBUG    Checking OBS project SUSE:SLFO:1.2:PullRequest:2534:SLES
2026-02-25 13:33:53 INFO     PR git:2573 skipped: No reviews by qam-openqa
2026-02-25 13:33:53 DEBUG    Fetching info for PR git:2450 from Gitea
2026-02-25 13:33:53 DEBUG    Checking OBS project SUSE:SLFO:1.2:PullRequest:2520:SL-Micro
2026-02-25 13:33:53 INFO     PR git:2533 skipped: No reviews by qam-openqa
2026-02-25 13:33:53 DEBUG    Fetching info for PR git:2447 from Gitea
2026-02-25 13:33:53 DEBUG    Relevant archs for SUSE:SLFO:1.2:PullRequest:2520:SL-Micro: ['aarch64', 'ppc64le', 's390x', 'x86_64']
2026-02-25 13:33:53 DEBUG    Checking OBS project SUSE:SLFO:1.2:PullRequest:2514
2026-02-25 13:33:53 DEBUG    Checking OBS project SUSE:SLFO:1.2:PullRequest:2525:SLES
2026-02-25 13:33:53 DEBUG    Checking OBS project SUSE:SLFO:1.2:PullRequest:2514:SL-Micro
2026-02-25 13:33:53 DEBUG    Relevant archs for SUSE:SLFO:1.2:PullRequest:2525:SLES: ['aarch64', 'ppc64le', 's390x', 'x86_64']
2026-02-25 13:33:53 DEBUG    Checking OBS project SUSE:SLFO:1.2:PullRequest:2526:SLES
2026-02-25 13:33:53 DEBUG    Checking OBS project SUSE:SLFO:1.2:PullRequest:2489
2026-02-25 13:33:53 DEBUG    Relevant archs for SUSE:SLFO:1.2:PullRequest:2514:SL-Micro: ['aarch64', 'ppc64le', 's390x', 'x86_64']
2026-02-25 13:33:53 INFO     PR git:2482 skipped: No reviews by qam-openqa
2026-02-25 13:33:53 DEBUG    Fetching info for PR git:2446 from Gitea
2026-02-25 13:33:53 DEBUG    Relevant archs for SUSE:SLFO:1.2:PullRequest:2526:SLES: ['aarch64', 'ppc64le', 's390x', 'x86_64']
2026-02-25 13:33:53 DEBUG    Checking OBS project SUSE:SLFO:1.2:PullRequest:2484
2026-02-25 13:33:53 INFO     PR git:2550 skipped: No reviews by qam-openqa
2026-02-25 13:33:53 DEBUG    Fetching info for PR git:2443 from Gitea
2026-02-25 13:33:53 DEBUG    Checking OBS project SUSE:SLFO:1.2:PullRequest:2519:SLES
2026-02-25 13:33:53 DEBUG    Checking OBS project SUSE:SLFO:1.2:PullRequest:2520:SLES
2026-02-25 13:33:53 DEBUG    Relevant archs for SUSE:SLFO:1.2:PullRequest:2519:SLES: ['aarch64', 'ppc64le', 's390x', 'x86_64']
2026-02-25 13:33:53 INFO     PR git:2556 skipped: No reviews by qam-openqa
2026-02-25 13:33:53 DEBUG    Fetching info for PR git:2439 from Gitea
2026-02-25 13:33:53 DEBUG    Checking OBS project SUSE:SLFO:1.2:PullRequest:2484:SL-Micro
2026-02-25 13:33:53 DEBUG    Checking OBS project SUSE:SLFO:1.2:PullRequest:2489:SL-Micro
2026-02-25 13:33:53 DEBUG    Checking OBS project SUSE:SLFO:1.2:PullRequest:2480
2026-02-25 13:33:53 DEBUG    Relevant archs for SUSE:SLFO:1.2:PullRequest:2520:SLES: ['aarch64', 'ppc64le', 's390x', 'x86_64']
2026-02-25 13:33:53 DEBUG    Fetching info for PR git:2424 from Gitea
2026-02-25 13:33:53 DEBUG    Fetching info for PR git:2416 from Gitea
2026-02-25 13:33:53 DEBUG    Relevant archs for SUSE:SLFO:1.2:PullRequest:2484:SL-Micro: ['aarch64', 'ppc64le', 's390x', 'x86_64']
2026-02-25 13:33:53 DEBUG    Relevant archs for SUSE:SLFO:1.2:PullRequest:2489:SL-Micro: ['aarch64', 'ppc64le', 's390x', 'x86_64']
2026-02-25 13:33:53 DEBUG    Checking OBS project SUSE:SLFO:1.2:PullRequest:2466
2026-02-25 13:33:53 DEBUG    Fetching info for PR git:2408 from Gitea
2026-02-25 13:33:53 INFO     PR git:2529 skipped: No reviews by qam-openqa
2026-02-25 13:33:53 DEBUG    Fetching info for PR git:2405 from Gitea
2026-02-25 13:33:53 DEBUG    Checking OBS project SUSE:SLFO:1.2:PullRequest:2472
2026-02-25 13:33:53 INFO     PR git:2516 skipped: No reviews by qam-openqa
2026-02-25 13:33:53 DEBUG    Fetching info for PR git:2403 from Gitea
2026-02-25 13:33:53 DEBUG    Checking OBS project SUSE:SLFO:1.2:PullRequest:2480:SL-Micro
2026-02-25 13:33:53 DEBUG    Checking OBS project SUSE:SLFO:1.2:PullRequest:2466:SL-Micro
2026-02-25 13:33:53 DEBUG    Fetching info for PR git:2373 from Gitea
2026-02-25 13:33:53 DEBUG    Checking OBS project SUSE:SLFO:1.2:PullRequest:2467
2026-02-25 13:33:53 INFO     PR git:2517 skipped: No reviews by qam-openqa
2026-02-25 13:33:53 DEBUG    Fetching info for PR git:2367 from Gitea
2026-02-25 13:33:53 DEBUG    Checking OBS project SUSE:SLFO:1.2:PullRequest:2514:SLES
2026-02-25 13:33:53 DEBUG    Checking OBS project SUSE:SLFO:1.2:PullRequest:2472:SL-Micro
2026-02-25 13:33:53 DEBUG    Relevant archs for SUSE:SLFO:1.2:PullRequest:2480:SL-Micro: ['aarch64', 'ppc64le', 's390x', 'x86_64']
2026-02-25 13:33:53 DEBUG    Relevant archs for SUSE:SLFO:1.2:PullRequest:2466:SL-Micro: ['aarch64', 'ppc64le', 's390x', 'x86_64']
2026-02-25 13:33:53 DEBUG    Checking OBS project SUSE:SLFO:1.2:PullRequest:2462
2026-02-25 13:33:53 INFO     PR git:2560 skipped: No reviews by qam-openqa
2026-02-25 13:33:53 DEBUG    Fetching info for PR git:2365 from Gitea
2026-02-25 13:33:53 DEBUG    Relevant archs for SUSE:SLFO:1.2:PullRequest:2472:SL-Micro: ['aarch64', 'ppc64le', 's390x', 'x86_64']
2026-02-25 13:33:53 DEBUG    Checking OBS project SUSE:SLFO:1.2:PullRequest:2459
2026-02-25 13:33:53 DEBUG    Relevant archs for SUSE:SLFO:1.2:PullRequest:2514:SLES: ['aarch64', 'ppc64le', 's390x', 'x86_64']
2026-02-25 13:33:53 DEBUG    Checking OBS project SUSE:SLFO:1.2:PullRequest:2467:SL-Micro
2026-02-25 13:33:53 DEBUG    Fetching info for PR git:2350 from Gitea
2026-02-25 13:33:53 DEBUG    Checking OBS project SUSE:SLFO:1.2:PullRequest:2450
2026-02-25 13:33:53 DEBUG    Fetching info for PR git:2341 from Gitea
2026-02-25 13:33:53 DEBUG    Checking OBS project SUSE:SLFO:1.2:PullRequest:2462:SL-Micro
2026-02-25 13:33:53 DEBUG    Checking OBS project SUSE:SLFO:1.2:PullRequest:2484:SLES
2026-02-25 13:33:53 DEBUG    Relevant archs for SUSE:SLFO:1.2:PullRequest:2467:SL-Micro: ['aarch64', 'ppc64le', 's390x', 'x86_64']
2026-02-25 13:33:53 DEBUG    Checking OBS project SUSE:SLFO:1.2:PullRequest:2459:SL-Micro
2026-02-25 13:33:53 DEBUG    Fetching info for PR git:2337 from Gitea
2026-02-25 13:33:53 DEBUG    Relevant archs for SUSE:SLFO:1.2:PullRequest:2462:SL-Micro: ['aarch64', 'ppc64le', 's390x', 'x86_64']
2026-02-25 13:33:53 DEBUG    Relevant archs for SUSE:SLFO:1.2:PullRequest:2484:SLES: ['aarch64', 'ppc64le', 's390x', 'x86_64']
2026-02-25 13:33:53 DEBUG    Checking OBS project SUSE:SLFO:1.2:PullRequest:2450:SL-Micro
2026-02-25 13:33:53 DEBUG    Relevant archs for SUSE:SLFO:1.2:PullRequest:2459:SL-Micro: ['aarch64', 'ppc64le', 's390x', 'x86_64']
2026-02-25 13:33:53 DEBUG    Checking OBS project SUSE:SLFO:1.2:PullRequest:2489:SLES
2026-02-25 13:33:53 DEBUG    Relevant archs for SUSE:SLFO:1.2:PullRequest:2450:SL-Micro: ['aarch64', 'ppc64le', 's390x', 'x86_64']
2026-02-25 13:33:53 DEBUG    Checking OBS project SUSE:SLFO:1.2:PullRequest:2480:SLES
2026-02-25 13:33:53 DEBUG    Relevant archs for SUSE:SLFO:1.2:PullRequest:2489:SLES: ['aarch64', 'ppc64le', 's390x', 'x86_64']
2026-02-25 13:33:53 DEBUG    Fetching info for PR git:2336 from Gitea
2026-02-25 13:33:53 INFO     PR git:2451 skipped: No reviews by qam-openqa
2026-02-25 13:33:53 DEBUG    Fetching info for PR git:2334 from Gitea
2026-02-25 13:33:53 INFO     PR git:2456 skipped: No reviews by qam-openqa
2026-02-25 13:33:53 DEBUG    Fetching info for PR git:2333 from Gitea
2026-02-25 13:33:53 DEBUG    Checking OBS project SUSE:SLFO:1.2:PullRequest:2472:SLES
2026-02-25 13:33:53 DEBUG    Relevant archs for SUSE:SLFO:1.2:PullRequest:2480:SLES: ['aarch64', 'ppc64le', 's390x', 'x86_64']
2026-02-25 13:33:53 DEBUG    Checking OBS project SUSE:SLFO:1.2:PullRequest:2466:SLES
2026-02-25 13:33:53 DEBUG    Fetching info for PR git:2323 from Gitea
2026-02-25 13:33:53 INFO     PR git:2447 skipped: No reviews by qam-openqa
2026-02-25 13:33:53 DEBUG    Fetching info for PR git:2317 from Gitea
2026-02-25 13:33:53 DEBUG    Relevant archs for SUSE:SLFO:1.2:PullRequest:2466:SLES: ['aarch64', 'ppc64le', 's390x', 'x86_64']
2026-02-25 13:33:53 DEBUG    Checking OBS project SUSE:SLFO:1.2:PullRequest:2467:SLES
2026-02-25 13:33:53 DEBUG    Relevant archs for SUSE:SLFO:1.2:PullRequest:2472:SLES: ['aarch64', 'ppc64le', 's390x', 'x86_64']
2026-02-25 13:33:53 DEBUG    Checking OBS project SUSE:SLFO:1.2:PullRequest:2439
2026-02-25 13:33:53 DEBUG    Checking OBS project SUSE:SLFO:1.2:PullRequest:2459:SLES
2026-02-25 13:33:53 DEBUG    Checking OBS project SUSE:SLFO:1.2:PullRequest:2408
2026-02-25 13:33:53 DEBUG    Relevant archs for SUSE:SLFO:1.2:PullRequest:2467:SLES: ['aarch64', 'ppc64le', 's390x', 'x86_64']
2026-02-25 13:33:53 DEBUG    Checking OBS project SUSE:SLFO:1.2:PullRequest:2450:SLES
2026-02-25 13:33:53 DEBUG    Relevant archs for SUSE:SLFO:1.2:PullRequest:2459:SLES: ['aarch64', 'ppc64le', 's390x', 'x86_64']
2026-02-25 13:33:53 DEBUG    Checking OBS project SUSE:SLFO:1.2:PullRequest:2439:SL-Micro
2026-02-25 13:33:53 INFO     PR git:2453 skipped: No reviews by qam-openqa
2026-02-25 13:33:53 DEBUG    Fetching info for PR git:2283 from Gitea
2026-02-25 13:33:53 DEBUG    Relevant archs for SUSE:SLFO:1.2:PullRequest:2439:SL-Micro: ['aarch64', 'ppc64le', 's390x', 'x86_64']
2026-02-25 13:33:53 DEBUG    Checking OBS project SUSE:SLFO:1.2:PullRequest:2462:SLES
2026-02-25 13:33:53 DEBUG    Fetching info for PR git:2281 from Gitea
2026-02-25 13:33:53 DEBUG    Checking OBS project SUSE:SLFO:1.2:PullRequest:2365
2026-02-25 13:33:53 DEBUG    Checking OBS project SUSE:SLFO:1.2:PullRequest:2424
2026-02-25 13:33:53 DEBUG    Checking OBS project SUSE:SLFO:1.2:PullRequest:2373
2026-02-25 13:33:53 DEBUG    Relevant archs for SUSE:SLFO:1.2:PullRequest:2450:SLES: ['aarch64', 'ppc64le', 's390x', 'x86_64']
2026-02-25 13:33:53 DEBUG    Relevant archs for SUSE:SLFO:1.2:PullRequest:2462:SLES: ['aarch64', 'ppc64le', 's390x', 'x86_64']
2026-02-25 13:33:53 DEBUG    Checking OBS project SUSE:SLFO:1.2:PullRequest:2408:SL-Micro
2026-02-25 13:33:53 DEBUG    Checking OBS project SUSE:SLFO:1.2:PullRequest:2365:SL-Micro
2026-02-25 13:33:53 INFO     PR git:2446 skipped: No reviews by qam-openqa
2026-02-25 13:33:53 DEBUG    Fetching info for PR git:2279 from Gitea
2026-02-25 13:33:53 DEBUG    Checking OBS project SUSE:SLFO:1.2:PullRequest:2416
2026-02-25 13:33:53 DEBUG    Relevant archs for SUSE:SLFO:1.2:PullRequest:2408:SL-Micro: ['aarch64', 'ppc64le', 's390x', 'x86_64']
2026-02-25 13:33:54 DEBUG    Checking OBS project SUSE:SLFO:1.2:PullRequest:2373:SL-Micro
2026-02-25 13:33:54 DEBUG    Fetching info for PR git:2278 from Gitea
2026-02-25 13:33:54 DEBUG    Relevant archs for SUSE:SLFO:1.2:PullRequest:2365:SL-Micro: ['aarch64', 'ppc64le', 's390x', 'x86_64']
2026-02-25 13:33:54 DEBUG    Checking OBS project SUSE:SLFO:1.2:PullRequest:2424:SL-Micro
2026-02-25 13:33:54 DEBUG    Checking OBS project SUSE:SLFO:1.2:PullRequest:2367
2026-02-25 13:33:54 DEBUG    Fetching info for PR git:2277 from Gitea
2026-02-25 13:33:54 DEBUG    Checking OBS project SUSE:SLFO:1.2:PullRequest:2337
2026-02-25 13:33:54 DEBUG    Relevant archs for SUSE:SLFO:1.2:PullRequest:2373:SL-Micro: ['aarch64', 'ppc64le', 's390x', 'x86_64']
2026-02-25 13:33:54 DEBUG    Relevant archs for SUSE:SLFO:1.2:PullRequest:2424:SL-Micro: ['aarch64', 'ppc64le', 's390x', 'x86_64']
2026-02-25 13:33:54 DEBUG    Checking OBS project SUSE:SLFO:1.2:PullRequest:2439:SLES
2026-02-25 13:33:54 DEBUG    Fetching info for PR git:2267 from Gitea
2026-02-25 13:33:54 DEBUG    Fetching info for PR git:2265 from Gitea
2026-02-25 13:33:54 DEBUG    Checking OBS project SUSE:SLFO:1.2:PullRequest:2416:SL-Micro
2026-02-25 13:33:54 DEBUG    Checking OBS project SUSE:SLFO:1.2:PullRequest:2367:SL-Micro
2026-02-25 13:33:54 DEBUG    Checking OBS project SUSE:SLFO:1.2:PullRequest:2337:SL-Micro
2026-02-25 13:33:54 DEBUG    Relevant archs for SUSE:SLFO:1.2:PullRequest:2416:SL-Micro: ['aarch64', 'ppc64le', 's390x', 'x86_64']
2026-02-25 13:33:54 DEBUG    Fetching info for PR git:2264 from Gitea
2026-02-25 13:33:54 DEBUG    Relevant archs for SUSE:SLFO:1.2:PullRequest:2439:SLES: ['aarch64', 'ppc64le', 's390x', 'x86_64']
2026-02-25 13:33:54 INFO     PR git:2341 skipped: No reviews by qam-openqa
2026-02-25 13:33:54 DEBUG    Fetching info for PR git:2254 from Gitea
2026-02-25 13:33:54 DEBUG    Relevant archs for SUSE:SLFO:1.2:PullRequest:2534:SLES: ['aarch64', 'ppc64le', 's390x', 'x86_64']
2026-02-25 13:33:54 DEBUG    Relevant archs for SUSE:SLFO:1.2:PullRequest:2367:SL-Micro: ['aarch64', 'ppc64le', 's390x', 'x86_64']
2026-02-25 13:33:54 DEBUG    Relevant archs for SUSE:SLFO:1.2:PullRequest:2558:SLES: ['aarch64', 'ppc64le', 's390x', 'x86_64']
2026-02-25 13:33:54 DEBUG    Relevant archs for SUSE:SLFO:1.2:PullRequest:2337:SL-Micro: ['aarch64', 'ppc64le', 's390x', 'x86_64']
2026-02-25 13:33:54 DEBUG    Fetching info for PR git:2252 from Gitea
2026-02-25 13:33:54 DEBUG    Checking OBS project SUSE:SLFO:1.2:PullRequest:2408:SLES
2026-02-25 13:33:54 DEBUG    Checking OBS project SUSE:SLFO:1.2:PullRequest:2365:SLES
2026-02-25 13:33:54 DEBUG    Checking OBS project SUSE:SLFO:1.2:PullRequest:2317
2026-02-25 13:33:54 DEBUG    Relevant archs for SUSE:SLFO:1.2:PullRequest:2408:SLES: ['aarch64', 'ppc64le', 's390x', 'x86_64']
2026-02-25 13:33:54 INFO     PR git:2323 skipped: No reviews by qam-openqa
2026-02-25 13:33:54 DEBUG    Fetching info for PR git:2247 from Gitea
2026-02-25 13:33:54 DEBUG    Fetching info for PR git:2241 from Gitea
2026-02-25 13:33:54 DEBUG    Checking OBS project SUSE:SLFO:1.2:PullRequest:2373:SLES
2026-02-25 13:33:54 DEBUG    Relevant archs for SUSE:SLFO:1.2:PullRequest:2365:SLES: ['aarch64', 'ppc64le', 's390x', 'x86_64']
2026-02-25 13:33:54 INFO     PR git:2405 skipped: No reviews by qam-openqa
2026-02-25 13:33:54 DEBUG    Fetching info for PR git:2240 from Gitea
2026-02-25 13:33:54 DEBUG    Checking OBS project SUSE:SLFO:1.2:PullRequest:2424:SLES
2026-02-25 13:33:54 DEBUG    Relevant archs for SUSE:SLFO:1.2:PullRequest:2373:SLES: ['aarch64', 'ppc64le', 's390x', 'x86_64']
2026-02-25 13:33:54 DEBUG    Checking OBS project SUSE:SLFO:1.2:PullRequest:2317:SL-Micro
2026-02-25 13:33:54 DEBUG    Relevant archs for SUSE:SLFO:1.2:PullRequest:2424:SLES: ['aarch64', 'ppc64le', 's390x', 'x86_64']
2026-02-25 13:33:54 INFO     PR git:2403 skipped: No reviews by qam-openqa
2026-02-25 13:33:54 DEBUG    Fetching info for PR git:2239 from Gitea
2026-02-25 13:33:54 INFO     PR git:2334 skipped: No reviews by qam-openqa
2026-02-25 13:33:54 DEBUG    Fetching info for PR git:2237 from Gitea
2026-02-25 13:33:54 DEBUG    Checking OBS project SUSE:SLFO:1.2:PullRequest:2416:SLES
2026-02-25 13:33:54 DEBUG    Checking OBS project SUSE:SLFO:1.2:PullRequest:2367:SLES
2026-02-25 13:33:54 DEBUG    Fetching info for PR git:2235 from Gitea
2026-02-25 13:33:54 DEBUG    Relevant archs for SUSE:SLFO:1.2:PullRequest:2317:SL-Micro: ['aarch64', 'ppc64le', 's390x', 'x86_64']
2026-02-25 13:33:54 DEBUG    Checking OBS project SUSE:SLFO:1.2:PullRequest:2337:SLES
2026-02-25 13:33:54 INFO     PR git:2443 skipped: No reviews by qam-openqa
2026-02-25 13:33:54 DEBUG    Fetching info for PR git:2232 from Gitea
2026-02-25 13:33:54 DEBUG    Relevant archs for SUSE:SLFO:1.2:PullRequest:2367:SLES: ['aarch64', 'ppc64le', 's390x', 'x86_64']
2026-02-25 13:33:54 DEBUG    Checking OBS project SUSE:SLFO:1.2:PullRequest:2283
2026-02-25 13:33:54 DEBUG    Relevant archs for SUSE:SLFO:1.2:PullRequest:2416:SLES: ['aarch64', 'ppc64le', 's390x', 'x86_64']
2026-02-25 13:33:54 DEBUG    Relevant archs for SUSE:SLFO:1.2:PullRequest:2337:SLES: ['aarch64', 'ppc64le', 's390x', 'x86_64']
2026-02-25 13:33:54 INFO     PR git:2333 skipped: No reviews by qam-openqa
2026-02-25 13:33:54 DEBUG    Checking OBS project SUSE:SLFO:1.2:PullRequest:2281
2026-02-25 13:33:54 DEBUG    Fetching info for PR git:2228 from Gitea
2026-02-25 13:33:54 INFO     PR git:2350 skipped: No reviews by qam-openqa
2026-02-25 13:33:54 DEBUG    Fetching info for PR git:2179 from Gitea
2026-02-25 13:33:54 DEBUG    Checking OBS project SUSE:SLFO:1.2:PullRequest:2283:SL-Micro
2026-02-25 13:33:54 DEBUG    Fetching info for PR git:2162 from Gitea
2026-02-25 13:33:54 DEBUG    Fetching info for PR git:2161 from Gitea
2026-02-25 13:33:54 DEBUG    Relevant archs for SUSE:SLFO:1.2:PullRequest:2283:SL-Micro: ['aarch64', 'ppc64le', 's390x', 'x86_64']
2026-02-25 13:33:54 DEBUG    Checking OBS project SUSE:SLFO:1.2:PullRequest:2281:SL-Micro
2026-02-25 13:33:54 INFO     PR git:2336 skipped: No reviews by qam-openqa
2026-02-25 13:33:54 DEBUG    Fetching info for PR git:2159 from Gitea
2026-02-25 13:33:54 DEBUG    Checking OBS project SUSE:SLFO:1.2:PullRequest:2267
2026-02-25 13:33:54 DEBUG    Relevant archs for SUSE:SLFO:1.2:PullRequest:2281:SL-Micro: ['aarch64', 'ppc64le', 's390x', 'x86_64']
2026-02-25 13:33:54 DEBUG    Fetching info for PR git:2155 from Gitea
2026-02-25 13:33:54 DEBUG    Checking OBS project SUSE:SLFO:1.2:PullRequest:2265
2026-02-25 13:33:54 DEBUG    Fetching info for PR git:2153 from Gitea
2026-02-25 13:33:54 DEBUG    Checking OBS project SUSE:SLFO:1.2:PullRequest:2317:SLES
2026-02-25 13:33:54 DEBUG    Checking OBS project SUSE:SLFO:1.2:PullRequest:2277
2026-02-25 13:33:54 INFO     PR git:2279 skipped: No channels found
2026-02-25 13:33:54 DEBUG    Fetching info for PR git:2142 from Gitea
2026-02-25 13:33:54 DEBUG    Fetching info for PR git:2131 from Gitea
2026-02-25 13:33:54 DEBUG    Checking OBS project SUSE:SLFO:1.2:PullRequest:2267:SL-Micro
2026-02-25 13:33:54 DEBUG    Checking OBS project SUSE:SLFO:1.2:PullRequest:2265:SL-Micro
2026-02-25 13:33:54 DEBUG    Relevant archs for SUSE:SLFO:1.2:PullRequest:2317:SLES: ['aarch64', 'ppc64le', 's390x', 'x86_64']
2026-02-25 13:33:54 DEBUG    Checking OBS project SUSE:SLFO:1.2:PullRequest:2277:SL-Micro
2026-02-25 13:33:54 DEBUG    Relevant archs for SUSE:SLFO:1.2:PullRequest:2267:SL-Micro: ['aarch64', 'ppc64le', 's390x', 'x86_64']
2026-02-25 13:33:54 DEBUG    Relevant archs for SUSE:SLFO:1.2:PullRequest:2265:SL-Micro: ['aarch64', 'ppc64le', 's390x', 'x86_64']
2026-02-25 13:33:54 DEBUG    Relevant archs for SUSE:SLFO:1.2:PullRequest:2277:SL-Micro: ['aarch64', 'ppc64le', 's390x', 'x86_64']
2026-02-25 13:33:54 DEBUG    Checking OBS project SUSE:SLFO:1.2:PullRequest:2283:SLES
2026-02-25 13:33:54 DEBUG    Checking OBS project SUSE:SLFO:1.2:PullRequest:2254
2026-02-25 13:33:54 DEBUG    Relevant archs for SUSE:SLFO:1.2:PullRequest:2283:SLES: ['aarch64', 'ppc64le', 's390x', 'x86_64']
2026-02-25 13:33:54 DEBUG    Fetching info for PR git:2123 from Gitea
2026-02-25 13:33:54 DEBUG    Checking OBS project SUSE:SLFO:1.2:PullRequest:2252
2026-02-25 13:33:54 DEBUG    Fetching info for PR git:2122 from Gitea
2026-02-25 13:33:54 DEBUG    Checking OBS project SUSE:SLFO:1.2:PullRequest:2254:SL-Micro
2026-02-25 13:33:54 DEBUG    Fetching info for PR git:2112 from Gitea
2026-02-25 13:33:54 DEBUG    Checking OBS project SUSE:SLFO:1.2:PullRequest:2281:SLES
2026-02-25 13:33:54 INFO     PR git:2278 skipped: No reviews by qam-openqa
2026-02-25 13:33:54 DEBUG    Fetching info for PR git:2085 from Gitea
2026-02-25 13:33:54 DEBUG    Fetching info for PR git:2076 from Gitea
2026-02-25 13:33:54 DEBUG    Relevant archs for SUSE:SLFO:1.2:PullRequest:2254:SL-Micro: ['aarch64', 'ppc64le', 's390x', 'x86_64']
2026-02-25 13:33:54 DEBUG    Checking OBS project SUSE:SLFO:1.2:PullRequest:2264
2026-02-25 13:33:54 DEBUG    Relevant archs for SUSE:SLFO:1.2:PullRequest:2281:SLES: ['aarch64', 'ppc64le', 's390x', 'x86_64']
2026-02-25 13:33:54 DEBUG    Checking OBS project SUSE:SLFO:1.2:PullRequest:2252:SL-Micro
2026-02-25 13:33:54 DEBUG    Checking OBS project SUSE:SLFO:1.2:PullRequest:2247
2026-02-25 13:33:54 DEBUG    Checking OBS project SUSE:SLFO:1.2:PullRequest:2267:SLES
2026-02-25 13:33:54 DEBUG    Checking OBS project SUSE:SLFO:1.2:PullRequest:2277:SLES
2026-02-25 13:33:54 DEBUG    Fetching info for PR git:2069 from Gitea
2026-02-25 13:33:54 DEBUG    Relevant archs for SUSE:SLFO:1.2:PullRequest:2252:SL-Micro: ['aarch64', 'ppc64le', 's390x', 'x86_64']
2026-02-25 13:33:54 DEBUG    Checking OBS project SUSE:SLFO:1.2:PullRequest:2265:SLES
2026-02-25 13:33:54 DEBUG    Checking OBS project SUSE:SLFO:1.2:PullRequest:2235
2026-02-25 13:33:54 DEBUG    Checking OBS project SUSE:SLFO:1.2:PullRequest:2264:SL-Micro
2026-02-25 13:33:54 DEBUG    Relevant archs for SUSE:SLFO:1.2:PullRequest:2267:SLES: ['aarch64', 'ppc64le', 's390x', 'x86_64']
2026-02-25 13:33:54 DEBUG    Checking OBS project SUSE:SLFO:1.2:PullRequest:2247:SL-Micro
2026-02-25 13:33:54 INFO     PR git:2241 skipped: No channels found
2026-02-25 13:33:54 DEBUG    Fetching info for PR git:2068 from Gitea
2026-02-25 13:33:54 DEBUG    Fetching info for PR git:2067 from Gitea
2026-02-25 13:33:54 DEBUG    Relevant archs for SUSE:SLFO:1.2:PullRequest:2277:SLES: ['aarch64', 'ppc64le', 's390x', 'x86_64']
2026-02-25 13:33:54 DEBUG    Checking OBS project SUSE:SLFO:1.2:PullRequest:2240
2026-02-25 13:33:54 DEBUG    Relevant archs for SUSE:SLFO:1.2:PullRequest:2265:SLES: ['aarch64', 'ppc64le', 's390x', 'x86_64']
2026-02-25 13:33:54 DEBUG    Relevant archs for SUSE:SLFO:1.2:PullRequest:2264:SL-Micro: ['aarch64', 'ppc64le', 's390x', 'x86_64']
2026-02-25 13:33:54 DEBUG    Fetching info for PR git:2066 from Gitea
2026-02-25 13:33:54 DEBUG    Checking OBS project SUSE:SLFO:1.2:PullRequest:2235:SL-Micro
2026-02-25 13:33:54 DEBUG    Relevant archs for SUSE:SLFO:1.2:PullRequest:2247:SL-Micro: ['aarch64', 'ppc64le', 's390x', 'x86_64']
2026-02-25 13:33:54 DEBUG    Checking OBS project SUSE:SLFO:1.2:PullRequest:2254:SLES
2026-02-25 13:33:54 DEBUG    Checking OBS project SUSE:SLFO:1.2:PullRequest:2240:SL-Micro
2026-02-25 13:33:54 DEBUG    Checking OBS project SUSE:SLFO:1.2:PullRequest:2161
2026-02-25 13:33:54 DEBUG    Relevant archs for SUSE:SLFO:1.2:PullRequest:2235:SL-Micro: ['aarch64', 'ppc64le', 's390x', 'x86_64']
2026-02-25 13:33:54 DEBUG    Relevant archs for SUSE:SLFO:1.2:PullRequest:2254:SLES: ['aarch64', 'ppc64le', 's390x', 'x86_64']
2026-02-25 13:33:54 INFO     PR git:2239 skipped: No reviews by qam-openqa
2026-02-25 13:33:54 DEBUG    Fetching info for PR git:2059 from Gitea
2026-02-25 13:33:54 DEBUG    Relevant archs for SUSE:SLFO:1.2:PullRequest:2240:SL-Micro: ['aarch64', 'ppc64le', 's390x', 'x86_64']
2026-02-25 13:33:54 DEBUG    Checking OBS project SUSE:SLFO:1.2:PullRequest:2153
2026-02-25 13:33:54 DEBUG    Checking OBS project SUSE:SLFO:1.2:PullRequest:2252:SLES
2026-02-25 13:33:55 DEBUG    Checking OBS project SUSE:SLFO:1.2:PullRequest:2162
2026-02-25 13:33:55 DEBUG    Checking OBS project SUSE:SLFO:1.2:PullRequest:2155
2026-02-25 13:33:55 DEBUG    Checking OBS project SUSE:SLFO:1.2:PullRequest:2161:SL-Micro
2026-02-25 13:33:55 DEBUG    Fetching info for PR git:2056 from Gitea
2026-02-25 13:33:55 DEBUG    Relevant archs for SUSE:SLFO:1.2:PullRequest:2252:SLES: ['aarch64', 'ppc64le', 's390x', 'x86_64']
2026-02-25 13:33:55 DEBUG    Checking OBS project SUSE:SLFO:1.2:PullRequest:2131
2026-02-25 13:33:55 DEBUG    Checking OBS project SUSE:SLFO:1.2:PullRequest:2162:SL-Micro
2026-02-25 13:33:55 DEBUG    Checking OBS project SUSE:SLFO:1.2:PullRequest:2264:SLES
2026-02-25 13:33:55 DEBUG    Checking OBS project SUSE:SLFO:1.2:PullRequest:2153:SL-Micro
2026-02-25 13:33:55 DEBUG    Checking OBS project SUSE:SLFO:1.2:PullRequest:2247:SLES
2026-02-25 13:33:55 DEBUG    Relevant archs for SUSE:SLFO:1.2:PullRequest:2161:SL-Micro: ['aarch64', 'ppc64le', 's390x', 'x86_64']
2026-02-25 13:33:55 DEBUG    Fetching info for PR git:2053 from Gitea
2026-02-25 13:33:55 DEBUG    Relevant archs for SUSE:SLFO:1.2:PullRequest:2162:SL-Micro: ['aarch64', 'ppc64le', 's390x', 'x86_64']
2026-02-25 13:33:55 DEBUG    Relevant archs for SUSE:SLFO:1.2:PullRequest:2153:SL-Micro: ['aarch64', 'ppc64le', 's390x', 'x86_64']
2026-02-25 13:33:55 DEBUG    Checking OBS project SUSE:SLFO:1.2:PullRequest:2142
2026-02-25 13:33:55 DEBUG    Checking OBS project SUSE:SLFO:1.2:PullRequest:2155:SL-Micro
2026-02-25 13:33:55 DEBUG    Checking OBS project SUSE:SLFO:1.2:PullRequest:2131:SL-Micro
2026-02-25 13:33:55 DEBUG    Relevant archs for SUSE:SLFO:1.2:PullRequest:2247:SLES: ['aarch64', 'ppc64le', 's390x', 'x86_64']
2026-02-25 13:33:55 DEBUG    Relevant archs for SUSE:SLFO:1.2:PullRequest:2264:SLES: ['aarch64', 'ppc64le', 's390x', 'x86_64']
2026-02-25 13:33:55 DEBUG    Checking OBS project SUSE:SLFO:1.2:PullRequest:2237
2026-02-25 13:33:55 DEBUG    Fetching info for PR git:2052 from Gitea
2026-02-25 13:33:55 DEBUG    Checking OBS project SUSE:SLFO:1.2:PullRequest:2235:SLES
2026-02-25 13:33:55 DEBUG    Relevant archs for SUSE:SLFO:1.2:PullRequest:2131:SL-Micro: ['aarch64', 'ppc64le', 's390x', 'x86_64']
2026-02-25 13:33:55 DEBUG    Checking OBS project SUSE:SLFO:1.2:PullRequest:2085
2026-02-25 13:33:55 DEBUG    Relevant archs for SUSE:SLFO:1.2:PullRequest:2155:SL-Micro: ['aarch64', 'ppc64le', 's390x', 'x86_64']
2026-02-25 13:33:55 DEBUG    Checking OBS project SUSE:SLFO:1.2:PullRequest:2240:SLES
2026-02-25 13:33:55 DEBUG    Checking OBS project SUSE:SLFO:1.2:PullRequest:2159
2026-02-25 13:33:55 INFO     PR git:2179 skipped: No reviews by qam-openqa
2026-02-25 13:33:55 DEBUG    Fetching info for PR git:2041 from Gitea
2026-02-25 13:33:55 INFO     PR git:2228 skipped: No reviews by qam-openqa
2026-02-25 13:33:55 DEBUG    Fetching info for PR git:2040 from Gitea
2026-02-25 13:33:55 DEBUG    Relevant archs for SUSE:SLFO:1.2:PullRequest:2235:SLES: ['aarch64', 'ppc64le', 's390x', 'x86_64']
2026-02-25 13:33:55 DEBUG    Fetching info for PR git:2035 from Gitea
2026-02-25 13:33:55 DEBUG    Checking OBS project SUSE:SLFO:1.2:PullRequest:2142:SL-Micro
2026-02-25 13:33:55 DEBUG    Checking OBS project SUSE:SLFO:1.2:PullRequest:2085:SL-Micro
2026-02-25 13:33:55 DEBUG    Checking OBS project SUSE:SLFO:1.2:PullRequest:2237:SL-Micro
2026-02-25 13:33:55 DEBUG    Fetching info for PR git:2033 from Gitea
2026-02-25 13:33:55 DEBUG    Checking OBS project SUSE:SLFO:1.2:PullRequest:2112
2026-02-25 13:33:55 DEBUG    Checking OBS project SUSE:SLFO:1.2:PullRequest:2122
2026-02-25 13:33:55 DEBUG    Relevant archs for SUSE:SLFO:1.2:PullRequest:2240:SLES: ['aarch64', 'ppc64le', 's390x', 'x86_64']
2026-02-25 13:33:55 DEBUG    Checking OBS project SUSE:SLFO:1.2:PullRequest:2159:SL-Micro
2026-02-25 13:33:55 DEBUG    Relevant archs for SUSE:SLFO:1.2:PullRequest:2085:SL-Micro: ['aarch64', 'ppc64le', 's390x', 'x86_64']
2026-02-25 13:33:55 DEBUG    Checking OBS project SUSE:SLFO:1.2:PullRequest:2153:SLES
2026-02-25 13:33:55 DEBUG    Checking OBS project SUSE:SLFO:1.2:PullRequest:2076
2026-02-25 13:33:55 DEBUG    Relevant archs for SUSE:SLFO:1.2:PullRequest:2237:SL-Micro: ['aarch64', 'ppc64le', 's390x', 'x86_64']
2026-02-25 13:33:55 DEBUG    Relevant archs for SUSE:SLFO:1.2:PullRequest:2159:SL-Micro: ['aarch64', 'ppc64le', 's390x', 'x86_64']
2026-02-25 13:33:55 DEBUG    Checking OBS project SUSE:SLFO:1.2:PullRequest:2161:SLES
2026-02-25 13:33:55 DEBUG    Relevant archs for SUSE:SLFO:1.2:PullRequest:2142:SL-Micro: ['aarch64', 'ppc64le', 's390x', 'x86_64']
2026-02-25 13:33:55 DEBUG    Checking OBS project SUSE:SLFO:1.2:PullRequest:2067
2026-02-25 13:33:55 DEBUG    Fetching info for PR git:2029 from Gitea
2026-02-25 13:33:55 DEBUG    Checking OBS project SUSE:SLFO:1.2:PullRequest:2112:SL-Micro
2026-02-25 13:33:55 DEBUG    Checking OBS project SUSE:SLFO:1.2:PullRequest:2162:SLES
2026-02-25 13:33:55 DEBUG    Checking OBS project SUSE:SLFO:1.2:PullRequest:2131:SLES
2026-02-25 13:33:55 DEBUG    Checking OBS project SUSE:SLFO:1.2:PullRequest:2069
2026-02-25 13:33:55 DEBUG    Checking OBS project SUSE:SLFO:1.2:PullRequest:2122:SL-Micro
2026-02-25 13:33:55 DEBUG    Checking OBS project SUSE:SLFO:1.2:PullRequest:2076:SL-Micro
2026-02-25 13:33:55 INFO     PR git:2232 skipped: No reviews by qam-openqa
2026-02-25 13:33:55 DEBUG    Fetching info for PR git:2014 from Gitea
2026-02-25 13:33:55 DEBUG    Fetching info for PR git:2013 from Gitea
2026-02-25 13:33:55 DEBUG    Checking OBS project SUSE:SLFO:1.2:PullRequest:2059
2026-02-25 13:33:55 DEBUG    Relevant archs for SUSE:SLFO:1.2:PullRequest:2153:SLES: ['aarch64', 'ppc64le', 's390x', 'x86_64']
2026-02-25 13:33:55 DEBUG    Relevant archs for SUSE:SLFO:1.2:PullRequest:2162:SLES: ['aarch64', 'ppc64le', 's390x', 'x86_64']
2026-02-25 13:33:55 DEBUG    Relevant archs for SUSE:SLFO:1.2:PullRequest:2112:SL-Micro: ['aarch64', 'ppc64le', 's390x', 'x86_64']
2026-02-25 13:33:55 DEBUG    Relevant archs for SUSE:SLFO:1.2:PullRequest:2161:SLES: ['aarch64', 'ppc64le', 's390x', 'x86_64']
2026-02-25 13:33:55 DEBUG    Checking OBS project SUSE:SLFO:1.2:PullRequest:2067:SL-Micro
2026-02-25 13:33:55 DEBUG    Checking OBS project SUSE:SLFO:1.2:PullRequest:2155:SLES
2026-02-25 13:33:55 DEBUG    Checking OBS project SUSE:SLFO:1.2:PullRequest:2066
2026-02-25 13:33:55 DEBUG    Relevant archs for SUSE:SLFO:1.2:PullRequest:2131:SLES: ['aarch64', 'ppc64le', 's390x', 'x86_64']
2026-02-25 13:33:55 DEBUG    Relevant archs for SUSE:SLFO:1.2:PullRequest:2122:SL-Micro: ['aarch64', 'ppc64le', 's390x', 'x86_64']
2026-02-25 13:33:55 INFO     PR git:2123 skipped: No reviews by qam-openqa
2026-02-25 13:33:55 DEBUG    Relevant archs for SUSE:SLFO:1.2:PullRequest:2076:SL-Micro: ['aarch64', 'ppc64le', 's390x', 'x86_64']
2026-02-25 13:33:55 DEBUG    Fetching info for PR git:2006 from Gitea
2026-02-25 13:33:55 DEBUG    Checking OBS project SUSE:SLFO:1.2:PullRequest:2056
2026-02-25 13:33:55 DEBUG    Checking OBS project SUSE:SLFO:1.2:PullRequest:2069:SL-Micro
2026-02-25 13:33:55 DEBUG    Checking OBS project SUSE:SLFO:1.2:PullRequest:2059:SL-Micro
2026-02-25 13:33:55 DEBUG    Relevant archs for SUSE:SLFO:1.2:PullRequest:2155:SLES: ['aarch64', 'ppc64le', 's390x', 'x86_64']
2026-02-25 13:33:55 DEBUG    Checking OBS project SUSE:SLFO:1.2:PullRequest:2085:SLES
2026-02-25 13:33:55 DEBUG    Relevant archs for SUSE:SLFO:1.2:PullRequest:2067:SL-Micro: ['aarch64', 'ppc64le', 's390x', 'x86_64']
2026-02-25 13:33:55 DEBUG    Checking OBS project SUSE:SLFO:1.2:PullRequest:2053
2026-02-25 13:33:55 DEBUG    Relevant archs for SUSE:SLFO:1.2:PullRequest:2059:SL-Micro: ['aarch64', 'ppc64le', 's390x', 'x86_64']
2026-02-25 13:33:55 DEBUG    Relevant archs for SUSE:SLFO:1.2:PullRequest:2069:SL-Micro: ['aarch64', 'ppc64le', 's390x', 'x86_64']
2026-02-25 13:33:55 DEBUG    Checking OBS project SUSE:SLFO:1.2:PullRequest:2066:SL-Micro
2026-02-25 13:33:55 DEBUG    Checking OBS project SUSE:SLFO:1.2:PullRequest:2056:SL-Micro
2026-02-25 13:33:55 DEBUG    Relevant archs for SUSE:SLFO:1.2:PullRequest:2085:SLES: ['aarch64', 'ppc64le', 's390x', 'x86_64']
2026-02-25 13:33:55 DEBUG    Checking OBS project SUSE:SLFO:1.2:PullRequest:2237:SLES
2026-02-25 13:33:55 DEBUG    Checking OBS project SUSE:SLFO:1.2:PullRequest:2142:SLES
2026-02-25 13:33:55 DEBUG    Checking OBS project SUSE:SLFO:1.2:PullRequest:2040
2026-02-25 13:33:55 DEBUG    Fetching info for PR git:2000 from Gitea
2026-02-25 13:33:55 DEBUG    Checking OBS project SUSE:SLFO:1.2:PullRequest:2159:SLES
2026-02-25 13:33:55 DEBUG    Relevant archs for SUSE:SLFO:1.2:PullRequest:2056:SL-Micro: ['aarch64', 'ppc64le', 's390x', 'x86_64']
2026-02-25 13:33:55 DEBUG    Relevant archs for SUSE:SLFO:1.2:PullRequest:2066:SL-Micro: ['aarch64', 'ppc64le', 's390x', 'x86_64']
2026-02-25 13:33:55 INFO     PR git:2068 skipped: No reviews by qam-openqa
2026-02-25 13:33:55 DEBUG    Fetching info for PR git:1996 from Gitea
2026-02-25 13:33:55 DEBUG    Fetching info for PR git:1967 from Gitea
2026-02-25 13:33:55 DEBUG    Relevant archs for SUSE:SLFO:1.2:PullRequest:2237:SLES: ['aarch64', 'ppc64le', 's390x', 'x86_64']
2026-02-25 13:33:55 DEBUG    Checking OBS project SUSE:SLFO:1.2:PullRequest:2112:SLES
2026-02-25 13:33:55 DEBUG    Checking OBS project SUSE:SLFO:1.2:PullRequest:2053:SL-Micro
2026-02-25 13:33:55 DEBUG    Checking OBS project SUSE:SLFO:1.2:PullRequest:2052
2026-02-25 13:33:55 DEBUG    Relevant archs for SUSE:SLFO:1.2:PullRequest:2142:SLES: ['aarch64', 'ppc64le', 's390x', 'x86_64']
2026-02-25 13:33:55 DEBUG    Relevant archs for SUSE:SLFO:1.2:PullRequest:2159:SLES: ['aarch64', 'ppc64le', 's390x', 'x86_64']
2026-02-25 13:33:55 DEBUG    Checking OBS project SUSE:SLFO:1.2:PullRequest:2040:SL-Micro
2026-02-25 13:33:55 DEBUG    Relevant archs for SUSE:SLFO:1.2:PullRequest:2112:SLES: ['aarch64', 'ppc64le', 's390x', 'x86_64']
2026-02-25 13:33:55 DEBUG    Checking OBS project SUSE:SLFO:1.2:PullRequest:2033
2026-02-25 13:33:55 DEBUG    Checking OBS project SUSE:SLFO:1.2:PullRequest:2076:SLES
2026-02-25 13:33:55 DEBUG    Relevant archs for SUSE:SLFO:1.2:PullRequest:2053:SL-Micro: ['aarch64', 'ppc64le', 's390x', 'x86_64']
2026-02-25 13:33:55 DEBUG    Checking OBS project SUSE:SLFO:1.2:PullRequest:2035
2026-02-25 13:33:55 DEBUG    Checking OBS project SUSE:SLFO:1.2:PullRequest:2122:SLES
2026-02-25 13:33:55 DEBUG    Checking OBS project SUSE:SLFO:1.2:PullRequest:2052:SL-Micro
2026-02-25 13:33:55 DEBUG    Fetching info for PR git:1965 from Gitea
2026-02-25 13:33:55 DEBUG    Fetching info for PR git:1964 from Gitea
2026-02-25 13:33:55 DEBUG    Relevant archs for SUSE:SLFO:1.2:PullRequest:2040:SL-Micro: ['aarch64', 'ppc64le', 's390x', 'x86_64']
2026-02-25 13:33:55 DEBUG    Relevant archs for SUSE:SLFO:1.2:PullRequest:2122:SLES: ['aarch64', 'ppc64le', 's390x', 'x86_64']
2026-02-25 13:33:55 INFO     PR git:2041 skipped: No reviews by qam-openqa
2026-02-25 13:33:55 DEBUG    Fetching info for PR git:1953 from Gitea
2026-02-25 13:33:55 DEBUG    Relevant archs for SUSE:SLFO:1.2:PullRequest:2076:SLES: ['aarch64', 'ppc64le', 's390x', 'x86_64']
2026-02-25 13:33:55 DEBUG    Relevant archs for SUSE:SLFO:1.2:PullRequest:2052:SL-Micro: ['aarch64', 'ppc64le', 's390x', 'x86_64']
2026-02-25 13:33:55 DEBUG    Checking OBS project SUSE:SLFO:1.2:PullRequest:2014
2026-02-25 13:33:55 DEBUG    Checking OBS project SUSE:SLFO:1.2:PullRequest:2035:SL-Micro
2026-02-25 13:33:55 DEBUG    Checking OBS project SUSE:SLFO:1.2:PullRequest:2059:SLES
2026-02-25 13:33:55 DEBUG    Checking OBS project SUSE:SLFO:1.2:PullRequest:2033:SL-Micro
2026-02-25 13:33:55 DEBUG    Checking OBS project SUSE:SLFO:1.2:PullRequest:2067:SLES
2026-02-25 13:33:55 DEBUG    Checking OBS project SUSE:SLFO:1.2:PullRequest:2013
2026-02-25 13:33:55 DEBUG    Fetching info for PR git:1938 from Gitea
2026-02-25 13:33:55 DEBUG    Relevant archs for SUSE:SLFO:1.2:PullRequest:2059:SLES: ['aarch64', 'ppc64le', 's390x', 'x86_64']
2026-02-25 13:33:55 DEBUG    Checking OBS project SUSE:SLFO:1.2:PullRequest:2014:SL-Micro
2026-02-25 13:33:55 DEBUG    Relevant archs for SUSE:SLFO:1.2:PullRequest:2033:SL-Micro: ['aarch64', 'ppc64le', 's390x', 'x86_64']
2026-02-25 13:33:55 DEBUG    Relevant archs for SUSE:SLFO:1.2:PullRequest:2035:SL-Micro: ['aarch64', 'ppc64le', 's390x', 'x86_64']
2026-02-25 13:33:55 DEBUG    Checking OBS project SUSE:SLFO:1.2:PullRequest:2069:SLES
2026-02-25 13:33:55 DEBUG    Relevant archs for SUSE:SLFO:1.2:PullRequest:2067:SLES: ['aarch64', 'ppc64le', 's390x', 'x86_64']
2026-02-25 13:33:55 DEBUG    Relevant archs for SUSE:SLFO:1.2:PullRequest:2014:SL-Micro: ['aarch64', 'ppc64le', 's390x', 'x86_64']
2026-02-25 13:33:55 DEBUG    Fetching info for PR git:1910 from Gitea
2026-02-25 13:33:55 DEBUG    Fetching info for PR git:1892 from Gitea
2026-02-25 13:33:55 DEBUG    Checking OBS project SUSE:SLFO:1.2:PullRequest:2066:SLES
2026-02-25 13:33:55 DEBUG    Checking OBS project SUSE:SLFO:1.2:PullRequest:2013:SL-Micro
2026-02-25 13:33:55 DEBUG    Checking OBS project SUSE:SLFO:1.2:PullRequest:2006
2026-02-25 13:33:55 DEBUG    Checking OBS project SUSE:SLFO:1.2:PullRequest:2056:SLES
2026-02-25 13:33:55 DEBUG    Checking OBS project SUSE:SLFO:1.2:PullRequest:2053:SLES
2026-02-25 13:33:55 DEBUG    Fetching info for PR git:1849 from Gitea
2026-02-25 13:33:55 DEBUG    Fetching info for PR git:1840 from Gitea
2026-02-25 13:33:55 DEBUG    Checking OBS project SUSE:SLFO:1.2:PullRequest:2040:SLES
2026-02-25 13:33:55 DEBUG    Relevant archs for SUSE:SLFO:1.2:PullRequest:2056:SLES: ['aarch64', 'ppc64le', 's390x', 'x86_64']
2026-02-25 13:33:55 DEBUG    Relevant archs for SUSE:SLFO:1.2:PullRequest:2053:SLES: ['aarch64', 'ppc64le', 's390x', 'x86_64']
2026-02-25 13:33:55 DEBUG    Relevant archs for SUSE:SLFO:1.2:PullRequest:2069:SLES: ['aarch64', 'ppc64le', 's390x', 'x86_64']
2026-02-25 13:33:55 DEBUG    Relevant archs for SUSE:SLFO:1.2:PullRequest:2066:SLES: ['aarch64', 'ppc64le', 's390x', 'x86_64']
2026-02-25 13:33:56 DEBUG    Checking OBS project SUSE:SLFO:1.2:PullRequest:2000
2026-02-25 13:33:56 DEBUG    Relevant archs for SUSE:SLFO:1.2:PullRequest:2013:SL-Micro: ['aarch64', 'ppc64le', 's390x', 'x86_64']
2026-02-25 13:33:56 INFO     PR git:2029 skipped: No reviews by qam-openqa
2026-02-25 13:33:56 DEBUG    Fetching info for PR git:1824 from Gitea
2026-02-25 13:33:56 DEBUG    Checking OBS project SUSE:SLFO:1.2:PullRequest:1996
2026-02-25 13:33:56 DEBUG    Checking OBS project SUSE:SLFO:1.2:PullRequest:2006:SL-Micro
2026-02-25 13:33:56 DEBUG    Relevant archs for SUSE:SLFO:1.2:PullRequest:2040:SLES: ['aarch64', 'ppc64le', 's390x', 'x86_64']
2026-02-25 13:33:56 DEBUG    Checking OBS project SUSE:SLFO:1.2:PullRequest:2052:SLES
2026-02-25 13:33:56 DEBUG    Checking OBS project SUSE:SLFO:1.2:PullRequest:1967
2026-02-25 13:33:56 DEBUG    Relevant archs for SUSE:SLFO:1.2:PullRequest:2052:SLES: ['aarch64', 'ppc64le', 's390x', 'x86_64']
2026-02-25 13:33:56 DEBUG    Checking OBS project SUSE:SLFO:1.2:PullRequest:1996:SL-Micro
2026-02-25 13:33:56 DEBUG    Checking OBS project SUSE:SLFO:1.2:PullRequest:1964
2026-02-25 13:33:56 DEBUG    Relevant archs for SUSE:SLFO:1.2:PullRequest:2006:SL-Micro: ['aarch64', 'ppc64le', 's390x', 'x86_64']
2026-02-25 13:33:56 DEBUG    Checking OBS project SUSE:SLFO:1.2:PullRequest:2014:SLES
2026-02-25 13:33:56 DEBUG    Checking OBS project SUSE:SLFO:1.2:PullRequest:2000:SL-Micro
2026-02-25 13:33:56 DEBUG    Fetching info for PR git:1805 from Gitea
2026-02-25 13:33:56 DEBUG    Fetching info for PR git:1794 from Gitea
2026-02-25 13:33:56 DEBUG    Fetching info for PR git:1791 from Gitea
2026-02-25 13:33:56 DEBUG    Fetching info for PR git:1763 from Gitea
2026-02-25 13:33:56 INFO     PR git:1965 skipped: No reviews by qam-openqa
2026-02-25 13:33:56 DEBUG    Checking OBS project SUSE:SLFO:1.2:PullRequest:1967:SL-Micro
2026-02-25 13:33:56 DEBUG    Checking OBS project SUSE:SLFO:1.2:PullRequest:2035:SLES
2026-02-25 13:33:56 DEBUG    Fetching info for PR git:1762 from Gitea
2026-02-25 13:33:56 DEBUG    Relevant archs for SUSE:SLFO:1.2:PullRequest:2014:SLES: ['aarch64', 'ppc64le', 's390x', 'x86_64']
2026-02-25 13:33:56 DEBUG    Fetching info for PR git:1746 from Gitea
2026-02-25 13:33:56 DEBUG    Checking OBS project SUSE:SLFO:1.2:PullRequest:2033:SLES
2026-02-25 13:33:56 DEBUG    Relevant archs for SUSE:SLFO:1.2:PullRequest:1996:SL-Micro: ['aarch64', 'ppc64le', 's390x', 'x86_64']
2026-02-25 13:33:56 DEBUG    Checking OBS project SUSE:SLFO:1.2:PullRequest:1953
2026-02-25 13:33:56 DEBUG    Fetching info for PR git:1717 from Gitea
2026-02-25 13:33:56 DEBUG    Relevant archs for SUSE:SLFO:1.2:PullRequest:2000:SL-Micro: ['aarch64', 'ppc64le', 's390x', 'x86_64']
2026-02-25 13:33:56 DEBUG    Relevant archs for SUSE:SLFO:1.2:PullRequest:1967:SL-Micro: ['aarch64', 'ppc64le', 's390x', 'x86_64']
2026-02-25 13:33:56 DEBUG    Relevant archs for SUSE:SLFO:1.2:PullRequest:2033:SLES: ['aarch64', 'ppc64le', 's390x', 'x86_64']
2026-02-25 13:33:56 DEBUG    Relevant archs for SUSE:SLFO:1.2:PullRequest:2035:SLES: ['aarch64', 'ppc64le', 's390x', 'x86_64']
2026-02-25 13:33:56 DEBUG    Checking OBS project SUSE:SLFO:1.2:PullRequest:1964:SL-Micro
2026-02-25 13:33:56 DEBUG    Checking OBS project SUSE:SLFO:1.2:PullRequest:1938
2026-02-25 13:33:56 DEBUG    Checking OBS project SUSE:SLFO:1.2:PullRequest:2013:SLES
2026-02-25 13:33:56 DEBUG    Fetching info for PR git:1713 from Gitea
2026-02-25 13:33:56 DEBUG    Checking OBS project SUSE:SLFO:1.2:PullRequest:1953:SL-Micro
2026-02-25 13:33:56 DEBUG    Checking OBS project SUSE:SLFO:1.2:PullRequest:1910
2026-02-25 13:33:56 DEBUG    Fetching info for PR git:1687 from Gitea
2026-02-25 13:33:56 DEBUG    Relevant archs for SUSE:SLFO:1.2:PullRequest:1964:SL-Micro: ['aarch64', 'ppc64le', 's390x', 'x86_64']
2026-02-25 13:33:56 DEBUG    Checking OBS project SUSE:SLFO:1.2:PullRequest:1840
2026-02-25 13:33:56 DEBUG    Checking OBS project SUSE:SLFO:1.2:PullRequest:1892
2026-02-25 13:33:56 DEBUG    Relevant archs for SUSE:SLFO:1.2:PullRequest:2013:SLES: ['aarch64', 'ppc64le', 's390x', 'x86_64']
2026-02-25 13:33:56 DEBUG    Relevant archs for SUSE:SLFO:1.2:PullRequest:1953:SL-Micro: ['aarch64', 'ppc64le', 's390x', 'x86_64']
2026-02-25 13:33:56 DEBUG    Checking OBS project SUSE:SLFO:1.2:PullRequest:1938:SL-Micro
2026-02-25 13:33:56 DEBUG    Checking OBS project SUSE:SLFO:1.2:PullRequest:1910:SL-Micro
2026-02-25 13:33:56 DEBUG    Fetching info for PR git:1684 from Gitea
2026-02-25 13:33:56 DEBUG    Relevant archs for SUSE:SLFO:1.2:PullRequest:1938:SL-Micro: ['aarch64', 'ppc64le', 's390x', 'x86_64']
2026-02-25 13:33:56 DEBUG    Fetching info for PR git:1673 from Gitea
2026-02-25 13:33:56 DEBUG    Fetching info for PR git:1637 from Gitea
2026-02-25 13:33:56 DEBUG    Checking OBS project SUSE:SLFO:1.2:PullRequest:2006:SLES
2026-02-25 13:33:56 DEBUG    Checking OBS project SUSE:SLFO:1.2:PullRequest:1996:SLES
2026-02-25 13:33:56 DEBUG    Checking OBS project SUSE:SLFO:1.2:PullRequest:2000:SLES
2026-02-25 13:33:56 DEBUG    Fetching info for PR git:1636 from Gitea
2026-02-25 13:33:56 DEBUG    Checking OBS project SUSE:SLFO:1.2:PullRequest:1849
2026-02-25 13:33:56 DEBUG    Relevant archs for SUSE:SLFO:1.2:PullRequest:1910:SL-Micro: ['aarch64', 'ppc64le', 's390x', 'x86_64']
2026-02-25 13:33:56 DEBUG    Relevant archs for SUSE:SLFO:1.2:PullRequest:2006:SLES: ['aarch64', 'ppc64le', 's390x', 'x86_64']
2026-02-25 13:33:56 DEBUG    Checking OBS project SUSE:SLFO:1.2:PullRequest:1967:SLES
2026-02-25 13:33:56 DEBUG    Checking OBS project SUSE:SLFO:1.2:PullRequest:1892:SL-Micro
2026-02-25 13:33:56 DEBUG    Checking OBS project SUSE:SLFO:1.2:PullRequest:1840:SL-Micro
2026-02-25 13:33:56 DEBUG    Checking OBS project SUSE:SLFO:1.2:PullRequest:1824
2026-02-25 13:33:56 DEBUG    Fetching info for PR git:1635 from Gitea
2026-02-25 13:33:56 DEBUG    Relevant archs for SUSE:SLFO:1.2:PullRequest:1996:SLES: ['aarch64', 'ppc64le', 's390x', 'x86_64']
2026-02-25 13:33:56 DEBUG    Relevant archs for SUSE:SLFO:1.2:PullRequest:2000:SLES: ['aarch64', 'ppc64le', 's390x', 'x86_64']
2026-02-25 13:33:56 DEBUG    Checking OBS project SUSE:SLFO:1.2:PullRequest:1849:SL-Micro
2026-02-25 13:33:56 DEBUG    Fetching info for PR git:1629 from Gitea
2026-02-25 13:33:56 DEBUG    Relevant archs for SUSE:SLFO:1.2:PullRequest:1967:SLES: ['aarch64', 'ppc64le', 's390x', 'x86_64']
2026-02-25 13:33:56 DEBUG    Checking OBS project SUSE:SLFO:1.2:PullRequest:1805
2026-02-25 13:33:56 DEBUG    Checking OBS project SUSE:SLFO:1.2:PullRequest:1964:SLES
2026-02-25 13:33:56 DEBUG    Relevant archs for SUSE:SLFO:1.2:PullRequest:1840:SL-Micro: ['aarch64', 'ppc64le', 's390x', 'x86_64']
2026-02-25 13:33:56 DEBUG    Relevant archs for SUSE:SLFO:1.2:PullRequest:1892:SL-Micro: ['aarch64', 'ppc64le', 's390x', 'x86_64']
2026-02-25 13:33:56 DEBUG    Checking OBS project SUSE:SLFO:1.2:PullRequest:1763
2026-02-25 13:33:56 DEBUG    Checking OBS project SUSE:SLFO:1.2:PullRequest:1824:SL-Micro
2026-02-25 13:33:56 DEBUG    Fetching info for PR git:1608 from Gitea
2026-02-25 13:33:56 DEBUG    Relevant archs for SUSE:SLFO:1.2:PullRequest:1849:SL-Micro: ['aarch64', 'ppc64le', 's390x', 'x86_64']
2026-02-25 13:33:56 DEBUG    Checking OBS project SUSE:SLFO:1.2:PullRequest:1953:SLES
2026-02-25 13:33:56 DEBUG    Checking OBS project SUSE:SLFO:1.2:PullRequest:1938:SLES
2026-02-25 13:33:56 DEBUG    Relevant archs for SUSE:SLFO:1.2:PullRequest:1964:SLES: ['aarch64', 'ppc64le', 's390x', 'x86_64']
2026-02-25 13:33:56 DEBUG    Checking OBS project SUSE:SLFO:1.2:PullRequest:1805:SL-Micro
2026-02-25 13:33:56 DEBUG    Checking OBS project SUSE:SLFO:1.2:PullRequest:1910:SLES
2026-02-25 13:33:56 DEBUG    Relevant archs for SUSE:SLFO:1.2:PullRequest:1824:SL-Micro: ['aarch64', 'ppc64le', 's390x', 'x86_64']
2026-02-25 13:33:56 DEBUG    Relevant archs for SUSE:SLFO:1.2:PullRequest:1953:SLES: ['aarch64', 'ppc64le', 's390x', 'x86_64']
2026-02-25 13:33:56 DEBUG    Checking OBS project SUSE:SLFO:1.2:PullRequest:1762
2026-02-25 13:33:56 DEBUG    Relevant archs for SUSE:SLFO:1.2:PullRequest:1938:SLES: ['aarch64', 'ppc64le', 's390x', 'x86_64']
2026-02-25 13:33:56 DEBUG    Checking OBS project SUSE:SLFO:1.2:PullRequest:1763:SL-Micro
2026-02-25 13:33:56 DEBUG    Checking OBS project SUSE:SLFO:1.2:PullRequest:1717
2026-02-25 13:33:56 DEBUG    Relevant archs for SUSE:SLFO:1.2:PullRequest:1805:SL-Micro: ['aarch64', 'ppc64le', 's390x', 'x86_64']
2026-02-25 13:33:56 DEBUG    Relevant archs for SUSE:SLFO:1.2:PullRequest:1910:SLES: ['aarch64', 'ppc64le', 's390x', 'x86_64']
2026-02-25 13:33:56 DEBUG    Fetching info for PR git:1603 from Gitea
2026-02-25 13:33:56 DEBUG    Relevant archs for SUSE:SLFO:1.2:PullRequest:1763:SL-Micro: ['aarch64', 'ppc64le', 's390x', 'x86_64']
2026-02-25 13:33:56 DEBUG    Checking OBS project SUSE:SLFO:1.2:PullRequest:1746
2026-02-25 13:33:56 DEBUG    Checking OBS project SUSE:SLFO:1.2:PullRequest:1794
2026-02-25 13:33:56 DEBUG    Fetching info for PR git:1579 from Gitea
2026-02-25 13:33:56 DEBUG    Fetching info for PR git:1554 from Gitea
2026-02-25 13:33:56 DEBUG    Checking OBS project SUSE:SLFO:1.2:PullRequest:1762:SL-Micro
2026-02-25 13:33:56 DEBUG    Checking OBS project SUSE:SLFO:1.2:PullRequest:1892:SLES
2026-02-25 13:33:56 DEBUG    Checking OBS project SUSE:SLFO:1.2:PullRequest:1717:SL-Micro
2026-02-25 13:33:56 DEBUG    Fetching info for PR git:1543 from Gitea
2026-02-25 13:33:56 DEBUG    Relevant archs for SUSE:SLFO:1.2:PullRequest:1717:SL-Micro: ['aarch64', 'ppc64le', 's390x', 'x86_64']
2026-02-25 13:33:56 DEBUG    Relevant archs for SUSE:SLFO:1.2:PullRequest:1762:SL-Micro: ['aarch64', 'ppc64le', 's390x', 'x86_64']
2026-02-25 13:33:56 DEBUG    Checking OBS project SUSE:SLFO:1.2:PullRequest:1794:SL-Micro
2026-02-25 13:33:56 DEBUG    Checking OBS project SUSE:SLFO:1.2:PullRequest:1746:SL-Micro
2026-02-25 13:33:56 DEBUG    Relevant archs for SUSE:SLFO:1.2:PullRequest:1892:SLES: ['aarch64', 'ppc64le', 's390x', 'x86_64']
2026-02-25 13:33:56 DEBUG    Checking OBS project SUSE:SLFO:1.2:PullRequest:1840:SLES
2026-02-25 13:33:56 DEBUG    Checking OBS project SUSE:SLFO:1.2:PullRequest:1713
2026-02-25 13:33:56 DEBUG    Relevant archs for SUSE:SLFO:1.2:PullRequest:1746:SL-Micro: ['aarch64', 'ppc64le', 's390x', 'x86_64']
2026-02-25 13:33:56 DEBUG    Relevant archs for SUSE:SLFO:1.2:PullRequest:1794:SL-Micro: ['aarch64', 'ppc64le', 's390x', 'x86_64']
2026-02-25 13:33:56 DEBUG    Fetching info for PR git:1410 from Gitea
2026-02-25 13:33:56 DEBUG    Fetching info for PR git:1391 from Gitea
2026-02-25 13:33:56 DEBUG    Checking OBS project SUSE:SLFO:1.2:PullRequest:1849:SLES
2026-02-25 13:33:56 DEBUG    Checking OBS project SUSE:SLFO:1.2:PullRequest:1713:SL-Micro
2026-02-25 13:33:56 DEBUG    Relevant archs for SUSE:SLFO:1.2:PullRequest:1840:SLES: ['aarch64', 'ppc64le', 's390x', 'x86_64']
2026-02-25 13:33:56 DEBUG    Checking OBS project SUSE:SLFO:1.2:PullRequest:1824:SLES
2026-02-25 13:33:56 DEBUG    Fetching info for PR git:1382 from Gitea
2026-02-25 13:33:56 DEBUG    Relevant archs for SUSE:SLFO:1.2:PullRequest:1713:SL-Micro: ['aarch64', 'ppc64le', 's390x', 'x86_64']
2026-02-25 13:33:56 DEBUG    Relevant archs for SUSE:SLFO:1.2:PullRequest:1824:SLES: ['aarch64', 'ppc64le', 's390x', 'x86_64']
2026-02-25 13:33:56 DEBUG    Relevant archs for SUSE:SLFO:1.2:PullRequest:1849:SLES: ['aarch64', 'ppc64le', 's390x', 'x86_64']
2026-02-25 13:33:56 DEBUG    Checking OBS project SUSE:SLFO:1.2:PullRequest:1791
2026-02-25 13:33:56 INFO     PR git:1687 skipped: No reviews by qam-openqa
2026-02-25 13:33:56 DEBUG    Checking OBS project SUSE:SLFO:1.2:PullRequest:1805:SLES
2026-02-25 13:33:56 DEBUG    Fetching info for PR git:1345 from Gitea
2026-02-25 13:33:56 DEBUG    Checking OBS project SUSE:SLFO:1.2:PullRequest:1763:SLES
2026-02-25 13:33:56 INFO     PR git:1629 skipped: No reviews by qam-openqa
2026-02-25 13:33:56 DEBUG    Checking OBS project SUSE:SLFO:1.2:PullRequest:1717:SLES
2026-02-25 13:33:56 DEBUG    Fetching info for PR git:1317 from Gitea
2026-02-25 13:33:56 DEBUG    Fetching info for PR git:1300 from Gitea
2026-02-25 13:33:56 INFO     PR git:1938: Some packages failed: 000productcompose:sles_x86_64, 000productcompose:sles_sap_x86_64, 000productcompose:sles_aarch64
2026-02-25 13:33:56 INFO     PR git:1684 skipped: No reviews by qam-openqa
2026-02-25 13:33:56 INFO     Skipping PR git:1938: Not all packages succeeded or published
2026-02-25 13:33:56 DEBUG    Relevant archs for SUSE:SLFO:1.2:PullRequest:1763:SLES: ['aarch64', 'ppc64le', 's390x', 'x86_64']
2026-02-25 13:33:56 DEBUG    Checking OBS project SUSE:SLFO:1.2:PullRequest:1762:SLES
2026-02-25 13:33:57 DEBUG    Relevant archs for SUSE:SLFO:1.2:PullRequest:1805:SLES: ['aarch64', 'ppc64le', 's390x', 'x86_64']
2026-02-25 13:33:57 INFO     PR git:1673 skipped: No reviews by qam-openqa
2026-02-25 13:33:57 DEBUG    Fetching info for PR git:1293 from Gitea
2026-02-25 13:33:57 DEBUG    Checking OBS project SUSE:SLFO:1.2:PullRequest:1791:SL-Micro
2026-02-25 13:33:57 DEBUG    Fetching info for PR git:1292 from Gitea
2026-02-25 13:33:57 INFO     PR git:1636 skipped: No reviews by qam-openqa
2026-02-25 13:33:57 DEBUG    Checking OBS project SUSE:SLFO:1.2:PullRequest:1608
2026-02-25 13:33:57 INFO     PR git:1637 skipped: No reviews by qam-openqa
2026-02-25 13:33:57 DEBUG    Fetching info for PR git:1269 from Gitea
2026-02-25 13:33:57 DEBUG    Checking OBS project SUSE:SLFO:1.2:PullRequest:1635
2026-02-25 13:33:57 DEBUG    Relevant archs for SUSE:SLFO:1.2:PullRequest:1717:SLES: ['aarch64', 'ppc64le', 's390x', 'x86_64']
2026-02-25 13:33:57 DEBUG    Fetching info for PR git:1268 from Gitea
2026-02-25 13:33:57 DEBUG    Fetching info for PR git:1262 from Gitea
2026-02-25 13:33:57 DEBUG    Checking OBS project SUSE:SLFO:1.2:PullRequest:1794:SLES
2026-02-25 13:33:57 DEBUG    Fetching info for PR git:1252 from Gitea
2026-02-25 13:33:57 DEBUG    Checking OBS project SUSE:SLFO:1.2:PullRequest:1746:SLES
2026-02-25 13:33:57 DEBUG    Relevant archs for SUSE:SLFO:1.2:PullRequest:1762:SLES: ['aarch64', 'ppc64le', 's390x', 'x86_64']
2026-02-25 13:33:57 DEBUG    Relevant archs for SUSE:SLFO:1.2:PullRequest:1791:SL-Micro: ['aarch64', 'ppc64le', 's390x', 'x86_64']
2026-02-25 13:33:57 DEBUG    Checking OBS project SUSE:SLFO:1.2:PullRequest:1603
2026-02-25 13:33:57 DEBUG    Relevant archs for SUSE:SLFO:1.2:PullRequest:1794:SLES: ['aarch64', 'ppc64le', 's390x', 'x86_64']
2026-02-25 13:33:57 DEBUG    Checking OBS project SUSE:SLFO:1.2:PullRequest:1608:SL-Micro
2026-02-25 13:33:57 DEBUG    Checking OBS project SUSE:SLFO:1.2:PullRequest:1713:SLES
2026-02-25 13:33:57 DEBUG    Relevant archs for SUSE:SLFO:1.2:PullRequest:1746:SLES: ['aarch64', 'ppc64le', 's390x', 'x86_64']
2026-02-25 13:33:57 DEBUG    Checking OBS project SUSE:SLFO:1.2:PullRequest:1635:SL-Micro
2026-02-25 13:33:57 DEBUG    Fetching info for PR git:1217 from Gitea
2026-02-25 13:33:57 DEBUG    Checking OBS project SUSE:SLFO:1.2:PullRequest:1554
2026-02-25 13:33:57 DEBUG    Checking OBS project SUSE:SLFO:1.2:PullRequest:1579
2026-02-25 13:33:57 DEBUG    Checking OBS project SUSE:SLFO:1.2:PullRequest:1603:SL-Micro
2026-02-25 13:33:57 DEBUG    Relevant archs for SUSE:SLFO:1.2:PullRequest:1635:SL-Micro: ['aarch64', 'ppc64le', 's390x', 'x86_64']
2026-02-25 13:33:57 DEBUG    Relevant archs for SUSE:SLFO:1.2:PullRequest:1713:SLES: ['aarch64', 'ppc64le', 's390x', 'x86_64']
2026-02-25 13:33:57 DEBUG    Relevant archs for SUSE:SLFO:1.2:PullRequest:1608:SL-Micro: ['aarch64', 'ppc64le', 's390x', 'x86_64']
2026-02-25 13:33:57 DEBUG    Fetching info for PR git:1156 from Gitea
2026-02-25 13:33:57 DEBUG    Checking OBS project SUSE:SLFO:1.2:PullRequest:1543
2026-02-25 13:33:57 DEBUG    Checking OBS project SUSE:SLFO:1.2:PullRequest:1579:SL-Micro
2026-02-25 13:33:57 DEBUG    Relevant archs for SUSE:SLFO:1.2:PullRequest:1603:SL-Micro: ['aarch64', 'ppc64le', 's390x', 'x86_64']
2026-02-25 13:33:57 DEBUG    Checking OBS project SUSE:SLFO:1.2:PullRequest:1554:SL-Micro
2026-02-25 13:33:57 DEBUG    Checking OBS project SUSE:SLFO:1.2:PullRequest:1391
2026-02-25 13:33:57 DEBUG    Checking OBS project SUSE:SLFO:1.2:PullRequest:1410
2026-02-25 13:33:57 DEBUG    Fetching info for PR git:1119 from Gitea
2026-02-25 13:33:57 DEBUG    Checking OBS project SUSE:SLFO:1.2:PullRequest:1382
2026-02-25 13:33:57 DEBUG    Checking OBS project SUSE:SLFO:1.2:PullRequest:1543:SL-Micro
2026-02-25 13:33:57 DEBUG    Checking OBS project SUSE:SLFO:1.2:PullRequest:1791:SLES
2026-02-25 13:33:57 DEBUG    Fetching info for PR git:1109 from Gitea
2026-02-25 13:33:57 DEBUG    Checking OBS project SUSE:SLFO:1.2:PullRequest:1391:SL-Micro
2026-02-25 13:33:57 DEBUG    Checking OBS project SUSE:SLFO:1.2:PullRequest:1410:SL-Micro
2026-02-25 13:33:57 DEBUG    Checking OBS project SUSE:SLFO:1.2:PullRequest:1317
2026-02-25 13:33:57 DEBUG    Relevant archs for SUSE:SLFO:1.2:PullRequest:1579:SL-Micro: ['aarch64', 'ppc64le', 's390x', 'x86_64']
2026-02-25 13:33:57 DEBUG    Checking OBS project SUSE:SLFO:1.2:PullRequest:1345
2026-02-25 13:33:57 DEBUG    Relevant archs for SUSE:SLFO:1.2:PullRequest:1554:SL-Micro: ['aarch64', 'ppc64le', 's390x', 'x86_64']
2026-02-25 13:33:57 DEBUG    Fetching info for PR git:1101 from Gitea
2026-02-25 13:33:57 DEBUG    Relevant archs for SUSE:SLFO:1.2:PullRequest:1543:SL-Micro: ['aarch64', 'ppc64le', 's390x', 'x86_64']
2026-02-25 13:33:57 DEBUG    Relevant archs for SUSE:SLFO:1.2:PullRequest:1791:SLES: ['aarch64', 'ppc64le', 's390x', 'x86_64']
2026-02-25 13:33:57 DEBUG    Checking OBS project SUSE:SLFO:1.2:PullRequest:1608:SLES
2026-02-25 13:33:57 DEBUG    Relevant archs for SUSE:SLFO:1.2:PullRequest:1391:SL-Micro: ['aarch64', 'ppc64le', 's390x', 'x86_64']
2026-02-25 13:33:57 DEBUG    Fetching info for PR git:1045 from Gitea
2026-02-25 13:33:57 DEBUG    Checking OBS project SUSE:SLFO:1.2:PullRequest:1635:SLES
2026-02-25 13:33:57 DEBUG    Fetching info for PR git:982 from Gitea
2026-02-25 13:33:57 DEBUG    Checking OBS project SUSE:SLFO:1.2:PullRequest:1382:SL-Micro
2026-02-25 13:33:57 DEBUG    Checking OBS project SUSE:SLFO:1.2:PullRequest:1317:SL-Micro
2026-02-25 13:33:57 DEBUG    Relevant archs for SUSE:SLFO:1.2:PullRequest:1410:SL-Micro: ['aarch64', 'ppc64le', 's390x', 'x86_64']
2026-02-25 13:33:57 DEBUG    Checking OBS project SUSE:SLFO:1.2:PullRequest:1345:SL-Micro
2026-02-25 13:33:57 DEBUG    Relevant archs for SUSE:SLFO:1.2:PullRequest:1317:SL-Micro: ['aarch64', 'ppc64le', 's390x', 'x86_64']
2026-02-25 13:33:57 DEBUG    Relevant archs for SUSE:SLFO:1.2:PullRequest:1608:SLES: ['aarch64', 'ppc64le', 's390x', 'x86_64']
2026-02-25 13:33:57 DEBUG    Fetching info for PR git:951 from Gitea
2026-02-25 13:33:57 DEBUG    Relevant archs for SUSE:SLFO:1.2:PullRequest:1345:SL-Micro: ['aarch64', 'ppc64le', 's390x', 'x86_64']
2026-02-25 13:33:57 DEBUG    Relevant archs for SUSE:SLFO:1.2:PullRequest:1635:SLES: ['aarch64', 'ppc64le', 's390x', 'x86_64']
2026-02-25 13:33:57 DEBUG    Relevant archs for SUSE:SLFO:1.2:PullRequest:1382:SL-Micro: ['aarch64', 'ppc64le', 's390x', 'x86_64']
2026-02-25 13:33:57 DEBUG    Fetching info for PR git:945 from Gitea
2026-02-25 13:33:57 DEBUG    Fetching info for PR git:933 from Gitea
2026-02-25 13:33:57 DEBUG    Checking OBS project SUSE:SLFO:1.2:PullRequest:1603:SLES
2026-02-25 13:33:57 DEBUG    Checking OBS project SUSE:SLFO:1.2:PullRequest:1579:SLES
2026-02-25 13:33:57 DEBUG    Checking OBS project SUSE:SLFO:1.2:PullRequest:1293
2026-02-25 13:33:57 DEBUG    Checking OBS project SUSE:SLFO:1.2:PullRequest:1300
2026-02-25 13:33:57 DEBUG    Relevant archs for SUSE:SLFO:1.2:PullRequest:1603:SLES: ['aarch64', 'ppc64le', 's390x', 'x86_64']
2026-02-25 13:33:57 DEBUG    Checking OBS project SUSE:SLFO:1.2:PullRequest:1292
2026-02-25 13:33:57 DEBUG    Checking OBS project SUSE:SLFO:1.2:PullRequest:1543:SLES
2026-02-25 13:33:57 DEBUG    Fetching info for PR git:917 from Gitea
2026-02-25 13:33:57 DEBUG    Checking OBS project SUSE:SLFO:1.2:PullRequest:1554:SLES
2026-02-25 13:33:57 DEBUG    Relevant archs for SUSE:SLFO:1.2:PullRequest:1579:SLES: ['aarch64', 'ppc64le', 's390x', 'x86_64']
2026-02-25 13:33:57 DEBUG    Checking OBS project SUSE:SLFO:1.2:PullRequest:1410:SLES
2026-02-25 13:33:57 DEBUG    Checking OBS project SUSE:SLFO:1.2:PullRequest:1269
2026-02-25 13:33:57 DEBUG    Checking OBS project SUSE:SLFO:1.2:PullRequest:1293:SL-Micro
2026-02-25 13:33:57 DEBUG    Checking OBS project SUSE:SLFO:1.2:PullRequest:1300:SL-Micro
2026-02-25 13:33:57 DEBUG    Checking OBS project SUSE:SLFO:1.2:PullRequest:1391:SLES
2026-02-25 13:33:57 DEBUG    Fetching info for PR git:913 from Gitea
2026-02-25 13:33:57 DEBUG    Checking OBS project SUSE:SLFO:1.2:PullRequest:1268
2026-02-25 13:33:57 DEBUG    Relevant archs for SUSE:SLFO:1.2:PullRequest:1410:SLES: ['aarch64', 'ppc64le', 's390x', 'x86_64']
2026-02-25 13:33:57 DEBUG    Checking OBS project SUSE:SLFO:1.2:PullRequest:1317:SLES
2026-02-25 13:33:57 DEBUG    Relevant archs for SUSE:SLFO:1.2:PullRequest:1293:SL-Micro: ['aarch64', 'ppc64le', 's390x', 'x86_64']
2026-02-25 13:33:57 DEBUG    Checking OBS project SUSE:SLFO:1.2:PullRequest:1292:SL-Micro
2026-02-25 13:33:57 DEBUG    Relevant archs for SUSE:SLFO:1.2:PullRequest:1543:SLES: ['aarch64', 'ppc64le', 's390x', 'x86_64']
2026-02-25 13:33:57 DEBUG    Relevant archs for SUSE:SLFO:1.2:PullRequest:1300:SL-Micro: ['aarch64', 'ppc64le', 's390x', 'x86_64']
2026-02-25 13:33:57 DEBUG    Checking OBS project SUSE:SLFO:1.2:PullRequest:1156
2026-02-25 13:33:57 DEBUG    Relevant archs for SUSE:SLFO:1.2:PullRequest:1554:SLES: ['aarch64', 'ppc64le', 's390x', 'x86_64']
2026-02-25 13:33:57 DEBUG    Checking OBS project SUSE:SLFO:1.2:PullRequest:1252
2026-02-25 13:33:57 DEBUG    Checking OBS project SUSE:SLFO:1.2:PullRequest:1345:SLES
2026-02-25 13:33:57 DEBUG    Relevant archs for SUSE:SLFO:1.2:PullRequest:1391:SLES: ['aarch64', 'ppc64le', 's390x', 'x86_64']
2026-02-25 13:33:57 DEBUG    Checking OBS project SUSE:SLFO:1.2:PullRequest:1262
2026-02-25 13:33:57 DEBUG    Fetching info for PR git:884 from Gitea
2026-02-25 13:33:57 DEBUG    Checking OBS project SUSE:SLFO:1.2:PullRequest:1217
2026-02-25 13:33:57 DEBUG    Checking OBS project SUSE:SLFO:1.2:PullRequest:1269:SL-Micro
2026-02-25 13:33:57 DEBUG    Checking OBS project SUSE:SLFO:1.2:PullRequest:1268:SL-Micro
2026-02-25 13:33:57 DEBUG    Relevant archs for SUSE:SLFO:1.2:PullRequest:1292:SL-Micro: ['aarch64', 'ppc64le', 's390x', 'x86_64']
2026-02-25 13:33:57 DEBUG    Checking OBS project SUSE:SLFO:1.2:PullRequest:1382:SLES
2026-02-25 13:33:57 DEBUG    Relevant archs for SUSE:SLFO:1.2:PullRequest:1345:SLES: ['aarch64', 'ppc64le', 's390x', 'x86_64']
2026-02-25 13:33:57 DEBUG    Relevant archs for SUSE:SLFO:1.2:PullRequest:1317:SLES: ['aarch64', 'ppc64le', 's390x', 'x86_64']
2026-02-25 13:33:57 DEBUG    Relevant archs for SUSE:SLFO:1.2:PullRequest:1382:SLES: ['aarch64', 'ppc64le', 's390x', 'x86_64']
2026-02-25 13:33:57 DEBUG    Checking OBS project SUSE:SLFO:1.2:PullRequest:1156:SL-Micro
2026-02-25 13:33:57 DEBUG    Checking OBS project SUSE:SLFO:1.2:PullRequest:1101
2026-02-25 13:33:57 DEBUG    Checking OBS project SUSE:SLFO:1.2:PullRequest:1045
2026-02-25 13:33:57 DEBUG    Checking OBS project SUSE:SLFO:1.2:PullRequest:1217:SL-Micro
2026-02-25 13:33:57 DEBUG    Relevant archs for SUSE:SLFO:1.2:PullRequest:1269:SL-Micro: ['aarch64', 'ppc64le', 's390x', 'x86_64']
2026-02-25 13:33:57 DEBUG    Checking OBS project SUSE:SLFO:1.2:PullRequest:1252:SL-Micro
2026-02-25 13:33:57 DEBUG    Relevant archs for SUSE:SLFO:1.2:PullRequest:1156:SL-Micro: ['aarch64', 'ppc64le', 's390x', 'x86_64']
2026-02-25 13:33:57 DEBUG    Relevant archs for SUSE:SLFO:1.2:PullRequest:1268:SL-Micro: ['aarch64', 'ppc64le', 's390x', 'x86_64']
2026-02-25 13:33:57 DEBUG    Fetching info for PR git:870 from Gitea
2026-02-25 13:33:57 DEBUG    Checking OBS project SUSE:SLFO:1.2:PullRequest:1109
2026-02-25 13:33:57 DEBUG    Checking OBS project SUSE:SLFO:1.2:PullRequest:1262:SL-Micro
2026-02-25 13:33:57 DEBUG    Checking OBS project SUSE:SLFO:1.2:PullRequest:1119
2026-02-25 13:33:57 DEBUG    Fetching info for PR git:850 from Gitea
2026-02-25 13:33:57 DEBUG    Checking OBS project SUSE:SLFO:1.2:PullRequest:1045:SL-Micro
2026-02-25 13:33:57 DEBUG    Checking OBS project SUSE:SLFO:1.2:PullRequest:1300:SLES
2026-02-25 13:33:57 DEBUG    Relevant archs for SUSE:SLFO:1.2:PullRequest:1217:SL-Micro: ['aarch64', 'ppc64le', 's390x', 'x86_64']
2026-02-25 13:33:57 DEBUG    Fetching info for PR git:848 from Gitea
2026-02-25 13:33:57 DEBUG    Relevant archs for SUSE:SLFO:1.2:PullRequest:1252:SL-Micro: ['aarch64', 'ppc64le', 's390x', 'x86_64']
2026-02-25 13:33:57 DEBUG    Relevant archs for SUSE:SLFO:1.2:PullRequest:1262:SL-Micro: ['aarch64', 'ppc64le', 's390x', 'x86_64']
2026-02-25 13:33:57 DEBUG    Checking OBS project SUSE:SLFO:1.2:PullRequest:1293:SLES
2026-02-25 13:33:57 DEBUG    Checking OBS project SUSE:SLFO:1.2:PullRequest:945
2026-02-25 13:33:57 DEBUG    Checking OBS project SUSE:SLFO:1.2:PullRequest:1101:SL-Micro
2026-02-25 13:33:57 DEBUG    Checking OBS project SUSE:SLFO:1.2:PullRequest:1292:SLES
2026-02-25 13:33:57 DEBUG    Relevant archs for SUSE:SLFO:1.2:PullRequest:1300:SLES: ['aarch64', 'ppc64le', 's390x', 'x86_64']
2026-02-25 13:33:57 DEBUG    Checking OBS project SUSE:SLFO:1.2:PullRequest:1119:SL-Micro
2026-02-25 13:33:57 DEBUG    Checking OBS project SUSE:SLFO:1.2:PullRequest:1109:SL-Micro
2026-02-25 13:33:57 INFO     PR git:933 skipped: No channels found
2026-02-25 13:33:57 DEBUG    Fetching info for PR git:842 from Gitea
2026-02-25 13:33:57 DEBUG    Relevant archs for SUSE:SLFO:1.2:PullRequest:1101:SL-Micro: ['aarch64', 'ppc64le', 's390x', 'x86_64']
2026-02-25 13:33:57 DEBUG    Fetching info for PR git:702 from Gitea
2026-02-25 13:33:57 DEBUG    Relevant archs for SUSE:SLFO:1.2:PullRequest:1293:SLES: ['aarch64', 'ppc64le', 's390x', 'x86_64']
2026-02-25 13:33:57 DEBUG    Fetching info for PR git:699 from Gitea
2026-02-25 13:33:57 DEBUG    Relevant archs for SUSE:SLFO:1.2:PullRequest:1045:SL-Micro: ['aarch64', 'ppc64le', 's390x', 'x86_64']
2026-02-25 13:33:57 DEBUG    Relevant archs for SUSE:SLFO:1.2:PullRequest:1292:SLES: ['aarch64', 'ppc64le', 's390x', 'x86_64']
2026-02-25 13:33:57 DEBUG    Checking OBS project SUSE:SLFO:1.2:PullRequest:945:SL-Micro
2026-02-25 13:33:57 INFO     PR git:982 skipped: No reviews by qam-openqa
2026-02-25 13:33:57 DEBUG    Fetching info for PR git:689 from Gitea
2026-02-25 13:33:57 DEBUG    Relevant archs for SUSE:SLFO:1.2:PullRequest:1119:SL-Micro: ['aarch64', 'ppc64le', 's390x', 'x86_64']
2026-02-25 13:33:57 DEBUG    Fetching info for PR git:686 from Gitea
2026-02-25 13:33:57 DEBUG    Fetching info for PR git:660 from Gitea
2026-02-25 13:33:57 DEBUG    Checking OBS project SUSE:SLFO:1.2:PullRequest:951
2026-02-25 13:33:57 DEBUG    Relevant archs for SUSE:SLFO:1.2:PullRequest:1109:SL-Micro: ['aarch64', 'ppc64le', 's390x', 'x86_64']
2026-02-25 13:33:57 DEBUG    Relevant archs for SUSE:SLFO:1.2:PullRequest:945:SL-Micro: ['aarch64', 'ppc64le', 's390x', 'x86_64']
2026-02-25 13:33:58 DEBUG    Checking OBS project SUSE:SLFO:1.2:PullRequest:913
2026-02-25 13:33:58 DEBUG    Checking OBS project SUSE:SLFO:1.2:PullRequest:917
2026-02-25 13:33:58 DEBUG    Fetching info for PR git:612 from Gitea
2026-02-25 13:33:58 DEBUG    Checking OBS project SUSE:SLFO:1.2:PullRequest:1252:SLES
2026-02-25 13:33:58 DEBUG    Checking OBS project SUSE:SLFO:1.2:PullRequest:1269:SLES
2026-02-25 13:33:58 DEBUG    Checking OBS project SUSE:SLFO:1.2:PullRequest:1268:SLES
2026-02-25 13:33:58 DEBUG    Checking OBS project SUSE:SLFO:1.2:PullRequest:1156:SLES
2026-02-25 13:33:58 DEBUG    Relevant archs for SUSE:SLFO:1.2:PullRequest:1252:SLES: ['aarch64', 'ppc64le', 's390x', 'x86_64']
2026-02-25 13:33:58 DEBUG    Fetching info for PR git:608 from Gitea
2026-02-25 13:33:58 DEBUG    Checking OBS project SUSE:SLFO:1.2:PullRequest:1217:SLES
2026-02-25 13:33:58 DEBUG    Checking OBS project SUSE:SLFO:1.2:PullRequest:1262:SLES
2026-02-25 13:33:58 DEBUG    Relevant archs for SUSE:SLFO:1.2:PullRequest:1268:SLES: ['aarch64', 'ppc64le', 's390x', 'x86_64']
2026-02-25 13:33:58 DEBUG    Relevant archs for SUSE:SLFO:1.2:PullRequest:1156:SLES: ['aarch64', 'ppc64le', 's390x', 'x86_64']
2026-02-25 13:33:58 DEBUG    Relevant archs for SUSE:SLFO:1.2:PullRequest:1269:SLES: ['aarch64', 'ppc64le', 's390x', 'x86_64']
2026-02-25 13:33:58 DEBUG    Fetching info for PR git:564 from Gitea
2026-02-25 13:33:58 DEBUG    Checking OBS project SUSE:SLFO:1.2:PullRequest:917:SL-Micro
2026-02-25 13:33:58 DEBUG    Checking OBS project SUSE:SLFO:1.2:PullRequest:951:SL-Micro
2026-02-25 13:33:58 DEBUG    Checking OBS project SUSE:SLFO:1.2:PullRequest:913:SL-Micro
2026-02-25 13:33:58 DEBUG    Checking OBS project SUSE:SLFO:1.2:PullRequest:1101:SLES
2026-02-25 13:33:58 DEBUG    Fetching info for PR git:468 from Gitea
2026-02-25 13:33:58 DEBUG    Checking OBS project SUSE:SLFO:1.2:PullRequest:1045:SLES
2026-02-25 13:33:58 DEBUG    Checking OBS project SUSE:SLFO:1.2:PullRequest:884
2026-02-25 13:33:58 DEBUG    Fetching info for PR git:465 from Gitea
2026-02-25 13:33:58 DEBUG    Checking OBS project SUSE:SLFO:1.2:PullRequest:1119:SLES
2026-02-25 13:33:58 DEBUG    Relevant archs for SUSE:SLFO:1.2:PullRequest:1217:SLES: ['aarch64', 'ppc64le', 's390x', 'x86_64']
2026-02-25 13:33:58 DEBUG    Relevant archs for SUSE:SLFO:1.2:PullRequest:1262:SLES: ['aarch64', 'ppc64le', 's390x', 'x86_64']
2026-02-25 13:33:58 DEBUG    Relevant archs for SUSE:SLFO:1.2:PullRequest:917:SL-Micro: ['aarch64', 'ppc64le', 's390x', 'x86_64']
2026-02-25 13:33:58 DEBUG    Relevant archs for SUSE:SLFO:1.2:PullRequest:951:SL-Micro: ['aarch64', 'ppc64le', 's390x', 'x86_64']
2026-02-25 13:33:58 DEBUG    Relevant archs for SUSE:SLFO:1.2:PullRequest:1101:SLES: ['aarch64', 'ppc64le', 's390x', 'x86_64']
2026-02-25 13:33:58 DEBUG    Relevant archs for SUSE:SLFO:1.2:PullRequest:913:SL-Micro: ['aarch64', 'ppc64le', 's390x', 'x86_64']
2026-02-25 13:33:58 DEBUG    Checking OBS project SUSE:SLFO:1.2:PullRequest:870
2026-02-25 13:33:58 DEBUG    Relevant archs for SUSE:SLFO:1.2:PullRequest:1045:SLES: ['aarch64', 'ppc64le', 's390x', 'x86_64']
2026-02-25 13:33:58 DEBUG    Relevant archs for SUSE:SLFO:1.2:PullRequest:1119:SLES: ['aarch64', 'ppc64le', 's390x', 'x86_64']
2026-02-25 13:33:58 DEBUG    Checking OBS project SUSE:SLFO:1.2:PullRequest:945:SLES
2026-02-25 13:33:58 DEBUG    Checking OBS project SUSE:SLFO:1.2:PullRequest:1109:SLES
2026-02-25 13:33:58 DEBUG    Checking OBS project SUSE:SLFO:1.2:PullRequest:884:SL-Micro
2026-02-25 13:33:58 DEBUG    Relevant archs for SUSE:SLFO:1.2:PullRequest:1109:SLES: ['aarch64', 'ppc64le', 's390x', 'x86_64']
2026-02-25 13:33:58 DEBUG    Fetching info for PR git:446 from Gitea
2026-02-25 13:33:58 DEBUG    Checking OBS project SUSE:SLFO:1.2:PullRequest:848
2026-02-25 13:33:58 DEBUG    Relevant archs for SUSE:SLFO:1.2:PullRequest:884:SL-Micro: ['aarch64', 'ppc64le', 's390x', 'x86_64']
2026-02-25 13:33:58 DEBUG    Relevant archs for SUSE:SLFO:1.2:PullRequest:945:SLES: ['aarch64', 'ppc64le', 's390x', 'x86_64']
2026-02-25 13:33:58 DEBUG    Checking OBS project SUSE:SLFO:1.2:PullRequest:917:SLES
2026-02-25 13:33:58 DEBUG    Fetching info for PR git:445 from Gitea
2026-02-25 13:33:58 DEBUG    Checking OBS project SUSE:SLFO:1.2:PullRequest:870:SL-Micro
2026-02-25 13:33:58 DEBUG    Checking OBS project SUSE:SLFO:1.2:PullRequest:848:SL-Micro
2026-02-25 13:33:58 DEBUG    Checking OBS project SUSE:SLFO:1.2:PullRequest:702
2026-02-25 13:33:58 DEBUG    Fetching info for PR git:341 from Gitea
2026-02-25 13:33:58 DEBUG    Checking OBS project SUSE:SLFO:1.2:PullRequest:951:SLES
2026-02-25 13:33:58 DEBUG    Relevant archs for SUSE:SLFO:1.2:PullRequest:870:SL-Micro: ['aarch64', 'ppc64le', 's390x', 'x86_64']
2026-02-25 13:33:58 DEBUG    Checking OBS project SUSE:SLFO:1.2:PullRequest:842
2026-02-25 13:33:58 DEBUG    Relevant archs for SUSE:SLFO:1.2:PullRequest:848:SL-Micro: ['aarch64', 'ppc64le', 's390x', 'x86_64']
2026-02-25 13:33:58 DEBUG    Checking OBS project SUSE:SLFO:1.2:PullRequest:850
2026-02-25 13:33:58 DEBUG    Fetching info for PR git:322 from Gitea
2026-02-25 13:33:58 DEBUG    Relevant archs for SUSE:SLFO:1.2:PullRequest:951:SLES: ['aarch64', 'ppc64le', 's390x', 'x86_64']
2026-02-25 13:33:58 DEBUG    Checking OBS project SUSE:SLFO:1.2:PullRequest:699
2026-02-25 13:33:58 DEBUG    Relevant archs for SUSE:SLFO:1.2:PullRequest:917:SLES: ['aarch64', 'ppc64le', 's390x', 'x86_64']
2026-02-25 13:33:58 DEBUG    Fetching info for PR git:315 from Gitea
2026-02-25 13:33:58 DEBUG    Fetching info for PR git:288 from Gitea
2026-02-25 13:33:58 DEBUG    Checking OBS project SUSE:SLFO:1.2:PullRequest:702:SL-Micro
2026-02-25 13:33:58 DEBUG    Checking OBS project SUSE:SLFO:1.2:PullRequest:689
2026-02-25 13:33:58 DEBUG    Checking OBS project SUSE:SLFO:1.2:PullRequest:913:SLES
2026-02-25 13:33:58 DEBUG    Checking OBS project SUSE:SLFO:1.2:PullRequest:608
2026-02-25 13:33:58 DEBUG    Checking OBS project SUSE:SLFO:1.2:PullRequest:850:SL-Micro
2026-02-25 13:33:58 DEBUG    Checking OBS project SUSE:SLFO:1.2:PullRequest:686
2026-02-25 13:33:58 DEBUG    Checking OBS project SUSE:SLFO:1.2:PullRequest:660
2026-02-25 13:33:58 DEBUG    Checking OBS project SUSE:SLFO:1.2:PullRequest:842:SL-Micro
2026-02-25 13:33:58 DEBUG    Fetching info for PR git:205 from Gitea
2026-02-25 13:33:58 DEBUG    Checking OBS project SUSE:SLFO:1.2:PullRequest:884:SLES
2026-02-25 13:33:58 DEBUG    Checking OBS project SUSE:SLFO:1.2:PullRequest:468
2026-02-25 13:33:58 DEBUG    Checking OBS project SUSE:SLFO:1.2:PullRequest:699:SL-Micro
2026-02-25 13:33:58 DEBUG    Relevant archs for SUSE:SLFO:1.2:PullRequest:702:SL-Micro: ['aarch64', 'ppc64le', 's390x', 'x86_64']
2026-02-25 13:33:58 DEBUG    Relevant archs for SUSE:SLFO:1.2:PullRequest:913:SLES: ['aarch64', 'ppc64le', 's390x', 'x86_64']
2026-02-25 13:33:58 DEBUG    Fetching info for PR git:203 from Gitea
2026-02-25 13:33:58 DEBUG    Checking OBS project SUSE:SLFO:1.2:PullRequest:564
2026-02-25 13:33:58 DEBUG    Checking OBS project SUSE:SLFO:1.2:PullRequest:689:SL-Micro
2026-02-25 13:33:58 DEBUG    Fetching info for PR git:191 from Gitea
2026-02-25 13:33:58 DEBUG    Checking OBS project SUSE:SLFO:1.2:PullRequest:660:SL-Micro
2026-02-25 13:33:58 DEBUG    Checking OBS project SUSE:SLFO:1.2:PullRequest:608:SL-Micro
2026-02-25 13:33:58 DEBUG    Relevant archs for SUSE:SLFO:1.2:PullRequest:850:SL-Micro: ['aarch64', 'ppc64le', 's390x', 'x86_64']
2026-02-25 13:33:58 DEBUG    Relevant archs for SUSE:SLFO:1.2:PullRequest:842:SL-Micro: ['aarch64', 'ppc64le', 's390x', 'x86_64']
2026-02-25 13:33:58 DEBUG    Checking OBS project SUSE:SLFO:1.2:PullRequest:848:SLES
2026-02-25 13:33:58 DEBUG    Relevant archs for SUSE:SLFO:1.2:PullRequest:884:SLES: ['aarch64', 'ppc64le', 's390x', 'x86_64']
2026-02-25 13:33:58 DEBUG    Checking OBS project SUSE:SLFO:1.2:PullRequest:686:SL-Micro
2026-02-25 13:33:58 DEBUG    Relevant archs for SUSE:SLFO:1.2:PullRequest:660:SL-Micro: ['aarch64', 'ppc64le', 's390x', 'x86_64']
2026-02-25 13:33:58 DEBUG    Checking OBS project SUSE:SLFO:1.2:PullRequest:870:SLES
2026-02-25 13:33:58 DEBUG    Relevant archs for SUSE:SLFO:1.2:PullRequest:689:SL-Micro: ['aarch64', 'ppc64le', 's390x', 'x86_64']
2026-02-25 13:33:58 DEBUG    Relevant archs for SUSE:SLFO:1.2:PullRequest:608:SL-Micro: ['aarch64', 'ppc64le', 's390x', 'x86_64']
2026-02-25 13:33:58 DEBUG    Relevant archs for SUSE:SLFO:1.2:PullRequest:699:SL-Micro: ['aarch64', 'ppc64le', 's390x', 'x86_64']
2026-02-25 13:33:58 DEBUG    Relevant archs for SUSE:SLFO:1.2:PullRequest:848:SLES: ['aarch64', 'ppc64le', 's390x', 'x86_64']
2026-02-25 13:33:58 DEBUG    Checking OBS project SUSE:SLFO:1.2:PullRequest:468:SL-Micro
2026-02-25 13:33:58 DEBUG    Relevant archs for SUSE:SLFO:1.2:PullRequest:686:SL-Micro: ['aarch64', 'ppc64le', 's390x', 'x86_64']
2026-02-25 13:33:58 DEBUG    Relevant archs for SUSE:SLFO:1.2:PullRequest:870:SLES: ['aarch64', 'ppc64le', 's390x', 'x86_64']
2026-02-25 13:33:58 DEBUG    Checking OBS project SUSE:SLFO:1.2:PullRequest:564:SL-Micro
2026-02-25 13:33:58 DEBUG    Relevant archs for SUSE:SLFO:1.2:PullRequest:468:SL-Micro: ['aarch64', 'ppc64le', 's390x', 'x86_64']
2026-02-25 13:33:58 DEBUG    Relevant archs for SUSE:SLFO:1.2:PullRequest:564:SL-Micro: ['aarch64', 'ppc64le', 's390x', 'x86_64']
2026-02-25 13:33:58 INFO     PR git:612 skipped: No reviews by qam-openqa
2026-02-25 13:33:58 INFO     PR git:465 skipped: No channels found
2026-02-25 13:33:58 INFO     PR git:341 skipped: No reviews by qam-openqa
2026-02-25 13:33:58 DEBUG    Checking OBS project SUSE:SLFO:1.2:PullRequest:702:SLES
2026-02-25 13:33:58 DEBUG    Checking OBS project SUSE:SLFO:1.2:PullRequest:660:SLES
2026-02-25 13:33:58 DEBUG    Checking OBS project SUSE:SLFO:1.2:PullRequest:850:SLES
2026-02-25 13:33:58 DEBUG    Relevant archs for SUSE:SLFO:1.2:PullRequest:660:SLES: ['aarch64', 'ppc64le', 's390x', 'x86_64']
2026-02-25 13:33:58 DEBUG    Checking OBS project SUSE:SLFO:1.2:PullRequest:842:SLES
2026-02-25 13:33:58 DEBUG    Checking OBS project SUSE:SLFO:1.2:PullRequest:689:SLES
2026-02-25 13:33:58 DEBUG    Checking OBS project SUSE:SLFO:1.2:PullRequest:608:SLES
2026-02-25 13:33:58 DEBUG    Checking OBS project SUSE:SLFO:1.2:PullRequest:699:SLES
2026-02-25 13:33:58 DEBUG    Relevant archs for SUSE:SLFO:1.2:PullRequest:702:SLES: ['aarch64', 'ppc64le', 's390x', 'x86_64']
2026-02-25 13:33:58 INFO     PR git:205 skipped: No reviews by qam-openqa
2026-02-25 13:33:58 DEBUG    Checking OBS project SUSE:SLFO:1.2:PullRequest:468:SLES
2026-02-25 13:33:58 DEBUG    Checking OBS project SUSE:SLFO:1.2:PullRequest:686:SLES
2026-02-25 13:33:58 INFO     PR git:446 skipped: No channels found
2026-02-25 13:33:58 DEBUG    Relevant archs for SUSE:SLFO:1.2:PullRequest:850:SLES: ['aarch64', 'ppc64le', 's390x', 'x86_64']
2026-02-25 13:33:58 INFO     PR git:203 skipped: No reviews by qam-openqa
2026-02-25 13:33:58 INFO     PR git:191 skipped: No reviews by qam-openqa
2026-02-25 13:33:58 INFO     PR git:288 skipped: No reviews by qam-openqa
2026-02-25 13:33:58 DEBUG    Checking OBS project SUSE:SLFO:1.2:PullRequest:564:SLES
2026-02-25 13:33:58 DEBUG    Relevant archs for SUSE:SLFO:1.2:PullRequest:699:SLES: ['aarch64', 'ppc64le', 's390x', 'x86_64']
2026-02-25 13:33:58 DEBUG    Relevant archs for SUSE:SLFO:1.2:PullRequest:686:SLES: ['aarch64', 'ppc64le', 's390x', 'x86_64']
2026-02-25 13:33:58 DEBUG    Relevant archs for SUSE:SLFO:1.2:PullRequest:564:SLES: ['aarch64', 'ppc64le', 's390x', 'x86_64']
2026-02-25 13:33:58 INFO     PR git:445 skipped: No reviews by qam-openqa
2026-02-25 13:33:58 INFO     PR git:315 skipped: No reviews by qam-openqa
2026-02-25 13:33:58 DEBUG    Relevant archs for SUSE:SLFO:1.2:PullRequest:842:SLES: ['aarch64', 'ppc64le', 's390x', 'x86_64']
2026-02-25 13:33:58 DEBUG    Relevant archs for SUSE:SLFO:1.2:PullRequest:608:SLES: ['aarch64', 'ppc64le', 's390x', 'x86_64']
2026-02-25 13:33:58 DEBUG    Relevant archs for SUSE:SLFO:1.2:PullRequest:468:SLES: ['aarch64', 'ppc64le', 's390x', 'x86_64']
2026-02-25 13:33:59 INFO     PR git:322 skipped: No channels found
2026-02-25 13:33:59 DEBUG    Relevant archs for SUSE:SLFO:1.2:PullRequest:689:SLES: ['aarch64', 'ppc64le', 's390x', 'x86_64']
2026-02-25 13:33:59 DEBUG    Data for 149 submissions: [{'approved': False,
  'channels': ['SUSE:SLFO:1.2:PullRequest:2646:SL-Micro:aarch64#6.2',
               'SUSE:SLFO:1.2:PullRequest:2646:SL-Micro:ppc64le#6.2',
               'SUSE:SLFO:1.2:PullRequest:2646:SL-Micro:s390x#6.2',
               'SUSE:SLFO:1.2:PullRequest:2646:SL-Micro:x86_64#6.2',
               'SUSE:SLFO:1.2:PullRequest:2646:SLES:aarch64#16.0',
               'SUSE:SLFO:1.2:PullRequest:2646:SLES:ppc64le#16.0',
               'SUSE:SLFO:1.2:PullRequest:2646:SLES:s390x#16.0',
               'SUSE:SLFO:1.2:PullRequest:2646:SLES:x86_64#16.0'],
  'embargoed': False,
  'emu': False,
  'failed_or_unpublished_packages': [],
  'inReview': True,
  'inReviewQAM': True,
  'isActive': True,
  'number': 2646,
  'packages': ['mozilla-nss'],
  'priority': 0,
  'project': 'SLFO',
  'rr_number': None,
  'scminfo_SL-Micro': 'f9775f02fb2c1a7963b9bdc57bc574cc7bc4fadc6bb9c36f7f613be50026eb48',
  'scminfo_SLES': '246a5e21c21e1b1def354a0a59774018a70dd6faaf429b5cd14f5660db9b4970',
  'successful_packages': ['000productcompose:bci_aarch64',
                          '000productcompose:bci_ppc64le',
                          '000productcompose:bci_s390x',
                          '000productcompose:bci_x86_64',
                          '000productcompose:sle_micro_aarch64',
                          '000productcompose:sle_micro_extras_aarch64',
                          '000productcompose:sle_micro_extras_ppc64le',
                          '000productcompose:sle_micro_extras_s390x',
                          '000productcompose:sle_micro_extras_x86_64',
                          '000productcompose:sle_micro_ppc64le',
                          '000productcompose:sle_micro_s390x',
                          '000productcompose:sle_micro_x86_64',
                          '000productcompose:sles_aarch64',
                          '000productcompose:sles_ha_ppc64le',
                          '000productcompose:sles_ha_s390x',
                          '000productcompose:sles_ha_x86_64',
                          '000productcompose:sles_ppc64le',
                          '000productcompose:sles_s390x',
                          '000productcompose:sles_sap_ppc64le',
                          '000productcompose:sles_sap_x86_64',
                          '000productcompose:sles_x86_64'],
  'type': 'git',
  'url': 'https://src.suse.de/products/SLFO/pulls/2646'},
 {'approved': False,
  'channels': ['SUSE:SLFO:1.2:PullRequest:2642:SL-Micro:aarch64#6.2',
               'SUSE:SLFO:1.2:PullRequest:2642:SL-Micro:ppc64le#6.2',
               'SUSE:SLFO:1.2:PullRequest:2642:SL-Micro:s390x#6.2',
               'SUSE:SLFO:1.2:PullRequest:2642:SL-Micro:x86_64#6.2',
               'SUSE:SLFO:1.2:PullRequest:2642:SLES:aarch64#16.0',
               'SUSE:SLFO:1.2:PullRequest:2642:SLES:ppc64le#16.0',
               'SUSE:SLFO:1.2:PullRequest:2642:SLES:s390x#16.0',
               'SUSE:SLFO:1.2:PullRequest:2642:SLES:x86_64#16.0'],
  'embargoed': False,
  'emu': False,
  'failed_or_unpublished_packages': [],
  'inReview': True,
  'inReviewQAM': True,
  'isActive': True,
  'number': 2642,
  'packages': ['suse-module-tools'],
  'priority': 0,
  'project': 'SLFO',
  'rr_number': None,
  'scminfo_SL-Micro': 'f9775f02fb2c1a7963b9bdc57bc574cc7bc4fadc6bb9c36f7f613be50026eb48',
  'scminfo_SLES': '246a5e21c21e1b1def354a0a59774018a70dd6faaf429b5cd14f5660db9b4970',
  'successful_packages': ['000productcompose:bci_aarch64',
                          '000productcompose:bci_ppc64le',
                          '000productcompose:bci_s390x',
                          '000productcompose:bci_x86_64',
                          '000productcompose:sle_micro_aarch64',
                          '000productcompose:sle_micro_extras_aarch64',
                          '000productcompose:sle_micro_extras_ppc64le',
                          '000productcompose:sle_micro_extras_s390x',
                          '000productcompose:sle_micro_extras_x86_64',
                          '000productcompose:sle_micro_ppc64le',
                          '000productcompose:sle_micro_s390x',
                          '000productcompose:sle_micro_x86_64',
                          '000productcompose:sles_aarch64',
                          '000productcompose:sles_ha_ppc64le',
                          '000productcompose:sles_ha_s390x',
                          '000productcompose:sles_ha_x86_64',
                          '000productcompose:sles_ppc64le',
                          '000productcompose:sles_s390x',
                          '000productcompose:sles_sap_ppc64le',
                          '000productcompose:sles_sap_x86_64',
                          '000productcompose:sles_x86_64'],
  'type': 'git',
  'url': 'https://src.suse.de/products/SLFO/pulls/2642'},
 {'approved': True,
  'channels': ['SUSE:SLFO:1.2:PullRequest:2615:SL-Micro:aarch64#6.2',
               'SUSE:SLFO:1.2:PullRequest:2615:SL-Micro:ppc64le#6.2',
               'SUSE:SLFO:1.2:PullRequest:2615:SL-Micro:s390x#6.2',
               'SUSE:SLFO:1.2:PullRequest:2615:SL-Micro:x86_64#6.2',
               'SUSE:SLFO:1.2:PullRequest:2615:SLES:aarch64#16.0',
               'SUSE:SLFO:1.2:PullRequest:2615:SLES:ppc64le#16.0',
               'SUSE:SLFO:1.2:PullRequest:2615:SLES:s390x#16.0',
               'SUSE:SLFO:1.2:PullRequest:2615:SLES:x86_64#16.0'],
  'embargoed': False,
  'emu': False,
  'failed_or_unpublished_packages': [],
  'inReview': True,
  'inReviewQAM': False,
  'isActive': True,
  'number': 2615,
  'packages': ['libssh', 'libssh:test'],
  'priority': 0,
  'project': 'SLFO',
  'rr_number': None,
  'scminfo_SL-Micro': 'f9775f02fb2c1a7963b9bdc57bc574cc7bc4fadc6bb9c36f7f613be50026eb48',
  'scminfo_SLES': '246a5e21c21e1b1def354a0a59774018a70dd6faaf429b5cd14f5660db9b4970',
  'successful_packages': ['000productcompose:bci_aarch64',
                          '000productcompose:bci_ppc64le',
                          '000productcompose:bci_s390x',
                          '000productcompose:bci_x86_64',
                          '000productcompose:sle_micro_aarch64',
                          '000productcompose:sle_micro_extras_aarch64',
                          '000productcompose:sle_micro_extras_ppc64le',
                          '000productcompose:sle_micro_extras_s390x',
                          '000productcompose:sle_micro_extras_x86_64',
                          '000productcompose:sle_micro_ppc64le',
                          '000productcompose:sle_micro_s390x',
                          '000productcompose:sle_micro_x86_64',
                          '000productcompose:sles_aarch64',
                          '000productcompose:sles_ha_ppc64le',
                          '000productcompose:sles_ha_s390x',
                          '000productcompose:sles_ha_x86_64',
                          '000productcompose:sles_ppc64le',
                          '000productcompose:sles_s390x',
                          '000productcompose:sles_sap_ppc64le',
                          '000productcompose:sles_sap_x86_64',
                          '000productcompose:sles_x86_64'],
  'type': 'git',
  'url': 'https://src.suse.de/products/SLFO/pulls/2615'},
 {'approved': False,
  'channels': ['SUSE:SLFO:1.2:PullRequest:2625:SL-Micro:aarch64#6.2',
               'SUSE:SLFO:1.2:PullRequest:2625:SL-Micro:ppc64le#6.2',
               'SUSE:SLFO:1.2:PullRequest:2625:SL-Micro:s390x#6.2',
               'SUSE:SLFO:1.2:PullRequest:2625:SL-Micro:x86_64#6.2',
               'SUSE:SLFO:1.2:PullRequest:2625:SLES:aarch64#16.0',
               'SUSE:SLFO:1.2:PullRequest:2625:SLES:ppc64le#16.0',
               'SUSE:SLFO:1.2:PullRequest:2625:SLES:s390x#16.0',
               'SUSE:SLFO:1.2:PullRequest:2625:SLES:x86_64#16.0'],
  'embargoed': False,
  'emu': False,
  'failed_or_unpublished_packages': [],
  'inReview': True,
  'inReviewQAM': True,
  'isActive': True,
  'number': 2625,
  'packages': ['valkey'],
  'priority': 0,
  'project': 'SLFO',
  'rr_number': None,
  'scminfo_SL-Micro': 'f9775f02fb2c1a7963b9bdc57bc574cc7bc4fadc6bb9c36f7f613be50026eb48',
  'scminfo_SLES': '246a5e21c21e1b1def354a0a59774018a70dd6faaf429b5cd14f5660db9b4970',
  'successful_packages': ['000productcompose:bci_aarch64',
                          '000productcompose:bci_ppc64le',
                          '000productcompose:bci_s390x',
                          '000productcompose:bci_x86_64',
                          '000productcompose:sle_micro_aarch64',
                          '000productcompose:sle_micro_extras_aarch64',
                          '000productcompose:sle_micro_extras_ppc64le',
                          '000productcompose:sle_micro_extras_s390x',
                          '000productcompose:sle_micro_extras_x86_64',
                          '000productcompose:sle_micro_ppc64le',
                          '000productcompose:sle_micro_s390x',
                          '000productcompose:sle_micro_x86_64',
                          '000productcompose:sles_aarch64',
                          '000productcompose:sles_ha_ppc64le',
                          '000productcompose:sles_ha_s390x',
                          '000productcompose:sles_ha_x86_64',
                          '000productcompose:sles_ppc64le',
                          '000productcompose:sles_s390x',
                          '000productcompose:sles_sap_ppc64le',
                          '000productcompose:sles_sap_x86_64',
                          '000productcompose:sles_x86_64'],
  'type': 'git',
  'url': 'https://src.suse.de/products/SLFO/pulls/2625'},
 {'approved': False,
  'channels': ['SUSE:SLFO:1.2:PullRequest:2643:SL-Micro:aarch64#6.2',
               'SUSE:SLFO:1.2:PullRequest:2643:SL-Micro:ppc64le#6.2',
               'SUSE:SLFO:1.2:PullRequest:2643:SL-Micro:s390x#6.2',
               'SUSE:SLFO:1.2:PullRequest:2643:SL-Micro:x86_64#6.2',
               'SUSE:SLFO:1.2:PullRequest:2643:SLES:aarch64#16.0',
               'SUSE:SLFO:1.2:PullRequest:2643:SLES:ppc64le#16.0',
               'SUSE:SLFO:1.2:PullRequest:2643:SLES:s390x#16.0',
               'SUSE:SLFO:1.2:PullRequest:2643:SLES:x86_64#16.0'],
  'embargoed': False,
  'emu': False,
  'failed_or_unpublished_packages': [],
  'inReview': True,
  'inReviewQAM': True,
  'isActive': True,
  'number': 2643,
  'packages': ['suse-migration-services'],
  'priority': 0,
  'project': 'SLFO',
  'rr_number': None,
  'scminfo_SL-Micro': 'f9775f02fb2c1a7963b9bdc57bc574cc7bc4fadc6bb9c36f7f613be50026eb48',
  'scminfo_SLES': '246a5e21c21e1b1def354a0a59774018a70dd6faaf429b5cd14f5660db9b4970',
  'successful_packages': ['000productcompose:bci_aarch64',
                          '000productcompose:bci_ppc64le',
                          '000productcompose:bci_s390x',
                          '000productcompose:bci_x86_64',
                          '000productcompose:sle_micro_aarch64',
                          '000productcompose:sle_micro_extras_aarch64',
                          '000productcompose:sle_micro_extras_ppc64le',
                          '000productcompose:sle_micro_extras_s390x',
                          '000productcompose:sle_micro_extras_x86_64',
                          '000productcompose:sle_micro_ppc64le',
                          '000productcompose:sle_micro_s390x',
                          '000productcompose:sle_micro_x86_64',
                          '000productcompose:sles_aarch64',
                          '000productcompose:sles_ha_ppc64le',
                          '000productcompose:sles_ha_s390x',
                          '000productcompose:sles_ha_x86_64',
                          '000productcompose:sles_ppc64le',
                          '000productcompose:sles_s390x',
                          '000productcompose:sles_sap_ppc64le',
                          '000productcompose:sles_sap_x86_64',
                          '000productcompose:sles_x86_64'],
  'type': 'git',
  'url': 'https://src.suse.de/products/SLFO/pulls/2643'},
 {'approved': False,
  'channels': ['SUSE:SLFO:1.2:PullRequest:2635:SL-Micro:aarch64#6.2',
               'SUSE:SLFO:1.2:PullRequest:2635:SL-Micro:ppc64le#6.2',
               'SUSE:SLFO:1.2:PullRequest:2635:SL-Micro:s390x#6.2',
               'SUSE:SLFO:1.2:PullRequest:2635:SL-Micro:x86_64#6.2',
               'SUSE:SLFO:1.2:PullRequest:2635:SLES:aarch64#16.0',
               'SUSE:SLFO:1.2:PullRequest:2635:SLES:ppc64le#16.0',
               'SUSE:SLFO:1.2:PullRequest:2635:SLES:s390x#16.0',
               'SUSE:SLFO:1.2:PullRequest:2635:SLES:x86_64#16.0'],
  'embargoed': False,
  'emu': False,
  'failed_or_unpublished_packages': [],
  'inReview': True,
  'inReviewQAM': True,
  'isActive': True,
  'number': 2635,
  'packages': ['kernel-livepatch-SLE16_Update_0'],
  'priority': 0,
  'project': 'SLFO',
  'rr_number': None,
  'scminfo_SL-Micro': 'f9775f02fb2c1a7963b9bdc57bc574cc7bc4fadc6bb9c36f7f613be50026eb48',
  'scminfo_SLES': '246a5e21c21e1b1def354a0a59774018a70dd6faaf429b5cd14f5660db9b4970',
  'successful_packages': ['000productcompose:bci_aarch64',
                          '000productcompose:bci_ppc64le',
                          '000productcompose:bci_s390x',
                          '000productcompose:bci_x86_64',
                          '000productcompose:sle_micro_aarch64',
                          '000productcompose:sle_micro_extras_aarch64',
                          '000productcompose:sle_micro_extras_ppc64le',
                          '000productcompose:sle_micro_extras_s390x',
                          '000productcompose:sle_micro_extras_x86_64',
                          '000productcompose:sle_micro_ppc64le',
                          '000productcompose:sle_micro_s390x',
                          '000productcompose:sle_micro_x86_64',
                          '000productcompose:sles_aarch64',
                          '000productcompose:sles_ha_ppc64le',
                          '000productcompose:sles_ha_s390x',
                          '000productcompose:sles_ha_x86_64',
                          '000productcompose:sles_ppc64le',
                          '000productcompose:sles_s390x',
                          '000productcompose:sles_sap_ppc64le',
                          '000productcompose:sles_sap_x86_64',
                          '000productcompose:sles_x86_64'],
  'type': 'git',
  'url': 'https://src.suse.de/products/SLFO/pulls/2635'},
 {'approved': False,
  'channels': ['SUSE:SLFO:1.2:PullRequest:2626:SL-Micro:aarch64#6.2',
               'SUSE:SLFO:1.2:PullRequest:2626:SL-Micro:ppc64le#6.2',
               'SUSE:SLFO:1.2:PullRequest:2626:SL-Micro:s390x#6.2',
               'SUSE:SLFO:1.2:PullRequest:2626:SL-Micro:x86_64#6.2',
               'SUSE:SLFO:1.2:PullRequest:2626:SLES:aarch64#16.0',
               'SUSE:SLFO:1.2:PullRequest:2626:SLES:ppc64le#16.0',
               'SUSE:SLFO:1.2:PullRequest:2626:SLES:s390x#16.0',
               'SUSE:SLFO:1.2:PullRequest:2626:SLES:x86_64#16.0'],
  'embargoed': False,
  'emu': False,
  'failed_or_unpublished_packages': [],
  'inReview': True,
  'inReviewQAM': True,
  'isActive': True,
  'number': 2626,
  'packages': ['localsearch'],
  'priority': 0,
  'project': 'SLFO',
  'rr_number': None,
  'scminfo_SL-Micro': 'f9775f02fb2c1a7963b9bdc57bc574cc7bc4fadc6bb9c36f7f613be50026eb48',
  'scminfo_SLES': '246a5e21c21e1b1def354a0a59774018a70dd6faaf429b5cd14f5660db9b4970',
  'successful_packages': ['000productcompose:bci_aarch64',
                          '000productcompose:bci_ppc64le',
                          '000productcompose:bci_s390x',
                          '000productcompose:bci_x86_64',
                          '000productcompose:sle_micro_aarch64',
                          '000productcompose:sle_micro_extras_aarch64',
                          '000productcompose:sle_micro_extras_ppc64le',
                          '000productcompose:sle_micro_extras_s390x',
                          '000productcompose:sle_micro_extras_x86_64',
                          '000productcompose:sle_micro_ppc64le',
                          '000productcompose:sle_micro_s390x',
                          '000productcompose:sle_micro_x86_64',
                          '000productcompose:sles_aarch64',
                          '000productcompose:sles_ha_ppc64le',
                          '000productcompose:sles_ha_s390x',
                          '000productcompose:sles_ha_x86_64',
                          '000productcompose:sles_ppc64le',
                          '000productcompose:sles_s390x',
                          '000productcompose:sles_sap_ppc64le',
                          '000productcompose:sles_sap_x86_64',
                          '000productcompose:sles_x86_64'],
  'type': 'git',
  'url': 'https://src.suse.de/products/SLFO/pulls/2626'},
 {'approved': False,
  'channels': ['SUSE:SLFO:1.2:PullRequest:2629:SL-Micro:aarch64#6.2',
               'SUSE:SLFO:1.2:PullRequest:2629:SL-Micro:ppc64le#6.2',
               'SUSE:SLFO:1.2:PullRequest:2629:SL-Micro:s390x#6.2',
               'SUSE:SLFO:1.2:PullRequest:2629:SL-Micro:x86_64#6.2',
               'SUSE:SLFO:1.2:PullRequest:2629:SLES:aarch64#16.0',
               'SUSE:SLFO:1.2:PullRequest:2629:SLES:ppc64le#16.0',
               'SUSE:SLFO:1.2:PullRequest:2629:SLES:s390x#16.0',
               'SUSE:SLFO:1.2:PullRequest:2629:SLES:x86_64#16.0'],
  'embargoed': False,
  'emu': False,
  'failed_or_unpublished_packages': [],
  'inReview': True,
  'inReviewQAM': True,
  'isActive': True,
  'number': 2629,
  'packages': ['keylime'],
  'priority': 0,
  'project': 'SLFO',
  'rr_number': None,
  'scminfo_SL-Micro': 'f9775f02fb2c1a7963b9bdc57bc574cc7bc4fadc6bb9c36f7f613be50026eb48',
  'scminfo_SLES': '246a5e21c21e1b1def354a0a59774018a70dd6faaf429b5cd14f5660db9b4970',
  'successful_packages': ['000productcompose:bci_aarch64',
                          '000productcompose:bci_ppc64le',
                          '000productcompose:bci_s390x',
                          '000productcompose:bci_x86_64',
                          '000productcompose:sle_micro_aarch64',
                          '000productcompose:sle_micro_extras_aarch64',
                          '000productcompose:sle_micro_extras_ppc64le',
                          '000productcompose:sle_micro_extras_s390x',
                          '000productcompose:sle_micro_extras_x86_64',
                          '000productcompose:sle_micro_ppc64le',
                          '000productcompose:sle_micro_s390x',
                          '000productcompose:sle_micro_x86_64',
                          '000productcompose:sles_aarch64',
                          '000productcompose:sles_ha_ppc64le',
                          '000productcompose:sles_ha_s390x',
                          '000productcompose:sles_ha_x86_64',
                          '000productcompose:sles_ppc64le',
                          '000productcompose:sles_s390x',
                          '000productcompose:sles_sap_ppc64le',
                          '000productcompose:sles_sap_x86_64',
                          '000productcompose:sles_x86_64'],
  'type': 'git',
  'url': 'https://src.suse.de/products/SLFO/pulls/2629'},
 {'approved': False,
  'channels': ['SUSE:SLFO:1.2:PullRequest:2634:SL-Micro:aarch64#6.2',
               'SUSE:SLFO:1.2:PullRequest:2634:SL-Micro:ppc64le#6.2',
               'SUSE:SLFO:1.2:PullRequest:2634:SL-Micro:s390x#6.2',
               'SUSE:SLFO:1.2:PullRequest:2634:SL-Micro:x86_64#6.2',
               'SUSE:SLFO:1.2:PullRequest:2634:SLES:aarch64#16.0',
               'SUSE:SLFO:1.2:PullRequest:2634:SLES:ppc64le#16.0',
               'SUSE:SLFO:1.2:PullRequest:2634:SLES:s390x#16.0',
               'SUSE:SLFO:1.2:PullRequest:2634:SLES:x86_64#16.0'],
  'embargoed': False,
  'emu': False,
  'failed_or_unpublished_packages': [],
  'inReview': True,
  'inReviewQAM': True,
  'isActive': True,
  'number': 2634,
  'packages': ['kernel-livepatch-SLE16-RT_Update_1'],
  'priority': 0,
  'project': 'SLFO',
  'rr_number': None,
  'scminfo_SL-Micro': 'f9775f02fb2c1a7963b9bdc57bc574cc7bc4fadc6bb9c36f7f613be50026eb48',
  'scminfo_SLES': '246a5e21c21e1b1def354a0a59774018a70dd6faaf429b5cd14f5660db9b4970',
  'successful_packages': ['000productcompose:bci_aarch64',
                          '000productcompose:bci_ppc64le',
                          '000productcompose:bci_s390x',
                          '000productcompose:bci_x86_64',
                          '000productcompose:sle_micro_aarch64',
                          '000productcompose:sle_micro_extras_aarch64',
                          '000productcompose:sle_micro_extras_ppc64le',
                          '000productcompose:sle_micro_extras_s390x',
                          '000productcompose:sle_micro_extras_x86_64',
                          '000productcompose:sle_micro_ppc64le',
                          '000productcompose:sle_micro_s390x',
                          '000productcompose:sle_micro_x86_64',
                          '000productcompose:sles_aarch64',
                          '000productcompose:sles_ha_ppc64le',
                          '000productcompose:sles_ha_s390x',
                          '000productcompose:sles_ha_x86_64',
                          '000productcompose:sles_ppc64le',
                          '000productcompose:sles_s390x',
                          '000productcompose:sles_sap_ppc64le',
                          '000productcompose:sles_sap_x86_64',
                          '000productcompose:sles_x86_64'],
  'type': 'git',
  'url': 'https://src.suse.de/products/SLFO/pulls/2634'},
 {'approved': False,
  'channels': ['SUSE:SLFO:1.2:PullRequest:2638:SL-Micro:aarch64#6.2',
               'SUSE:SLFO:1.2:PullRequest:2638:SL-Micro:ppc64le#6.2',
               'SUSE:SLFO:1.2:PullRequest:2638:SL-Micro:s390x#6.2',
               'SUSE:SLFO:1.2:PullRequest:2638:SL-Micro:x86_64#6.2',
               'SUSE:SLFO:1.2:PullRequest:2638:SLES:aarch64#16.0',
               'SUSE:SLFO:1.2:PullRequest:2638:SLES:ppc64le#16.0',
               'SUSE:SLFO:1.2:PullRequest:2638:SLES:s390x#16.0',
               'SUSE:SLFO:1.2:PullRequest:2638:SLES:x86_64#16.0'],
  'embargoed': False,
  'emu': False,
  'failed_or_unpublished_packages': [],
  'inReview': True,
  'inReviewQAM': True,
  'isActive': True,
  'number': 2638,
  'packages': ['haproxy'],
  'priority': 0,
  'project': 'SLFO',
  'rr_number': None,
  'scminfo_SL-Micro': 'f9775f02fb2c1a7963b9bdc57bc574cc7bc4fadc6bb9c36f7f613be50026eb48',
  'scminfo_SLES': '246a5e21c21e1b1def354a0a59774018a70dd6faaf429b5cd14f5660db9b4970',
  'successful_packages': ['000productcompose:bci_aarch64',
                          '000productcompose:bci_ppc64le',
                          '000productcompose:bci_s390x',
                          '000productcompose:bci_x86_64',
                          '000productcompose:sle_micro_aarch64',
                          '000productcompose:sle_micro_extras_aarch64',
                          '000productcompose:sle_micro_extras_ppc64le',
                          '000productcompose:sle_micro_extras_s390x',
                          '000productcompose:sle_micro_extras_x86_64',
                          '000productcompose:sle_micro_ppc64le',
                          '000productcompose:sle_micro_s390x',
                          '000productcompose:sle_micro_x86_64',
                          '000productcompose:sles_aarch64',
                          '000productcompose:sles_ha_ppc64le',
                          '000productcompose:sles_ha_s390x',
                          '000productcompose:sles_ha_x86_64',
                          '000productcompose:sles_ppc64le',
                          '000productcompose:sles_s390x',
                          '000productcompose:sles_sap_ppc64le',
                          '000productcompose:sles_sap_x86_64',
                          '000productcompose:sles_x86_64'],
  'type': 'git',
  'url': 'https://src.suse.de/products/SLFO/pulls/2638'},
 {'approved': False,
  'channels': ['SUSE:SLFO:1.2:PullRequest:2637:SL-Micro:aarch64#6.2',
               'SUSE:SLFO:1.2:PullRequest:2637:SL-Micro:ppc64le#6.2',
               'SUSE:SLFO:1.2:PullRequest:2637:SL-Micro:s390x#6.2',
               'SUSE:SLFO:1.2:PullRequest:2637:SL-Micro:x86_64#6.2',
               'SUSE:SLFO:1.2:PullRequest:2637:SLES:aarch64#16.0',
               'SUSE:SLFO:1.2:PullRequest:2637:SLES:ppc64le#16.0',
               'SUSE:SLFO:1.2:PullRequest:2637:SLES:s390x#16.0',
               'SUSE:SLFO:1.2:PullRequest:2637:SLES:x86_64#16.0'],
  'embargoed': False,
  'emu': False,
  'failed_or_unpublished_packages': [],
  'inReview': True,
  'inReviewQAM': True,
  'isActive': True,
  'number': 2637,
  'packages': ['libpng16'],
  'priority': 0,
  'project': 'SLFO',
  'rr_number': None,
  'scminfo_SL-Micro': 'f9775f02fb2c1a7963b9bdc57bc574cc7bc4fadc6bb9c36f7f613be50026eb48',
  'scminfo_SLES': '246a5e21c21e1b1def354a0a59774018a70dd6faaf429b5cd14f5660db9b4970',
  'successful_packages': ['000productcompose:bci_aarch64',
                          '000productcompose:bci_ppc64le',
                          '000productcompose:bci_s390x',
                          '000productcompose:bci_x86_64',
                          '000productcompose:sle_micro_aarch64',
                          '000productcompose:sle_micro_extras_aarch64',
                          '000productcompose:sle_micro_extras_ppc64le',
                          '000productcompose:sle_micro_extras_s390x',
                          '000productcompose:sle_micro_extras_x86_64',
                          '000productcompose:sle_micro_ppc64le',
                          '000productcompose:sle_micro_s390x',
                          '000productcompose:sle_micro_x86_64',
                          '000productcompose:sles_aarch64',
                          '000productcompose:sles_ha_ppc64le',
                          '000productcompose:sles_ha_s390x',
                          '000productcompose:sles_ha_x86_64',
                          '000productcompose:sles_ppc64le',
                          '000productcompose:sles_s390x',
                          '000productcompose:sles_sap_ppc64le',
                          '000productcompose:sles_sap_x86_64',
                          '000productcompose:sles_x86_64'],
  'type': 'git',
  'url': 'https://src.suse.de/products/SLFO/pulls/2637'},
 {'approved': False,
  'channels': ['SUSE:SLFO:1.2:PullRequest:2630:SL-Micro:aarch64#6.2',
               'SUSE:SLFO:1.2:PullRequest:2630:SL-Micro:ppc64le#6.2',
               'SUSE:SLFO:1.2:PullRequest:2630:SL-Micro:s390x#6.2',
               'SUSE:SLFO:1.2:PullRequest:2630:SL-Micro:x86_64#6.2',
               'SUSE:SLFO:1.2:PullRequest:2630:SLES:aarch64#16.0',
               'SUSE:SLFO:1.2:PullRequest:2630:SLES:ppc64le#16.0',
               'SUSE:SLFO:1.2:PullRequest:2630:SLES:s390x#16.0',
               'SUSE:SLFO:1.2:PullRequest:2630:SLES:x86_64#16.0'],
  'embargoed': False,
  'emu': False,
  'failed_or_unpublished_packages': [],
  'inReview': True,
  'inReviewQAM': True,
  'isActive': True,
  'number': 2630,
  'packages': ['gnutls'],
  'priority': 0,
  'project': 'SLFO',
  'rr_number': None,
  'scminfo_SL-Micro': 'f9775f02fb2c1a7963b9bdc57bc574cc7bc4fadc6bb9c36f7f613be50026eb48',
  'scminfo_SLES': '246a5e21c21e1b1def354a0a59774018a70dd6faaf429b5cd14f5660db9b4970',
  'successful_packages': ['000productcompose:bci_aarch64',
                          '000productcompose:bci_ppc64le',
                          '000productcompose:bci_s390x',
                          '000productcompose:bci_x86_64',
                          '000productcompose:sle_micro_aarch64',
                          '000productcompose:sle_micro_extras_aarch64',
                          '000productcompose:sle_micro_extras_ppc64le',
                          '000productcompose:sle_micro_extras_s390x',
                          '000productcompose:sle_micro_extras_x86_64',
                          '000productcompose:sle_micro_ppc64le',
                          '000productcompose:sle_micro_s390x',
                          '000productcompose:sle_micro_x86_64',
                          '000productcompose:sles_aarch64',
                          '000productcompose:sles_ha_ppc64le',
                          '000productcompose:sles_ha_s390x',
                          '000productcompose:sles_ha_x86_64',
                          '000productcompose:sles_ppc64le',
                          '000productcompose:sles_s390x',
                          '000productcompose:sles_sap_ppc64le',
                          '000productcompose:sles_sap_x86_64',
                          '000productcompose:sles_x86_64'],
  'type': 'git',
  'url': 'https://src.suse.de/products/SLFO/pulls/2630'},
 {'approved': False,
  'channels': ['SUSE:SLFO:1.2:PullRequest:2639:SL-Micro:aarch64#6.2',
               'SUSE:SLFO:1.2:PullRequest:2639:SL-Micro:ppc64le#6.2',
               'SUSE:SLFO:1.2:PullRequest:2639:SL-Micro:s390x#6.2',
               'SUSE:SLFO:1.2:PullRequest:2639:SL-Micro:x86_64#6.2',
               'SUSE:SLFO:1.2:PullRequest:2639:SLES:aarch64#16.0',
               'SUSE:SLFO:1.2:PullRequest:2639:SLES:ppc64le#16.0',
               'SUSE:SLFO:1.2:PullRequest:2639:SLES:s390x#16.0',
               'SUSE:SLFO:1.2:PullRequest:2639:SLES:x86_64#16.0'],
  'embargoed': False,
  'emu': False,
  'failed_or_unpublished_packages': [],
  'inReview': True,
  'inReviewQAM': True,
  'isActive': True,
  'number': 2639,
  'packages': ['zlib'],
  'priority': 0,
  'project': 'SLFO',
  'rr_number': None,
  'scminfo_SL-Micro': 'f9775f02fb2c1a7963b9bdc57bc574cc7bc4fadc6bb9c36f7f613be50026eb48',
  'scminfo_SLES': '246a5e21c21e1b1def354a0a59774018a70dd6faaf429b5cd14f5660db9b4970',
  'successful_packages': ['000productcompose:bci_aarch64',
                          '000productcompose:bci_ppc64le',
                          '000productcompose:bci_s390x',
                          '000productcompose:bci_x86_64',
                          '000productcompose:sle_micro_aarch64',
                          '000productcompose:sle_micro_extras_aarch64',
                          '000productcompose:sle_micro_extras_ppc64le',
                          '000productcompose:sle_micro_extras_s390x',
                          '000productcompose:sle_micro_extras_x86_64',
                          '000productcompose:sle_micro_ppc64le',
                          '000productcompose:sle_micro_s390x',
                          '000productcompose:sle_micro_x86_64',
                          '000productcompose:sles_aarch64',
                          '000productcompose:sles_ha_ppc64le',
                          '000productcompose:sles_ha_s390x',
                          '000productcompose:sles_ha_x86_64',
                          '000productcompose:sles_ppc64le',
                          '000productcompose:sles_s390x',
                          '000productcompose:sles_sap_ppc64le',
                          '000productcompose:sles_sap_x86_64',
                          '000productcompose:sles_x86_64'],
  'type': 'git',
  'url': 'https://src.suse.de/products/SLFO/pulls/2639'},
 {'approved': False,
  'channels': ['SUSE:SLFO:1.2:PullRequest:2628:SL-Micro:aarch64#6.2',
               'SUSE:SLFO:1.2:PullRequest:2628:SL-Micro:ppc64le#6.2',
               'SUSE:SLFO:1.2:PullRequest:2628:SL-Micro:s390x#6.2',
               'SUSE:SLFO:1.2:PullRequest:2628:SL-Micro:x86_64#6.2',
               'SUSE:SLFO:1.2:PullRequest:2628:SLES:aarch64#16.0',
               'SUSE:SLFO:1.2:PullRequest:2628:SLES:ppc64le#16.0',
               'SUSE:SLFO:1.2:PullRequest:2628:SLES:s390x#16.0',
               'SUSE:SLFO:1.2:PullRequest:2628:SLES:x86_64#16.0'],
  'embargoed': False,
  'emu': False,
  'failed_or_unpublished_packages': [],
  'inReview': True,
  'inReviewQAM': True,
  'isActive': True,
  'number': 2628,
  'packages': ['rust-keylime'],
  'priority': 0,
  'project': 'SLFO',
  'rr_number': None,
  'scminfo_SL-Micro': 'f9775f02fb2c1a7963b9bdc57bc574cc7bc4fadc6bb9c36f7f613be50026eb48',
  'scminfo_SLES': '246a5e21c21e1b1def354a0a59774018a70dd6faaf429b5cd14f5660db9b4970',
  'successful_packages': ['000productcompose:bci_aarch64',
                          '000productcompose:bci_ppc64le',
                          '000productcompose:bci_s390x',
                          '000productcompose:bci_x86_64',
                          '000productcompose:sle_micro_aarch64',
                          '000productcompose:sle_micro_extras_aarch64',
                          '000productcompose:sle_micro_extras_ppc64le',
                          '000productcompose:sle_micro_extras_s390x',
                          '000productcompose:sle_micro_extras_x86_64',
                          '000productcompose:sle_micro_ppc64le',
                          '000productcompose:sle_micro_s390x',
                          '000productcompose:sle_micro_x86_64',
                          '000productcompose:sles_aarch64',
                          '000productcompose:sles_ha_ppc64le',
                          '000productcompose:sles_ha_s390x',
                          '000productcompose:sles_ha_x86_64',
                          '000productcompose:sles_ppc64le',
                          '000productcompose:sles_s390x',
                          '000productcompose:sles_sap_ppc64le',
                          '000productcompose:sles_sap_x86_64',
                          '000productcompose:sles_x86_64'],
  'type': 'git',
  'url': 'https://src.suse.de/products/SLFO/pulls/2628'},
 {'approved': False,
  'channels': ['SUSE:SLFO:1.2:PullRequest:2640:SL-Micro:aarch64#6.2',
               'SUSE:SLFO:1.2:PullRequest:2640:SL-Micro:ppc64le#6.2',
               'SUSE:SLFO:1.2:PullRequest:2640:SL-Micro:s390x#6.2',
               'SUSE:SLFO:1.2:PullRequest:2640:SL-Micro:x86_64#6.2',
               'SUSE:SLFO:1.2:PullRequest:2640:SLES:aarch64#16.0',
               'SUSE:SLFO:1.2:PullRequest:2640:SLES:ppc64le#16.0',
               'SUSE:SLFO:1.2:PullRequest:2640:SLES:s390x#16.0',
               'SUSE:SLFO:1.2:PullRequest:2640:SLES:x86_64#16.0'],
  'embargoed': False,
  'emu': False,
  'failed_or_unpublished_packages': [],
  'inReview': True,
  'inReviewQAM': True,
  'isActive': True,
  'number': 2640,
  'packages': ['ImageMagick',
               'ImageMagick:config_open',
               'ImageMagick:config_limited',
               'ImageMagick:config_secure',
               'ImageMagick:config_websafe'],
  'priority': 0,
  'project': 'SLFO',
  'rr_number': None,
  'scminfo_SL-Micro': 'f9775f02fb2c1a7963b9bdc57bc574cc7bc4fadc6bb9c36f7f613be50026eb48',
  'scminfo_SLES': '246a5e21c21e1b1def354a0a59774018a70dd6faaf429b5cd14f5660db9b4970',
  'successful_packages': ['000productcompose:bci_aarch64',
                          '000productcompose:bci_ppc64le',
                          '000productcompose:bci_s390x',
                          '000productcompose:bci_x86_64',
                          '000productcompose:sle_micro_aarch64',
                          '000productcompose:sle_micro_extras_aarch64',
                          '000productcompose:sle_micro_extras_ppc64le',
                          '000productcompose:sle_micro_extras_s390x',
                          '000productcompose:sle_micro_extras_x86_64',
                          '000productcompose:sle_micro_ppc64le',
                          '000productcompose:sle_micro_s390x',
                          '000productcompose:sle_micro_x86_64',
                          '000productcompose:sles_aarch64',
                          '000productcompose:sles_ha_ppc64le',
                          '000productcompose:sles_ha_s390x',
                          '000productcompose:sles_ha_x86_64',
                          '000productcompose:sles_ppc64le',
                          '000productcompose:sles_s390x',
                          '000productcompose:sles_sap_ppc64le',
                          '000productcompose:sles_sap_x86_64',
                          '000productcompose:sles_x86_64'],
  'type': 'git',
  'url': 'https://src.suse.de/products/SLFO/pulls/2640'},
 {'approved': False,
  'channels': ['SUSE:SLFO:1.2:PullRequest:2627:SL-Micro:aarch64#6.2',
               'SUSE:SLFO:1.2:PullRequest:2627:SL-Micro:ppc64le#6.2',
               'SUSE:SLFO:1.2:PullRequest:2627:SL-Micro:s390x#6.2',
               'SUSE:SLFO:1.2:PullRequest:2627:SL-Micro:x86_64#6.2',
               'SUSE:SLFO:1.2:PullRequest:2627:SLES:aarch64#16.0',
               'SUSE:SLFO:1.2:PullRequest:2627:SLES:ppc64le#16.0',
               'SUSE:SLFO:1.2:PullRequest:2627:SLES:s390x#16.0',
               'SUSE:SLFO:1.2:PullRequest:2627:SLES:x86_64#16.0'],
  'embargoed': False,
  'emu': False,
  'failed_or_unpublished_packages': [],
  'inReview': True,
  'inReviewQAM': True,
  'isActive': True,
  'number': 2627,
  'packages': ['python-azure-core'],
  'priority': 0,
  'project': 'SLFO',
  'rr_number': None,
  'scminfo_SL-Micro': 'f9775f02fb2c1a7963b9bdc57bc574cc7bc4fadc6bb9c36f7f613be50026eb48',
  'scminfo_SLES': '246a5e21c21e1b1def354a0a59774018a70dd6faaf429b5cd14f5660db9b4970',
  'successful_packages': ['000productcompose:bci_aarch64',
                          '000productcompose:bci_ppc64le',
                          '000productcompose:bci_s390x',
                          '000productcompose:bci_x86_64',
                          '000productcompose:sle_micro_aarch64',
                          '000productcompose:sle_micro_extras_aarch64',
                          '000productcompose:sle_micro_extras_ppc64le',
                          '000productcompose:sle_micro_extras_s390x',
                          '000productcompose:sle_micro_extras_x86_64',
                          '000productcompose:sle_micro_ppc64le',
                          '000productcompose:sle_micro_s390x',
                          '000productcompose:sle_micro_x86_64',
                          '000productcompose:sles_aarch64',
                          '000productcompose:sles_ha_ppc64le',
                          '000productcompose:sles_ha_s390x',
                          '000productcompose:sles_ha_x86_64',
                          '000productcompose:sles_ppc64le',
                          '000productcompose:sles_s390x',
                          '000productcompose:sles_sap_ppc64le',
                          '000productcompose:sles_sap_x86_64',
                          '000productcompose:sles_x86_64'],
  'type': 'git',
  'url': 'https://src.suse.de/products/SLFO/pulls/2627'},
 {'approved': False,
  'channels': ['SUSE:SLFO:1.2:PullRequest:2633:SL-Micro:aarch64#6.2',
               'SUSE:SLFO:1.2:PullRequest:2633:SL-Micro:ppc64le#6.2',
               'SUSE:SLFO:1.2:PullRequest:2633:SL-Micro:s390x#6.2',
               'SUSE:SLFO:1.2:PullRequest:2633:SL-Micro:x86_64#6.2',
               'SUSE:SLFO:1.2:PullRequest:2633:SLES:aarch64#16.0',
               'SUSE:SLFO:1.2:PullRequest:2633:SLES:ppc64le#16.0',
               'SUSE:SLFO:1.2:PullRequest:2633:SLES:s390x#16.0',
               'SUSE:SLFO:1.2:PullRequest:2633:SLES:x86_64#16.0'],
  'embargoed': False,
  'emu': False,
  'failed_or_unpublished_packages': [],
  'inReview': True,
  'inReviewQAM': True,
  'isActive': True,
  'number': 2633,
  'packages': ['kernel-livepatch-SLE16-RT_Update_0'],
  'priority': 0,
  'project': 'SLFO',
  'rr_number': None,
  'scminfo_SL-Micro': 'f9775f02fb2c1a7963b9bdc57bc574cc7bc4fadc6bb9c36f7f613be50026eb48',
  'scminfo_SLES': '246a5e21c21e1b1def354a0a59774018a70dd6faaf429b5cd14f5660db9b4970',
  'successful_packages': ['000productcompose:bci_aarch64',
                          '000productcompose:bci_ppc64le',
                          '000productcompose:bci_s390x',
                          '000productcompose:bci_x86_64',
                          '000productcompose:sle_micro_aarch64',
                          '000productcompose:sle_micro_extras_aarch64',
                          '000productcompose:sle_micro_extras_ppc64le',
                          '000productcompose:sle_micro_extras_s390x',
                          '000productcompose:sle_micro_extras_x86_64',
                          '000productcompose:sle_micro_ppc64le',
                          '000productcompose:sle_micro_s390x',
                          '000productcompose:sle_micro_x86_64',
                          '000productcompose:sles_aarch64',
                          '000productcompose:sles_ha_ppc64le',
                          '000productcompose:sles_ha_s390x',
                          '000productcompose:sles_ha_x86_64',
                          '000productcompose:sles_ppc64le',
                          '000productcompose:sles_s390x',
                          '000productcompose:sles_sap_ppc64le',
                          '000productcompose:sles_sap_x86_64',
                          '000productcompose:sles_x86_64'],
  'type': 'git',
  'url': 'https://src.suse.de/products/SLFO/pulls/2633'},
 {'approved': False,
  'channels': ['SUSE:SLFO:1.2:PullRequest:2631:SL-Micro:aarch64#6.2',
               'SUSE:SLFO:1.2:PullRequest:2631:SL-Micro:ppc64le#6.2',
               'SUSE:SLFO:1.2:PullRequest:2631:SL-Micro:s390x#6.2',
               'SUSE:SLFO:1.2:PullRequest:2631:SL-Micro:x86_64#6.2',
               'SUSE:SLFO:1.2:PullRequest:2631:SLES:aarch64#16.0',
               'SUSE:SLFO:1.2:PullRequest:2631:SLES:ppc64le#16.0',
               'SUSE:SLFO:1.2:PullRequest:2631:SLES:s390x#16.0',
               'SUSE:SLFO:1.2:PullRequest:2631:SLES:x86_64#16.0'],
  'embargoed': False,
  'emu': False,
  'failed_or_unpublished_packages': [],
  'inReview': True,
  'inReviewQAM': True,
  'isActive': True,
  'number': 2631,
  'packages': ['snpguest'],
  'priority': 0,
  'project': 'SLFO',
  'rr_number': None,
  'scminfo_SL-Micro': 'f9775f02fb2c1a7963b9bdc57bc574cc7bc4fadc6bb9c36f7f613be50026eb48',
  'scminfo_SLES': '246a5e21c21e1b1def354a0a59774018a70dd6faaf429b5cd14f5660db9b4970',
  'successful_packages': ['000productcompose:bci_aarch64',
                          '000productcompose:bci_ppc64le',
                          '000productcompose:bci_s390x',
                          '000productcompose:bci_x86_64',
                          '000productcompose:sle_micro_aarch64',
                          '000productcompose:sle_micro_extras_aarch64',
                          '000productcompose:sle_micro_extras_ppc64le',
                          '000productcompose:sle_micro_extras_s390x',
                          '000productcompose:sle_micro_extras_x86_64',
                          '000productcompose:sle_micro_ppc64le',
                          '000productcompose:sle_micro_s390x',
                          '000productcompose:sle_micro_x86_64',
                          '000productcompose:sles_aarch64',
                          '000productcompose:sles_ha_ppc64le',
                          '000productcompose:sles_ha_s390x',
                          '000productcompose:sles_ha_x86_64',
                          '000productcompose:sles_ppc64le',
                          '000productcompose:sles_s390x',
                          '000productcompose:sles_sap_ppc64le',
                          '000productcompose:sles_sap_x86_64',
                          '000productcompose:sles_x86_64'],
  'type': 'git',
  'url': 'https://src.suse.de/products/SLFO/pulls/2631'},
 {'approved': False,
  'channels': ['SUSE:SLFO:1.2:PullRequest:2636:SL-Micro:aarch64#6.2',
               'SUSE:SLFO:1.2:PullRequest:2636:SL-Micro:ppc64le#6.2',
               'SUSE:SLFO:1.2:PullRequest:2636:SL-Micro:s390x#6.2',
               'SUSE:SLFO:1.2:PullRequest:2636:SL-Micro:x86_64#6.2',
               'SUSE:SLFO:1.2:PullRequest:2636:SLES:aarch64#16.0',
               'SUSE:SLFO:1.2:PullRequest:2636:SLES:ppc64le#16.0',
               'SUSE:SLFO:1.2:PullRequest:2636:SLES:s390x#16.0',
               'SUSE:SLFO:1.2:PullRequest:2636:SLES:x86_64#16.0'],
  'embargoed': False,
  'emu': False,
  'failed_or_unpublished_packages': [],
  'inReview': True,
  'inReviewQAM': True,
  'isActive': True,
  'number': 2636,
  'packages': ['python-Pillow'],
  'priority': 0,
  'project': 'SLFO',
  'rr_number': None,
  'scminfo_SL-Micro': 'f9775f02fb2c1a7963b9bdc57bc574cc7bc4fadc6bb9c36f7f613be50026eb48',
  'scminfo_SLES': '246a5e21c21e1b1def354a0a59774018a70dd6faaf429b5cd14f5660db9b4970',
  'successful_packages': ['000productcompose:bci_aarch64',
                          '000productcompose:bci_ppc64le',
                          '000productcompose:bci_s390x',
                          '000productcompose:bci_x86_64',
                          '000productcompose:sle_micro_aarch64',
                          '000productcompose:sle_micro_extras_aarch64',
                          '000productcompose:sle_micro_extras_ppc64le',
                          '000productcompose:sle_micro_extras_s390x',
                          '000productcompose:sle_micro_extras_x86_64',
                          '000productcompose:sle_micro_ppc64le',
                          '000productcompose:sle_micro_s390x',
                          '000productcompose:sle_micro_x86_64',
                          '000productcompose:sles_aarch64',
                          '000productcompose:sles_ha_ppc64le',
                          '000productcompose:sles_ha_s390x',
                          '000productcompose:sles_ha_x86_64',
                          '000productcompose:sles_ppc64le',
                          '000productcompose:sles_s390x',
                          '000productcompose:sles_sap_ppc64le',
                          '000productcompose:sles_sap_x86_64',
                          '000productcompose:sles_x86_64'],
  'type': 'git',
  'url': 'https://src.suse.de/products/SLFO/pulls/2636'},
 {'approved': False,
  'channels': ['SUSE:SLFO:1.2:PullRequest:2609:SL-Micro:aarch64#6.2',
               'SUSE:SLFO:1.2:PullRequest:2609:SL-Micro:ppc64le#6.2',
               'SUSE:SLFO:1.2:PullRequest:2609:SL-Micro:s390x#6.2',
               'SUSE:SLFO:1.2:PullRequest:2609:SL-Micro:x86_64#6.2',
               'SUSE:SLFO:1.2:PullRequest:2609:SLES:aarch64#16.0',
               'SUSE:SLFO:1.2:PullRequest:2609:SLES:ppc64le#16.0',
               'SUSE:SLFO:1.2:PullRequest:2609:SLES:s390x#16.0',
               'SUSE:SLFO:1.2:PullRequest:2609:SLES:x86_64#16.0'],
  'embargoed': False,
  'emu': False,
  'failed_or_unpublished_packages': [],
  'inReview': True,
  'inReviewQAM': True,
  'isActive': True,
  'number': 2609,
  'packages': ['grub2'],
  'priority': 0,
  'project': 'SLFO',
  'rr_number': None,
  'scminfo_SL-Micro': 'f9775f02fb2c1a7963b9bdc57bc574cc7bc4fadc6bb9c36f7f613be50026eb48',
  'scminfo_SLES': '246a5e21c21e1b1def354a0a59774018a70dd6faaf429b5cd14f5660db9b4970',
  'successful_packages': ['000productcompose:bci_aarch64',
                          '000productcompose:bci_ppc64le',
                          '000productcompose:bci_s390x',
                          '000productcompose:bci_x86_64',
                          '000productcompose:sle_micro_aarch64',
                          '000productcompose:sle_micro_extras_aarch64',
                          '000productcompose:sle_micro_extras_ppc64le',
                          '000productcompose:sle_micro_extras_s390x',
                          '000productcompose:sle_micro_extras_x86_64',
                          '000productcompose:sle_micro_ppc64le',
                          '000productcompose:sle_micro_s390x',
                          '000productcompose:sle_micro_x86_64',
                          '000productcompose:sles_aarch64',
                          '000productcompose:sles_ha_ppc64le',
                          '000productcompose:sles_ha_s390x',
                          '000productcompose:sles_ha_x86_64',
                          '000productcompose:sles_ppc64le',
                          '000productcompose:sles_s390x',
                          '000productcompose:sles_sap_ppc64le',
                          '000productcompose:sles_sap_x86_64',
                          '000productcompose:sles_x86_64'],
  'type': 'git',
  'url': 'https://src.suse.de/products/SLFO/pulls/2609'},
 {'approved': False,
  'channels': ['SUSE:SLFO:1.2:PullRequest:2589:SL-Micro:aarch64#6.2',
               'SUSE:SLFO:1.2:PullRequest:2589:SL-Micro:ppc64le#6.2',
               'SUSE:SLFO:1.2:PullRequest:2589:SL-Micro:s390x#6.2',
               'SUSE:SLFO:1.2:PullRequest:2589:SL-Micro:x86_64#6.2',
               'SUSE:SLFO:1.2:PullRequest:2589:SLES:aarch64#16.0',
               'SUSE:SLFO:1.2:PullRequest:2589:SLES:ppc64le#16.0',
               'SUSE:SLFO:1.2:PullRequest:2589:SLES:s390x#16.0',
               'SUSE:SLFO:1.2:PullRequest:2589:SLES:x86_64#16.0'],
  'embargoed': False,
  'emu': False,
  'failed_or_unpublished_packages': [],
  'inReview': True,
  'inReviewQAM': True,
  'isActive': True,
  'number': 2589,
  'packages': ['scanner-databases'],
  'priority': 0,
  'project': 'SLFO',
  'rr_number': None,
  'scminfo_SL-Micro': 'f9775f02fb2c1a7963b9bdc57bc574cc7bc4fadc6bb9c36f7f613be50026eb48',
  'scminfo_SLES': '246a5e21c21e1b1def354a0a59774018a70dd6faaf429b5cd14f5660db9b4970',
  'successful_packages': ['000productcompose:bci_aarch64',
                          '000productcompose:bci_ppc64le',
                          '000productcompose:bci_s390x',
                          '000productcompose:bci_x86_64',
                          '000productcompose:sle_micro_aarch64',
                          '000productcompose:sle_micro_extras_aarch64',
                          '000productcompose:sle_micro_extras_ppc64le',
                          '000productcompose:sle_micro_extras_s390x',
                          '000productcompose:sle_micro_extras_x86_64',
                          '000productcompose:sle_micro_ppc64le',
                          '000productcompose:sle_micro_s390x',
                          '000productcompose:sle_micro_x86_64',
                          '000productcompose:sles_aarch64',
                          '000productcompose:sles_ha_ppc64le',
                          '000productcompose:sles_ha_s390x',
                          '000productcompose:sles_ha_x86_64',
                          '000productcompose:sles_ppc64le',
                          '000productcompose:sles_s390x',
                          '000productcompose:sles_sap_ppc64le',
                          '000productcompose:sles_sap_x86_64',
                          '000productcompose:sles_x86_64'],
  'type': 'git',
  'url': 'https://src.suse.de/products/SLFO/pulls/2589'},
 {'approved': True,
  'channels': ['SUSE:SLFO:1.2:PullRequest:2590:SL-Micro:aarch64#6.2',
               'SUSE:SLFO:1.2:PullRequest:2590:SL-Micro:ppc64le#6.2',
               'SUSE:SLFO:1.2:PullRequest:2590:SL-Micro:s390x#6.2',
               'SUSE:SLFO:1.2:PullRequest:2590:SL-Micro:x86_64#6.2',
               'SUSE:SLFO:1.2:PullRequest:2590:SLES:aarch64#16.0',
               'SUSE:SLFO:1.2:PullRequest:2590:SLES:ppc64le#16.0',
               'SUSE:SLFO:1.2:PullRequest:2590:SLES:s390x#16.0',
               'SUSE:SLFO:1.2:PullRequest:2590:SLES:x86_64#16.0'],
  'embargoed': False,
  'emu': False,
  'failed_or_unpublished_packages': [],
  'inReview': True,
  'inReviewQAM': False,
  'isActive': True,
  'number': 2590,
  'packages': ['dbus-broker'],
  'priority': 0,
  'project': 'SLFO',
  'rr_number': None,
  'scminfo_SL-Micro': 'f9775f02fb2c1a7963b9bdc57bc574cc7bc4fadc6bb9c36f7f613be50026eb48',
  'scminfo_SLES': '246a5e21c21e1b1def354a0a59774018a70dd6faaf429b5cd14f5660db9b4970',
  'successful_packages': ['000productcompose:bci_aarch64',
                          '000productcompose:bci_ppc64le',
                          '000productcompose:bci_s390x',
                          '000productcompose:bci_x86_64',
                          '000productcompose:sle_micro_aarch64',
                          '000productcompose:sle_micro_extras_aarch64',
                          '000productcompose:sle_micro_extras_ppc64le',
                          '000productcompose:sle_micro_extras_s390x',
                          '000productcompose:sle_micro_extras_x86_64',
                          '000productcompose:sle_micro_ppc64le',
                          '000productcompose:sle_micro_s390x',
                          '000productcompose:sle_micro_x86_64',
                          '000productcompose:sles_aarch64',
                          '000productcompose:sles_ha_ppc64le',
                          '000productcompose:sles_ha_s390x',
                          '000productcompose:sles_ha_x86_64',
                          '000productcompose:sles_ppc64le',
                          '000productcompose:sles_s390x',
                          '000productcompose:sles_sap_ppc64le',
                          '000productcompose:sles_sap_x86_64',
                          '000productcompose:sles_x86_64'],
  'type': 'git',
  'url': 'https://src.suse.de/products/SLFO/pulls/2590'},
 {'approved': True,
  'channels': ['SUSE:SLFO:1.2:PullRequest:2587:SL-Micro:aarch64#6.2',
               'SUSE:SLFO:1.2:PullRequest:2587:SL-Micro:ppc64le#6.2',
               'SUSE:SLFO:1.2:PullRequest:2587:SL-Micro:s390x#6.2',
               'SUSE:SLFO:1.2:PullRequest:2587:SL-Micro:x86_64#6.2',
               'SUSE:SLFO:1.2:PullRequest:2587:SLES:aarch64#16.0',
               'SUSE:SLFO:1.2:PullRequest:2587:SLES:ppc64le#16.0',
               'SUSE:SLFO:1.2:PullRequest:2587:SLES:s390x#16.0',
               'SUSE:SLFO:1.2:PullRequest:2587:SLES:x86_64#16.0'],
  'embargoed': False,
  'emu': False,
  'failed_or_unpublished_packages': [],
  'inReview': True,
  'inReviewQAM': False,
  'isActive': True,
  'number': 2587,
  'packages': ['mdadm'],
  'priority': 0,
  'project': 'SLFO',
  'rr_number': None,
  'scminfo_SL-Micro': 'f9775f02fb2c1a7963b9bdc57bc574cc7bc4fadc6bb9c36f7f613be50026eb48',
  'scminfo_SLES': '246a5e21c21e1b1def354a0a59774018a70dd6faaf429b5cd14f5660db9b4970',
  'successful_packages': ['000productcompose:bci_aarch64',
                          '000productcompose:bci_ppc64le',
                          '000productcompose:bci_s390x',
                          '000productcompose:bci_x86_64',
                          '000productcompose:sle_micro_aarch64',
                          '000productcompose:sle_micro_extras_aarch64',
                          '000productcompose:sle_micro_extras_ppc64le',
                          '000productcompose:sle_micro_extras_s390x',
                          '000productcompose:sle_micro_extras_x86_64',
                          '000productcompose:sle_micro_ppc64le',
                          '000productcompose:sle_micro_s390x',
                          '000productcompose:sle_micro_x86_64',
                          '000productcompose:sles_aarch64',
                          '000productcompose:sles_ha_ppc64le',
                          '000productcompose:sles_ha_s390x',
                          '000productcompose:sles_ha_x86_64',
                          '000productcompose:sles_ppc64le',
                          '000productcompose:sles_s390x',
                          '000productcompose:sles_sap_ppc64le',
                          '000productcompose:sles_sap_x86_64',
                          '000productcompose:sles_x86_64'],
  'type': 'git',
  'url': 'https://src.suse.de/products/SLFO/pulls/2587'},
 {'approved': True,
  'channels': ['SUSE:SLFO:1.2:PullRequest:2567:SL-Micro:aarch64#6.2',
               'SUSE:SLFO:1.2:PullRequest:2567:SL-Micro:ppc64le#6.2',
               'SUSE:SLFO:1.2:PullRequest:2567:SL-Micro:s390x#6.2',
               'SUSE:SLFO:1.2:PullRequest:2567:SL-Micro:x86_64#6.2',
               'SUSE:SLFO:1.2:PullRequest:2567:SLES:aarch64#16.0',
               'SUSE:SLFO:1.2:PullRequest:2567:SLES:ppc64le#16.0',
               'SUSE:SLFO:1.2:PullRequest:2567:SLES:s390x#16.0',
               'SUSE:SLFO:1.2:PullRequest:2567:SLES:x86_64#16.0'],
  'embargoed': False,
  'emu': False,
  'failed_or_unpublished_packages': [],
  'inReview': True,
  'inReviewQAM': False,
  'isActive': True,
  'number': 2567,
  'packages': ['patterns-glibc-hwcaps'],
  'priority': 0,
  'project': 'SLFO',
  'rr_number': None,
  'scminfo_SL-Micro': 'f9775f02fb2c1a7963b9bdc57bc574cc7bc4fadc6bb9c36f7f613be50026eb48',
  'scminfo_SLES': '286ce14fa14ec8de08ecae3dfc787afe0acdf62d8c4abcd5c5724c5746cd4515',
  'successful_packages': ['000productcompose:bci_aarch64',
                          '000productcompose:bci_ppc64le',
                          '000productcompose:bci_s390x',
                          '000productcompose:bci_x86_64',
                          '000productcompose:sle_micro_aarch64',
                          '000productcompose:sle_micro_extras_aarch64',
                          '000productcompose:sle_micro_extras_ppc64le',
                          '000productcompose:sle_micro_extras_s390x',
                          '000productcompose:sle_micro_extras_x86_64',
                          '000productcompose:sle_micro_ppc64le',
                          '000productcompose:sle_micro_s390x',
                          '000productcompose:sle_micro_x86_64',
                          '000productcompose:sles_aarch64',
                          '000productcompose:sles_ha_ppc64le',
                          '000productcompose:sles_ha_s390x',
                          '000productcompose:sles_ha_x86_64',
                          '000productcompose:sles_ppc64le',
                          '000productcompose:sles_s390x',
                          '000productcompose:sles_sap_ppc64le',
                          '000productcompose:sles_sap_x86_64',
                          '000productcompose:sles_x86_64'],
  'type': 'git',
  'url': 'https://src.suse.de/products/SLFO/pulls/2567'},
 {'approved': True,
  'channels': ['SUSE:SLFO:1.2:PullRequest:2557:SL-Micro:aarch64#6.2',
               'SUSE:SLFO:1.2:PullRequest:2557:SL-Micro:ppc64le#6.2',
               'SUSE:SLFO:1.2:PullRequest:2557:SL-Micro:s390x#6.2',
               'SUSE:SLFO:1.2:PullRequest:2557:SL-Micro:x86_64#6.2',
               'SUSE:SLFO:1.2:PullRequest:2557:SLES:aarch64#16.0',
               'SUSE:SLFO:1.2:PullRequest:2557:SLES:ppc64le#16.0',
               'SUSE:SLFO:1.2:PullRequest:2557:SLES:s390x#16.0',
               'SUSE:SLFO:1.2:PullRequest:2557:SLES:x86_64#16.0'],
  'embargoed': False,
  'emu': False,
  'failed_or_unpublished_packages': [],
  'inReview': True,
  'inReviewQAM': False,
  'isActive': True,
  'number': 2557,
  'packages': ['nvidia-open-driver-G06-signed',
               'nvidia-open-driver-G06-signed:cuda'],
  'priority': 0,
  'project': 'SLFO',
  'rr_number': None,
  'scminfo_SL-Micro': '7fdeaecd9aee95c536cf0e1cf2daf0bc5dab0bac9a3238ba009ae67ae6bf95a8',
  'scminfo_SLES': '53fc684e031f66739c8e9f399dc1b7b2766758ccf8ac24cbe5fb6d78a4b3dc4d',
  'successful_packages': ['000productcompose:bci_aarch64',
                          '000productcompose:bci_ppc64le',
                          '000productcompose:bci_s390x',
                          '000productcompose:bci_x86_64',
                          '000productcompose:sle_micro_aarch64',
                          '000productcompose:sle_micro_extras_aarch64',
                          '000productcompose:sle_micro_extras_ppc64le',
                          '000productcompose:sle_micro_extras_s390x',
                          '000productcompose:sle_micro_extras_x86_64',
                          '000productcompose:sle_micro_ppc64le',
                          '000productcompose:sle_micro_s390x',
                          '000productcompose:sle_micro_x86_64',
                          '000productcompose:sles_aarch64',
                          '000productcompose:sles_ha_ppc64le',
                          '000productcompose:sles_ha_s390x',
                          '000productcompose:sles_ha_x86_64',
                          '000productcompose:sles_ppc64le',
                          '000productcompose:sles_s390x',
                          '000productcompose:sles_sap_ppc64le',
                          '000productcompose:sles_sap_x86_64',
                          '000productcompose:sles_x86_64'],
  'type': 'git',
  'url': 'https://src.suse.de/products/SLFO/pulls/2557'},
 {'approved': False,
  'channels': ['SUSE:SLFO:1.2:PullRequest:2561:SL-Micro:aarch64#6.2',
               'SUSE:SLFO:1.2:PullRequest:2561:SL-Micro:ppc64le#6.2',
               'SUSE:SLFO:1.2:PullRequest:2561:SL-Micro:s390x#6.2',
               'SUSE:SLFO:1.2:PullRequest:2561:SL-Micro:x86_64#6.2',
               'SUSE:SLFO:1.2:PullRequest:2561:SLES:aarch64#16.0',
               'SUSE:SLFO:1.2:PullRequest:2561:SLES:ppc64le#16.0',
               'SUSE:SLFO:1.2:PullRequest:2561:SLES:s390x#16.0',
               'SUSE:SLFO:1.2:PullRequest:2561:SLES:x86_64#16.0'],
  'embargoed': False,
  'emu': False,
  'failed_or_unpublished_packages': [],
  'inReview': True,
  'inReviewQAM': True,
  'isActive': True,
  'number': 2561,
  'packages': ['selinux-policy'],
  'priority': 0,
  'project': 'SLFO',
  'rr_number': None,
  'scminfo_SL-Micro': '7fdeaecd9aee95c536cf0e1cf2daf0bc5dab0bac9a3238ba009ae67ae6bf95a8',
  'scminfo_SLES': '53fc684e031f66739c8e9f399dc1b7b2766758ccf8ac24cbe5fb6d78a4b3dc4d',
  'successful_packages': ['000productcompose:bci_aarch64',
                          '000productcompose:bci_ppc64le',
                          '000productcompose:bci_s390x',
                          '000productcompose:bci_x86_64',
                          '000productcompose:sle_micro_aarch64',
                          '000productcompose:sle_micro_extras_aarch64',
                          '000productcompose:sle_micro_extras_ppc64le',
                          '000productcompose:sle_micro_extras_s390x',
                          '000productcompose:sle_micro_extras_x86_64',
                          '000productcompose:sle_micro_ppc64le',
                          '000productcompose:sle_micro_s390x',
                          '000productcompose:sle_micro_x86_64',
                          '000productcompose:sles_aarch64',
                          '000productcompose:sles_ha_ppc64le',
                          '000productcompose:sles_ha_s390x',
                          '000productcompose:sles_ha_x86_64',
                          '000productcompose:sles_ppc64le',
                          '000productcompose:sles_s390x',
                          '000productcompose:sles_sap_ppc64le',
                          '000productcompose:sles_sap_x86_64',
                          '000productcompose:sles_x86_64'],
  'type': 'git',
  'url': 'https://src.suse.de/products/SLFO/pulls/2561'},
 {'approved': True,
  'channels': ['SUSE:SLFO:1.2:PullRequest:2539:SL-Micro:aarch64#6.2',
               'SUSE:SLFO:1.2:PullRequest:2539:SL-Micro:ppc64le#6.2',
               'SUSE:SLFO:1.2:PullRequest:2539:SL-Micro:s390x#6.2',
               'SUSE:SLFO:1.2:PullRequest:2539:SL-Micro:x86_64#6.2',
               'SUSE:SLFO:1.2:PullRequest:2539:SLES:aarch64#16.0',
               'SUSE:SLFO:1.2:PullRequest:2539:SLES:ppc64le#16.0',
               'SUSE:SLFO:1.2:PullRequest:2539:SLES:s390x#16.0',
               'SUSE:SLFO:1.2:PullRequest:2539:SLES:x86_64#16.0'],
  'embargoed': False,
  'emu': False,
  'failed_or_unpublished_packages': [],
  'inReview': True,
  'inReviewQAM': False,
  'isActive': True,
  'number': 2539,
  'packages': ['makedumpfile'],
  'priority': 0,
  'project': 'SLFO',
  'rr_number': None,
  'scminfo_SL-Micro': '7799d83f6df81b0bf010346987a8b3a65d9563094913e63d90ae6ad2039f80e0',
  'scminfo_SLES': 'c2778fc675c4764b2e08ef17ff51395c680c492e9583e0f9cccbdacc8d3e6ed2',
  'successful_packages': ['000productcompose:bci_aarch64',
                          '000productcompose:bci_ppc64le',
                          '000productcompose:bci_s390x',
                          '000productcompose:bci_x86_64',
                          '000productcompose:sle_micro_aarch64',
                          '000productcompose:sle_micro_extras_aarch64',
                          '000productcompose:sle_micro_extras_ppc64le',
                          '000productcompose:sle_micro_extras_s390x',
                          '000productcompose:sle_micro_extras_x86_64',
                          '000productcompose:sle_micro_ppc64le',
                          '000productcompose:sle_micro_s390x',
                          '000productcompose:sle_micro_x86_64',
                          '000productcompose:sles_aarch64',
                          '000productcompose:sles_ha_ppc64le',
                          '000productcompose:sles_ha_s390x',
                          '000productcompose:sles_ha_x86_64',
                          '000productcompose:sles_ppc64le',
                          '000productcompose:sles_s390x',
                          '000productcompose:sles_sap_ppc64le',
                          '000productcompose:sles_sap_x86_64',
                          '000productcompose:sles_x86_64'],
  'type': 'git',
  'url': 'https://src.suse.de/products/SLFO/pulls/2539'},
 {'approved': False,
  'channels': ['SUSE:SLFO:1.2:PullRequest:2548:SL-Micro:aarch64#6.2',
               'SUSE:SLFO:1.2:PullRequest:2548:SL-Micro:ppc64le#6.2',
               'SUSE:SLFO:1.2:PullRequest:2548:SL-Micro:s390x#6.2',
               'SUSE:SLFO:1.2:PullRequest:2548:SL-Micro:x86_64#6.2',
               'SUSE:SLFO:1.2:PullRequest:2548:SLES:aarch64#16.0',
               'SUSE:SLFO:1.2:PullRequest:2548:SLES:ppc64le#16.0',
               'SUSE:SLFO:1.2:PullRequest:2548:SLES:s390x#16.0',
               'SUSE:SLFO:1.2:PullRequest:2548:SLES:x86_64#16.0'],
  'embargoed': False,
  'emu': False,
  'failed_or_unpublished_packages': [],
  'inReview': True,
  'inReviewQAM': True,
  'isActive': True,
  'number': 2548,
  'packages': ['apache2-mod_auth_openidc'],
  'priority': 0,
  'project': 'SLFO',
  'rr_number': None,
  'scminfo_SL-Micro': '7fdeaecd9aee95c536cf0e1cf2daf0bc5dab0bac9a3238ba009ae67ae6bf95a8',
  'scminfo_SLES': 'c2778fc675c4764b2e08ef17ff51395c680c492e9583e0f9cccbdacc8d3e6ed2',
  'successful_packages': ['000productcompose:bci_aarch64',
                          '000productcompose:bci_ppc64le',
                          '000productcompose:bci_s390x',
                          '000productcompose:bci_x86_64',
                          '000productcompose:sle_micro_aarch64',
                          '000productcompose:sle_micro_extras_aarch64',
                          '000productcompose:sle_micro_extras_ppc64le',
                          '000productcompose:sle_micro_extras_s390x',
                          '000productcompose:sle_micro_extras_x86_64',
                          '000productcompose:sle_micro_ppc64le',
                          '000productcompose:sle_micro_s390x',
                          '000productcompose:sle_micro_x86_64',
                          '000productcompose:sles_aarch64',
                          '000productcompose:sles_ha_ppc64le',
                          '000productcompose:sles_ha_s390x',
                          '000productcompose:sles_ha_x86_64',
                          '000productcompose:sles_ppc64le',
                          '000productcompose:sles_s390x',
                          '000productcompose:sles_sap_ppc64le',
                          '000productcompose:sles_sap_x86_64',
                          '000productcompose:sles_x86_64'],
  'type': 'git',
  'url': 'https://src.suse.de/products/SLFO/pulls/2548'},
 {'approved': True,
  'channels': ['SUSE:SLFO:1.2:PullRequest:2566:SL-Micro:aarch64#6.2',
               'SUSE:SLFO:1.2:PullRequest:2566:SL-Micro:ppc64le#6.2',
               'SUSE:SLFO:1.2:PullRequest:2566:SL-Micro:s390x#6.2',
               'SUSE:SLFO:1.2:PullRequest:2566:SL-Micro:x86_64#6.2',
               'SUSE:SLFO:1.2:PullRequest:2566:SLES:aarch64#16.0',
               'SUSE:SLFO:1.2:PullRequest:2566:SLES:ppc64le#16.0',
               'SUSE:SLFO:1.2:PullRequest:2566:SLES:s390x#16.0',
               'SUSE:SLFO:1.2:PullRequest:2566:SLES:x86_64#16.0'],
  'embargoed': False,
  'emu': False,
  'failed_or_unpublished_packages': [],
  'inReview': True,
  'inReviewQAM': False,
  'isActive': True,
  'number': 2566,
  'packages': ['go1.26'],
  'priority': 0,
  'project': 'SLFO',
  'rr_number': None,
  'scminfo_SL-Micro': 'f9775f02fb2c1a7963b9bdc57bc574cc7bc4fadc6bb9c36f7f613be50026eb48',
  'scminfo_SLES': '8772ad2ec15ba62608854594b6cb99661d008ac59e4771a217f410fab7670257',
  'successful_packages': ['000productcompose:bci_aarch64',
                          '000productcompose:bci_ppc64le',
                          '000productcompose:bci_s390x',
                          '000productcompose:bci_x86_64',
                          '000productcompose:sle_micro_aarch64',
                          '000productcompose:sle_micro_extras_aarch64',
                          '000productcompose:sle_micro_extras_ppc64le',
                          '000productcompose:sle_micro_extras_s390x',
                          '000productcompose:sle_micro_extras_x86_64',
                          '000productcompose:sle_micro_ppc64le',
                          '000productcompose:sle_micro_s390x',
                          '000productcompose:sle_micro_x86_64',
                          '000productcompose:sles_aarch64',
                          '000productcompose:sles_ha_ppc64le',
                          '000productcompose:sles_ha_s390x',
                          '000productcompose:sles_ha_x86_64',
                          '000productcompose:sles_ppc64le',
                          '000productcompose:sles_s390x',
                          '000productcompose:sles_sap_ppc64le',
                          '000productcompose:sles_sap_x86_64',
                          '000productcompose:sles_x86_64'],
  'type': 'git',
  'url': 'https://src.suse.de/products/SLFO/pulls/2566'},
 {'approved': True,
  'channels': ['SUSE:SLFO:1.2:PullRequest:2525:SL-Micro:aarch64#6.2',
               'SUSE:SLFO:1.2:PullRequest:2525:SL-Micro:ppc64le#6.2',
               'SUSE:SLFO:1.2:PullRequest:2525:SL-Micro:s390x#6.2',
               'SUSE:SLFO:1.2:PullRequest:2525:SL-Micro:x86_64#6.2',
               'SUSE:SLFO:1.2:PullRequest:2525:SLES:aarch64#16.0',
               'SUSE:SLFO:1.2:PullRequest:2525:SLES:ppc64le#16.0',
               'SUSE:SLFO:1.2:PullRequest:2525:SLES:s390x#16.0',
               'SUSE:SLFO:1.2:PullRequest:2525:SLES:x86_64#16.0'],
  'embargoed': False,
  'emu': False,
  'failed_or_unpublished_packages': [],
  'inReview': True,
  'inReviewQAM': False,
  'isActive': True,
  'number': 2525,
  'packages': ['smc-tools'],
  'priority': 0,
  'project': 'SLFO',
  'rr_number': None,
  'scminfo_SL-Micro': '7799d83f6df81b0bf010346987a8b3a65d9563094913e63d90ae6ad2039f80e0',
  'scminfo_SLES': '1d66e2814e107c8403a83db381bc4fa37a0b0115920859bdbd2686fdcfe439ca',
  'successful_packages': ['000productcompose:bci_aarch64',
                          '000productcompose:bci_ppc64le',
                          '000productcompose:bci_s390x',
                          '000productcompose:bci_x86_64',
                          '000productcompose:sle_micro_aarch64',
                          '000productcompose:sle_micro_extras_aarch64',
                          '000productcompose:sle_micro_extras_ppc64le',
                          '000productcompose:sle_micro_extras_s390x',
                          '000productcompose:sle_micro_extras_x86_64',
                          '000productcompose:sle_micro_ppc64le',
                          '000productcompose:sle_micro_s390x',
                          '000productcompose:sle_micro_x86_64',
                          '000productcompose:sles_aarch64',
                          '000productcompose:sles_ha_ppc64le',
                          '000productcompose:sles_ha_s390x',
                          '000productcompose:sles_ha_x86_64',
                          '000productcompose:sles_ppc64le',
                          '000productcompose:sles_s390x',
                          '000productcompose:sles_sap_ppc64le',
                          '000productcompose:sles_sap_x86_64',
                          '000productcompose:sles_x86_64'],
  'type': 'git',
  'url': 'https://src.suse.de/products/SLFO/pulls/2525'},
 {'approved': True,
  'channels': ['SUSE:SLFO:1.2:PullRequest:2526:SL-Micro:aarch64#6.2',
               'SUSE:SLFO:1.2:PullRequest:2526:SL-Micro:ppc64le#6.2',
               'SUSE:SLFO:1.2:PullRequest:2526:SL-Micro:s390x#6.2',
               'SUSE:SLFO:1.2:PullRequest:2526:SL-Micro:x86_64#6.2',
               'SUSE:SLFO:1.2:PullRequest:2526:SLES:aarch64#16.0',
               'SUSE:SLFO:1.2:PullRequest:2526:SLES:ppc64le#16.0',
               'SUSE:SLFO:1.2:PullRequest:2526:SLES:s390x#16.0',
               'SUSE:SLFO:1.2:PullRequest:2526:SLES:x86_64#16.0'],
  'embargoed': False,
  'emu': False,
  'failed_or_unpublished_packages': [],
  'inReview': True,
  'inReviewQAM': False,
  'isActive': True,
  'number': 2526,
  'packages': ['libnvidia-egl-wayland', 'libnvidia-egl-x11'],
  'priority': 0,
  'project': 'SLFO',
  'rr_number': None,
  'scminfo_SL-Micro': '7799d83f6df81b0bf010346987a8b3a65d9563094913e63d90ae6ad2039f80e0',
  'scminfo_SLES': '1d66e2814e107c8403a83db381bc4fa37a0b0115920859bdbd2686fdcfe439ca',
  'successful_packages': ['000productcompose:bci_aarch64',
                          '000productcompose:bci_ppc64le',
                          '000productcompose:bci_s390x',
                          '000productcompose:bci_x86_64',
                          '000productcompose:sle_micro_aarch64',
                          '000productcompose:sle_micro_extras_aarch64',
                          '000productcompose:sle_micro_extras_ppc64le',
                          '000productcompose:sle_micro_extras_s390x',
                          '000productcompose:sle_micro_extras_x86_64',
                          '000productcompose:sle_micro_ppc64le',
                          '000productcompose:sle_micro_s390x',
                          '000productcompose:sle_micro_x86_64',
                          '000productcompose:sles_aarch64',
                          '000productcompose:sles_ha_ppc64le',
                          '000productcompose:sles_ha_s390x',
                          '000productcompose:sles_ha_x86_64',
                          '000productcompose:sles_ppc64le',
                          '000productcompose:sles_s390x',
                          '000productcompose:sles_sap_ppc64le',
                          '000productcompose:sles_sap_x86_64',
                          '000productcompose:sles_x86_64'],
  'type': 'git',
  'url': 'https://src.suse.de/products/SLFO/pulls/2526'},
 {'approved': True,
  'channels': ['SUSE:SLFO:1.2:PullRequest:2520:SL-Micro:aarch64#6.2',
               'SUSE:SLFO:1.2:PullRequest:2520:SL-Micro:ppc64le#6.2',
               'SUSE:SLFO:1.2:PullRequest:2520:SL-Micro:s390x#6.2',
               'SUSE:SLFO:1.2:PullRequest:2520:SL-Micro:x86_64#6.2',
               'SUSE:SLFO:1.2:PullRequest:2520:SLES:aarch64#16.0',
               'SUSE:SLFO:1.2:PullRequest:2520:SLES:ppc64le#16.0',
               'SUSE:SLFO:1.2:PullRequest:2520:SLES:s390x#16.0',
               'SUSE:SLFO:1.2:PullRequest:2520:SLES:x86_64#16.0'],
  'embargoed': False,
  'emu': False,
  'failed_or_unpublished_packages': [],
  'inReview': True,
  'inReviewQAM': False,
  'isActive': True,
  'number': 2520,
  'packages': ['kubevirt'],
  'priority': 0,
  'project': 'SLFO',
  'rr_number': None,
  'scminfo_SL-Micro': '7799d83f6df81b0bf010346987a8b3a65d9563094913e63d90ae6ad2039f80e0',
  'scminfo_SLES': '1d66e2814e107c8403a83db381bc4fa37a0b0115920859bdbd2686fdcfe439ca',
  'successful_packages': ['000productcompose:bci_aarch64',
                          '000productcompose:bci_ppc64le',
                          '000productcompose:bci_s390x',
                          '000productcompose:bci_x86_64',
                          '000productcompose:sle_micro_aarch64',
                          '000productcompose:sle_micro_extras_aarch64',
                          '000productcompose:sle_micro_extras_ppc64le',
                          '000productcompose:sle_micro_extras_s390x',
                          '000productcompose:sle_micro_extras_x86_64',
                          '000productcompose:sle_micro_ppc64le',
                          '000productcompose:sle_micro_s390x',
                          '000productcompose:sle_micro_x86_64',
                          '000productcompose:sles_aarch64',
                          '000productcompose:sles_ha_ppc64le',
                          '000productcompose:sles_ha_s390x',
                          '000productcompose:sles_ha_x86_64',
                          '000productcompose:sles_ppc64le',
                          '000productcompose:sles_s390x',
                          '000productcompose:sles_sap_ppc64le',
                          '000productcompose:sles_sap_x86_64',
                          '000productcompose:sles_x86_64'],
  'type': 'git',
  'url': 'https://src.suse.de/products/SLFO/pulls/2520'},
 {'approved': True,
  'channels': ['SUSE:SLFO:1.2:PullRequest:2519:SL-Micro:aarch64#6.2',
               'SUSE:SLFO:1.2:PullRequest:2519:SL-Micro:ppc64le#6.2',
               'SUSE:SLFO:1.2:PullRequest:2519:SL-Micro:s390x#6.2',
               'SUSE:SLFO:1.2:PullRequest:2519:SL-Micro:x86_64#6.2',
               'SUSE:SLFO:1.2:PullRequest:2519:SLES:aarch64#16.0',
               'SUSE:SLFO:1.2:PullRequest:2519:SLES:ppc64le#16.0',
               'SUSE:SLFO:1.2:PullRequest:2519:SLES:s390x#16.0',
               'SUSE:SLFO:1.2:PullRequest:2519:SLES:x86_64#16.0'],
  'embargoed': False,
  'emu': False,
  'failed_or_unpublished_packages': [],
  'inReview': True,
  'inReviewQAM': False,
  'isActive': True,
  'number': 2519,
  'packages': ['containerized-data-importer'],
  'priority': 0,
  'project': 'SLFO',
  'rr_number': None,
  'scminfo_SL-Micro': '7799d83f6df81b0bf010346987a8b3a65d9563094913e63d90ae6ad2039f80e0',
  'scminfo_SLES': '1d66e2814e107c8403a83db381bc4fa37a0b0115920859bdbd2686fdcfe439ca',
  'successful_packages': ['000productcompose:bci_aarch64',
                          '000productcompose:bci_ppc64le',
                          '000productcompose:bci_s390x',
                          '000productcompose:bci_x86_64',
                          '000productcompose:sle_micro_aarch64',
                          '000productcompose:sle_micro_extras_aarch64',
                          '000productcompose:sle_micro_extras_ppc64le',
                          '000productcompose:sle_micro_extras_s390x',
                          '000productcompose:sle_micro_extras_x86_64',
                          '000productcompose:sle_micro_ppc64le',
                          '000productcompose:sle_micro_s390x',
                          '000productcompose:sle_micro_x86_64',
                          '000productcompose:sles_aarch64',
                          '000productcompose:sles_ha_ppc64le',
                          '000productcompose:sles_ha_s390x',
                          '000productcompose:sles_ha_x86_64',
                          '000productcompose:sles_ppc64le',
                          '000productcompose:sles_s390x',
                          '000productcompose:sles_sap_ppc64le',
                          '000productcompose:sles_sap_x86_64',
                          '000productcompose:sles_x86_64'],
  'type': 'git',
  'url': 'https://src.suse.de/products/SLFO/pulls/2519'},
 {'approved': True,
  'channels': ['SUSE:SLFO:1.2:PullRequest:2514:SL-Micro:aarch64#6.2',
               'SUSE:SLFO:1.2:PullRequest:2514:SL-Micro:ppc64le#6.2',
               'SUSE:SLFO:1.2:PullRequest:2514:SL-Micro:s390x#6.2',
               'SUSE:SLFO:1.2:PullRequest:2514:SL-Micro:x86_64#6.2',
               'SUSE:SLFO:1.2:PullRequest:2514:SLES:aarch64#16.0',
               'SUSE:SLFO:1.2:PullRequest:2514:SLES:ppc64le#16.0',
               'SUSE:SLFO:1.2:PullRequest:2514:SLES:s390x#16.0',
               'SUSE:SLFO:1.2:PullRequest:2514:SLES:x86_64#16.0'],
  'embargoed': False,
  'emu': False,
  'failed_or_unpublished_packages': [],
  'inReview': True,
  'inReviewQAM': False,
  'isActive': True,
  'number': 2514,
  'packages': ['ucode-intel'],
  'priority': 0,
  'project': 'SLFO',
  'rr_number': None,
  'scminfo_SL-Micro': '7799d83f6df81b0bf010346987a8b3a65d9563094913e63d90ae6ad2039f80e0',
  'scminfo_SLES': '1d66e2814e107c8403a83db381bc4fa37a0b0115920859bdbd2686fdcfe439ca',
  'successful_packages': ['000productcompose:bci_aarch64',
                          '000productcompose:bci_ppc64le',
                          '000productcompose:bci_s390x',
                          '000productcompose:bci_x86_64',
                          '000productcompose:sle_micro_aarch64',
                          '000productcompose:sle_micro_extras_aarch64',
                          '000productcompose:sle_micro_extras_ppc64le',
                          '000productcompose:sle_micro_extras_s390x',
                          '000productcompose:sle_micro_extras_x86_64',
                          '000productcompose:sle_micro_ppc64le',
                          '000productcompose:sle_micro_s390x',
                          '000productcompose:sle_micro_x86_64',
                          '000productcompose:sles_aarch64',
                          '000productcompose:sles_ha_ppc64le',
                          '000productcompose:sles_ha_s390x',
                          '000productcompose:sles_ha_x86_64',
                          '000productcompose:sles_ppc64le',
                          '000productcompose:sles_s390x',
                          '000productcompose:sles_sap_ppc64le',
                          '000productcompose:sles_sap_x86_64',
                          '000productcompose:sles_x86_64'],
  'type': 'git',
  'url': 'https://src.suse.de/products/SLFO/pulls/2514'},
 {'approved': False,
  'channels': ['SUSE:SLFO:1.2:PullRequest:2489:SL-Micro:aarch64#6.2',
               'SUSE:SLFO:1.2:PullRequest:2489:SL-Micro:ppc64le#6.2',
               'SUSE:SLFO:1.2:PullRequest:2489:SL-Micro:s390x#6.2',
               'SUSE:SLFO:1.2:PullRequest:2489:SL-Micro:x86_64#6.2',
               'SUSE:SLFO:1.2:PullRequest:2489:SLES:aarch64#16.0',
               'SUSE:SLFO:1.2:PullRequest:2489:SLES:ppc64le#16.0',
               'SUSE:SLFO:1.2:PullRequest:2489:SLES:s390x#16.0',
               'SUSE:SLFO:1.2:PullRequest:2489:SLES:x86_64#16.0'],
  'embargoed': False,
  'emu': False,
  'failed_or_unpublished_packages': [],
  'inReview': True,
  'inReviewQAM': True,
  'isActive': True,
  'number': 2489,
  'packages': ['python-aiohttp'],
  'priority': 0,
  'project': 'SLFO',
  'rr_number': None,
  'scminfo_SL-Micro': 'ed9890b5f2a0ff681739efb346e3a571cb68228f9aabdd67111d22d3ff3afeab',
  'scminfo_SLES': '1d66e2814e107c8403a83db381bc4fa37a0b0115920859bdbd2686fdcfe439ca',
  'successful_packages': ['000productcompose:bci_aarch64',
                          '000productcompose:bci_ppc64le',
                          '000productcompose:bci_s390x',
                          '000productcompose:bci_x86_64',
                          '000productcompose:sle_micro_aarch64',
                          '000productcompose:sle_micro_extras_aarch64',
                          '000productcompose:sle_micro_extras_ppc64le',
                          '000productcompose:sle_micro_extras_s390x',
                          '000productcompose:sle_micro_extras_x86_64',
                          '000productcompose:sle_micro_ppc64le',
                          '000productcompose:sle_micro_s390x',
                          '000productcompose:sle_micro_x86_64',
                          '000productcompose:sles_aarch64',
                          '000productcompose:sles_ha_ppc64le',
                          '000productcompose:sles_ha_s390x',
                          '000productcompose:sles_ha_x86_64',
                          '000productcompose:sles_ppc64le',
                          '000productcompose:sles_s390x',
                          '000productcompose:sles_sap_ppc64le',
                          '000productcompose:sles_sap_x86_64',
                          '000productcompose:sles_x86_64'],
  'type': 'git',
  'url': 'https://src.suse.de/products/SLFO/pulls/2489'},
 {'approved': True,
  'channels': ['SUSE:SLFO:1.2:PullRequest:2480:SL-Micro:aarch64#6.2',
               'SUSE:SLFO:1.2:PullRequest:2480:SL-Micro:ppc64le#6.2',
               'SUSE:SLFO:1.2:PullRequest:2480:SL-Micro:s390x#6.2',
               'SUSE:SLFO:1.2:PullRequest:2480:SL-Micro:x86_64#6.2',
               'SUSE:SLFO:1.2:PullRequest:2480:SLES:aarch64#16.0',
               'SUSE:SLFO:1.2:PullRequest:2480:SLES:ppc64le#16.0',
               'SUSE:SLFO:1.2:PullRequest:2480:SLES:s390x#16.0',
               'SUSE:SLFO:1.2:PullRequest:2480:SLES:x86_64#16.0'],
  'embargoed': False,
  'emu': False,
  'failed_or_unpublished_packages': [],
  'inReview': True,
  'inReviewQAM': False,
  'isActive': True,
  'number': 2480,
  'packages': ['python-cryptography', 'python-cryptography:test'],
  'priority': 0,
  'project': 'SLFO',
  'rr_number': None,
  'scminfo_SL-Micro': 'ed9890b5f2a0ff681739efb346e3a571cb68228f9aabdd67111d22d3ff3afeab',
  'scminfo_SLES': '05407aca387317e1a9ae23312f2b217b275e3a9a028ec99c9b5a045e774b7755',
  'successful_packages': ['000productcompose:bci_aarch64',
                          '000productcompose:bci_ppc64le',
                          '000productcompose:bci_s390x',
                          '000productcompose:bci_x86_64',
                          '000productcompose:sle_micro_aarch64',
                          '000productcompose:sle_micro_extras_aarch64',
                          '000productcompose:sle_micro_extras_ppc64le',
                          '000productcompose:sle_micro_extras_s390x',
                          '000productcompose:sle_micro_extras_x86_64',
                          '000productcompose:sle_micro_ppc64le',
                          '000productcompose:sle_micro_s390x',
                          '000productcompose:sle_micro_x86_64',
                          '000productcompose:sles_aarch64',
                          '000productcompose:sles_ha_ppc64le',
                          '000productcompose:sles_ha_s390x',
                          '000productcompose:sles_ha_x86_64',
                          '000productcompose:sles_ppc64le',
                          '000productcompose:sles_s390x',
                          '000productcompose:sles_sap_ppc64le',
                          '000productcompose:sles_sap_x86_64',
                          '000productcompose:sles_x86_64'],
  'type': 'git',
  'url': 'https://src.suse.de/products/SLFO/pulls/2480'},
 {'approved': True,
  'channels': ['SUSE:SLFO:1.2:PullRequest:2484:SL-Micro:aarch64#6.2',
               'SUSE:SLFO:1.2:PullRequest:2484:SL-Micro:ppc64le#6.2',
               'SUSE:SLFO:1.2:PullRequest:2484:SL-Micro:s390x#6.2',
               'SUSE:SLFO:1.2:PullRequest:2484:SL-Micro:x86_64#6.2',
               'SUSE:SLFO:1.2:PullRequest:2484:SLES:aarch64#16.0',
               'SUSE:SLFO:1.2:PullRequest:2484:SLES:ppc64le#16.0',
               'SUSE:SLFO:1.2:PullRequest:2484:SLES:s390x#16.0',
               'SUSE:SLFO:1.2:PullRequest:2484:SLES:x86_64#16.0'],
  'embargoed': False,
  'emu': False,
  'failed_or_unpublished_packages': [],
  'inReview': True,
  'inReviewQAM': False,
  'isActive': True,
  'number': 2484,
  'packages': ['ca-certificates-mozilla',
               'ca-certificates-mozilla:ca-certificates-mozilla-prebuilt'],
  'priority': 0,
  'project': 'SLFO',
  'rr_number': None,
  'scminfo_SL-Micro': 'ed9890b5f2a0ff681739efb346e3a571cb68228f9aabdd67111d22d3ff3afeab',
  'scminfo_SLES': '3bcbde8c415dc575398a4641e60068c472d163d5af4ff9ff5ef3c4b62ba08114',
  'successful_packages': ['000productcompose:bci_aarch64',
                          '000productcompose:bci_ppc64le',
                          '000productcompose:bci_s390x',
                          '000productcompose:bci_x86_64',
                          '000productcompose:sle_micro_aarch64',
                          '000productcompose:sle_micro_extras_aarch64',
                          '000productcompose:sle_micro_extras_ppc64le',
                          '000productcompose:sle_micro_extras_s390x',
                          '000productcompose:sle_micro_extras_x86_64',
                          '000productcompose:sle_micro_ppc64le',
                          '000productcompose:sle_micro_s390x',
                          '000productcompose:sle_micro_x86_64',
                          '000productcompose:sles_aarch64',
                          '000productcompose:sles_ha_ppc64le',
                          '000productcompose:sles_ha_s390x',
                          '000productcompose:sles_ha_x86_64',
                          '000productcompose:sles_ppc64le',
                          '000productcompose:sles_s390x',
                          '000productcompose:sles_sap_ppc64le',
                          '000productcompose:sles_sap_x86_64',
                          '000productcompose:sles_x86_64'],
  'type': 'git',
  'url': 'https://src.suse.de/products/SLFO/pulls/2484'},
 {'approved': True,
  'channels': ['SUSE:SLFO:1.2:PullRequest:2466:SL-Micro:aarch64#6.2',
               'SUSE:SLFO:1.2:PullRequest:2466:SL-Micro:ppc64le#6.2',
               'SUSE:SLFO:1.2:PullRequest:2466:SL-Micro:s390x#6.2',
               'SUSE:SLFO:1.2:PullRequest:2466:SL-Micro:x86_64#6.2',
               'SUSE:SLFO:1.2:PullRequest:2466:SLES:aarch64#16.0',
               'SUSE:SLFO:1.2:PullRequest:2466:SLES:ppc64le#16.0',
               'SUSE:SLFO:1.2:PullRequest:2466:SLES:s390x#16.0',
               'SUSE:SLFO:1.2:PullRequest:2466:SLES:x86_64#16.0'],
  'embargoed': False,
  'emu': False,
  'failed_or_unpublished_packages': [],
  'inReview': True,
  'inReviewQAM': False,
  'isActive': True,
  'number': 2466,
  'packages': ['postgresql16'],
  'priority': 0,
  'project': 'SLFO',
  'rr_number': None,
  'scminfo_SL-Micro': '8c01149e9e3e3753b9cb7f24b3340aab1b13b56026a4ae7b18a80e2c279ff5e2',
  'scminfo_SLES': '598efe651aeabc9432aeab10aacd318c6c9655028ab8a3c3fef7690161af3c08',
  'successful_packages': ['000productcompose:bci_aarch64',
                          '000productcompose:bci_ppc64le',
                          '000productcompose:bci_s390x',
                          '000productcompose:bci_x86_64',
                          '000productcompose:sle_micro_aarch64',
                          '000productcompose:sle_micro_extras_aarch64',
                          '000productcompose:sle_micro_extras_ppc64le',
                          '000productcompose:sle_micro_extras_s390x',
                          '000productcompose:sle_micro_extras_x86_64',
                          '000productcompose:sle_micro_ppc64le',
                          '000productcompose:sle_micro_s390x',
                          '000productcompose:sle_micro_x86_64',
                          '000productcompose:sles_aarch64',
                          '000productcompose:sles_ha_ppc64le',
                          '000productcompose:sles_ha_s390x',
                          '000productcompose:sles_ha_x86_64',
                          '000productcompose:sles_ppc64le',
                          '000productcompose:sles_s390x',
                          '000productcompose:sles_sap_ppc64le',
                          '000productcompose:sles_sap_x86_64',
                          '000productcompose:sles_x86_64'],
  'type': 'git',
  'url': 'https://src.suse.de/products/SLFO/pulls/2466'},
 {'approved': True,
  'channels': ['SUSE:SLFO:1.2:PullRequest:2472:SL-Micro:aarch64#6.2',
               'SUSE:SLFO:1.2:PullRequest:2472:SL-Micro:ppc64le#6.2',
               'SUSE:SLFO:1.2:PullRequest:2472:SL-Micro:s390x#6.2',
               'SUSE:SLFO:1.2:PullRequest:2472:SL-Micro:x86_64#6.2',
               'SUSE:SLFO:1.2:PullRequest:2472:SLES:aarch64#16.0',
               'SUSE:SLFO:1.2:PullRequest:2472:SLES:ppc64le#16.0',
               'SUSE:SLFO:1.2:PullRequest:2472:SLES:s390x#16.0',
               'SUSE:SLFO:1.2:PullRequest:2472:SLES:x86_64#16.0'],
  'embargoed': False,
  'emu': False,
  'failed_or_unpublished_packages': [],
  'inReview': True,
  'inReviewQAM': False,
  'isActive': True,
  'number': 2472,
  'packages': ['google-cloud-sap-agent'],
  'priority': 0,
  'project': 'SLFO',
  'rr_number': None,
  'scminfo_SL-Micro': '8c01149e9e3e3753b9cb7f24b3340aab1b13b56026a4ae7b18a80e2c279ff5e2',
  'scminfo_SLES': '05407aca387317e1a9ae23312f2b217b275e3a9a028ec99c9b5a045e774b7755',
  'successful_packages': ['000productcompose:bci_aarch64',
                          '000productcompose:bci_ppc64le',
                          '000productcompose:bci_s390x',
                          '000productcompose:bci_x86_64',
                          '000productcompose:sle_micro_aarch64',
                          '000productcompose:sle_micro_extras_aarch64',
                          '000productcompose:sle_micro_extras_ppc64le',
                          '000productcompose:sle_micro_extras_s390x',
                          '000productcompose:sle_micro_extras_x86_64',
                          '000productcompose:sle_micro_ppc64le',
                          '000productcompose:sle_micro_s390x',
                          '000productcompose:sle_micro_x86_64',
                          '000productcompose:sles_aarch64',
                          '000productcompose:sles_ha_ppc64le',
                          '000productcompose:sles_ha_s390x',
                          '000productcompose:sles_ha_x86_64',
                          '000productcompose:sles_ppc64le',
                          '000productcompose:sles_s390x',
                          '000productcompose:sles_sap_ppc64le',
                          '000productcompose:sles_sap_x86_64',
                          '000productcompose:sles_x86_64'],
  'type': 'git',
  'url': 'https://src.suse.de/products/SLFO/pulls/2472'},
 {'approved': False,
  'channels': ['SUSE:SLFO:1.2:PullRequest:2467:SL-Micro:aarch64#6.2',
               'SUSE:SLFO:1.2:PullRequest:2467:SL-Micro:ppc64le#6.2',
               'SUSE:SLFO:1.2:PullRequest:2467:SL-Micro:s390x#6.2',
               'SUSE:SLFO:1.2:PullRequest:2467:SL-Micro:x86_64#6.2',
               'SUSE:SLFO:1.2:PullRequest:2467:SLES:aarch64#16.0',
               'SUSE:SLFO:1.2:PullRequest:2467:SLES:ppc64le#16.0',
               'SUSE:SLFO:1.2:PullRequest:2467:SLES:s390x#16.0',
               'SUSE:SLFO:1.2:PullRequest:2467:SLES:x86_64#16.0'],
  'embargoed': False,
  'emu': False,
  'failed_or_unpublished_packages': [],
  'inReview': True,
  'inReviewQAM': True,
  'isActive': True,
  'number': 2467,
  'packages': ['postgresql17'],
  'priority': 0,
  'project': 'SLFO',
  'rr_number': None,
  'scminfo_SL-Micro': '8c01149e9e3e3753b9cb7f24b3340aab1b13b56026a4ae7b18a80e2c279ff5e2',
  'scminfo_SLES': '598efe651aeabc9432aeab10aacd318c6c9655028ab8a3c3fef7690161af3c08',
  'successful_packages': ['000productcompose:bci_aarch64',
                          '000productcompose:bci_ppc64le',
                          '000productcompose:bci_s390x',
                          '000productcompose:bci_x86_64',
                          '000productcompose:sle_micro_aarch64',
                          '000productcompose:sle_micro_extras_aarch64',
                          '000productcompose:sle_micro_extras_ppc64le',
                          '000productcompose:sle_micro_extras_s390x',
                          '000productcompose:sle_micro_extras_x86_64',
                          '000productcompose:sle_micro_ppc64le',
                          '000productcompose:sle_micro_s390x',
                          '000productcompose:sle_micro_x86_64',
                          '000productcompose:sles_aarch64',
                          '000productcompose:sles_ha_ppc64le',
                          '000productcompose:sles_ha_s390x',
                          '000productcompose:sles_ha_x86_64',
                          '000productcompose:sles_ppc64le',
                          '000productcompose:sles_s390x',
                          '000productcompose:sles_sap_ppc64le',
                          '000productcompose:sles_sap_x86_64',
                          '000productcompose:sles_x86_64'],
  'type': 'git',
  'url': 'https://src.suse.de/products/SLFO/pulls/2467'},
 {'approved': False,
  'channels': ['SUSE:SLFO:1.2:PullRequest:2459:SL-Micro:aarch64#6.2',
               'SUSE:SLFO:1.2:PullRequest:2459:SL-Micro:ppc64le#6.2',
               'SUSE:SLFO:1.2:PullRequest:2459:SL-Micro:s390x#6.2',
               'SUSE:SLFO:1.2:PullRequest:2459:SL-Micro:x86_64#6.2',
               'SUSE:SLFO:1.2:PullRequest:2459:SLES:aarch64#16.0',
               'SUSE:SLFO:1.2:PullRequest:2459:SLES:ppc64le#16.0',
               'SUSE:SLFO:1.2:PullRequest:2459:SLES:s390x#16.0',
               'SUSE:SLFO:1.2:PullRequest:2459:SLES:x86_64#16.0'],
  'embargoed': False,
  'emu': False,
  'failed_or_unpublished_packages': [],
  'inReview': True,
  'inReviewQAM': True,
  'isActive': True,
  'number': 2459,
  'packages': ['cpp-httplib'],
  'priority': 0,
  'project': 'SLFO',
  'rr_number': None,
  'scminfo_SL-Micro': '8c01149e9e3e3753b9cb7f24b3340aab1b13b56026a4ae7b18a80e2c279ff5e2',
  'scminfo_SLES': '3b642eb2c554dcb13724bdaf9308fac122e176b337bad68d077be69273dcb849',
  'successful_packages': ['000productcompose:bci_aarch64',
                          '000productcompose:bci_ppc64le',
                          '000productcompose:bci_s390x',
                          '000productcompose:bci_x86_64',
                          '000productcompose:sle_micro_aarch64',
                          '000productcompose:sle_micro_extras_aarch64',
                          '000productcompose:sle_micro_extras_ppc64le',
                          '000productcompose:sle_micro_extras_s390x',
                          '000productcompose:sle_micro_extras_x86_64',
                          '000productcompose:sle_micro_ppc64le',
                          '000productcompose:sle_micro_s390x',
                          '000productcompose:sle_micro_x86_64',
                          '000productcompose:sles_aarch64',
                          '000productcompose:sles_ha_ppc64le',
                          '000productcompose:sles_ha_s390x',
                          '000productcompose:sles_ha_x86_64',
                          '000productcompose:sles_ppc64le',
                          '000productcompose:sles_s390x',
                          '000productcompose:sles_sap_ppc64le',
                          '000productcompose:sles_sap_x86_64',
                          '000productcompose:sles_x86_64'],
  'type': 'git',
  'url': 'https://src.suse.de/products/SLFO/pulls/2459'},
 {'approved': True,
  'channels': ['SUSE:SLFO:1.2:PullRequest:2450:SL-Micro:aarch64#6.2',
               'SUSE:SLFO:1.2:PullRequest:2450:SL-Micro:ppc64le#6.2',
               'SUSE:SLFO:1.2:PullRequest:2450:SL-Micro:s390x#6.2',
               'SUSE:SLFO:1.2:PullRequest:2450:SL-Micro:x86_64#6.2',
               'SUSE:SLFO:1.2:PullRequest:2450:SLES:aarch64#16.0',
               'SUSE:SLFO:1.2:PullRequest:2450:SLES:ppc64le#16.0',
               'SUSE:SLFO:1.2:PullRequest:2450:SLES:s390x#16.0',
               'SUSE:SLFO:1.2:PullRequest:2450:SLES:x86_64#16.0'],
  'embargoed': False,
  'emu': False,
  'failed_or_unpublished_packages': [],
  'inReview': True,
  'inReviewQAM': False,
  'isActive': True,
  'number': 2450,
  'packages': ['fluidsynth'],
  'priority': 0,
  'project': 'SLFO',
  'rr_number': None,
  'scminfo_SL-Micro': '0ac52d9687501d80fdad1ac96e79b1c622547ec36b16c403e11fca80a650a235',
  'scminfo_SLES': '3b642eb2c554dcb13724bdaf9308fac122e176b337bad68d077be69273dcb849',
  'successful_packages': ['000productcompose:bci_aarch64',
                          '000productcompose:bci_ppc64le',
                          '000productcompose:bci_s390x',
                          '000productcompose:bci_x86_64',
                          '000productcompose:sle_micro_aarch64',
                          '000productcompose:sle_micro_extras_aarch64',
                          '000productcompose:sle_micro_extras_ppc64le',
                          '000productcompose:sle_micro_extras_s390x',
                          '000productcompose:sle_micro_extras_x86_64',
                          '000productcompose:sle_micro_ppc64le',
                          '000productcompose:sle_micro_s390x',
                          '000productcompose:sle_micro_x86_64',
                          '000productcompose:sles_aarch64',
                          '000productcompose:sles_ha_ppc64le',
                          '000productcompose:sles_ha_s390x',
                          '000productcompose:sles_ha_x86_64',
                          '000productcompose:sles_ppc64le',
                          '000productcompose:sles_s390x',
                          '000productcompose:sles_sap_ppc64le',
                          '000productcompose:sles_sap_x86_64',
                          '000productcompose:sles_x86_64'],
  'type': 'git',
  'url': 'https://src.suse.de/products/SLFO/pulls/2450'},
 {'approved': True,
  'channels': ['SUSE:SLFO:1.2:PullRequest:2462:SL-Micro:aarch64#6.2',
               'SUSE:SLFO:1.2:PullRequest:2462:SL-Micro:ppc64le#6.2',
               'SUSE:SLFO:1.2:PullRequest:2462:SL-Micro:s390x#6.2',
               'SUSE:SLFO:1.2:PullRequest:2462:SL-Micro:x86_64#6.2',
               'SUSE:SLFO:1.2:PullRequest:2462:SLES:aarch64#16.0',
               'SUSE:SLFO:1.2:PullRequest:2462:SLES:ppc64le#16.0',
               'SUSE:SLFO:1.2:PullRequest:2462:SLES:s390x#16.0',
               'SUSE:SLFO:1.2:PullRequest:2462:SLES:x86_64#16.0'],
  'embargoed': False,
  'emu': False,
  'failed_or_unpublished_packages': [],
  'inReview': True,
  'inReviewQAM': False,
  'isActive': True,
  'number': 2462,
  'packages': ['elfutils', 'elfutils:elfutils-debuginfod'],
  'priority': 0,
  'project': 'SLFO',
  'rr_number': None,
  'scminfo_SL-Micro': '8c01149e9e3e3753b9cb7f24b3340aab1b13b56026a4ae7b18a80e2c279ff5e2',
  'scminfo_SLES': '3b642eb2c554dcb13724bdaf9308fac122e176b337bad68d077be69273dcb849',
  'successful_packages': ['000productcompose:bci_aarch64',
                          '000productcompose:bci_ppc64le',
                          '000productcompose:bci_s390x',
                          '000productcompose:bci_x86_64',
                          '000productcompose:sle_micro_aarch64',
                          '000productcompose:sle_micro_extras_aarch64',
                          '000productcompose:sle_micro_extras_ppc64le',
                          '000productcompose:sle_micro_extras_s390x',
                          '000productcompose:sle_micro_extras_x86_64',
                          '000productcompose:sle_micro_ppc64le',
                          '000productcompose:sle_micro_s390x',
                          '000productcompose:sle_micro_x86_64',
                          '000productcompose:sles_aarch64',
                          '000productcompose:sles_ha_ppc64le',
                          '000productcompose:sles_ha_s390x',
                          '000productcompose:sles_ha_x86_64',
                          '000productcompose:sles_ppc64le',
                          '000productcompose:sles_s390x',
                          '000productcompose:sles_sap_ppc64le',
                          '000productcompose:sles_sap_x86_64',
                          '000productcompose:sles_x86_64'],
  'type': 'git',
  'url': 'https://src.suse.de/products/SLFO/pulls/2462'},
 {'approved': True,
  'channels': ['SUSE:SLFO:1.2:PullRequest:2439:SL-Micro:aarch64#6.2',
               'SUSE:SLFO:1.2:PullRequest:2439:SL-Micro:ppc64le#6.2',
               'SUSE:SLFO:1.2:PullRequest:2439:SL-Micro:s390x#6.2',
               'SUSE:SLFO:1.2:PullRequest:2439:SL-Micro:x86_64#6.2',
               'SUSE:SLFO:1.2:PullRequest:2439:SLES:aarch64#16.0',
               'SUSE:SLFO:1.2:PullRequest:2439:SLES:ppc64le#16.0',
               'SUSE:SLFO:1.2:PullRequest:2439:SLES:s390x#16.0',
               'SUSE:SLFO:1.2:PullRequest:2439:SLES:x86_64#16.0'],
  'embargoed': False,
  'emu': False,
  'failed_or_unpublished_packages': [],
  'inReview': True,
  'inReviewQAM': False,
  'isActive': True,
  'number': 2439,
  'packages': ['libxml2', 'libxml2:python', 'libxslt'],
  'priority': 0,
  'project': 'SLFO',
  'rr_number': None,
  'scminfo_SL-Micro': '0ac52d9687501d80fdad1ac96e79b1c622547ec36b16c403e11fca80a650a235',
  'scminfo_SLES': '3b642eb2c554dcb13724bdaf9308fac122e176b337bad68d077be69273dcb849',
  'successful_packages': ['000productcompose:bci_aarch64',
                          '000productcompose:bci_ppc64le',
                          '000productcompose:bci_s390x',
                          '000productcompose:bci_x86_64',
                          '000productcompose:sle_micro_aarch64',
                          '000productcompose:sle_micro_extras_aarch64',
                          '000productcompose:sle_micro_extras_ppc64le',
                          '000productcompose:sle_micro_extras_s390x',
                          '000productcompose:sle_micro_extras_x86_64',
                          '000productcompose:sle_micro_ppc64le',
                          '000productcompose:sle_micro_s390x',
                          '000productcompose:sle_micro_x86_64',
                          '000productcompose:sles_aarch64',
                          '000productcompose:sles_ha_ppc64le',
                          '000productcompose:sles_ha_s390x',
                          '000productcompose:sles_ha_x86_64',
                          '000productcompose:sles_ppc64le',
                          '000productcompose:sles_s390x',
                          '000productcompose:sles_sap_ppc64le',
                          '000productcompose:sles_sap_x86_64',
                          '000productcompose:sles_x86_64'],
  'type': 'git',
  'url': 'https://src.suse.de/products/SLFO/pulls/2439'},
 {'approved': True,
  'channels': ['SUSE:SLFO:1.2:PullRequest:2558:SL-Micro:aarch64#6.2',
               'SUSE:SLFO:1.2:PullRequest:2558:SL-Micro:ppc64le#6.2',
               'SUSE:SLFO:1.2:PullRequest:2558:SL-Micro:s390x#6.2',
               'SUSE:SLFO:1.2:PullRequest:2558:SL-Micro:x86_64#6.2',
               'SUSE:SLFO:1.2:PullRequest:2558:SLES:aarch64#16.0',
               'SUSE:SLFO:1.2:PullRequest:2558:SLES:ppc64le#16.0',
               'SUSE:SLFO:1.2:PullRequest:2558:SLES:s390x#16.0',
               'SUSE:SLFO:1.2:PullRequest:2558:SLES:x86_64#16.0'],
  'embargoed': False,
  'emu': False,
  'failed_or_unpublished_packages': [],
  'inReview': True,
  'inReviewQAM': False,
  'isActive': True,
  'number': 2558,
  'packages': ['lifecycle-data-sle-module-live-patching'],
  'priority': 0,
  'project': 'SLFO',
  'rr_number': None,
  'scminfo_SL-Micro': '712daaee4b1d51e3201dda191c9f0ba0bf159c9d437d7c2deb365a78e066396b',
  'scminfo_SLES': '124d97d3365f6e91b5cb31000f9e1ef31c3fc242e1201ad6b6561ea0f99531a6',
  'successful_packages': ['000productcompose:bci_aarch64',
                          '000productcompose:bci_ppc64le',
                          '000productcompose:bci_s390x',
                          '000productcompose:bci_x86_64',
                          '000productcompose:sle_micro_aarch64',
                          '000productcompose:sle_micro_extras_aarch64',
                          '000productcompose:sle_micro_extras_ppc64le',
                          '000productcompose:sle_micro_extras_s390x',
                          '000productcompose:sle_micro_extras_x86_64',
                          '000productcompose:sle_micro_ppc64le',
                          '000productcompose:sle_micro_s390x',
                          '000productcompose:sle_micro_x86_64',
                          '000productcompose:sles_aarch64',
                          '000productcompose:sles_ha_ppc64le',
                          '000productcompose:sles_ha_s390x',
                          '000productcompose:sles_ha_x86_64',
                          '000productcompose:sles_ppc64le',
                          '000productcompose:sles_s390x',
                          '000productcompose:sles_sap_ppc64le',
                          '000productcompose:sles_sap_x86_64',
                          '000productcompose:sles_x86_64'],
  'type': 'git',
  'url': 'https://src.suse.de/products/SLFO/pulls/2558'},
 {'approved': True,
  'channels': ['SUSE:SLFO:1.2:PullRequest:2534:SL-Micro:aarch64#6.2',
               'SUSE:SLFO:1.2:PullRequest:2534:SL-Micro:ppc64le#6.2',
               'SUSE:SLFO:1.2:PullRequest:2534:SL-Micro:s390x#6.2',
               'SUSE:SLFO:1.2:PullRequest:2534:SL-Micro:x86_64#6.2',
               'SUSE:SLFO:1.2:PullRequest:2534:SLES:aarch64#16.0',
               'SUSE:SLFO:1.2:PullRequest:2534:SLES:ppc64le#16.0',
               'SUSE:SLFO:1.2:PullRequest:2534:SLES:s390x#16.0',
               'SUSE:SLFO:1.2:PullRequest:2534:SLES:x86_64#16.0'],
  'embargoed': False,
  'emu': False,
  'failed_or_unpublished_packages': [],
  'inReview': True,
  'inReviewQAM': False,
  'isActive': True,
  'number': 2534,
  'packages': ['amazon-ssm-agent'],
  'priority': 0,
  'project': 'SLFO',
  'rr_number': None,
  'scminfo_SL-Micro': '7799d83f6df81b0bf010346987a8b3a65d9563094913e63d90ae6ad2039f80e0',
  'scminfo_SLES': 'c2778fc675c4764b2e08ef17ff51395c680c492e9583e0f9cccbdacc8d3e6ed2',
  'successful_packages': ['000productcompose:bci_aarch64',
                          '000productcompose:bci_ppc64le',
                          '000productcompose:bci_s390x',
                          '000productcompose:bci_x86_64',
                          '000productcompose:sle_micro_aarch64',
                          '000productcompose:sle_micro_extras_aarch64',
                          '000productcompose:sle_micro_extras_ppc64le',
                          '000productcompose:sle_micro_extras_s390x',
                          '000productcompose:sle_micro_extras_x86_64',
                          '000productcompose:sle_micro_ppc64le',
                          '000productcompose:sle_micro_s390x',
                          '000productcompose:sle_micro_x86_64',
                          '000productcompose:sles_aarch64',
                          '000productcompose:sles_ha_ppc64le',
                          '000productcompose:sles_ha_s390x',
                          '000productcompose:sles_ha_x86_64',
                          '000productcompose:sles_ppc64le',
                          '000productcompose:sles_s390x',
                          '000productcompose:sles_sap_ppc64le',
                          '000productcompose:sles_sap_x86_64',
                          '000productcompose:sles_x86_64'],
  'type': 'git',
  'url': 'https://src.suse.de/products/SLFO/pulls/2534'},
 {'approved': True,
  'channels': ['SUSE:SLFO:1.2:PullRequest:2408:SL-Micro:aarch64#6.2',
               'SUSE:SLFO:1.2:PullRequest:2408:SL-Micro:ppc64le#6.2',
               'SUSE:SLFO:1.2:PullRequest:2408:SL-Micro:s390x#6.2',
               'SUSE:SLFO:1.2:PullRequest:2408:SL-Micro:x86_64#6.2',
               'SUSE:SLFO:1.2:PullRequest:2408:SLES:aarch64#16.0',
               'SUSE:SLFO:1.2:PullRequest:2408:SLES:ppc64le#16.0',
               'SUSE:SLFO:1.2:PullRequest:2408:SLES:s390x#16.0',
               'SUSE:SLFO:1.2:PullRequest:2408:SLES:x86_64#16.0'],
  'embargoed': False,
  'emu': False,
  'failed_or_unpublished_packages': [],
  'inReview': True,
  'inReviewQAM': False,
  'isActive': True,
  'number': 2408,
  'packages': ['syslogd'],
  'priority': 0,
  'project': 'SLFO',
  'rr_number': None,
  'scminfo_SL-Micro': '0ac52d9687501d80fdad1ac96e79b1c622547ec36b16c403e11fca80a650a235',
  'scminfo_SLES': '8c8501f6afa5fa5519440cde064268acd1207785b950645d45ac3c691485f192',
  'successful_packages': ['000productcompose:bci_aarch64',
                          '000productcompose:bci_ppc64le',
                          '000productcompose:bci_s390x',
                          '000productcompose:bci_x86_64',
                          '000productcompose:sle_micro_aarch64',
                          '000productcompose:sle_micro_extras_aarch64',
                          '000productcompose:sle_micro_extras_ppc64le',
                          '000productcompose:sle_micro_extras_s390x',
                          '000productcompose:sle_micro_extras_x86_64',
                          '000productcompose:sle_micro_ppc64le',
                          '000productcompose:sle_micro_s390x',
                          '000productcompose:sle_micro_x86_64',
                          '000productcompose:sles_aarch64',
                          '000productcompose:sles_ha_ppc64le',
                          '000productcompose:sles_ha_s390x',
                          '000productcompose:sles_ha_x86_64',
                          '000productcompose:sles_ppc64le',
                          '000productcompose:sles_s390x',
                          '000productcompose:sles_sap_ppc64le',
                          '000productcompose:sles_sap_x86_64',
                          '000productcompose:sles_x86_64'],
  'type': 'git',
  'url': 'https://src.suse.de/products/SLFO/pulls/2408'},
 {'approved': False,
  'channels': ['SUSE:SLFO:1.2:PullRequest:2365:SL-Micro:aarch64#6.2',
               'SUSE:SLFO:1.2:PullRequest:2365:SL-Micro:ppc64le#6.2',
               'SUSE:SLFO:1.2:PullRequest:2365:SL-Micro:s390x#6.2',
               'SUSE:SLFO:1.2:PullRequest:2365:SL-Micro:x86_64#6.2',
               'SUSE:SLFO:1.2:PullRequest:2365:SLES:aarch64#16.0',
               'SUSE:SLFO:1.2:PullRequest:2365:SLES:ppc64le#16.0',
               'SUSE:SLFO:1.2:PullRequest:2365:SLES:s390x#16.0',
               'SUSE:SLFO:1.2:PullRequest:2365:SLES:x86_64#16.0'],
  'embargoed': False,
  'emu': False,
  'failed_or_unpublished_packages': [],
  'inReview': True,
  'inReviewQAM': True,
  'isActive': True,
  'number': 2365,
  'packages': ['libzpc'],
  'priority': 0,
  'project': 'SLFO',
  'rr_number': None,
  'scminfo_SL-Micro': '1073f95e3009839096796fe276454b06e5fdc49721ca1c8650b822f94ea81939',
  'scminfo_SLES': 'eb0ced7a9105038c710b9035e5183abc3876bacb22610e2eeca4a9f755954b97',
  'successful_packages': ['000productcompose:bci_aarch64',
                          '000productcompose:bci_ppc64le',
                          '000productcompose:bci_s390x',
                          '000productcompose:bci_x86_64',
                          '000productcompose:sle_micro_aarch64',
                          '000productcompose:sle_micro_extras_aarch64',
                          '000productcompose:sle_micro_extras_ppc64le',
                          '000productcompose:sle_micro_extras_s390x',
                          '000productcompose:sle_micro_extras_x86_64',
                          '000productcompose:sle_micro_ppc64le',
                          '000productcompose:sle_micro_s390x',
                          '000productcompose:sle_micro_x86_64',
                          '000productcompose:sles_aarch64',
                          '000productcompose:sles_ha_ppc64le',
                          '000productcompose:sles_ha_s390x',
                          '000productcompose:sles_ha_x86_64',
                          '000productcompose:sles_ppc64le',
                          '000productcompose:sles_s390x',
                          '000productcompose:sles_sap_ppc64le',
                          '000productcompose:sles_sap_x86_64',
                          '000productcompose:sles_x86_64'],
  'type': 'git',
  'url': 'https://src.suse.de/products/SLFO/pulls/2365'},
 {'approved': True,
  'channels': ['SUSE:SLFO:1.2:PullRequest:2373:SL-Micro:aarch64#6.2',
               'SUSE:SLFO:1.2:PullRequest:2373:SL-Micro:ppc64le#6.2',
               'SUSE:SLFO:1.2:PullRequest:2373:SL-Micro:s390x#6.2',
               'SUSE:SLFO:1.2:PullRequest:2373:SL-Micro:x86_64#6.2',
               'SUSE:SLFO:1.2:PullRequest:2373:SLES:aarch64#16.0',
               'SUSE:SLFO:1.2:PullRequest:2373:SLES:ppc64le#16.0',
               'SUSE:SLFO:1.2:PullRequest:2373:SLES:s390x#16.0',
               'SUSE:SLFO:1.2:PullRequest:2373:SLES:x86_64#16.0'],
  'embargoed': False,
  'emu': False,
  'failed_or_unpublished_packages': [],
  'inReview': True,
  'inReviewQAM': False,
  'isActive': True,
  'number': 2373,
  'packages': ['libnvme'],
  'priority': 0,
  'project': 'SLFO',
  'rr_number': None,
  'scminfo_SL-Micro': '1073f95e3009839096796fe276454b06e5fdc49721ca1c8650b822f94ea81939',
  'scminfo_SLES': 'eb0ced7a9105038c710b9035e5183abc3876bacb22610e2eeca4a9f755954b97',
  'successful_packages': ['000productcompose:bci_aarch64',
                          '000productcompose:bci_ppc64le',
                          '000productcompose:bci_s390x',
                          '000productcompose:bci_x86_64',
                          '000productcompose:sle_micro_aarch64',
                          '000productcompose:sle_micro_extras_aarch64',
                          '000productcompose:sle_micro_extras_ppc64le',
                          '000productcompose:sle_micro_extras_s390x',
                          '000productcompose:sle_micro_extras_x86_64',
                          '000productcompose:sle_micro_ppc64le',
                          '000productcompose:sle_micro_s390x',
                          '000productcompose:sle_micro_x86_64',
                          '000productcompose:sles_aarch64',
                          '000productcompose:sles_ha_ppc64le',
                          '000productcompose:sles_ha_s390x',
                          '000productcompose:sles_ha_x86_64',
                          '000productcompose:sles_ppc64le',
                          '000productcompose:sles_s390x',
                          '000productcompose:sles_sap_ppc64le',
                          '000productcompose:sles_sap_x86_64',
                          '000productcompose:sles_x86_64'],
  'type': 'git',
  'url': 'https://src.suse.de/products/SLFO/pulls/2373'},
 {'approved': False,
  'channels': ['SUSE:SLFO:1.2:PullRequest:2424:SL-Micro:aarch64#6.2',
               'SUSE:SLFO:1.2:PullRequest:2424:SL-Micro:ppc64le#6.2',
               'SUSE:SLFO:1.2:PullRequest:2424:SL-Micro:s390x#6.2',
               'SUSE:SLFO:1.2:PullRequest:2424:SL-Micro:x86_64#6.2',
               'SUSE:SLFO:1.2:PullRequest:2424:SLES:aarch64#16.0',
               'SUSE:SLFO:1.2:PullRequest:2424:SLES:ppc64le#16.0',
               'SUSE:SLFO:1.2:PullRequest:2424:SLES:s390x#16.0',
               'SUSE:SLFO:1.2:PullRequest:2424:SLES:x86_64#16.0'],
  'embargoed': False,
  'emu': False,
  'failed_or_unpublished_packages': [],
  'inReview': True,
  'inReviewQAM': True,
  'isActive': True,
  'number': 2424,
  'packages': ['gnome-remote-desktop'],
  'priority': 0,
  'project': 'SLFO',
  'rr_number': None,
  'scminfo_SL-Micro': '0ac52d9687501d80fdad1ac96e79b1c622547ec36b16c403e11fca80a650a235',
  'scminfo_SLES': 'a109ef3c074c1ef675591bd320ff73a8c9853d3096301df06aac8b28e3026fdc',
  'successful_packages': ['000productcompose:bci_aarch64',
                          '000productcompose:bci_ppc64le',
                          '000productcompose:bci_s390x',
                          '000productcompose:bci_x86_64',
                          '000productcompose:sle_micro_aarch64',
                          '000productcompose:sle_micro_extras_aarch64',
                          '000productcompose:sle_micro_extras_ppc64le',
                          '000productcompose:sle_micro_extras_s390x',
                          '000productcompose:sle_micro_extras_x86_64',
                          '000productcompose:sle_micro_ppc64le',
                          '000productcompose:sle_micro_s390x',
                          '000productcompose:sle_micro_x86_64',
                          '000productcompose:sles_aarch64',
                          '000productcompose:sles_ha_ppc64le',
                          '000productcompose:sles_ha_s390x',
                          '000productcompose:sles_ha_x86_64',
                          '000productcompose:sles_ppc64le',
                          '000productcompose:sles_s390x',
                          '000productcompose:sles_sap_ppc64le',
                          '000productcompose:sles_sap_x86_64',
                          '000productcompose:sles_x86_64'],
  'type': 'git',
  'url': 'https://src.suse.de/products/SLFO/pulls/2424'},
 {'approved': True,
  'channels': ['SUSE:SLFO:1.2:PullRequest:2416:SL-Micro:aarch64#6.2',
               'SUSE:SLFO:1.2:PullRequest:2416:SL-Micro:ppc64le#6.2',
               'SUSE:SLFO:1.2:PullRequest:2416:SL-Micro:s390x#6.2',
               'SUSE:SLFO:1.2:PullRequest:2416:SL-Micro:x86_64#6.2',
               'SUSE:SLFO:1.2:PullRequest:2416:SLES:aarch64#16.0',
               'SUSE:SLFO:1.2:PullRequest:2416:SLES:ppc64le#16.0',
               'SUSE:SLFO:1.2:PullRequest:2416:SLES:s390x#16.0',
               'SUSE:SLFO:1.2:PullRequest:2416:SLES:x86_64#16.0'],
  'embargoed': False,
  'emu': False,
  'failed_or_unpublished_packages': [],
  'inReview': True,
  'inReviewQAM': False,
  'isActive': True,
  'number': 2416,
  'packages': ['plymouth'],
  'priority': 0,
  'project': 'SLFO',
  'rr_number': None,
  'scminfo_SL-Micro': '0ac52d9687501d80fdad1ac96e79b1c622547ec36b16c403e11fca80a650a235',
  'scminfo_SLES': 'a109ef3c074c1ef675591bd320ff73a8c9853d3096301df06aac8b28e3026fdc',
  'successful_packages': ['000productcompose:bci_aarch64',
                          '000productcompose:bci_ppc64le',
                          '000productcompose:bci_s390x',
                          '000productcompose:bci_x86_64',
                          '000productcompose:sle_micro_aarch64',
                          '000productcompose:sle_micro_extras_aarch64',
                          '000productcompose:sle_micro_extras_ppc64le',
                          '000productcompose:sle_micro_extras_s390x',
                          '000productcompose:sle_micro_extras_x86_64',
                          '000productcompose:sle_micro_ppc64le',
                          '000productcompose:sle_micro_s390x',
                          '000productcompose:sle_micro_x86_64',
                          '000productcompose:sles_aarch64',
                          '000productcompose:sles_ha_ppc64le',
                          '000productcompose:sles_ha_s390x',
                          '000productcompose:sles_ha_x86_64',
                          '000productcompose:sles_ppc64le',
                          '000productcompose:sles_s390x',
                          '000productcompose:sles_sap_ppc64le',
                          '000productcompose:sles_sap_x86_64',
                          '000productcompose:sles_x86_64'],
  'type': 'git',
  'url': 'https://src.suse.de/products/SLFO/pulls/2416'},
 {'approved': True,
  'channels': ['SUSE:SLFO:1.2:PullRequest:2337:SL-Micro:aarch64#6.2',
               'SUSE:SLFO:1.2:PullRequest:2337:SL-Micro:ppc64le#6.2',
               'SUSE:SLFO:1.2:PullRequest:2337:SL-Micro:s390x#6.2',
               'SUSE:SLFO:1.2:PullRequest:2337:SL-Micro:x86_64#6.2',
               'SUSE:SLFO:1.2:PullRequest:2337:SLES:aarch64#16.0',
               'SUSE:SLFO:1.2:PullRequest:2337:SLES:ppc64le#16.0',
               'SUSE:SLFO:1.2:PullRequest:2337:SLES:s390x#16.0',
               'SUSE:SLFO:1.2:PullRequest:2337:SLES:x86_64#16.0'],
  'embargoed': False,
  'emu': False,
  'failed_or_unpublished_packages': [],
  'inReview': True,
  'inReviewQAM': False,
  'isActive': True,
  'number': 2337,
  'packages': ['aaa_base'],
  'priority': 0,
  'project': 'SLFO',
  'rr_number': None,
  'scminfo_SL-Micro': '1073f95e3009839096796fe276454b06e5fdc49721ca1c8650b822f94ea81939',
  'scminfo_SLES': '50b5057624cc87ea9dc42f0e1d10e775b24b803ec577fedf54ea15d27ba3bce4',
  'successful_packages': ['000productcompose:bci_aarch64',
                          '000productcompose:bci_ppc64le',
                          '000productcompose:bci_s390x',
                          '000productcompose:bci_x86_64',
                          '000productcompose:sle_micro_aarch64',
                          '000productcompose:sle_micro_extras_aarch64',
                          '000productcompose:sle_micro_extras_ppc64le',
                          '000productcompose:sle_micro_extras_s390x',
                          '000productcompose:sle_micro_extras_x86_64',
                          '000productcompose:sle_micro_ppc64le',
                          '000productcompose:sle_micro_s390x',
                          '000productcompose:sle_micro_x86_64',
                          '000productcompose:sles_aarch64',
                          '000productcompose:sles_ha_ppc64le',
                          '000productcompose:sles_ha_s390x',
                          '000productcompose:sles_ha_x86_64',
                          '000productcompose:sles_ppc64le',
                          '000productcompose:sles_s390x',
                          '000productcompose:sles_sap_ppc64le',
                          '000productcompose:sles_sap_x86_64',
                          '000productcompose:sles_x86_64'],
  'type': 'git',
  'url': 'https://src.suse.de/products/SLFO/pulls/2337'},
 {'approved': True,
  'channels': ['SUSE:SLFO:1.2:PullRequest:2367:SL-Micro:aarch64#6.2',
               'SUSE:SLFO:1.2:PullRequest:2367:SL-Micro:ppc64le#6.2',
               'SUSE:SLFO:1.2:PullRequest:2367:SL-Micro:s390x#6.2',
               'SUSE:SLFO:1.2:PullRequest:2367:SL-Micro:x86_64#6.2',
               'SUSE:SLFO:1.2:PullRequest:2367:SLES:aarch64#16.0',
               'SUSE:SLFO:1.2:PullRequest:2367:SLES:ppc64le#16.0',
               'SUSE:SLFO:1.2:PullRequest:2367:SLES:s390x#16.0',
               'SUSE:SLFO:1.2:PullRequest:2367:SLES:x86_64#16.0'],
  'embargoed': False,
  'emu': False,
  'failed_or_unpublished_packages': [],
  'inReview': True,
  'inReviewQAM': False,
  'isActive': True,
  'number': 2367,
  'packages': ['suse-kabi-tools'],
  'priority': 0,
  'project': 'SLFO',
  'rr_number': None,
  'scminfo_SL-Micro': '1073f95e3009839096796fe276454b06e5fdc49721ca1c8650b822f94ea81939',
  'scminfo_SLES': 'eb0ced7a9105038c710b9035e5183abc3876bacb22610e2eeca4a9f755954b97',
  'successful_packages': ['000productcompose:bci_aarch64',
                          '000productcompose:bci_ppc64le',
                          '000productcompose:bci_s390x',
                          '000productcompose:bci_x86_64',
                          '000productcompose:sle_micro_aarch64',
                          '000productcompose:sle_micro_extras_aarch64',
                          '000productcompose:sle_micro_extras_ppc64le',
                          '000productcompose:sle_micro_extras_s390x',
                          '000productcompose:sle_micro_extras_x86_64',
                          '000productcompose:sle_micro_ppc64le',
                          '000productcompose:sle_micro_s390x',
                          '000productcompose:sle_micro_x86_64',
                          '000productcompose:sles_aarch64',
                          '000productcompose:sles_ha_ppc64le',
                          '000productcompose:sles_ha_s390x',
                          '000productcompose:sles_ha_x86_64',
                          '000productcompose:sles_ppc64le',
                          '000productcompose:sles_s390x',
                          '000productcompose:sles_sap_ppc64le',
                          '000productcompose:sles_sap_x86_64',
                          '000productcompose:sles_x86_64'],
  'type': 'git',
  'url': 'https://src.suse.de/products/SLFO/pulls/2367'},
 {'approved': True,
  'channels': ['SUSE:SLFO:1.2:PullRequest:2317:SL-Micro:aarch64#6.2',
               'SUSE:SLFO:1.2:PullRequest:2317:SL-Micro:ppc64le#6.2',
               'SUSE:SLFO:1.2:PullRequest:2317:SL-Micro:s390x#6.2',
               'SUSE:SLFO:1.2:PullRequest:2317:SL-Micro:x86_64#6.2',
               'SUSE:SLFO:1.2:PullRequest:2317:SLES:aarch64#16.0',
               'SUSE:SLFO:1.2:PullRequest:2317:SLES:ppc64le#16.0',
               'SUSE:SLFO:1.2:PullRequest:2317:SLES:s390x#16.0',
               'SUSE:SLFO:1.2:PullRequest:2317:SLES:x86_64#16.0'],
  'embargoed': False,
  'emu': False,
  'failed_or_unpublished_packages': [],
  'inReview': True,
  'inReviewQAM': False,
  'isActive': True,
  'number': 2317,
  'packages': ['libpinyin'],
  'priority': 0,
  'project': 'SLFO',
  'rr_number': None,
  'scminfo_SL-Micro': '1073f95e3009839096796fe276454b06e5fdc49721ca1c8650b822f94ea81939',
  'scminfo_SLES': 'b91cbeaec67e3f5396343949314b3da79b87bf4025fe10a978943bbedc70d2e9',
  'successful_packages': ['000productcompose:bci_aarch64',
                          '000productcompose:bci_ppc64le',
                          '000productcompose:bci_s390x',
                          '000productcompose:bci_x86_64',
                          '000productcompose:sle_micro_aarch64',
                          '000productcompose:sle_micro_extras_aarch64',
                          '000productcompose:sle_micro_extras_ppc64le',
                          '000productcompose:sle_micro_extras_s390x',
                          '000productcompose:sle_micro_extras_x86_64',
                          '000productcompose:sle_micro_ppc64le',
                          '000productcompose:sle_micro_s390x',
                          '000productcompose:sle_micro_x86_64',
                          '000productcompose:sles_aarch64',
                          '000productcompose:sles_ha_ppc64le',
                          '000productcompose:sles_ha_s390x',
                          '000productcompose:sles_ha_x86_64',
                          '000productcompose:sles_ppc64le',
                          '000productcompose:sles_s390x',
                          '000productcompose:sles_sap_ppc64le',
                          '000productcompose:sles_sap_x86_64',
                          '000productcompose:sles_x86_64'],
  'type': 'git',
  'url': 'https://src.suse.de/products/SLFO/pulls/2317'},
 {'approved': False,
  'channels': ['SUSE:SLFO:1.2:PullRequest:2283:SL-Micro:aarch64#6.2',
               'SUSE:SLFO:1.2:PullRequest:2283:SL-Micro:ppc64le#6.2',
               'SUSE:SLFO:1.2:PullRequest:2283:SL-Micro:s390x#6.2',
               'SUSE:SLFO:1.2:PullRequest:2283:SL-Micro:x86_64#6.2',
               'SUSE:SLFO:1.2:PullRequest:2283:SLES:aarch64#16.0',
               'SUSE:SLFO:1.2:PullRequest:2283:SLES:ppc64le#16.0',
               'SUSE:SLFO:1.2:PullRequest:2283:SLES:s390x#16.0',
               'SUSE:SLFO:1.2:PullRequest:2283:SLES:x86_64#16.0'],
  'embargoed': False,
  'emu': False,
  'failed_or_unpublished_packages': [],
  'inReview': True,
  'inReviewQAM': True,
  'isActive': True,
  'number': 2283,
  'packages': ['open-vm-tools'],
  'priority': 0,
  'project': 'SLFO',
  'rr_number': None,
  'scminfo_SL-Micro': '1073f95e3009839096796fe276454b06e5fdc49721ca1c8650b822f94ea81939',
  'scminfo_SLES': 'b91cbeaec67e3f5396343949314b3da79b87bf4025fe10a978943bbedc70d2e9',
  'successful_packages': ['000productcompose:bci_aarch64',
                          '000productcompose:bci_ppc64le',
                          '000productcompose:bci_s390x',
                          '000productcompose:bci_x86_64',
                          '000productcompose:sle_micro_aarch64',
                          '000productcompose:sle_micro_extras_aarch64',
                          '000productcompose:sle_micro_extras_ppc64le',
                          '000productcompose:sle_micro_extras_s390x',
                          '000productcompose:sle_micro_extras_x86_64',
                          '000productcompose:sle_micro_ppc64le',
                          '000productcompose:sle_micro_s390x',
                          '000productcompose:sle_micro_x86_64',
                          '000productcompose:sles_aarch64',
                          '000productcompose:sles_ha_ppc64le',
                          '000productcompose:sles_ha_s390x',
                          '000productcompose:sles_ha_x86_64',
                          '000productcompose:sles_ppc64le',
                          '000productcompose:sles_s390x',
                          '000productcompose:sles_sap_ppc64le',
                          '000productcompose:sles_sap_x86_64',
                          '000productcompose:sles_x86_64'],
  'type': 'git',
  'url': 'https://src.suse.de/products/SLFO/pulls/2283'},
 {'approved': True,
  'channels': ['SUSE:SLFO:1.2:PullRequest:2281:SL-Micro:aarch64#6.2',
               'SUSE:SLFO:1.2:PullRequest:2281:SL-Micro:ppc64le#6.2',
               'SUSE:SLFO:1.2:PullRequest:2281:SL-Micro:s390x#6.2',
               'SUSE:SLFO:1.2:PullRequest:2281:SL-Micro:x86_64#6.2',
               'SUSE:SLFO:1.2:PullRequest:2281:SLES:aarch64#16.0',
               'SUSE:SLFO:1.2:PullRequest:2281:SLES:ppc64le#16.0',
               'SUSE:SLFO:1.2:PullRequest:2281:SLES:s390x#16.0',
               'SUSE:SLFO:1.2:PullRequest:2281:SLES:x86_64#16.0'],
  'embargoed': False,
  'emu': False,
  'failed_or_unpublished_packages': [],
  'inReview': True,
  'inReviewQAM': False,
  'isActive': True,
  'number': 2281,
  'packages': ['read-only-root-fs'],
  'priority': 0,
  'project': 'SLFO',
  'rr_number': None,
  'scminfo_SL-Micro': '1073f95e3009839096796fe276454b06e5fdc49721ca1c8650b822f94ea81939',
  'scminfo_SLES': '98349b20a9c7264d3983ba559e56a4213e1fcecdcd8974ec4ed859e5e052853d',
  'successful_packages': ['000productcompose:bci_aarch64',
                          '000productcompose:bci_ppc64le',
                          '000productcompose:bci_s390x',
                          '000productcompose:bci_x86_64',
                          '000productcompose:sle_micro_aarch64',
                          '000productcompose:sle_micro_extras_aarch64',
                          '000productcompose:sle_micro_extras_ppc64le',
                          '000productcompose:sle_micro_extras_s390x',
                          '000productcompose:sle_micro_extras_x86_64',
                          '000productcompose:sle_micro_ppc64le',
                          '000productcompose:sle_micro_s390x',
                          '000productcompose:sle_micro_x86_64',
                          '000productcompose:sles_aarch64',
                          '000productcompose:sles_ha_ppc64le',
                          '000productcompose:sles_ha_s390x',
                          '000productcompose:sles_ha_x86_64',
                          '000productcompose:sles_ppc64le',
                          '000productcompose:sles_s390x',
                          '000productcompose:sles_sap_ppc64le',
                          '000productcompose:sles_sap_x86_64',
                          '000productcompose:sles_x86_64'],
  'type': 'git',
  'url': 'https://src.suse.de/products/SLFO/pulls/2281'},
 {'approved': False,
  'channels': ['SUSE:SLFO:1.2:PullRequest:2267:SL-Micro:aarch64#6.2',
               'SUSE:SLFO:1.2:PullRequest:2267:SL-Micro:ppc64le#6.2',
               'SUSE:SLFO:1.2:PullRequest:2267:SL-Micro:s390x#6.2',
               'SUSE:SLFO:1.2:PullRequest:2267:SL-Micro:x86_64#6.2',
               'SUSE:SLFO:1.2:PullRequest:2267:SLES:aarch64#16.0',
               'SUSE:SLFO:1.2:PullRequest:2267:SLES:ppc64le#16.0',
               'SUSE:SLFO:1.2:PullRequest:2267:SLES:s390x#16.0',
               'SUSE:SLFO:1.2:PullRequest:2267:SLES:x86_64#16.0'],
  'embargoed': False,
  'emu': False,
  'failed_or_unpublished_packages': [],
  'inReview': True,
  'inReviewQAM': True,
  'isActive': True,
  'number': 2267,
  'packages': ['openssl-3'],
  'priority': 0,
  'project': 'SLFO',
  'rr_number': None,
  'scminfo_SL-Micro': '1073f95e3009839096796fe276454b06e5fdc49721ca1c8650b822f94ea81939',
  'scminfo_SLES': '98349b20a9c7264d3983ba559e56a4213e1fcecdcd8974ec4ed859e5e052853d',
  'successful_packages': ['000productcompose:bci_aarch64',
                          '000productcompose:bci_ppc64le',
                          '000productcompose:bci_s390x',
                          '000productcompose:bci_x86_64',
                          '000productcompose:sle_micro_aarch64',
                          '000productcompose:sle_micro_extras_aarch64',
                          '000productcompose:sle_micro_extras_ppc64le',
                          '000productcompose:sle_micro_extras_s390x',
                          '000productcompose:sle_micro_extras_x86_64',
                          '000productcompose:sle_micro_ppc64le',
                          '000productcompose:sle_micro_s390x',
                          '000productcompose:sle_micro_x86_64',
                          '000productcompose:sles_aarch64',
                          '000productcompose:sles_ha_ppc64le',
                          '000productcompose:sles_ha_s390x',
                          '000productcompose:sles_ha_x86_64',
                          '000productcompose:sles_ppc64le',
                          '000productcompose:sles_s390x',
                          '000productcompose:sles_sap_ppc64le',
                          '000productcompose:sles_sap_x86_64',
                          '000productcompose:sles_x86_64'],
  'type': 'git',
  'url': 'https://src.suse.de/products/SLFO/pulls/2267'},
 {'approved': False,
  'channels': ['SUSE:SLFO:1.2:PullRequest:2265:SL-Micro:aarch64#6.2',
               'SUSE:SLFO:1.2:PullRequest:2265:SL-Micro:ppc64le#6.2',
               'SUSE:SLFO:1.2:PullRequest:2265:SL-Micro:s390x#6.2',
               'SUSE:SLFO:1.2:PullRequest:2265:SL-Micro:x86_64#6.2',
               'SUSE:SLFO:1.2:PullRequest:2265:SLES:aarch64#16.0',
               'SUSE:SLFO:1.2:PullRequest:2265:SLES:ppc64le#16.0',
               'SUSE:SLFO:1.2:PullRequest:2265:SLES:s390x#16.0',
               'SUSE:SLFO:1.2:PullRequest:2265:SLES:x86_64#16.0'],
  'embargoed': False,
  'emu': False,
  'failed_or_unpublished_packages': [],
  'inReview': True,
  'inReviewQAM': True,
  'isActive': True,
  'number': 2265,
  'packages': ['libsoup2'],
  'priority': 0,
  'project': 'SLFO',
  'rr_number': None,
  'scminfo_SL-Micro': '1073f95e3009839096796fe276454b06e5fdc49721ca1c8650b822f94ea81939',
  'scminfo_SLES': '98349b20a9c7264d3983ba559e56a4213e1fcecdcd8974ec4ed859e5e052853d',
  'successful_packages': ['000productcompose:bci_aarch64',
                          '000productcompose:bci_ppc64le',
                          '000productcompose:bci_s390x',
                          '000productcompose:bci_x86_64',
                          '000productcompose:sle_micro_aarch64',
                          '000productcompose:sle_micro_extras_aarch64',
                          '000productcompose:sle_micro_extras_ppc64le',
                          '000productcompose:sle_micro_extras_s390x',
                          '000productcompose:sle_micro_extras_x86_64',
                          '000productcompose:sle_micro_ppc64le',
                          '000productcompose:sle_micro_s390x',
                          '000productcompose:sle_micro_x86_64',
                          '000productcompose:sles_aarch64',
                          '000productcompose:sles_ha_ppc64le',
                          '000productcompose:sles_ha_s390x',
                          '000productcompose:sles_ha_x86_64',
                          '000productcompose:sles_ppc64le',
                          '000productcompose:sles_s390x',
                          '000productcompose:sles_sap_ppc64le',
                          '000productcompose:sles_sap_x86_64',
                          '000productcompose:sles_x86_64'],
  'type': 'git',
  'url': 'https://src.suse.de/products/SLFO/pulls/2265'},
 {'approved': False,
  'channels': ['SUSE:SLFO:1.2:PullRequest:2277:SL-Micro:aarch64#6.2',
               'SUSE:SLFO:1.2:PullRequest:2277:SL-Micro:ppc64le#6.2',
               'SUSE:SLFO:1.2:PullRequest:2277:SL-Micro:s390x#6.2',
               'SUSE:SLFO:1.2:PullRequest:2277:SL-Micro:x86_64#6.2',
               'SUSE:SLFO:1.2:PullRequest:2277:SLES:aarch64#16.0',
               'SUSE:SLFO:1.2:PullRequest:2277:SLES:ppc64le#16.0',
               'SUSE:SLFO:1.2:PullRequest:2277:SLES:s390x#16.0',
               'SUSE:SLFO:1.2:PullRequest:2277:SLES:x86_64#16.0'],
  'embargoed': False,
  'emu': False,
  'failed_or_unpublished_packages': [],
  'inReview': True,
  'inReviewQAM': True,
  'isActive': True,
  'number': 2277,
  'packages': ['python-gcemetadata', 'regionServiceClientConfigGCE'],
  'priority': 0,
  'project': 'SLFO',
  'rr_number': None,
  'scminfo_SL-Micro': '1073f95e3009839096796fe276454b06e5fdc49721ca1c8650b822f94ea81939',
  'scminfo_SLES': '98349b20a9c7264d3983ba559e56a4213e1fcecdcd8974ec4ed859e5e052853d',
  'successful_packages': ['000productcompose:bci_aarch64',
                          '000productcompose:bci_ppc64le',
                          '000productcompose:bci_s390x',
                          '000productcompose:bci_x86_64',
                          '000productcompose:sle_micro_aarch64',
                          '000productcompose:sle_micro_extras_aarch64',
                          '000productcompose:sle_micro_extras_ppc64le',
                          '000productcompose:sle_micro_extras_s390x',
                          '000productcompose:sle_micro_extras_x86_64',
                          '000productcompose:sle_micro_ppc64le',
                          '000productcompose:sle_micro_s390x',
                          '000productcompose:sle_micro_x86_64',
                          '000productcompose:sles_aarch64',
                          '000productcompose:sles_ha_ppc64le',
                          '000productcompose:sles_ha_s390x',
                          '000productcompose:sles_ha_x86_64',
                          '000productcompose:sles_ppc64le',
                          '000productcompose:sles_s390x',
                          '000productcompose:sles_sap_ppc64le',
                          '000productcompose:sles_sap_x86_64',
                          '000productcompose:sles_x86_64'],
  'type': 'git',
  'url': 'https://src.suse.de/products/SLFO/pulls/2277'},
 {'approved': False,
  'channels': ['SUSE:SLFO:1.2:PullRequest:2254:SL-Micro:aarch64#6.2',
               'SUSE:SLFO:1.2:PullRequest:2254:SL-Micro:ppc64le#6.2',
               'SUSE:SLFO:1.2:PullRequest:2254:SL-Micro:s390x#6.2',
               'SUSE:SLFO:1.2:PullRequest:2254:SL-Micro:x86_64#6.2',
               'SUSE:SLFO:1.2:PullRequest:2254:SLES:aarch64#16.0',
               'SUSE:SLFO:1.2:PullRequest:2254:SLES:ppc64le#16.0',
               'SUSE:SLFO:1.2:PullRequest:2254:SLES:s390x#16.0',
               'SUSE:SLFO:1.2:PullRequest:2254:SLES:x86_64#16.0'],
  'embargoed': False,
  'emu': False,
  'failed_or_unpublished_packages': [],
  'inReview': True,
  'inReviewQAM': True,
  'isActive': True,
  'number': 2254,
  'packages': ['build'],
  'priority': 0,
  'project': 'SLFO',
  'rr_number': None,
  'scminfo_SL-Micro': '1073f95e3009839096796fe276454b06e5fdc49721ca1c8650b822f94ea81939',
  'scminfo_SLES': '98349b20a9c7264d3983ba559e56a4213e1fcecdcd8974ec4ed859e5e052853d',
  'successful_packages': ['000productcompose:bci_aarch64',
                          '000productcompose:bci_ppc64le',
                          '000productcompose:bci_s390x',
                          '000productcompose:bci_x86_64',
                          '000productcompose:sle_micro_aarch64',
                          '000productcompose:sle_micro_extras_aarch64',
                          '000productcompose:sle_micro_extras_ppc64le',
                          '000productcompose:sle_micro_extras_s390x',
                          '000productcompose:sle_micro_extras_x86_64',
                          '000productcompose:sle_micro_ppc64le',
                          '000productcompose:sle_micro_s390x',
                          '000productcompose:sle_micro_x86_64',
                          '000productcompose:sles_aarch64',
                          '000productcompose:sles_ha_ppc64le',
                          '000productcompose:sles_ha_s390x',
                          '000productcompose:sles_ha_x86_64',
                          '000productcompose:sles_ppc64le',
                          '000productcompose:sles_s390x',
                          '000productcompose:sles_sap_ppc64le',
                          '000productcompose:sles_sap_x86_64',
                          '000productcompose:sles_x86_64'],
  'type': 'git',
  'url': 'https://src.suse.de/products/SLFO/pulls/2254'},
 {'approved': True,
  'channels': ['SUSE:SLFO:1.2:PullRequest:2252:SL-Micro:aarch64#6.2',
               'SUSE:SLFO:1.2:PullRequest:2252:SL-Micro:ppc64le#6.2',
               'SUSE:SLFO:1.2:PullRequest:2252:SL-Micro:s390x#6.2',
               'SUSE:SLFO:1.2:PullRequest:2252:SL-Micro:x86_64#6.2',
               'SUSE:SLFO:1.2:PullRequest:2252:SLES:aarch64#16.0',
               'SUSE:SLFO:1.2:PullRequest:2252:SLES:ppc64le#16.0',
               'SUSE:SLFO:1.2:PullRequest:2252:SLES:s390x#16.0',
               'SUSE:SLFO:1.2:PullRequest:2252:SLES:x86_64#16.0'],
  'embargoed': False,
  'emu': False,
  'failed_or_unpublished_packages': [],
  'inReview': True,
  'inReviewQAM': False,
  'isActive': True,
  'number': 2252,
  'packages': ['ibus', 'ibus:gtk4', 'ibus-libpinyin'],
  'priority': 0,
  'project': 'SLFO',
  'rr_number': None,
  'scminfo_SL-Micro': '1073f95e3009839096796fe276454b06e5fdc49721ca1c8650b822f94ea81939',
  'scminfo_SLES': '98349b20a9c7264d3983ba559e56a4213e1fcecdcd8974ec4ed859e5e052853d',
  'successful_packages': ['000productcompose:bci_aarch64',
                          '000productcompose:bci_ppc64le',
                          '000productcompose:bci_s390x',
                          '000productcompose:bci_x86_64',
                          '000productcompose:sle_micro_aarch64',
                          '000productcompose:sle_micro_extras_aarch64',
                          '000productcompose:sle_micro_extras_ppc64le',
                          '000productcompose:sle_micro_extras_s390x',
                          '000productcompose:sle_micro_extras_x86_64',
                          '000productcompose:sle_micro_ppc64le',
                          '000productcompose:sle_micro_s390x',
                          '000productcompose:sle_micro_x86_64',
                          '000productcompose:sles_aarch64',
                          '000productcompose:sles_ha_ppc64le',
                          '000productcompose:sles_ha_s390x',
                          '000productcompose:sles_ha_x86_64',
                          '000productcompose:sles_ppc64le',
                          '000productcompose:sles_s390x',
                          '000productcompose:sles_sap_ppc64le',
                          '000productcompose:sles_sap_x86_64',
                          '000productcompose:sles_x86_64'],
  'type': 'git',
  'url': 'https://src.suse.de/products/SLFO/pulls/2252'},
 {'approved': False,
  'channels': ['SUSE:SLFO:1.2:PullRequest:2264:SL-Micro:aarch64#6.2',
               'SUSE:SLFO:1.2:PullRequest:2264:SL-Micro:ppc64le#6.2',
               'SUSE:SLFO:1.2:PullRequest:2264:SL-Micro:s390x#6.2',
               'SUSE:SLFO:1.2:PullRequest:2264:SL-Micro:x86_64#6.2',
               'SUSE:SLFO:1.2:PullRequest:2264:SLES:aarch64#16.0',
               'SUSE:SLFO:1.2:PullRequest:2264:SLES:ppc64le#16.0',
               'SUSE:SLFO:1.2:PullRequest:2264:SLES:s390x#16.0',
               'SUSE:SLFO:1.2:PullRequest:2264:SLES:x86_64#16.0'],
  'embargoed': False,
  'emu': False,
  'failed_or_unpublished_packages': [],
  'inReview': True,
  'inReviewQAM': True,
  'isActive': True,
  'number': 2264,
  'packages': ['SAPHanaSR-angi'],
  'priority': 0,
  'project': 'SLFO',
  'rr_number': None,
  'scminfo_SL-Micro': '1073f95e3009839096796fe276454b06e5fdc49721ca1c8650b822f94ea81939',
  'scminfo_SLES': '98349b20a9c7264d3983ba559e56a4213e1fcecdcd8974ec4ed859e5e052853d',
  'successful_packages': ['000productcompose:bci_aarch64',
                          '000productcompose:bci_ppc64le',
                          '000productcompose:bci_s390x',
                          '000productcompose:bci_x86_64',
                          '000productcompose:sle_micro_aarch64',
                          '000productcompose:sle_micro_extras_aarch64',
                          '000productcompose:sle_micro_extras_ppc64le',
                          '000productcompose:sle_micro_extras_s390x',
                          '000productcompose:sle_micro_extras_x86_64',
                          '000productcompose:sle_micro_ppc64le',
                          '000productcompose:sle_micro_s390x',
                          '000productcompose:sle_micro_x86_64',
                          '000productcompose:sles_aarch64',
                          '000productcompose:sles_ha_ppc64le',
                          '000productcompose:sles_ha_s390x',
                          '000productcompose:sles_ha_x86_64',
                          '000productcompose:sles_ppc64le',
                          '000productcompose:sles_s390x',
                          '000productcompose:sles_sap_ppc64le',
                          '000productcompose:sles_sap_x86_64',
                          '000productcompose:sles_x86_64'],
  'type': 'git',
  'url': 'https://src.suse.de/products/SLFO/pulls/2264'},
 {'approved': False,
  'channels': ['SUSE:SLFO:1.2:PullRequest:2235:SL-Micro:aarch64#6.2',
               'SUSE:SLFO:1.2:PullRequest:2235:SL-Micro:ppc64le#6.2',
               'SUSE:SLFO:1.2:PullRequest:2235:SL-Micro:s390x#6.2',
               'SUSE:SLFO:1.2:PullRequest:2235:SL-Micro:x86_64#6.2',
               'SUSE:SLFO:1.2:PullRequest:2235:SLES:aarch64#16.0',
               'SUSE:SLFO:1.2:PullRequest:2235:SLES:ppc64le#16.0',
               'SUSE:SLFO:1.2:PullRequest:2235:SLES:s390x#16.0',
               'SUSE:SLFO:1.2:PullRequest:2235:SLES:x86_64#16.0'],
  'embargoed': False,
  'emu': False,
  'failed_or_unpublished_packages': [],
  'inReview': True,
  'inReviewQAM': True,
  'isActive': True,
  'number': 2235,
  'packages': ['google-guest-configs'],
  'priority': 0,
  'project': 'SLFO',
  'rr_number': None,
  'scminfo_SL-Micro': '1073f95e3009839096796fe276454b06e5fdc49721ca1c8650b822f94ea81939',
  'scminfo_SLES': '98349b20a9c7264d3983ba559e56a4213e1fcecdcd8974ec4ed859e5e052853d',
  'successful_packages': ['000productcompose:bci_aarch64',
                          '000productcompose:bci_ppc64le',
                          '000productcompose:bci_s390x',
                          '000productcompose:bci_x86_64',
                          '000productcompose:sle_micro_aarch64',
                          '000productcompose:sle_micro_extras_aarch64',
                          '000productcompose:sle_micro_extras_ppc64le',
                          '000productcompose:sle_micro_extras_s390x',
                          '000productcompose:sle_micro_extras_x86_64',
                          '000productcompose:sle_micro_ppc64le',
                          '000productcompose:sle_micro_s390x',
                          '000productcompose:sle_micro_x86_64',
                          '000productcompose:sles_aarch64',
                          '000productcompose:sles_ha_ppc64le',
                          '000productcompose:sles_ha_s390x',
                          '000productcompose:sles_ha_x86_64',
                          '000productcompose:sles_ppc64le',
                          '000productcompose:sles_s390x',
                          '000productcompose:sles_sap_ppc64le',
                          '000productcompose:sles_sap_x86_64',
                          '000productcompose:sles_x86_64'],
  'type': 'git',
  'url': 'https://src.suse.de/products/SLFO/pulls/2235'},
 {'approved': True,
  'channels': ['SUSE:SLFO:1.2:PullRequest:2240:SL-Micro:aarch64#6.2',
               'SUSE:SLFO:1.2:PullRequest:2240:SL-Micro:ppc64le#6.2',
               'SUSE:SLFO:1.2:PullRequest:2240:SL-Micro:s390x#6.2',
               'SUSE:SLFO:1.2:PullRequest:2240:SL-Micro:x86_64#6.2',
               'SUSE:SLFO:1.2:PullRequest:2240:SLES:aarch64#16.0',
               'SUSE:SLFO:1.2:PullRequest:2240:SLES:ppc64le#16.0',
               'SUSE:SLFO:1.2:PullRequest:2240:SLES:s390x#16.0',
               'SUSE:SLFO:1.2:PullRequest:2240:SLES:x86_64#16.0'],
  'embargoed': False,
  'emu': False,
  'failed_or_unpublished_packages': [],
  'inReview': True,
  'inReviewQAM': False,
  'isActive': True,
  'number': 2240,
  'packages': ['ghostscript', 'ghostscript:mini'],
  'priority': 0,
  'project': 'SLFO',
  'rr_number': None,
  'scminfo_SL-Micro': '1073f95e3009839096796fe276454b06e5fdc49721ca1c8650b822f94ea81939',
  'scminfo_SLES': '98349b20a9c7264d3983ba559e56a4213e1fcecdcd8974ec4ed859e5e052853d',
  'successful_packages': ['000productcompose:bci_aarch64',
                          '000productcompose:bci_ppc64le',
                          '000productcompose:bci_s390x',
                          '000productcompose:bci_x86_64',
                          '000productcompose:sle_micro_aarch64',
                          '000productcompose:sle_micro_extras_aarch64',
                          '000productcompose:sle_micro_extras_ppc64le',
                          '000productcompose:sle_micro_extras_s390x',
                          '000productcompose:sle_micro_extras_x86_64',
                          '000productcompose:sle_micro_ppc64le',
                          '000productcompose:sle_micro_s390x',
                          '000productcompose:sle_micro_x86_64',
                          '000productcompose:sles_aarch64',
                          '000productcompose:sles_ha_ppc64le',
                          '000productcompose:sles_ha_s390x',
                          '000productcompose:sles_ha_x86_64',
                          '000productcompose:sles_ppc64le',
                          '000productcompose:sles_s390x',
                          '000productcompose:sles_sap_ppc64le',
                          '000productcompose:sles_sap_x86_64',
                          '000productcompose:sles_x86_64'],
  'type': 'git',
  'url': 'https://src.suse.de/products/SLFO/pulls/2240'},
 {'approved': False,
  'channels': ['SUSE:SLFO:1.2:PullRequest:2247:SL-Micro:aarch64#6.2',
               'SUSE:SLFO:1.2:PullRequest:2247:SL-Micro:ppc64le#6.2',
               'SUSE:SLFO:1.2:PullRequest:2247:SL-Micro:s390x#6.2',
               'SUSE:SLFO:1.2:PullRequest:2247:SL-Micro:x86_64#6.2',
               'SUSE:SLFO:1.2:PullRequest:2247:SLES:aarch64#16.0',
               'SUSE:SLFO:1.2:PullRequest:2247:SLES:ppc64le#16.0',
               'SUSE:SLFO:1.2:PullRequest:2247:SLES:s390x#16.0',
               'SUSE:SLFO:1.2:PullRequest:2247:SLES:x86_64#16.0'],
  'embargoed': False,
  'emu': False,
  'failed_or_unpublished_packages': [],
  'inReview': True,
  'inReviewQAM': True,
  'isActive': True,
  'number': 2247,
  'packages': ['kernel-livepatch-SLE16_Update_5',
               'kernel-livepatch-SLE16-RT_Update_5',
               'kernel-source',
               'kernel-default-base',
               'kernel-source:dtb-aarch64',
               'kernel-source:kernel-64kb',
               'kernel-source:kernel-azure',
               'kernel-source:kernel-default',
               'kernel-source:kernel-docs',
               'kernel-source:kernel-kvmsmall',
               'kernel-source:kernel-obs-build',
               'kernel-source:kernel-obs-qa',
               'kernel-source:kernel-rt',
               'kernel-source:kernel-syms',
               'kernel-source:kernel-zfcpdump'],
  'priority': 0,
  'project': 'SLFO',
  'rr_number': None,
  'scminfo_SL-Micro': 'e0c40743c5d7bc810b887872405794637ddcd60568833d0ed9f2bfbecffdee01',
  'scminfo_SLES': '1c4508a7b8a12cde302c3c19a0e17beeabf32c88cdcd348a2594c7c168d9ebd4',
  'successful_packages': ['000productcompose:bci_aarch64',
                          '000productcompose:bci_ppc64le',
                          '000productcompose:bci_s390x',
                          '000productcompose:bci_x86_64',
                          '000productcompose:sle_micro_aarch64',
                          '000productcompose:sle_micro_extras_aarch64',
                          '000productcompose:sle_micro_extras_ppc64le',
                          '000productcompose:sle_micro_extras_s390x',
                          '000productcompose:sle_micro_extras_x86_64',
                          '000productcompose:sle_micro_ppc64le',
                          '000productcompose:sle_micro_s390x',
                          '000productcompose:sle_micro_x86_64',
                          '000productcompose:sles_aarch64',
                          '000productcompose:sles_ha_ppc64le',
                          '000productcompose:sles_ha_s390x',
                          '000productcompose:sles_ha_x86_64',
                          '000productcompose:sles_ppc64le',
                          '000productcompose:sles_s390x',
                          '000productcompose:sles_sap_ppc64le',
                          '000productcompose:sles_sap_x86_64',
                          '000productcompose:sles_x86_64'],
  'type': 'git',
  'url': 'https://src.suse.de/products/SLFO/pulls/2247'},
 {'approved': True,
  'channels': ['SUSE:SLFO:1.2:PullRequest:2153:SL-Micro:aarch64#6.2',
               'SUSE:SLFO:1.2:PullRequest:2153:SL-Micro:ppc64le#6.2',
               'SUSE:SLFO:1.2:PullRequest:2153:SL-Micro:s390x#6.2',
               'SUSE:SLFO:1.2:PullRequest:2153:SL-Micro:x86_64#6.2',
               'SUSE:SLFO:1.2:PullRequest:2153:SLES:aarch64#16.0',
               'SUSE:SLFO:1.2:PullRequest:2153:SLES:ppc64le#16.0',
               'SUSE:SLFO:1.2:PullRequest:2153:SLES:s390x#16.0',
               'SUSE:SLFO:1.2:PullRequest:2153:SLES:x86_64#16.0'],
  'embargoed': False,
  'emu': False,
  'failed_or_unpublished_packages': [],
  'inReview': True,
  'inReviewQAM': False,
  'isActive': True,
  'number': 2153,
  'packages': ['mkdud'],
  'priority': 0,
  'project': 'SLFO',
  'rr_number': None,
  'scminfo_SL-Micro': '1073f95e3009839096796fe276454b06e5fdc49721ca1c8650b822f94ea81939',
  'scminfo_SLES': 'a2b37684783b5f074d99846ab9b66db65148cc3dac9f8ea0bdec62a0adc08502',
  'successful_packages': ['000productcompose:bci_aarch64',
                          '000productcompose:bci_ppc64le',
                          '000productcompose:bci_s390x',
                          '000productcompose:bci_x86_64',
                          '000productcompose:sle_micro_aarch64',
                          '000productcompose:sle_micro_extras_aarch64',
                          '000productcompose:sle_micro_extras_ppc64le',
                          '000productcompose:sle_micro_extras_s390x',
                          '000productcompose:sle_micro_extras_x86_64',
                          '000productcompose:sle_micro_ppc64le',
                          '000productcompose:sle_micro_s390x',
                          '000productcompose:sle_micro_x86_64',
                          '000productcompose:sles_aarch64',
                          '000productcompose:sles_ha_ppc64le',
                          '000productcompose:sles_ha_s390x',
                          '000productcompose:sles_ha_x86_64',
                          '000productcompose:sles_ppc64le',
                          '000productcompose:sles_s390x',
                          '000productcompose:sles_sap_ppc64le',
                          '000productcompose:sles_sap_x86_64',
                          '000productcompose:sles_x86_64'],
  'type': 'git',
  'url': 'https://src.suse.de/products/SLFO/pulls/2153'},
 {'approved': True,
  'channels': ['SUSE:SLFO:1.2:PullRequest:2131:SL-Micro:aarch64#6.2',
               'SUSE:SLFO:1.2:PullRequest:2131:SL-Micro:ppc64le#6.2',
               'SUSE:SLFO:1.2:PullRequest:2131:SL-Micro:s390x#6.2',
               'SUSE:SLFO:1.2:PullRequest:2131:SL-Micro:x86_64#6.2',
               'SUSE:SLFO:1.2:PullRequest:2131:SLES:aarch64#16.0',
               'SUSE:SLFO:1.2:PullRequest:2131:SLES:ppc64le#16.0',
               'SUSE:SLFO:1.2:PullRequest:2131:SLES:s390x#16.0',
               'SUSE:SLFO:1.2:PullRequest:2131:SLES:x86_64#16.0'],
  'embargoed': False,
  'emu': False,
  'failed_or_unpublished_packages': [],
  'inReview': True,
  'inReviewQAM': False,
  'isActive': True,
  'number': 2131,
  'packages': ['pcp'],
  'priority': 0,
  'project': 'SLFO',
  'rr_number': None,
  'scminfo_SL-Micro': '1073f95e3009839096796fe276454b06e5fdc49721ca1c8650b822f94ea81939',
  'scminfo_SLES': 'a2b37684783b5f074d99846ab9b66db65148cc3dac9f8ea0bdec62a0adc08502',
  'successful_packages': ['000productcompose:bci_aarch64',
                          '000productcompose:bci_ppc64le',
                          '000productcompose:bci_s390x',
                          '000productcompose:bci_x86_64',
                          '000productcompose:sle_micro_aarch64',
                          '000productcompose:sle_micro_extras_aarch64',
                          '000productcompose:sle_micro_extras_ppc64le',
                          '000productcompose:sle_micro_extras_s390x',
                          '000productcompose:sle_micro_extras_x86_64',
                          '000productcompose:sle_micro_ppc64le',
                          '000productcompose:sle_micro_s390x',
                          '000productcompose:sle_micro_x86_64',
                          '000productcompose:sles_aarch64',
                          '000productcompose:sles_ha_ppc64le',
                          '000productcompose:sles_ha_s390x',
                          '000productcompose:sles_ha_x86_64',
                          '000productcompose:sles_ppc64le',
                          '000productcompose:sles_s390x',
                          '000productcompose:sles_sap_ppc64le',
                          '000productcompose:sles_sap_x86_64',
                          '000productcompose:sles_x86_64'],
  'type': 'git',
  'url': 'https://src.suse.de/products/SLFO/pulls/2131'},
 {'approved': False,
  'channels': ['SUSE:SLFO:1.2:PullRequest:2161:SL-Micro:aarch64#6.2',
               'SUSE:SLFO:1.2:PullRequest:2161:SL-Micro:ppc64le#6.2',
               'SUSE:SLFO:1.2:PullRequest:2161:SL-Micro:s390x#6.2',
               'SUSE:SLFO:1.2:PullRequest:2161:SL-Micro:x86_64#6.2',
               'SUSE:SLFO:1.2:PullRequest:2161:SLES:aarch64#16.0',
               'SUSE:SLFO:1.2:PullRequest:2161:SLES:ppc64le#16.0',
               'SUSE:SLFO:1.2:PullRequest:2161:SLES:s390x#16.0',
               'SUSE:SLFO:1.2:PullRequest:2161:SLES:x86_64#16.0'],
  'embargoed': False,
  'emu': False,
  'failed_or_unpublished_packages': [],
  'inReview': True,
  'inReviewQAM': True,
  'isActive': True,
  'number': 2161,
  'packages': ['podman'],
  'priority': 0,
  'project': 'SLFO',
  'rr_number': None,
  'scminfo_SL-Micro': '1073f95e3009839096796fe276454b06e5fdc49721ca1c8650b822f94ea81939',
  'scminfo_SLES': 'a2b37684783b5f074d99846ab9b66db65148cc3dac9f8ea0bdec62a0adc08502',
  'successful_packages': ['000productcompose:bci_aarch64',
                          '000productcompose:bci_ppc64le',
                          '000productcompose:bci_s390x',
                          '000productcompose:bci_x86_64',
                          '000productcompose:sle_micro_aarch64',
                          '000productcompose:sle_micro_extras_aarch64',
                          '000productcompose:sle_micro_extras_ppc64le',
                          '000productcompose:sle_micro_extras_s390x',
                          '000productcompose:sle_micro_extras_x86_64',
                          '000productcompose:sle_micro_ppc64le',
                          '000productcompose:sle_micro_s390x',
                          '000productcompose:sle_micro_x86_64',
                          '000productcompose:sles_aarch64',
                          '000productcompose:sles_ha_ppc64le',
                          '000productcompose:sles_ha_s390x',
                          '000productcompose:sles_ha_x86_64',
                          '000productcompose:sles_ppc64le',
                          '000productcompose:sles_s390x',
                          '000productcompose:sles_sap_ppc64le',
                          '000productcompose:sles_sap_x86_64',
                          '000productcompose:sles_x86_64'],
  'type': 'git',
  'url': 'https://src.suse.de/products/SLFO/pulls/2161'},
 {'approved': False,
  'channels': ['SUSE:SLFO:1.2:PullRequest:2162:SL-Micro:aarch64#6.2',
               'SUSE:SLFO:1.2:PullRequest:2162:SL-Micro:ppc64le#6.2',
               'SUSE:SLFO:1.2:PullRequest:2162:SL-Micro:s390x#6.2',
               'SUSE:SLFO:1.2:PullRequest:2162:SL-Micro:x86_64#6.2',
               'SUSE:SLFO:1.2:PullRequest:2162:SLES:aarch64#16.0',
               'SUSE:SLFO:1.2:PullRequest:2162:SLES:ppc64le#16.0',
               'SUSE:SLFO:1.2:PullRequest:2162:SLES:s390x#16.0',
               'SUSE:SLFO:1.2:PullRequest:2162:SLES:x86_64#16.0'],
  'embargoed': False,
  'emu': False,
  'failed_or_unpublished_packages': [],
  'inReview': True,
  'inReviewQAM': True,
  'isActive': True,
  'number': 2162,
  'packages': ['elemental-toolkit'],
  'priority': 0,
  'project': 'SLFO',
  'rr_number': None,
  'scminfo_SL-Micro': '1073f95e3009839096796fe276454b06e5fdc49721ca1c8650b822f94ea81939',
  'scminfo_SLES': '98349b20a9c7264d3983ba559e56a4213e1fcecdcd8974ec4ed859e5e052853d',
  'successful_packages': ['000productcompose:bci_aarch64',
                          '000productcompose:bci_ppc64le',
                          '000productcompose:bci_s390x',
                          '000productcompose:bci_x86_64',
                          '000productcompose:sle_micro_aarch64',
                          '000productcompose:sle_micro_extras_aarch64',
                          '000productcompose:sle_micro_extras_ppc64le',
                          '000productcompose:sle_micro_extras_s390x',
                          '000productcompose:sle_micro_extras_x86_64',
                          '000productcompose:sle_micro_ppc64le',
                          '000productcompose:sle_micro_s390x',
                          '000productcompose:sle_micro_x86_64',
                          '000productcompose:sles_aarch64',
                          '000productcompose:sles_ha_ppc64le',
                          '000productcompose:sles_ha_s390x',
                          '000productcompose:sles_ha_x86_64',
                          '000productcompose:sles_ppc64le',
                          '000productcompose:sles_s390x',
                          '000productcompose:sles_sap_ppc64le',
                          '000productcompose:sles_sap_x86_64',
                          '000productcompose:sles_x86_64'],
  'type': 'git',
  'url': 'https://src.suse.de/products/SLFO/pulls/2162'},
 {'approved': True,
  'channels': ['SUSE:SLFO:1.2:PullRequest:2155:SL-Micro:aarch64#6.2',
               'SUSE:SLFO:1.2:PullRequest:2155:SL-Micro:ppc64le#6.2',
               'SUSE:SLFO:1.2:PullRequest:2155:SL-Micro:s390x#6.2',
               'SUSE:SLFO:1.2:PullRequest:2155:SL-Micro:x86_64#6.2',
               'SUSE:SLFO:1.2:PullRequest:2155:SLES:aarch64#16.0',
               'SUSE:SLFO:1.2:PullRequest:2155:SLES:ppc64le#16.0',
               'SUSE:SLFO:1.2:PullRequest:2155:SLES:s390x#16.0',
               'SUSE:SLFO:1.2:PullRequest:2155:SLES:x86_64#16.0'],
  'embargoed': False,
  'emu': False,
  'failed_or_unpublished_packages': [],
  'inReview': True,
  'inReviewQAM': False,
  'isActive': True,
  'number': 2155,
  'packages': ['expat'],
  'priority': 0,
  'project': 'SLFO',
  'rr_number': None,
  'scminfo_SL-Micro': '1073f95e3009839096796fe276454b06e5fdc49721ca1c8650b822f94ea81939',
  'scminfo_SLES': 'a2b37684783b5f074d99846ab9b66db65148cc3dac9f8ea0bdec62a0adc08502',
  'successful_packages': ['000productcompose:bci_aarch64',
                          '000productcompose:bci_ppc64le',
                          '000productcompose:bci_s390x',
                          '000productcompose:bci_x86_64',
                          '000productcompose:sle_micro_aarch64',
                          '000productcompose:sle_micro_extras_aarch64',
                          '000productcompose:sle_micro_extras_ppc64le',
                          '000productcompose:sle_micro_extras_s390x',
                          '000productcompose:sle_micro_extras_x86_64',
                          '000productcompose:sle_micro_ppc64le',
                          '000productcompose:sle_micro_s390x',
                          '000productcompose:sle_micro_x86_64',
                          '000productcompose:sles_aarch64',
                          '000productcompose:sles_ha_ppc64le',
                          '000productcompose:sles_ha_s390x',
                          '000productcompose:sles_ha_x86_64',
                          '000productcompose:sles_ppc64le',
                          '000productcompose:sles_s390x',
                          '000productcompose:sles_sap_ppc64le',
                          '000productcompose:sles_sap_x86_64',
                          '000productcompose:sles_x86_64'],
  'type': 'git',
  'url': 'https://src.suse.de/products/SLFO/pulls/2155'},
 {'approved': False,
  'channels': ['SUSE:SLFO:1.2:PullRequest:2237:SL-Micro:aarch64#6.2',
               'SUSE:SLFO:1.2:PullRequest:2237:SL-Micro:ppc64le#6.2',
               'SUSE:SLFO:1.2:PullRequest:2237:SL-Micro:s390x#6.2',
               'SUSE:SLFO:1.2:PullRequest:2237:SL-Micro:x86_64#6.2',
               'SUSE:SLFO:1.2:PullRequest:2237:SLES:aarch64#16.0',
               'SUSE:SLFO:1.2:PullRequest:2237:SLES:ppc64le#16.0',
               'SUSE:SLFO:1.2:PullRequest:2237:SLES:s390x#16.0',
               'SUSE:SLFO:1.2:PullRequest:2237:SLES:x86_64#16.0'],
  'embargoed': False,
  'emu': False,
  'failed_or_unpublished_packages': [],
  'inReview': True,
  'inReviewQAM': True,
  'isActive': True,
  'number': 2237,
  'packages': ['maven',
               'maven-archiver',
               'maven-dependency-analyzer',
               'maven-compiler-plugin',
               'maven-compiler-plugin:bootstrap',
               'maven-assembly-plugin',
               'byte-buddy',
               'bouncycastle',
               'apache-parent',
               'maven-parent',
               'maven-resolver',
               'maven-resolver:maven-resolver-supplier',
               'maven-resources-plugin',
               'maven-resources-plugin:bootstrap',
               'objectweb-asm',
               'truth',
               'xmlunit',
               'xz-java',
               'xmvn',
               'xmvn:xmvn-connector',
               'xmvn:xmvn-mojo',
               'xmvn:xmvn-parent',
               'xmvn:xmvn-tools'],
  'priority': 0,
  'project': 'SLFO',
  'rr_number': None,
  'scminfo_SL-Micro': '1073f95e3009839096796fe276454b06e5fdc49721ca1c8650b822f94ea81939',
  'scminfo_SLES': '98349b20a9c7264d3983ba559e56a4213e1fcecdcd8974ec4ed859e5e052853d',
  'successful_packages': ['000productcompose:bci_aarch64',
                          '000productcompose:bci_ppc64le',
                          '000productcompose:bci_s390x',
                          '000productcompose:bci_x86_64',
                          '000productcompose:sle_micro_aarch64',
                          '000productcompose:sle_micro_extras_aarch64',
                          '000productcompose:sle_micro_extras_ppc64le',
                          '000productcompose:sle_micro_extras_s390x',
                          '000productcompose:sle_micro_extras_x86_64',
                          '000productcompose:sle_micro_ppc64le',
                          '000productcompose:sle_micro_s390x',
                          '000productcompose:sle_micro_x86_64',
                          '000productcompose:sles_aarch64',
                          '000productcompose:sles_ha_ppc64le',
                          '000productcompose:sles_ha_s390x',
                          '000productcompose:sles_ha_x86_64',
                          '000productcompose:sles_ppc64le',
                          '000productcompose:sles_s390x',
                          '000productcompose:sles_sap_ppc64le',
                          '000productcompose:sles_sap_x86_64',
                          '000productcompose:sles_x86_64'],
  'type': 'git',
  'url': 'https://src.suse.de/products/SLFO/pulls/2237'},
 {'approved': False,
  'channels': ['SUSE:SLFO:1.2:PullRequest:2159:SL-Micro:aarch64#6.2',
               'SUSE:SLFO:1.2:PullRequest:2159:SL-Micro:ppc64le#6.2',
               'SUSE:SLFO:1.2:PullRequest:2159:SL-Micro:s390x#6.2',
               'SUSE:SLFO:1.2:PullRequest:2159:SL-Micro:x86_64#6.2',
               'SUSE:SLFO:1.2:PullRequest:2159:SLES:aarch64#16.0',
               'SUSE:SLFO:1.2:PullRequest:2159:SLES:ppc64le#16.0',
               'SUSE:SLFO:1.2:PullRequest:2159:SLES:s390x#16.0',
               'SUSE:SLFO:1.2:PullRequest:2159:SLES:x86_64#16.0'],
  'embargoed': False,
  'emu': False,
  'failed_or_unpublished_packages': [],
  'inReview': True,
  'inReviewQAM': True,
  'isActive': True,
  'number': 2159,
  'packages': ['cockpit-podman'],
  'priority': 0,
  'project': 'SLFO',
  'rr_number': None,
  'scminfo_SL-Micro': '1073f95e3009839096796fe276454b06e5fdc49721ca1c8650b822f94ea81939',
  'scminfo_SLES': 'a2b37684783b5f074d99846ab9b66db65148cc3dac9f8ea0bdec62a0adc08502',
  'successful_packages': ['000productcompose:bci_aarch64',
                          '000productcompose:bci_ppc64le',
                          '000productcompose:bci_s390x',
                          '000productcompose:bci_x86_64',
                          '000productcompose:sle_micro_aarch64',
                          '000productcompose:sle_micro_extras_aarch64',
                          '000productcompose:sle_micro_extras_ppc64le',
                          '000productcompose:sle_micro_extras_s390x',
                          '000productcompose:sle_micro_extras_x86_64',
                          '000productcompose:sle_micro_ppc64le',
                          '000productcompose:sle_micro_s390x',
                          '000productcompose:sle_micro_x86_64',
                          '000productcompose:sles_aarch64',
                          '000productcompose:sles_ha_ppc64le',
                          '000productcompose:sles_ha_s390x',
                          '000productcompose:sles_ha_x86_64',
                          '000productcompose:sles_ppc64le',
                          '000productcompose:sles_s390x',
                          '000productcompose:sles_sap_ppc64le',
                          '000productcompose:sles_sap_x86_64',
                          '000productcompose:sles_x86_64'],
  'type': 'git',
  'url': 'https://src.suse.de/products/SLFO/pulls/2159'},
 {'approved': True,
  'channels': ['SUSE:SLFO:1.2:PullRequest:2085:SL-Micro:aarch64#6.2',
               'SUSE:SLFO:1.2:PullRequest:2085:SL-Micro:ppc64le#6.2',
               'SUSE:SLFO:1.2:PullRequest:2085:SL-Micro:s390x#6.2',
               'SUSE:SLFO:1.2:PullRequest:2085:SL-Micro:x86_64#6.2',
               'SUSE:SLFO:1.2:PullRequest:2085:SLES:aarch64#16.0',
               'SUSE:SLFO:1.2:PullRequest:2085:SLES:ppc64le#16.0',
               'SUSE:SLFO:1.2:PullRequest:2085:SLES:s390x#16.0',
               'SUSE:SLFO:1.2:PullRequest:2085:SLES:x86_64#16.0'],
  'embargoed': False,
  'emu': False,
  'failed_or_unpublished_packages': [],
  'inReview': True,
  'inReviewQAM': False,
  'isActive': True,
  'number': 2085,
  'packages': ['libplacebo'],
  'priority': 0,
  'project': 'SLFO',
  'rr_number': None,
  'scminfo_SL-Micro': '17dacfeb5a41a9809cad8dfc11dde87f952506673a5e00a35fd7491c43f3141d',
  'scminfo_SLES': '25f9f11c8e33fe36431be3d917efdc823ecf71bab7811f3721a346508bf7147a',
  'successful_packages': ['000productcompose:bci_aarch64',
                          '000productcompose:bci_ppc64le',
                          '000productcompose:bci_s390x',
                          '000productcompose:bci_x86_64',
                          '000productcompose:sle_micro_aarch64',
                          '000productcompose:sle_micro_extras_aarch64',
                          '000productcompose:sle_micro_extras_ppc64le',
                          '000productcompose:sle_micro_extras_s390x',
                          '000productcompose:sle_micro_extras_x86_64',
                          '000productcompose:sle_micro_ppc64le',
                          '000productcompose:sle_micro_s390x',
                          '000productcompose:sle_micro_x86_64',
                          '000productcompose:sles_aarch64',
                          '000productcompose:sles_ha_ppc64le',
                          '000productcompose:sles_ha_s390x',
                          '000productcompose:sles_ha_x86_64',
                          '000productcompose:sles_ppc64le',
                          '000productcompose:sles_s390x',
                          '000productcompose:sles_sap_ppc64le',
                          '000productcompose:sles_sap_x86_64',
                          '000productcompose:sles_x86_64'],
  'type': 'git',
  'url': 'https://src.suse.de/products/SLFO/pulls/2085'},
 {'approved': True,
  'channels': ['SUSE:SLFO:1.2:PullRequest:2112:SL-Micro:aarch64#6.2',
               'SUSE:SLFO:1.2:PullRequest:2112:SL-Micro:ppc64le#6.2',
               'SUSE:SLFO:1.2:PullRequest:2112:SL-Micro:s390x#6.2',
               'SUSE:SLFO:1.2:PullRequest:2112:SL-Micro:x86_64#6.2',
               'SUSE:SLFO:1.2:PullRequest:2112:SLES:aarch64#16.0',
               'SUSE:SLFO:1.2:PullRequest:2112:SLES:ppc64le#16.0',
               'SUSE:SLFO:1.2:PullRequest:2112:SLES:s390x#16.0',
               'SUSE:SLFO:1.2:PullRequest:2112:SLES:x86_64#16.0'],
  'embargoed': False,
  'emu': False,
  'failed_or_unpublished_packages': [],
  'inReview': True,
  'inReviewQAM': False,
  'isActive': True,
  'number': 2112,
  'packages': ['gdm'],
  'priority': 0,
  'project': 'SLFO',
  'rr_number': None,
  'scminfo_SL-Micro': '17dacfeb5a41a9809cad8dfc11dde87f952506673a5e00a35fd7491c43f3141d',
  'scminfo_SLES': 'ffdbf6abf51a43f3f5d66512101291f45e32645819975d42c49c8f88c1321e88',
  'successful_packages': ['000productcompose:bci_aarch64',
                          '000productcompose:bci_ppc64le',
                          '000productcompose:bci_s390x',
                          '000productcompose:bci_x86_64',
                          '000productcompose:sle_micro_aarch64',
                          '000productcompose:sle_micro_extras_aarch64',
                          '000productcompose:sle_micro_extras_ppc64le',
                          '000productcompose:sle_micro_extras_s390x',
                          '000productcompose:sle_micro_extras_x86_64',
                          '000productcompose:sle_micro_ppc64le',
                          '000productcompose:sle_micro_s390x',
                          '000productcompose:sle_micro_x86_64',
                          '000productcompose:sles_aarch64',
                          '000productcompose:sles_ha_ppc64le',
                          '000productcompose:sles_ha_s390x',
                          '000productcompose:sles_ha_x86_64',
                          '000productcompose:sles_ppc64le',
                          '000productcompose:sles_s390x',
                          '000productcompose:sles_sap_ppc64le',
                          '000productcompose:sles_sap_x86_64',
                          '000productcompose:sles_x86_64'],
  'type': 'git',
  'url': 'https://src.suse.de/products/SLFO/pulls/2112'},
 {'approved': False,
  'channels': ['SUSE:SLFO:1.2:PullRequest:2142:SL-Micro:aarch64#6.2',
               'SUSE:SLFO:1.2:PullRequest:2142:SL-Micro:ppc64le#6.2',
               'SUSE:SLFO:1.2:PullRequest:2142:SL-Micro:s390x#6.2',
               'SUSE:SLFO:1.2:PullRequest:2142:SL-Micro:x86_64#6.2',
               'SUSE:SLFO:1.2:PullRequest:2142:SLES:aarch64#16.0',
               'SUSE:SLFO:1.2:PullRequest:2142:SLES:ppc64le#16.0',
               'SUSE:SLFO:1.2:PullRequest:2142:SLES:s390x#16.0',
               'SUSE:SLFO:1.2:PullRequest:2142:SLES:x86_64#16.0'],
  'embargoed': False,
  'emu': False,
  'failed_or_unpublished_packages': [],
  'inReview': True,
  'inReviewQAM': True,
  'isActive': True,
  'number': 2142,
  'packages': ['fde-tools'],
  'priority': 0,
  'project': 'SLFO',
  'rr_number': None,
  'scminfo_SL-Micro': '1073f95e3009839096796fe276454b06e5fdc49721ca1c8650b822f94ea81939',
  'scminfo_SLES': 'a2b37684783b5f074d99846ab9b66db65148cc3dac9f8ea0bdec62a0adc08502',
  'successful_packages': ['000productcompose:bci_aarch64',
                          '000productcompose:bci_ppc64le',
                          '000productcompose:bci_s390x',
                          '000productcompose:bci_x86_64',
                          '000productcompose:sle_micro_aarch64',
                          '000productcompose:sle_micro_extras_aarch64',
                          '000productcompose:sle_micro_extras_ppc64le',
                          '000productcompose:sle_micro_extras_s390x',
                          '000productcompose:sle_micro_extras_x86_64',
                          '000productcompose:sle_micro_ppc64le',
                          '000productcompose:sle_micro_s390x',
                          '000productcompose:sle_micro_x86_64',
                          '000productcompose:sles_aarch64',
                          '000productcompose:sles_ha_ppc64le',
                          '000productcompose:sles_ha_s390x',
                          '000productcompose:sles_ha_x86_64',
                          '000productcompose:sles_ppc64le',
                          '000productcompose:sles_s390x',
                          '000productcompose:sles_sap_ppc64le',
                          '000productcompose:sles_sap_x86_64',
                          '000productcompose:sles_x86_64'],
  'type': 'git',
  'url': 'https://src.suse.de/products/SLFO/pulls/2142'},
 {'approved': True,
  'channels': ['SUSE:SLFO:1.2:PullRequest:2076:SL-Micro:aarch64#6.2',
               'SUSE:SLFO:1.2:PullRequest:2076:SL-Micro:ppc64le#6.2',
               'SUSE:SLFO:1.2:PullRequest:2076:SL-Micro:s390x#6.2',
               'SUSE:SLFO:1.2:PullRequest:2076:SL-Micro:x86_64#6.2',
               'SUSE:SLFO:1.2:PullRequest:2076:SLES:aarch64#16.0',
               'SUSE:SLFO:1.2:PullRequest:2076:SLES:ppc64le#16.0',
               'SUSE:SLFO:1.2:PullRequest:2076:SLES:s390x#16.0',
               'SUSE:SLFO:1.2:PullRequest:2076:SLES:x86_64#16.0'],
  'embargoed': False,
  'emu': False,
  'failed_or_unpublished_packages': [],
  'inReview': True,
  'inReviewQAM': False,
  'isActive': True,
  'number': 2076,
  'packages': ['libyui',
               'libyui:libyui-ncurses',
               'libyui:libyui-ncurses-pkg',
               'libyui:libyui-rest-api',
               'libyui:libyui-ncurses-rest-api',
               'libyui:libyui-bindings'],
  'priority': 0,
  'project': 'SLFO',
  'rr_number': None,
  'scminfo_SL-Micro': '17dacfeb5a41a9809cad8dfc11dde87f952506673a5e00a35fd7491c43f3141d',
  'scminfo_SLES': '25f9f11c8e33fe36431be3d917efdc823ecf71bab7811f3721a346508bf7147a',
  'successful_packages': ['000productcompose:bci_aarch64',
                          '000productcompose:bci_ppc64le',
                          '000productcompose:bci_s390x',
                          '000productcompose:bci_x86_64',
                          '000productcompose:sle_micro_aarch64',
                          '000productcompose:sle_micro_extras_aarch64',
                          '000productcompose:sle_micro_extras_ppc64le',
                          '000productcompose:sle_micro_extras_s390x',
                          '000productcompose:sle_micro_extras_x86_64',
                          '000productcompose:sle_micro_ppc64le',
                          '000productcompose:sle_micro_s390x',
                          '000productcompose:sle_micro_x86_64',
                          '000productcompose:sles_aarch64',
                          '000productcompose:sles_ha_ppc64le',
                          '000productcompose:sles_ha_s390x',
                          '000productcompose:sles_ha_x86_64',
                          '000productcompose:sles_ppc64le',
                          '000productcompose:sles_s390x',
                          '000productcompose:sles_sap_ppc64le',
                          '000productcompose:sles_sap_x86_64',
                          '000productcompose:sles_x86_64'],
  'type': 'git',
  'url': 'https://src.suse.de/products/SLFO/pulls/2076'},
 {'approved': True,
  'channels': ['SUSE:SLFO:1.2:PullRequest:2122:SL-Micro:aarch64#6.2',
               'SUSE:SLFO:1.2:PullRequest:2122:SL-Micro:ppc64le#6.2',
               'SUSE:SLFO:1.2:PullRequest:2122:SL-Micro:s390x#6.2',
               'SUSE:SLFO:1.2:PullRequest:2122:SL-Micro:x86_64#6.2',
               'SUSE:SLFO:1.2:PullRequest:2122:SLES:aarch64#16.0',
               'SUSE:SLFO:1.2:PullRequest:2122:SLES:ppc64le#16.0',
               'SUSE:SLFO:1.2:PullRequest:2122:SLES:s390x#16.0',
               'SUSE:SLFO:1.2:PullRequest:2122:SLES:x86_64#16.0'],
  'embargoed': False,
  'emu': False,
  'failed_or_unpublished_packages': [],
  'inReview': True,
  'inReviewQAM': False,
  'isActive': True,
  'number': 2122,
  'packages': ['opencc'],
  'priority': 0,
  'project': 'SLFO',
  'rr_number': None,
  'scminfo_SL-Micro': '17dacfeb5a41a9809cad8dfc11dde87f952506673a5e00a35fd7491c43f3141d',
  'scminfo_SLES': 'ffdbf6abf51a43f3f5d66512101291f45e32645819975d42c49c8f88c1321e88',
  'successful_packages': ['000productcompose:bci_aarch64',
                          '000productcompose:bci_ppc64le',
                          '000productcompose:bci_s390x',
                          '000productcompose:bci_x86_64',
                          '000productcompose:sle_micro_aarch64',
                          '000productcompose:sle_micro_extras_aarch64',
                          '000productcompose:sle_micro_extras_ppc64le',
                          '000productcompose:sle_micro_extras_s390x',
                          '000productcompose:sle_micro_extras_x86_64',
                          '000productcompose:sle_micro_ppc64le',
                          '000productcompose:sle_micro_s390x',
                          '000productcompose:sle_micro_x86_64',
                          '000productcompose:sles_aarch64',
                          '000productcompose:sles_ha_ppc64le',
                          '000productcompose:sles_ha_s390x',
                          '000productcompose:sles_ha_x86_64',
                          '000productcompose:sles_ppc64le',
                          '000productcompose:sles_s390x',
                          '000productcompose:sles_sap_ppc64le',
                          '000productcompose:sles_sap_x86_64',
                          '000productcompose:sles_x86_64'],
  'type': 'git',
  'url': 'https://src.suse.de/products/SLFO/pulls/2122'},
 {'approved': True,
  'channels': ['SUSE:SLFO:1.2:PullRequest:2059:SL-Micro:aarch64#6.2',
               'SUSE:SLFO:1.2:PullRequest:2059:SL-Micro:ppc64le#6.2',
               'SUSE:SLFO:1.2:PullRequest:2059:SL-Micro:s390x#6.2',
               'SUSE:SLFO:1.2:PullRequest:2059:SL-Micro:x86_64#6.2',
               'SUSE:SLFO:1.2:PullRequest:2059:SLES:aarch64#16.0',
               'SUSE:SLFO:1.2:PullRequest:2059:SLES:ppc64le#16.0',
               'SUSE:SLFO:1.2:PullRequest:2059:SLES:s390x#16.0',
               'SUSE:SLFO:1.2:PullRequest:2059:SLES:x86_64#16.0'],
  'embargoed': False,
  'emu': False,
  'failed_or_unpublished_packages': [],
  'inReview': True,
  'inReviewQAM': False,
  'isActive': True,
  'number': 2059,
  'packages': ['pam', 'pam:full'],
  'priority': 0,
  'project': 'SLFO',
  'rr_number': None,
  'scminfo_SL-Micro': '17dacfeb5a41a9809cad8dfc11dde87f952506673a5e00a35fd7491c43f3141d',
  'scminfo_SLES': 'b6a49bc48b39275029efafd7ffab833a5c55db030d57f583443d954f90781361',
  'successful_packages': ['000productcompose:bci_aarch64',
                          '000productcompose:bci_ppc64le',
                          '000productcompose:bci_s390x',
                          '000productcompose:bci_x86_64',
                          '000productcompose:sle_micro_aarch64',
                          '000productcompose:sle_micro_extras_aarch64',
                          '000productcompose:sle_micro_extras_ppc64le',
                          '000productcompose:sle_micro_extras_s390x',
                          '000productcompose:sle_micro_extras_x86_64',
                          '000productcompose:sle_micro_ppc64le',
                          '000productcompose:sle_micro_s390x',
                          '000productcompose:sle_micro_x86_64',
                          '000productcompose:sles_aarch64',
                          '000productcompose:sles_ha_ppc64le',
                          '000productcompose:sles_ha_s390x',
                          '000productcompose:sles_ha_x86_64',
                          '000productcompose:sles_ppc64le',
                          '000productcompose:sles_s390x',
                          '000productcompose:sles_sap_ppc64le',
                          '000productcompose:sles_sap_x86_64',
                          '000productcompose:sles_x86_64'],
  'type': 'git',
  'url': 'https://src.suse.de/products/SLFO/pulls/2059'},
 {'approved': True,
  'channels': ['SUSE:SLFO:1.2:PullRequest:2056:SL-Micro:aarch64#6.2',
               'SUSE:SLFO:1.2:PullRequest:2056:SL-Micro:ppc64le#6.2',
               'SUSE:SLFO:1.2:PullRequest:2056:SL-Micro:s390x#6.2',
               'SUSE:SLFO:1.2:PullRequest:2056:SL-Micro:x86_64#6.2',
               'SUSE:SLFO:1.2:PullRequest:2056:SLES:aarch64#16.0',
               'SUSE:SLFO:1.2:PullRequest:2056:SLES:ppc64le#16.0',
               'SUSE:SLFO:1.2:PullRequest:2056:SLES:s390x#16.0',
               'SUSE:SLFO:1.2:PullRequest:2056:SLES:x86_64#16.0'],
  'embargoed': False,
  'emu': False,
  'failed_or_unpublished_packages': [],
  'inReview': True,
  'inReviewQAM': False,
  'isActive': True,
  'number': 2056,
  'packages': ['librsvg'],
  'priority': 0,
  'project': 'SLFO',
  'rr_number': None,
  'scminfo_SL-Micro': '17dacfeb5a41a9809cad8dfc11dde87f952506673a5e00a35fd7491c43f3141d',
  'scminfo_SLES': 'b6a49bc48b39275029efafd7ffab833a5c55db030d57f583443d954f90781361',
  'successful_packages': ['000productcompose:bci_aarch64',
                          '000productcompose:bci_ppc64le',
                          '000productcompose:bci_s390x',
                          '000productcompose:bci_x86_64',
                          '000productcompose:sle_micro_aarch64',
                          '000productcompose:sle_micro_extras_aarch64',
                          '000productcompose:sle_micro_extras_ppc64le',
                          '000productcompose:sle_micro_extras_s390x',
                          '000productcompose:sle_micro_extras_x86_64',
                          '000productcompose:sle_micro_ppc64le',
                          '000productcompose:sle_micro_s390x',
                          '000productcompose:sle_micro_x86_64',
                          '000productcompose:sles_aarch64',
                          '000productcompose:sles_ha_ppc64le',
                          '000productcompose:sles_ha_s390x',
                          '000productcompose:sles_ha_x86_64',
                          '000productcompose:sles_ppc64le',
                          '000productcompose:sles_s390x',
                          '000productcompose:sles_sap_ppc64le',
                          '000productcompose:sles_sap_x86_64',
                          '000productcompose:sles_x86_64'],
  'type': 'git',
  'url': 'https://src.suse.de/products/SLFO/pulls/2056'},
 {'approved': True,
  'channels': ['SUSE:SLFO:1.2:PullRequest:2067:SL-Micro:aarch64#6.2',
               'SUSE:SLFO:1.2:PullRequest:2067:SL-Micro:ppc64le#6.2',
               'SUSE:SLFO:1.2:PullRequest:2067:SL-Micro:s390x#6.2',
               'SUSE:SLFO:1.2:PullRequest:2067:SL-Micro:x86_64#6.2',
               'SUSE:SLFO:1.2:PullRequest:2067:SLES:aarch64#16.0',
               'SUSE:SLFO:1.2:PullRequest:2067:SLES:ppc64le#16.0',
               'SUSE:SLFO:1.2:PullRequest:2067:SLES:s390x#16.0',
               'SUSE:SLFO:1.2:PullRequest:2067:SLES:x86_64#16.0'],
  'embargoed': False,
  'emu': False,
  'failed_or_unpublished_packages': [],
  'inReview': True,
  'inReviewQAM': False,
  'isActive': True,
  'number': 2067,
  'packages': ['lkl'],
  'priority': 0,
  'project': 'SLFO',
  'rr_number': None,
  'scminfo_SL-Micro': '17dacfeb5a41a9809cad8dfc11dde87f952506673a5e00a35fd7491c43f3141d',
  'scminfo_SLES': '25f9f11c8e33fe36431be3d917efdc823ecf71bab7811f3721a346508bf7147a',
  'successful_packages': ['000productcompose:bci_aarch64',
                          '000productcompose:bci_ppc64le',
                          '000productcompose:bci_s390x',
                          '000productcompose:bci_x86_64',
                          '000productcompose:sle_micro_aarch64',
                          '000productcompose:sle_micro_extras_aarch64',
                          '000productcompose:sle_micro_extras_ppc64le',
                          '000productcompose:sle_micro_extras_s390x',
                          '000productcompose:sle_micro_extras_x86_64',
                          '000productcompose:sle_micro_ppc64le',
                          '000productcompose:sle_micro_s390x',
                          '000productcompose:sle_micro_x86_64',
                          '000productcompose:sles_aarch64',
                          '000productcompose:sles_ha_ppc64le',
                          '000productcompose:sles_ha_s390x',
                          '000productcompose:sles_ha_x86_64',
                          '000productcompose:sles_ppc64le',
                          '000productcompose:sles_s390x',
                          '000productcompose:sles_sap_ppc64le',
                          '000productcompose:sles_sap_x86_64',
                          '000productcompose:sles_x86_64'],
  'type': 'git',
  'url': 'https://src.suse.de/products/SLFO/pulls/2067'},
 {'approved': True,
  'channels': ['SUSE:SLFO:1.2:PullRequest:2053:SL-Micro:aarch64#6.2',
               'SUSE:SLFO:1.2:PullRequest:2053:SL-Micro:ppc64le#6.2',
               'SUSE:SLFO:1.2:PullRequest:2053:SL-Micro:s390x#6.2',
               'SUSE:SLFO:1.2:PullRequest:2053:SL-Micro:x86_64#6.2',
               'SUSE:SLFO:1.2:PullRequest:2053:SLES:aarch64#16.0',
               'SUSE:SLFO:1.2:PullRequest:2053:SLES:ppc64le#16.0',
               'SUSE:SLFO:1.2:PullRequest:2053:SLES:s390x#16.0',
               'SUSE:SLFO:1.2:PullRequest:2053:SLES:x86_64#16.0'],
  'embargoed': False,
  'emu': False,
  'failed_or_unpublished_packages': [],
  'inReview': True,
  'inReviewQAM': False,
  'isActive': True,
  'number': 2053,
  'packages': ['aws-cli-cmd', 'flake-pilot'],
  'priority': 0,
  'project': 'SLFO',
  'rr_number': None,
  'scminfo_SL-Micro': '17dacfeb5a41a9809cad8dfc11dde87f952506673a5e00a35fd7491c43f3141d',
  'scminfo_SLES': 'b6a49bc48b39275029efafd7ffab833a5c55db030d57f583443d954f90781361',
  'successful_packages': ['000productcompose:bci_aarch64',
                          '000productcompose:bci_ppc64le',
                          '000productcompose:bci_s390x',
                          '000productcompose:bci_x86_64',
                          '000productcompose:sle_micro_aarch64',
                          '000productcompose:sle_micro_extras_aarch64',
                          '000productcompose:sle_micro_extras_ppc64le',
                          '000productcompose:sle_micro_extras_s390x',
                          '000productcompose:sle_micro_extras_x86_64',
                          '000productcompose:sle_micro_ppc64le',
                          '000productcompose:sle_micro_s390x',
                          '000productcompose:sle_micro_x86_64',
                          '000productcompose:sles_aarch64',
                          '000productcompose:sles_ha_ppc64le',
                          '000productcompose:sles_ha_s390x',
                          '000productcompose:sles_ha_x86_64',
                          '000productcompose:sles_ppc64le',
                          '000productcompose:sles_s390x',
                          '000productcompose:sles_sap_ppc64le',
                          '000productcompose:sles_sap_x86_64',
                          '000productcompose:sles_x86_64'],
  'type': 'git',
  'url': 'https://src.suse.de/products/SLFO/pulls/2053'},
 {'approved': True,
  'channels': ['SUSE:SLFO:1.2:PullRequest:2069:SL-Micro:aarch64#6.2',
               'SUSE:SLFO:1.2:PullRequest:2069:SL-Micro:ppc64le#6.2',
               'SUSE:SLFO:1.2:PullRequest:2069:SL-Micro:s390x#6.2',
               'SUSE:SLFO:1.2:PullRequest:2069:SL-Micro:x86_64#6.2',
               'SUSE:SLFO:1.2:PullRequest:2069:SLES:aarch64#16.0',
               'SUSE:SLFO:1.2:PullRequest:2069:SLES:ppc64le#16.0',
               'SUSE:SLFO:1.2:PullRequest:2069:SLES:s390x#16.0',
               'SUSE:SLFO:1.2:PullRequest:2069:SLES:x86_64#16.0'],
  'embargoed': False,
  'emu': False,
  'failed_or_unpublished_packages': [],
  'inReview': True,
  'inReviewQAM': False,
  'isActive': True,
  'number': 2069,
  'packages': ['gtk-vnc'],
  'priority': 0,
  'project': 'SLFO',
  'rr_number': None,
  'scminfo_SL-Micro': '17dacfeb5a41a9809cad8dfc11dde87f952506673a5e00a35fd7491c43f3141d',
  'scminfo_SLES': '25f9f11c8e33fe36431be3d917efdc823ecf71bab7811f3721a346508bf7147a',
  'successful_packages': ['000productcompose:bci_aarch64',
                          '000productcompose:bci_ppc64le',
                          '000productcompose:bci_s390x',
                          '000productcompose:bci_x86_64',
                          '000productcompose:sle_micro_aarch64',
                          '000productcompose:sle_micro_extras_aarch64',
                          '000productcompose:sle_micro_extras_ppc64le',
                          '000productcompose:sle_micro_extras_s390x',
                          '000productcompose:sle_micro_extras_x86_64',
                          '000productcompose:sle_micro_ppc64le',
                          '000productcompose:sle_micro_s390x',
                          '000productcompose:sle_micro_x86_64',
                          '000productcompose:sles_aarch64',
                          '000productcompose:sles_ha_ppc64le',
                          '000productcompose:sles_ha_s390x',
                          '000productcompose:sles_ha_x86_64',
                          '000productcompose:sles_ppc64le',
                          '000productcompose:sles_s390x',
                          '000productcompose:sles_sap_ppc64le',
                          '000productcompose:sles_sap_x86_64',
                          '000productcompose:sles_x86_64'],
  'type': 'git',
  'url': 'https://src.suse.de/products/SLFO/pulls/2069'},
 {'approved': True,
  'channels': ['SUSE:SLFO:1.2:PullRequest:2052:SL-Micro:aarch64#6.2',
               'SUSE:SLFO:1.2:PullRequest:2052:SL-Micro:ppc64le#6.2',
               'SUSE:SLFO:1.2:PullRequest:2052:SL-Micro:s390x#6.2',
               'SUSE:SLFO:1.2:PullRequest:2052:SL-Micro:x86_64#6.2',
               'SUSE:SLFO:1.2:PullRequest:2052:SLES:aarch64#16.0',
               'SUSE:SLFO:1.2:PullRequest:2052:SLES:ppc64le#16.0',
               'SUSE:SLFO:1.2:PullRequest:2052:SLES:s390x#16.0',
               'SUSE:SLFO:1.2:PullRequest:2052:SLES:x86_64#16.0'],
  'embargoed': False,
  'emu': False,
  'failed_or_unpublished_packages': [],
  'inReview': True,
  'inReviewQAM': False,
  'isActive': True,
  'number': 2052,
  'packages': ['AppStream', 'AppStream:qt5'],
  'priority': 0,
  'project': 'SLFO',
  'rr_number': None,
  'scminfo_SL-Micro': '17dacfeb5a41a9809cad8dfc11dde87f952506673a5e00a35fd7491c43f3141d',
  'scminfo_SLES': 'b6a49bc48b39275029efafd7ffab833a5c55db030d57f583443d954f90781361',
  'successful_packages': ['000productcompose:bci_aarch64',
                          '000productcompose:bci_ppc64le',
                          '000productcompose:bci_s390x',
                          '000productcompose:bci_x86_64',
                          '000productcompose:sle_micro_aarch64',
                          '000productcompose:sle_micro_extras_aarch64',
                          '000productcompose:sle_micro_extras_ppc64le',
                          '000productcompose:sle_micro_extras_s390x',
                          '000productcompose:sle_micro_extras_x86_64',
                          '000productcompose:sle_micro_ppc64le',
                          '000productcompose:sle_micro_s390x',
                          '000productcompose:sle_micro_x86_64',
                          '000productcompose:sles_aarch64',
                          '000productcompose:sles_ha_ppc64le',
                          '000productcompose:sles_ha_s390x',
                          '000productcompose:sles_ha_x86_64',
                          '000productcompose:sles_ppc64le',
                          '000productcompose:sles_s390x',
                          '000productcompose:sles_sap_ppc64le',
                          '000productcompose:sles_sap_x86_64',
                          '000productcompose:sles_x86_64'],
  'type': 'git',
  'url': 'https://src.suse.de/products/SLFO/pulls/2052'},
 {'approved': True,
  'channels': ['SUSE:SLFO:1.2:PullRequest:2066:SL-Micro:aarch64#6.2',
               'SUSE:SLFO:1.2:PullRequest:2066:SL-Micro:ppc64le#6.2',
               'SUSE:SLFO:1.2:PullRequest:2066:SL-Micro:s390x#6.2',
               'SUSE:SLFO:1.2:PullRequest:2066:SL-Micro:x86_64#6.2',
               'SUSE:SLFO:1.2:PullRequest:2066:SLES:aarch64#16.0',
               'SUSE:SLFO:1.2:PullRequest:2066:SLES:ppc64le#16.0',
               'SUSE:SLFO:1.2:PullRequest:2066:SLES:s390x#16.0',
               'SUSE:SLFO:1.2:PullRequest:2066:SLES:x86_64#16.0'],
  'embargoed': False,
  'emu': False,
  'failed_or_unpublished_packages': [],
  'inReview': True,
  'inReviewQAM': False,
  'isActive': True,
  'number': 2066,
  'packages': ['update-bootloader'],
  'priority': 0,
  'project': 'SLFO',
  'rr_number': None,
  'scminfo_SL-Micro': '17dacfeb5a41a9809cad8dfc11dde87f952506673a5e00a35fd7491c43f3141d',
  'scminfo_SLES': '8f6b12eba3c0241390728a00ac3a0e18127fc913dd6dad603ff4e3f0cd5bd424',
  'successful_packages': ['000productcompose:bci_aarch64',
                          '000productcompose:bci_ppc64le',
                          '000productcompose:bci_s390x',
                          '000productcompose:bci_x86_64',
                          '000productcompose:sle_micro_aarch64',
                          '000productcompose:sle_micro_extras_aarch64',
                          '000productcompose:sle_micro_extras_ppc64le',
                          '000productcompose:sle_micro_extras_s390x',
                          '000productcompose:sle_micro_extras_x86_64',
                          '000productcompose:sle_micro_ppc64le',
                          '000productcompose:sle_micro_s390x',
                          '000productcompose:sle_micro_x86_64',
                          '000productcompose:sles_aarch64',
                          '000productcompose:sles_ha_ppc64le',
                          '000productcompose:sles_ha_s390x',
                          '000productcompose:sles_ha_x86_64',
                          '000productcompose:sles_ppc64le',
                          '000productcompose:sles_s390x',
                          '000productcompose:sles_sap_ppc64le',
                          '000productcompose:sles_sap_x86_64',
                          '000productcompose:sles_x86_64'],
  'type': 'git',
  'url': 'https://src.suse.de/products/SLFO/pulls/2066'},
 {'approved': True,
  'channels': ['SUSE:SLFO:1.2:PullRequest:2040:SL-Micro:aarch64#6.2',
               'SUSE:SLFO:1.2:PullRequest:2040:SL-Micro:ppc64le#6.2',
               'SUSE:SLFO:1.2:PullRequest:2040:SL-Micro:s390x#6.2',
               'SUSE:SLFO:1.2:PullRequest:2040:SL-Micro:x86_64#6.2',
               'SUSE:SLFO:1.2:PullRequest:2040:SLES:aarch64#16.0',
               'SUSE:SLFO:1.2:PullRequest:2040:SLES:ppc64le#16.0',
               'SUSE:SLFO:1.2:PullRequest:2040:SLES:s390x#16.0',
               'SUSE:SLFO:1.2:PullRequest:2040:SLES:x86_64#16.0'],
  'embargoed': False,
  'emu': False,
  'failed_or_unpublished_packages': [],
  'inReview': True,
  'inReviewQAM': False,
  'isActive': True,
  'number': 2040,
  'packages': ['hwinfo'],
  'priority': 0,
  'project': 'SLFO',
  'rr_number': None,
  'scminfo_SL-Micro': '17dacfeb5a41a9809cad8dfc11dde87f952506673a5e00a35fd7491c43f3141d',
  'scminfo_SLES': 'b6a49bc48b39275029efafd7ffab833a5c55db030d57f583443d954f90781361',
  'successful_packages': ['000productcompose:bci_aarch64',
                          '000productcompose:bci_ppc64le',
                          '000productcompose:bci_s390x',
                          '000productcompose:bci_x86_64',
                          '000productcompose:sle_micro_aarch64',
                          '000productcompose:sle_micro_extras_aarch64',
                          '000productcompose:sle_micro_extras_ppc64le',
                          '000productcompose:sle_micro_extras_s390x',
                          '000productcompose:sle_micro_extras_x86_64',
                          '000productcompose:sle_micro_ppc64le',
                          '000productcompose:sle_micro_s390x',
                          '000productcompose:sle_micro_x86_64',
                          '000productcompose:sles_aarch64',
                          '000productcompose:sles_ha_ppc64le',
                          '000productcompose:sles_ha_s390x',
                          '000productcompose:sles_ha_x86_64',
                          '000productcompose:sles_ppc64le',
                          '000productcompose:sles_s390x',
                          '000productcompose:sles_sap_ppc64le',
                          '000productcompose:sles_sap_x86_64',
                          '000productcompose:sles_x86_64'],
  'type': 'git',
  'url': 'https://src.suse.de/products/SLFO/pulls/2040'},
 {'approved': True,
  'channels': ['SUSE:SLFO:1.2:PullRequest:2033:SL-Micro:aarch64#6.2',
               'SUSE:SLFO:1.2:PullRequest:2033:SL-Micro:ppc64le#6.2',
               'SUSE:SLFO:1.2:PullRequest:2033:SL-Micro:s390x#6.2',
               'SUSE:SLFO:1.2:PullRequest:2033:SL-Micro:x86_64#6.2',
               'SUSE:SLFO:1.2:PullRequest:2033:SLES:aarch64#16.0',
               'SUSE:SLFO:1.2:PullRequest:2033:SLES:ppc64le#16.0',
               'SUSE:SLFO:1.2:PullRequest:2033:SLES:s390x#16.0',
               'SUSE:SLFO:1.2:PullRequest:2033:SLES:x86_64#16.0'],
  'embargoed': False,
  'emu': False,
  'failed_or_unpublished_packages': [],
  'inReview': True,
  'inReviewQAM': False,
  'isActive': True,
  'number': 2033,
  'packages': ['assertj-core'],
  'priority': 0,
  'project': 'SLFO',
  'rr_number': None,
  'scminfo_SL-Micro': '17dacfeb5a41a9809cad8dfc11dde87f952506673a5e00a35fd7491c43f3141d',
  'scminfo_SLES': 'b6a49bc48b39275029efafd7ffab833a5c55db030d57f583443d954f90781361',
  'successful_packages': ['000productcompose:bci_aarch64',
                          '000productcompose:bci_ppc64le',
                          '000productcompose:bci_s390x',
                          '000productcompose:bci_x86_64',
                          '000productcompose:sle_micro_aarch64',
                          '000productcompose:sle_micro_extras_aarch64',
                          '000productcompose:sle_micro_extras_ppc64le',
                          '000productcompose:sle_micro_extras_s390x',
                          '000productcompose:sle_micro_extras_x86_64',
                          '000productcompose:sle_micro_ppc64le',
                          '000productcompose:sle_micro_s390x',
                          '000productcompose:sle_micro_x86_64',
                          '000productcompose:sles_aarch64',
                          '000productcompose:sles_ha_ppc64le',
                          '000productcompose:sles_ha_s390x',
                          '000productcompose:sles_ha_x86_64',
                          '000productcompose:sles_ppc64le',
                          '000productcompose:sles_s390x',
                          '000productcompose:sles_sap_ppc64le',
                          '000productcompose:sles_sap_x86_64',
                          '000productcompose:sles_x86_64'],
  'type': 'git',
  'url': 'https://src.suse.de/products/SLFO/pulls/2033'},
 {'approved': True,
  'channels': ['SUSE:SLFO:1.2:PullRequest:2014:SL-Micro:aarch64#6.2',
               'SUSE:SLFO:1.2:PullRequest:2014:SL-Micro:ppc64le#6.2',
               'SUSE:SLFO:1.2:PullRequest:2014:SL-Micro:s390x#6.2',
               'SUSE:SLFO:1.2:PullRequest:2014:SL-Micro:x86_64#6.2',
               'SUSE:SLFO:1.2:PullRequest:2014:SLES:aarch64#16.0',
               'SUSE:SLFO:1.2:PullRequest:2014:SLES:ppc64le#16.0',
               'SUSE:SLFO:1.2:PullRequest:2014:SLES:s390x#16.0',
               'SUSE:SLFO:1.2:PullRequest:2014:SLES:x86_64#16.0'],
  'embargoed': False,
  'emu': False,
  'failed_or_unpublished_packages': [],
  'inReview': True,
  'inReviewQAM': False,
  'isActive': True,
  'number': 2014,
  'packages': ['php8',
               'php8:apache2',
               'php8:embed',
               'php8:fastcgi',
               'php8:fpm',
               'php8:test'],
  'priority': 0,
  'project': 'SLFO',
  'rr_number': None,
  'scminfo_SL-Micro': '17dacfeb5a41a9809cad8dfc11dde87f952506673a5e00a35fd7491c43f3141d',
  'scminfo_SLES': 'b6a49bc48b39275029efafd7ffab833a5c55db030d57f583443d954f90781361',
  'successful_packages': ['000productcompose:bci_aarch64',
                          '000productcompose:bci_ppc64le',
                          '000productcompose:bci_s390x',
                          '000productcompose:bci_x86_64',
                          '000productcompose:sle_micro_aarch64',
                          '000productcompose:sle_micro_extras_aarch64',
                          '000productcompose:sle_micro_extras_ppc64le',
                          '000productcompose:sle_micro_extras_s390x',
                          '000productcompose:sle_micro_extras_x86_64',
                          '000productcompose:sle_micro_ppc64le',
                          '000productcompose:sle_micro_s390x',
                          '000productcompose:sle_micro_x86_64',
                          '000productcompose:sles_aarch64',
                          '000productcompose:sles_ha_ppc64le',
                          '000productcompose:sles_ha_s390x',
                          '000productcompose:sles_ha_x86_64',
                          '000productcompose:sles_ppc64le',
                          '000productcompose:sles_s390x',
                          '000productcompose:sles_sap_ppc64le',
                          '000productcompose:sles_sap_x86_64',
                          '000productcompose:sles_x86_64'],
  'type': 'git',
  'url': 'https://src.suse.de/products/SLFO/pulls/2014'},
 {'approved': True,
  'channels': ['SUSE:SLFO:1.2:PullRequest:2035:SL-Micro:aarch64#6.2',
               'SUSE:SLFO:1.2:PullRequest:2035:SL-Micro:ppc64le#6.2',
               'SUSE:SLFO:1.2:PullRequest:2035:SL-Micro:s390x#6.2',
               'SUSE:SLFO:1.2:PullRequest:2035:SL-Micro:x86_64#6.2',
               'SUSE:SLFO:1.2:PullRequest:2035:SLES:aarch64#16.0',
               'SUSE:SLFO:1.2:PullRequest:2035:SLES:ppc64le#16.0',
               'SUSE:SLFO:1.2:PullRequest:2035:SLES:s390x#16.0',
               'SUSE:SLFO:1.2:PullRequest:2035:SLES:x86_64#16.0'],
  'embargoed': False,
  'emu': False,
  'failed_or_unpublished_packages': [],
  'inReview': True,
  'inReviewQAM': False,
  'isActive': True,
  'number': 2035,
  'packages': ['poppler', 'poppler:qt5', 'poppler:qt6'],
  'priority': 0,
  'project': 'SLFO',
  'rr_number': None,
  'scminfo_SL-Micro': '17dacfeb5a41a9809cad8dfc11dde87f952506673a5e00a35fd7491c43f3141d',
  'scminfo_SLES': 'b6a49bc48b39275029efafd7ffab833a5c55db030d57f583443d954f90781361',
  'successful_packages': ['000productcompose:bci_aarch64',
                          '000productcompose:bci_ppc64le',
                          '000productcompose:bci_s390x',
                          '000productcompose:bci_x86_64',
                          '000productcompose:sle_micro_aarch64',
                          '000productcompose:sle_micro_extras_aarch64',
                          '000productcompose:sle_micro_extras_ppc64le',
                          '000productcompose:sle_micro_extras_s390x',
                          '000productcompose:sle_micro_extras_x86_64',
                          '000productcompose:sle_micro_ppc64le',
                          '000productcompose:sle_micro_s390x',
                          '000productcompose:sle_micro_x86_64',
                          '000productcompose:sles_aarch64',
                          '000productcompose:sles_ha_ppc64le',
                          '000productcompose:sles_ha_s390x',
                          '000productcompose:sles_ha_x86_64',
                          '000productcompose:sles_ppc64le',
                          '000productcompose:sles_s390x',
                          '000productcompose:sles_sap_ppc64le',
                          '000productcompose:sles_sap_x86_64',
                          '000productcompose:sles_x86_64'],
  'type': 'git',
  'url': 'https://src.suse.de/products/SLFO/pulls/2035'},
 {'approved': True,
  'channels': ['SUSE:SLFO:1.2:PullRequest:2013:SL-Micro:aarch64#6.2',
               'SUSE:SLFO:1.2:PullRequest:2013:SL-Micro:ppc64le#6.2',
               'SUSE:SLFO:1.2:PullRequest:2013:SL-Micro:s390x#6.2',
               'SUSE:SLFO:1.2:PullRequest:2013:SL-Micro:x86_64#6.2',
               'SUSE:SLFO:1.2:PullRequest:2013:SLES:aarch64#16.0',
               'SUSE:SLFO:1.2:PullRequest:2013:SLES:ppc64le#16.0',
               'SUSE:SLFO:1.2:PullRequest:2013:SLES:s390x#16.0',
               'SUSE:SLFO:1.2:PullRequest:2013:SLES:x86_64#16.0'],
  'embargoed': False,
  'emu': False,
  'failed_or_unpublished_packages': [],
  'inReview': True,
  'inReviewQAM': False,
  'isActive': True,
  'number': 2013,
  'packages': ['ibus-anthy',
               'ibus-cangjie',
               'ibus-skk',
               'mozc',
               'mozc:fcitx',
               'presage',
               'presage:doc'],
  'priority': 0,
  'project': 'SLFO',
  'rr_number': None,
  'scminfo_SL-Micro': '17dacfeb5a41a9809cad8dfc11dde87f952506673a5e00a35fd7491c43f3141d',
  'scminfo_SLES': 'b6a49bc48b39275029efafd7ffab833a5c55db030d57f583443d954f90781361',
  'successful_packages': ['000productcompose:bci_aarch64',
                          '000productcompose:bci_ppc64le',
                          '000productcompose:bci_s390x',
                          '000productcompose:bci_x86_64',
                          '000productcompose:sle_micro_aarch64',
                          '000productcompose:sle_micro_extras_aarch64',
                          '000productcompose:sle_micro_extras_ppc64le',
                          '000productcompose:sle_micro_extras_s390x',
                          '000productcompose:sle_micro_extras_x86_64',
                          '000productcompose:sle_micro_ppc64le',
                          '000productcompose:sle_micro_s390x',
                          '000productcompose:sle_micro_x86_64',
                          '000productcompose:sles_aarch64',
                          '000productcompose:sles_ha_ppc64le',
                          '000productcompose:sles_ha_s390x',
                          '000productcompose:sles_ha_x86_64',
                          '000productcompose:sles_ppc64le',
                          '000productcompose:sles_s390x',
                          '000productcompose:sles_sap_ppc64le',
                          '000productcompose:sles_sap_x86_64',
                          '000productcompose:sles_x86_64'],
  'type': 'git',
  'url': 'https://src.suse.de/products/SLFO/pulls/2013'},
 {'approved': False,
  'channels': ['SUSE:SLFO:1.2:PullRequest:1996:SL-Micro:aarch64#6.2',
               'SUSE:SLFO:1.2:PullRequest:1996:SL-Micro:ppc64le#6.2',
               'SUSE:SLFO:1.2:PullRequest:1996:SL-Micro:s390x#6.2',
               'SUSE:SLFO:1.2:PullRequest:1996:SL-Micro:x86_64#6.2',
               'SUSE:SLFO:1.2:PullRequest:1996:SLES:aarch64#16.0',
               'SUSE:SLFO:1.2:PullRequest:1996:SLES:ppc64le#16.0',
               'SUSE:SLFO:1.2:PullRequest:1996:SLES:s390x#16.0',
               'SUSE:SLFO:1.2:PullRequest:1996:SLES:x86_64#16.0'],
  'embargoed': False,
  'emu': False,
  'failed_or_unpublished_packages': [],
  'inReview': True,
  'inReviewQAM': True,
  'isActive': True,
  'number': 1996,
  'packages': ['crmsh'],
  'priority': 0,
  'project': 'SLFO',
  'rr_number': None,
  'scminfo_SL-Micro': '17dacfeb5a41a9809cad8dfc11dde87f952506673a5e00a35fd7491c43f3141d',
  'scminfo_SLES': 'b6a49bc48b39275029efafd7ffab833a5c55db030d57f583443d954f90781361',
  'successful_packages': ['000productcompose:bci_aarch64',
                          '000productcompose:bci_ppc64le',
                          '000productcompose:bci_s390x',
                          '000productcompose:bci_x86_64',
                          '000productcompose:sle_micro_aarch64',
                          '000productcompose:sle_micro_extras_aarch64',
                          '000productcompose:sle_micro_extras_ppc64le',
                          '000productcompose:sle_micro_extras_s390x',
                          '000productcompose:sle_micro_extras_x86_64',
                          '000productcompose:sle_micro_ppc64le',
                          '000productcompose:sle_micro_s390x',
                          '000productcompose:sle_micro_x86_64',
                          '000productcompose:sles_aarch64',
                          '000productcompose:sles_ha_ppc64le',
                          '000productcompose:sles_ha_s390x',
                          '000productcompose:sles_ha_x86_64',
                          '000productcompose:sles_ppc64le',
                          '000productcompose:sles_s390x',
                          '000productcompose:sles_sap_ppc64le',
                          '000productcompose:sles_sap_x86_64',
                          '000productcompose:sles_x86_64'],
  'type': 'git',
  'url': 'https://src.suse.de/products/SLFO/pulls/1996'},
 {'approved': True,
  'channels': ['SUSE:SLFO:1.2:PullRequest:2006:SL-Micro:aarch64#6.2',
               'SUSE:SLFO:1.2:PullRequest:2006:SL-Micro:ppc64le#6.2',
               'SUSE:SLFO:1.2:PullRequest:2006:SL-Micro:s390x#6.2',
               'SUSE:SLFO:1.2:PullRequest:2006:SL-Micro:x86_64#6.2',
               'SUSE:SLFO:1.2:PullRequest:2006:SLES:aarch64#16.0',
               'SUSE:SLFO:1.2:PullRequest:2006:SLES:ppc64le#16.0',
               'SUSE:SLFO:1.2:PullRequest:2006:SLES:s390x#16.0',
               'SUSE:SLFO:1.2:PullRequest:2006:SLES:x86_64#16.0'],
  'embargoed': False,
  'emu': False,
  'failed_or_unpublished_packages': [],
  'inReview': True,
  'inReviewQAM': False,
  'isActive': True,
  'number': 2006,
  'packages': ['multipath-tools'],
  'priority': 0,
  'project': 'SLFO',
  'rr_number': None,
  'scminfo_SL-Micro': '17dacfeb5a41a9809cad8dfc11dde87f952506673a5e00a35fd7491c43f3141d',
  'scminfo_SLES': 'b6a49bc48b39275029efafd7ffab833a5c55db030d57f583443d954f90781361',
  'successful_packages': ['000productcompose:bci_aarch64',
                          '000productcompose:bci_ppc64le',
                          '000productcompose:bci_s390x',
                          '000productcompose:bci_x86_64',
                          '000productcompose:sle_micro_aarch64',
                          '000productcompose:sle_micro_extras_aarch64',
                          '000productcompose:sle_micro_extras_ppc64le',
                          '000productcompose:sle_micro_extras_s390x',
                          '000productcompose:sle_micro_extras_x86_64',
                          '000productcompose:sle_micro_ppc64le',
                          '000productcompose:sle_micro_s390x',
                          '000productcompose:sle_micro_x86_64',
                          '000productcompose:sles_aarch64',
                          '000productcompose:sles_ha_ppc64le',
                          '000productcompose:sles_ha_s390x',
                          '000productcompose:sles_ha_x86_64',
                          '000productcompose:sles_ppc64le',
                          '000productcompose:sles_s390x',
                          '000productcompose:sles_sap_ppc64le',
                          '000productcompose:sles_sap_x86_64',
                          '000productcompose:sles_x86_64'],
  'type': 'git',
  'url': 'https://src.suse.de/products/SLFO/pulls/2006'},
 {'approved': False,
  'channels': ['SUSE:SLFO:1.2:PullRequest:2000:SL-Micro:aarch64#6.2',
               'SUSE:SLFO:1.2:PullRequest:2000:SL-Micro:ppc64le#6.2',
               'SUSE:SLFO:1.2:PullRequest:2000:SL-Micro:s390x#6.2',
               'SUSE:SLFO:1.2:PullRequest:2000:SL-Micro:x86_64#6.2',
               'SUSE:SLFO:1.2:PullRequest:2000:SLES:aarch64#16.0',
               'SUSE:SLFO:1.2:PullRequest:2000:SLES:ppc64le#16.0',
               'SUSE:SLFO:1.2:PullRequest:2000:SLES:s390x#16.0',
               'SUSE:SLFO:1.2:PullRequest:2000:SLES:x86_64#16.0'],
  'embargoed': False,
  'emu': False,
  'failed_or_unpublished_packages': [],
  'inReview': True,
  'inReviewQAM': True,
  'isActive': True,
  'number': 2000,
  'packages': ['libsodium'],
  'priority': 0,
  'project': 'SLFO',
  'rr_number': None,
  'scminfo_SL-Micro': '17dacfeb5a41a9809cad8dfc11dde87f952506673a5e00a35fd7491c43f3141d',
  'scminfo_SLES': 'b6a49bc48b39275029efafd7ffab833a5c55db030d57f583443d954f90781361',
  'successful_packages': ['000productcompose:bci_aarch64',
                          '000productcompose:bci_ppc64le',
                          '000productcompose:bci_s390x',
                          '000productcompose:bci_x86_64',
                          '000productcompose:sle_micro_aarch64',
                          '000productcompose:sle_micro_extras_aarch64',
                          '000productcompose:sle_micro_extras_ppc64le',
                          '000productcompose:sle_micro_extras_s390x',
                          '000productcompose:sle_micro_extras_x86_64',
                          '000productcompose:sle_micro_ppc64le',
                          '000productcompose:sle_micro_s390x',
                          '000productcompose:sle_micro_x86_64',
                          '000productcompose:sles_aarch64',
                          '000productcompose:sles_ha_ppc64le',
                          '000productcompose:sles_ha_s390x',
                          '000productcompose:sles_ha_x86_64',
                          '000productcompose:sles_ppc64le',
                          '000productcompose:sles_s390x',
                          '000productcompose:sles_sap_ppc64le',
                          '000productcompose:sles_sap_x86_64',
                          '000productcompose:sles_x86_64'],
  'type': 'git',
  'url': 'https://src.suse.de/products/SLFO/pulls/2000'},
 {'approved': True,
  'channels': ['SUSE:SLFO:1.2:PullRequest:1967:SL-Micro:aarch64#6.2',
               'SUSE:SLFO:1.2:PullRequest:1967:SL-Micro:ppc64le#6.2',
               'SUSE:SLFO:1.2:PullRequest:1967:SL-Micro:s390x#6.2',
               'SUSE:SLFO:1.2:PullRequest:1967:SL-Micro:x86_64#6.2',
               'SUSE:SLFO:1.2:PullRequest:1967:SLES:aarch64#16.0',
               'SUSE:SLFO:1.2:PullRequest:1967:SLES:ppc64le#16.0',
               'SUSE:SLFO:1.2:PullRequest:1967:SLES:s390x#16.0',
               'SUSE:SLFO:1.2:PullRequest:1967:SLES:x86_64#16.0'],
  'embargoed': False,
  'emu': False,
  'failed_or_unpublished_packages': [],
  'inReview': True,
  'inReviewQAM': False,
  'isActive': True,
  'number': 1967,
  'packages': ['python-urllib3_1', 'python-urllib3_1:test'],
  'priority': 0,
  'project': 'SLFO',
  'rr_number': None,
  'scminfo_SL-Micro': '17dacfeb5a41a9809cad8dfc11dde87f952506673a5e00a35fd7491c43f3141d',
  'scminfo_SLES': 'eef5d8440b3676717223993abf52cb5b8171d25739d1ee8d5145e0613ea05c3e',
  'successful_packages': ['000productcompose:bci_aarch64',
                          '000productcompose:bci_ppc64le',
                          '000productcompose:bci_s390x',
                          '000productcompose:bci_x86_64',
                          '000productcompose:sle_micro_aarch64',
                          '000productcompose:sle_micro_extras_aarch64',
                          '000productcompose:sle_micro_extras_ppc64le',
                          '000productcompose:sle_micro_extras_s390x',
                          '000productcompose:sle_micro_extras_x86_64',
                          '000productcompose:sle_micro_ppc64le',
                          '000productcompose:sle_micro_s390x',
                          '000productcompose:sle_micro_x86_64',
                          '000productcompose:sles_aarch64',
                          '000productcompose:sles_ha_ppc64le',
                          '000productcompose:sles_ha_s390x',
                          '000productcompose:sles_ha_x86_64',
                          '000productcompose:sles_ppc64le',
                          '000productcompose:sles_s390x',
                          '000productcompose:sles_sap_ppc64le',
                          '000productcompose:sles_sap_x86_64',
                          '000productcompose:sles_x86_64'],
  'type': 'git',
  'url': 'https://src.suse.de/products/SLFO/pulls/1967'},
 {'approved': True,
  'channels': ['SUSE:SLFO:1.2:PullRequest:1964:SL-Micro:aarch64#6.2',
               'SUSE:SLFO:1.2:PullRequest:1964:SL-Micro:ppc64le#6.2',
               'SUSE:SLFO:1.2:PullRequest:1964:SL-Micro:s390x#6.2',
               'SUSE:SLFO:1.2:PullRequest:1964:SL-Micro:x86_64#6.2',
               'SUSE:SLFO:1.2:PullRequest:1964:SLES:aarch64#16.0',
               'SUSE:SLFO:1.2:PullRequest:1964:SLES:ppc64le#16.0',
               'SUSE:SLFO:1.2:PullRequest:1964:SLES:s390x#16.0',
               'SUSE:SLFO:1.2:PullRequest:1964:SLES:x86_64#16.0'],
  'embargoed': False,
  'emu': False,
  'failed_or_unpublished_packages': [],
  'inReview': True,
  'inReviewQAM': False,
  'isActive': True,
  'number': 1964,
  'packages': ['gcc15',
               'gcc15:gcc15-testresults',
               'gcc15:cross-aarch64-gcc15-bootstrap',
               'gcc15:cross-aarch64-gcc15',
               'gcc15:cross-loongarch64-gcc15-bootstrap',
               'gcc15:cross-loongarch64-gcc15',
               'gcc15:cross-riscv64-gcc15-bootstrap',
               'gcc15:cross-riscv64-gcc15',
               'gcc15:cross-s390x-gcc15-bootstrap',
               'gcc15:cross-s390x-gcc15',
               'gcc15:cross-ppc64le-gcc15-bootstrap',
               'gcc15:cross-ppc64le-gcc15',
               'gcc15:cross-hppa-gcc15-bootstrap',
               'gcc15:cross-hppa-gcc15',
               'gcc15:cross-arm-gcc15',
               'gcc15:cross-avr-gcc15-bootstrap',
               'gcc15:cross-avr-gcc15',
               'gcc15:cross-pru-gcc15-bootstrap',
               'gcc15:cross-pru-gcc15',
               'gcc15:cross-x86_64-gcc15',
               'gcc15:cross-ppc64-gcc15',
               'gcc15:cross-arm-none-gcc15-bootstrap',
               'gcc15:cross-arm-none-gcc15',
               'gcc15:cross-riscv64-elf-gcc15-bootstrap',
               'gcc15:cross-riscv64-elf-gcc15',
               'gcc15:cross-rx-gcc15-bootstrap',
               'gcc15:cross-rx-gcc15',
               'gcc15:cross-nvptx-gcc15',
               'gcc15:cross-amdgcn-gcc15',
               'gcc15:cross-bpf-gcc15'],
  'priority': 0,
  'project': 'SLFO',
  'rr_number': None,
  'scminfo_SL-Micro': '17dacfeb5a41a9809cad8dfc11dde87f952506673a5e00a35fd7491c43f3141d',
  'scminfo_SLES': 'eef5d8440b3676717223993abf52cb5b8171d25739d1ee8d5145e0613ea05c3e',
  'successful_packages': ['000productcompose:bci_aarch64',
                          '000productcompose:bci_ppc64le',
                          '000productcompose:bci_s390x',
                          '000productcompose:bci_x86_64',
                          '000productcompose:sle_micro_aarch64',
                          '000productcompose:sle_micro_extras_aarch64',
                          '000productcompose:sle_micro_extras_ppc64le',
                          '000productcompose:sle_micro_extras_s390x',
                          '000productcompose:sle_micro_extras_x86_64',
                          '000productcompose:sle_micro_ppc64le',
                          '000productcompose:sle_micro_s390x',
                          '000productcompose:sle_micro_x86_64',
                          '000productcompose:sles_aarch64',
                          '000productcompose:sles_ha_ppc64le',
                          '000productcompose:sles_ha_s390x',
                          '000productcompose:sles_ha_x86_64',
                          '000productcompose:sles_ppc64le',
                          '000productcompose:sles_s390x',
                          '000productcompose:sles_sap_ppc64le',
                          '000productcompose:sles_sap_x86_64',
                          '000productcompose:sles_x86_64'],
  'type': 'git',
  'url': 'https://src.suse.de/products/SLFO/pulls/1964'},
 {'approved': True,
  'channels': ['SUSE:SLFO:1.2:PullRequest:1953:SL-Micro:aarch64#6.2',
               'SUSE:SLFO:1.2:PullRequest:1953:SL-Micro:ppc64le#6.2',
               'SUSE:SLFO:1.2:PullRequest:1953:SL-Micro:s390x#6.2',
               'SUSE:SLFO:1.2:PullRequest:1953:SL-Micro:x86_64#6.2',
               'SUSE:SLFO:1.2:PullRequest:1953:SLES:aarch64#16.0',
               'SUSE:SLFO:1.2:PullRequest:1953:SLES:ppc64le#16.0',
               'SUSE:SLFO:1.2:PullRequest:1953:SLES:s390x#16.0',
               'SUSE:SLFO:1.2:PullRequest:1953:SLES:x86_64#16.0'],
  'embargoed': False,
  'emu': False,
  'failed_or_unpublished_packages': [],
  'inReview': True,
  'inReviewQAM': False,
  'isActive': True,
  'number': 1953,
  'packages': ['protobuf',
               'protobuf:python-protobuf',
               'protobuf:protobuf-java'],
  'priority': 0,
  'project': 'SLFO',
  'rr_number': None,
  'scminfo_SL-Micro': '17dacfeb5a41a9809cad8dfc11dde87f952506673a5e00a35fd7491c43f3141d',
  'scminfo_SLES': 'eef5d8440b3676717223993abf52cb5b8171d25739d1ee8d5145e0613ea05c3e',
  'successful_packages': ['000productcompose:bci_aarch64',
                          '000productcompose:bci_ppc64le',
                          '000productcompose:bci_s390x',
                          '000productcompose:bci_x86_64',
                          '000productcompose:sle_micro_aarch64',
                          '000productcompose:sle_micro_extras_aarch64',
                          '000productcompose:sle_micro_extras_ppc64le',
                          '000productcompose:sle_micro_extras_s390x',
                          '000productcompose:sle_micro_extras_x86_64',
                          '000productcompose:sle_micro_ppc64le',
                          '000productcompose:sle_micro_s390x',
                          '000productcompose:sle_micro_x86_64',
                          '000productcompose:sles_aarch64',
                          '000productcompose:sles_ha_ppc64le',
                          '000productcompose:sles_ha_s390x',
                          '000productcompose:sles_ha_x86_64',
                          '000productcompose:sles_ppc64le',
                          '000productcompose:sles_s390x',
                          '000productcompose:sles_sap_ppc64le',
                          '000productcompose:sles_sap_x86_64',
                          '000productcompose:sles_x86_64'],
  'type': 'git',
  'url': 'https://src.suse.de/products/SLFO/pulls/1953'},
 {'approved': True,
  'channels': ['SUSE:SLFO:1.2:PullRequest:1910:SL-Micro:aarch64#6.2',
               'SUSE:SLFO:1.2:PullRequest:1910:SL-Micro:ppc64le#6.2',
               'SUSE:SLFO:1.2:PullRequest:1910:SL-Micro:s390x#6.2',
               'SUSE:SLFO:1.2:PullRequest:1910:SL-Micro:x86_64#6.2',
               'SUSE:SLFO:1.2:PullRequest:1910:SLES:aarch64#16.0',
               'SUSE:SLFO:1.2:PullRequest:1910:SLES:ppc64le#16.0',
               'SUSE:SLFO:1.2:PullRequest:1910:SLES:s390x#16.0',
               'SUSE:SLFO:1.2:PullRequest:1910:SLES:x86_64#16.0'],
  'embargoed': False,
  'emu': False,
  'failed_or_unpublished_packages': [],
  'inReview': True,
  'inReviewQAM': False,
  'isActive': True,
  'number': 1910,
  'packages': ['python-orjson'],
  'priority': 0,
  'project': 'SLFO',
  'rr_number': None,
  'scminfo_SL-Micro': '17dacfeb5a41a9809cad8dfc11dde87f952506673a5e00a35fd7491c43f3141d',
  'scminfo_SLES': 'eef5d8440b3676717223993abf52cb5b8171d25739d1ee8d5145e0613ea05c3e',
  'successful_packages': ['000productcompose:bci_aarch64',
                          '000productcompose:bci_ppc64le',
                          '000productcompose:bci_s390x',
                          '000productcompose:bci_x86_64',
                          '000productcompose:sle_micro_aarch64',
                          '000productcompose:sle_micro_extras_aarch64',
                          '000productcompose:sle_micro_extras_ppc64le',
                          '000productcompose:sle_micro_extras_s390x',
                          '000productcompose:sle_micro_extras_x86_64',
                          '000productcompose:sle_micro_ppc64le',
                          '000productcompose:sle_micro_s390x',
                          '000productcompose:sle_micro_x86_64',
                          '000productcompose:sles_aarch64',
                          '000productcompose:sles_ha_ppc64le',
                          '000productcompose:sles_ha_s390x',
                          '000productcompose:sles_ha_x86_64',
                          '000productcompose:sles_ppc64le',
                          '000productcompose:sles_s390x',
                          '000productcompose:sles_sap_ppc64le',
                          '000productcompose:sles_sap_x86_64',
                          '000productcompose:sles_x86_64'],
  'type': 'git',
  'url': 'https://src.suse.de/products/SLFO/pulls/1910'},
 {'approved': True,
  'channels': ['SUSE:SLFO:1.2:PullRequest:1892:SL-Micro:aarch64#6.2',
               'SUSE:SLFO:1.2:PullRequest:1892:SL-Micro:ppc64le#6.2',
               'SUSE:SLFO:1.2:PullRequest:1892:SL-Micro:s390x#6.2',
               'SUSE:SLFO:1.2:PullRequest:1892:SL-Micro:x86_64#6.2',
               'SUSE:SLFO:1.2:PullRequest:1892:SLES:aarch64#16.0',
               'SUSE:SLFO:1.2:PullRequest:1892:SLES:ppc64le#16.0',
               'SUSE:SLFO:1.2:PullRequest:1892:SLES:s390x#16.0',
               'SUSE:SLFO:1.2:PullRequest:1892:SLES:x86_64#16.0'],
  'embargoed': False,
  'emu': False,
  'failed_or_unpublished_packages': [],
  'inReview': True,
  'inReviewQAM': False,
  'isActive': True,
  'number': 1892,
  'packages': ['util-linux', 'util-linux:systemd', 'util-linux:python'],
  'priority': 0,
  'project': 'SLFO',
  'rr_number': None,
  'scminfo_SL-Micro': '17dacfeb5a41a9809cad8dfc11dde87f952506673a5e00a35fd7491c43f3141d',
  'scminfo_SLES': 'eef5d8440b3676717223993abf52cb5b8171d25739d1ee8d5145e0613ea05c3e',
  'successful_packages': ['000productcompose:bci_aarch64',
                          '000productcompose:bci_ppc64le',
                          '000productcompose:bci_s390x',
                          '000productcompose:bci_x86_64',
                          '000productcompose:sle_micro_aarch64',
                          '000productcompose:sle_micro_extras_aarch64',
                          '000productcompose:sle_micro_extras_ppc64le',
                          '000productcompose:sle_micro_extras_s390x',
                          '000productcompose:sle_micro_extras_x86_64',
                          '000productcompose:sle_micro_ppc64le',
                          '000productcompose:sle_micro_s390x',
                          '000productcompose:sle_micro_x86_64',
                          '000productcompose:sles_aarch64',
                          '000productcompose:sles_ha_ppc64le',
                          '000productcompose:sles_ha_s390x',
                          '000productcompose:sles_ha_x86_64',
                          '000productcompose:sles_ppc64le',
                          '000productcompose:sles_s390x',
                          '000productcompose:sles_sap_ppc64le',
                          '000productcompose:sles_sap_x86_64',
                          '000productcompose:sles_x86_64'],
  'type': 'git',
  'url': 'https://src.suse.de/products/SLFO/pulls/1892'},
 {'approved': True,
  'channels': ['SUSE:SLFO:1.2:PullRequest:1840:SL-Micro:aarch64#6.2',
               'SUSE:SLFO:1.2:PullRequest:1840:SL-Micro:ppc64le#6.2',
               'SUSE:SLFO:1.2:PullRequest:1840:SL-Micro:s390x#6.2',
               'SUSE:SLFO:1.2:PullRequest:1840:SL-Micro:x86_64#6.2',
               'SUSE:SLFO:1.2:PullRequest:1840:SLES:aarch64#16.0',
               'SUSE:SLFO:1.2:PullRequest:1840:SLES:ppc64le#16.0',
               'SUSE:SLFO:1.2:PullRequest:1840:SLES:s390x#16.0',
               'SUSE:SLFO:1.2:PullRequest:1840:SLES:x86_64#16.0'],
  'embargoed': False,
  'emu': False,
  'failed_or_unpublished_packages': [],
  'inReview': True,
  'inReviewQAM': False,
  'isActive': True,
  'number': 1840,
  'packages': ['postgresql13'],
  'priority': 0,
  'project': 'SLFO',
  'rr_number': None,
  'scminfo_SL-Micro': '17dacfeb5a41a9809cad8dfc11dde87f952506673a5e00a35fd7491c43f3141d',
  'scminfo_SLES': '7a2a24328e3a4d497de162c8d5e7402d4268afcefcd54377912a46c7c38324ae',
  'successful_packages': ['000productcompose:bci_aarch64',
                          '000productcompose:bci_ppc64le',
                          '000productcompose:bci_s390x',
                          '000productcompose:bci_x86_64',
                          '000productcompose:sle_micro_aarch64',
                          '000productcompose:sle_micro_extras_aarch64',
                          '000productcompose:sle_micro_extras_ppc64le',
                          '000productcompose:sle_micro_extras_s390x',
                          '000productcompose:sle_micro_extras_x86_64',
                          '000productcompose:sle_micro_ppc64le',
                          '000productcompose:sle_micro_s390x',
                          '000productcompose:sle_micro_x86_64',
                          '000productcompose:sles_aarch64',
                          '000productcompose:sles_ha_ppc64le',
                          '000productcompose:sles_ha_s390x',
                          '000productcompose:sles_ha_x86_64',
                          '000productcompose:sles_ppc64le',
                          '000productcompose:sles_s390x',
                          '000productcompose:sles_sap_ppc64le',
                          '000productcompose:sles_sap_x86_64',
                          '000productcompose:sles_x86_64'],
  'type': 'git',
  'url': 'https://src.suse.de/products/SLFO/pulls/1840'},
 {'approved': True,
  'channels': ['SUSE:SLFO:1.2:PullRequest:1763:SL-Micro:aarch64#6.2',
               'SUSE:SLFO:1.2:PullRequest:1763:SL-Micro:ppc64le#6.2',
               'SUSE:SLFO:1.2:PullRequest:1763:SL-Micro:s390x#6.2',
               'SUSE:SLFO:1.2:PullRequest:1763:SL-Micro:x86_64#6.2',
               'SUSE:SLFO:1.2:PullRequest:1763:SLES:aarch64#16.0',
               'SUSE:SLFO:1.2:PullRequest:1763:SLES:ppc64le#16.0',
               'SUSE:SLFO:1.2:PullRequest:1763:SLES:s390x#16.0',
               'SUSE:SLFO:1.2:PullRequest:1763:SLES:x86_64#16.0'],
  'embargoed': False,
  'emu': False,
  'failed_or_unpublished_packages': [],
  'inReview': True,
  'inReviewQAM': False,
  'isActive': True,
  'number': 1763,
  'packages': ['kernel-firmware-mediatek'],
  'priority': 0,
  'project': 'SLFO',
  'rr_number': None,
  'scminfo_SL-Micro': '17dacfeb5a41a9809cad8dfc11dde87f952506673a5e00a35fd7491c43f3141d',
  'scminfo_SLES': '7a2a24328e3a4d497de162c8d5e7402d4268afcefcd54377912a46c7c38324ae',
  'successful_packages': ['000productcompose:bci_aarch64',
                          '000productcompose:bci_ppc64le',
                          '000productcompose:bci_s390x',
                          '000productcompose:bci_x86_64',
                          '000productcompose:sle_micro_aarch64',
                          '000productcompose:sle_micro_extras_aarch64',
                          '000productcompose:sle_micro_extras_ppc64le',
                          '000productcompose:sle_micro_extras_s390x',
                          '000productcompose:sle_micro_extras_x86_64',
                          '000productcompose:sle_micro_ppc64le',
                          '000productcompose:sle_micro_s390x',
                          '000productcompose:sle_micro_x86_64',
                          '000productcompose:sles_aarch64',
                          '000productcompose:sles_ha_ppc64le',
                          '000productcompose:sles_ha_s390x',
                          '000productcompose:sles_ha_x86_64',
                          '000productcompose:sles_ppc64le',
                          '000productcompose:sles_s390x',
                          '000productcompose:sles_sap_ppc64le',
                          '000productcompose:sles_sap_x86_64',
                          '000productcompose:sles_x86_64'],
  'type': 'git',
  'url': 'https://src.suse.de/products/SLFO/pulls/1763'},
 {'approved': True,
  'channels': ['SUSE:SLFO:1.2:PullRequest:1824:SL-Micro:aarch64#6.2',
               'SUSE:SLFO:1.2:PullRequest:1824:SL-Micro:ppc64le#6.2',
               'SUSE:SLFO:1.2:PullRequest:1824:SL-Micro:s390x#6.2',
               'SUSE:SLFO:1.2:PullRequest:1824:SL-Micro:x86_64#6.2',
               'SUSE:SLFO:1.2:PullRequest:1824:SLES:aarch64#16.0',
               'SUSE:SLFO:1.2:PullRequest:1824:SLES:ppc64le#16.0',
               'SUSE:SLFO:1.2:PullRequest:1824:SLES:s390x#16.0',
               'SUSE:SLFO:1.2:PullRequest:1824:SLES:x86_64#16.0'],
  'embargoed': False,
  'emu': False,
  'failed_or_unpublished_packages': [],
  'inReview': True,
  'inReviewQAM': False,
  'isActive': True,
  'number': 1824,
  'packages': ['sendmail'],
  'priority': 0,
  'project': 'SLFO',
  'rr_number': None,
  'scminfo_SL-Micro': '17dacfeb5a41a9809cad8dfc11dde87f952506673a5e00a35fd7491c43f3141d',
  'scminfo_SLES': '7a2a24328e3a4d497de162c8d5e7402d4268afcefcd54377912a46c7c38324ae',
  'successful_packages': ['000productcompose:bci_aarch64',
                          '000productcompose:bci_ppc64le',
                          '000productcompose:bci_s390x',
                          '000productcompose:bci_x86_64',
                          '000productcompose:sle_micro_aarch64',
                          '000productcompose:sle_micro_extras_aarch64',
                          '000productcompose:sle_micro_extras_ppc64le',
                          '000productcompose:sle_micro_extras_s390x',
                          '000productcompose:sle_micro_extras_x86_64',
                          '000productcompose:sle_micro_ppc64le',
                          '000productcompose:sle_micro_s390x',
                          '000productcompose:sle_micro_x86_64',
                          '000productcompose:sles_aarch64',
                          '000productcompose:sles_ha_ppc64le',
                          '000productcompose:sles_ha_s390x',
                          '000productcompose:sles_ha_x86_64',
                          '000productcompose:sles_ppc64le',
                          '000productcompose:sles_s390x',
                          '000productcompose:sles_sap_ppc64le',
                          '000productcompose:sles_sap_x86_64',
                          '000productcompose:sles_x86_64'],
  'type': 'git',
  'url': 'https://src.suse.de/products/SLFO/pulls/1824'},
 {'approved': True,
  'channels': ['SUSE:SLFO:1.2:PullRequest:1849:SL-Micro:aarch64#6.2',
               'SUSE:SLFO:1.2:PullRequest:1849:SL-Micro:ppc64le#6.2',
               'SUSE:SLFO:1.2:PullRequest:1849:SL-Micro:s390x#6.2',
               'SUSE:SLFO:1.2:PullRequest:1849:SL-Micro:x86_64#6.2',
               'SUSE:SLFO:1.2:PullRequest:1849:SLES:aarch64#16.0',
               'SUSE:SLFO:1.2:PullRequest:1849:SLES:ppc64le#16.0',
               'SUSE:SLFO:1.2:PullRequest:1849:SLES:s390x#16.0',
               'SUSE:SLFO:1.2:PullRequest:1849:SLES:x86_64#16.0'],
  'embargoed': False,
  'emu': False,
  'failed_or_unpublished_packages': [],
  'inReview': True,
  'inReviewQAM': False,
  'isActive': True,
  'number': 1849,
  'packages': ['harfbuzz'],
  'priority': 0,
  'project': 'SLFO',
  'rr_number': None,
  'scminfo_SL-Micro': '17dacfeb5a41a9809cad8dfc11dde87f952506673a5e00a35fd7491c43f3141d',
  'scminfo_SLES': '7a2a24328e3a4d497de162c8d5e7402d4268afcefcd54377912a46c7c38324ae',
  'successful_packages': ['000productcompose:bci_aarch64',
                          '000productcompose:bci_ppc64le',
                          '000productcompose:bci_s390x',
                          '000productcompose:bci_x86_64',
                          '000productcompose:sle_micro_aarch64',
                          '000productcompose:sle_micro_extras_aarch64',
                          '000productcompose:sle_micro_extras_ppc64le',
                          '000productcompose:sle_micro_extras_s390x',
                          '000productcompose:sle_micro_extras_x86_64',
                          '000productcompose:sle_micro_ppc64le',
                          '000productcompose:sle_micro_s390x',
                          '000productcompose:sle_micro_x86_64',
                          '000productcompose:sles_aarch64',
                          '000productcompose:sles_ha_ppc64le',
                          '000productcompose:sles_ha_s390x',
                          '000productcompose:sles_ha_x86_64',
                          '000productcompose:sles_ppc64le',
                          '000productcompose:sles_s390x',
                          '000productcompose:sles_sap_ppc64le',
                          '000productcompose:sles_sap_x86_64',
                          '000productcompose:sles_x86_64'],
  'type': 'git',
  'url': 'https://src.suse.de/products/SLFO/pulls/1849'},
 {'approved': True,
  'channels': ['SUSE:SLFO:1.2:PullRequest:1805:SL-Micro:aarch64#6.2',
               'SUSE:SLFO:1.2:PullRequest:1805:SL-Micro:ppc64le#6.2',
               'SUSE:SLFO:1.2:PullRequest:1805:SL-Micro:s390x#6.2',
               'SUSE:SLFO:1.2:PullRequest:1805:SL-Micro:x86_64#6.2',
               'SUSE:SLFO:1.2:PullRequest:1805:SLES:aarch64#16.0',
               'SUSE:SLFO:1.2:PullRequest:1805:SLES:ppc64le#16.0',
               'SUSE:SLFO:1.2:PullRequest:1805:SLES:s390x#16.0',
               'SUSE:SLFO:1.2:PullRequest:1805:SLES:x86_64#16.0'],
  'embargoed': False,
  'emu': False,
  'failed_or_unpublished_packages': [],
  'inReview': True,
  'inReviewQAM': False,
  'isActive': True,
  'number': 1805,
  'packages': ['mutt'],
  'priority': 0,
  'project': 'SLFO',
  'rr_number': None,
  'scminfo_SL-Micro': '17dacfeb5a41a9809cad8dfc11dde87f952506673a5e00a35fd7491c43f3141d',
  'scminfo_SLES': '7a2a24328e3a4d497de162c8d5e7402d4268afcefcd54377912a46c7c38324ae',
  'successful_packages': ['000productcompose:bci_aarch64',
                          '000productcompose:bci_ppc64le',
                          '000productcompose:bci_s390x',
                          '000productcompose:bci_x86_64',
                          '000productcompose:sle_micro_aarch64',
                          '000productcompose:sle_micro_extras_aarch64',
                          '000productcompose:sle_micro_extras_ppc64le',
                          '000productcompose:sle_micro_extras_s390x',
                          '000productcompose:sle_micro_extras_x86_64',
                          '000productcompose:sle_micro_ppc64le',
                          '000productcompose:sle_micro_s390x',
                          '000productcompose:sle_micro_x86_64',
                          '000productcompose:sles_aarch64',
                          '000productcompose:sles_ha_ppc64le',
                          '000productcompose:sles_ha_s390x',
                          '000productcompose:sles_ha_x86_64',
                          '000productcompose:sles_ppc64le',
                          '000productcompose:sles_s390x',
                          '000productcompose:sles_sap_ppc64le',
                          '000productcompose:sles_sap_x86_64',
                          '000productcompose:sles_x86_64'],
  'type': 'git',
  'url': 'https://src.suse.de/products/SLFO/pulls/1805'},
 {'approved': True,
  'channels': ['SUSE:SLFO:1.2:PullRequest:1762:SL-Micro:aarch64#6.2',
               'SUSE:SLFO:1.2:PullRequest:1762:SL-Micro:ppc64le#6.2',
               'SUSE:SLFO:1.2:PullRequest:1762:SL-Micro:s390x#6.2',
               'SUSE:SLFO:1.2:PullRequest:1762:SL-Micro:x86_64#6.2',
               'SUSE:SLFO:1.2:PullRequest:1762:SLES:aarch64#16.0',
               'SUSE:SLFO:1.2:PullRequest:1762:SLES:ppc64le#16.0',
               'SUSE:SLFO:1.2:PullRequest:1762:SLES:s390x#16.0',
               'SUSE:SLFO:1.2:PullRequest:1762:SLES:x86_64#16.0'],
  'embargoed': False,
  'emu': False,
  'failed_or_unpublished_packages': [],
  'inReview': True,
  'inReviewQAM': False,
  'isActive': True,
  'number': 1762,
  'packages': ['kernel-firmware-bluetooth'],
  'priority': 0,
  'project': 'SLFO',
  'rr_number': None,
  'scminfo_SL-Micro': '17dacfeb5a41a9809cad8dfc11dde87f952506673a5e00a35fd7491c43f3141d',
  'scminfo_SLES': '7a2a24328e3a4d497de162c8d5e7402d4268afcefcd54377912a46c7c38324ae',
  'successful_packages': ['000productcompose:bci_aarch64',
                          '000productcompose:bci_ppc64le',
                          '000productcompose:bci_s390x',
                          '000productcompose:bci_x86_64',
                          '000productcompose:sle_micro_aarch64',
                          '000productcompose:sle_micro_extras_aarch64',
                          '000productcompose:sle_micro_extras_ppc64le',
                          '000productcompose:sle_micro_extras_s390x',
                          '000productcompose:sle_micro_extras_x86_64',
                          '000productcompose:sle_micro_ppc64le',
                          '000productcompose:sle_micro_s390x',
                          '000productcompose:sle_micro_x86_64',
                          '000productcompose:sles_aarch64',
                          '000productcompose:sles_ha_ppc64le',
                          '000productcompose:sles_ha_s390x',
                          '000productcompose:sles_ha_x86_64',
                          '000productcompose:sles_ppc64le',
                          '000productcompose:sles_s390x',
                          '000productcompose:sles_sap_ppc64le',
                          '000productcompose:sles_sap_x86_64',
                          '000productcompose:sles_x86_64'],
  'type': 'git',
  'url': 'https://src.suse.de/products/SLFO/pulls/1762'},
 {'approved': True,
  'channels': ['SUSE:SLFO:1.2:PullRequest:1717:SL-Micro:aarch64#6.2',
               'SUSE:SLFO:1.2:PullRequest:1717:SL-Micro:ppc64le#6.2',
               'SUSE:SLFO:1.2:PullRequest:1717:SL-Micro:s390x#6.2',
               'SUSE:SLFO:1.2:PullRequest:1717:SL-Micro:x86_64#6.2',
               'SUSE:SLFO:1.2:PullRequest:1717:SLES:aarch64#16.0',
               'SUSE:SLFO:1.2:PullRequest:1717:SLES:ppc64le#16.0',
               'SUSE:SLFO:1.2:PullRequest:1717:SLES:s390x#16.0',
               'SUSE:SLFO:1.2:PullRequest:1717:SLES:x86_64#16.0'],
  'embargoed': False,
  'emu': False,
  'failed_or_unpublished_packages': [],
  'inReview': True,
  'inReviewQAM': False,
  'isActive': True,
  'number': 1717,
  'packages': ['crypto-policies'],
  'priority': 0,
  'project': 'SLFO',
  'rr_number': None,
  'scminfo_SL-Micro': 'ce41f5d4d32b6afa83e082c65e1d3fc923b4b0ab50528105e43860f94d5bbfc2',
  'scminfo_SLES': '4f905dd8b689fe1d7bc3af3fab0f1ce10fa36e692240cf11c42107e88491350e',
  'successful_packages': ['000productcompose:bci_aarch64',
                          '000productcompose:bci_ppc64le',
                          '000productcompose:bci_s390x',
                          '000productcompose:bci_x86_64',
                          '000productcompose:sle_micro_aarch64',
                          '000productcompose:sle_micro_extras_aarch64',
                          '000productcompose:sle_micro_extras_ppc64le',
                          '000productcompose:sle_micro_extras_s390x',
                          '000productcompose:sle_micro_extras_x86_64',
                          '000productcompose:sle_micro_ppc64le',
                          '000productcompose:sle_micro_s390x',
                          '000productcompose:sle_micro_x86_64',
                          '000productcompose:sles_aarch64',
                          '000productcompose:sles_ha_ppc64le',
                          '000productcompose:sles_ha_s390x',
                          '000productcompose:sles_ha_x86_64',
                          '000productcompose:sles_ppc64le',
                          '000productcompose:sles_s390x',
                          '000productcompose:sles_sap_ppc64le',
                          '000productcompose:sles_sap_x86_64',
                          '000productcompose:sles_x86_64'],
  'type': 'git',
  'url': 'https://src.suse.de/products/SLFO/pulls/1717'},
 {'approved': True,
  'channels': ['SUSE:SLFO:1.2:PullRequest:1746:SL-Micro:aarch64#6.2',
               'SUSE:SLFO:1.2:PullRequest:1746:SL-Micro:ppc64le#6.2',
               'SUSE:SLFO:1.2:PullRequest:1746:SL-Micro:s390x#6.2',
               'SUSE:SLFO:1.2:PullRequest:1746:SL-Micro:x86_64#6.2',
               'SUSE:SLFO:1.2:PullRequest:1746:SLES:aarch64#16.0',
               'SUSE:SLFO:1.2:PullRequest:1746:SLES:ppc64le#16.0',
               'SUSE:SLFO:1.2:PullRequest:1746:SLES:s390x#16.0',
               'SUSE:SLFO:1.2:PullRequest:1746:SLES:x86_64#16.0'],
  'embargoed': False,
  'emu': False,
  'failed_or_unpublished_packages': [],
  'inReview': True,
  'inReviewQAM': False,
  'isActive': True,
  'number': 1746,
  'packages': ['libwmf'],
  'priority': 0,
  'project': 'SLFO',
  'rr_number': None,
  'scminfo_SL-Micro': '17dacfeb5a41a9809cad8dfc11dde87f952506673a5e00a35fd7491c43f3141d',
  'scminfo_SLES': '7a2a24328e3a4d497de162c8d5e7402d4268afcefcd54377912a46c7c38324ae',
  'successful_packages': ['000productcompose:bci_aarch64',
                          '000productcompose:bci_ppc64le',
                          '000productcompose:bci_s390x',
                          '000productcompose:bci_x86_64',
                          '000productcompose:sle_micro_aarch64',
                          '000productcompose:sle_micro_extras_aarch64',
                          '000productcompose:sle_micro_extras_ppc64le',
                          '000productcompose:sle_micro_extras_s390x',
                          '000productcompose:sle_micro_extras_x86_64',
                          '000productcompose:sle_micro_ppc64le',
                          '000productcompose:sle_micro_s390x',
                          '000productcompose:sle_micro_x86_64',
                          '000productcompose:sles_aarch64',
                          '000productcompose:sles_ha_ppc64le',
                          '000productcompose:sles_ha_s390x',
                          '000productcompose:sles_ha_x86_64',
                          '000productcompose:sles_ppc64le',
                          '000productcompose:sles_s390x',
                          '000productcompose:sles_sap_ppc64le',
                          '000productcompose:sles_sap_x86_64',
                          '000productcompose:sles_x86_64'],
  'type': 'git',
  'url': 'https://src.suse.de/products/SLFO/pulls/1746'},
 {'approved': True,
  'channels': ['SUSE:SLFO:1.2:PullRequest:1794:SL-Micro:aarch64#6.2',
               'SUSE:SLFO:1.2:PullRequest:1794:SL-Micro:ppc64le#6.2',
               'SUSE:SLFO:1.2:PullRequest:1794:SL-Micro:s390x#6.2',
               'SUSE:SLFO:1.2:PullRequest:1794:SL-Micro:x86_64#6.2',
               'SUSE:SLFO:1.2:PullRequest:1794:SLES:aarch64#16.0',
               'SUSE:SLFO:1.2:PullRequest:1794:SLES:ppc64le#16.0',
               'SUSE:SLFO:1.2:PullRequest:1794:SLES:s390x#16.0',
               'SUSE:SLFO:1.2:PullRequest:1794:SLES:x86_64#16.0'],
  'embargoed': False,
  'emu': False,
  'failed_or_unpublished_packages': [],
  'inReview': True,
  'inReviewQAM': False,
  'isActive': True,
  'number': 1794,
  'packages': ['python-numpy'],
  'priority': 0,
  'project': 'SLFO',
  'rr_number': None,
  'scminfo_SL-Micro': '17dacfeb5a41a9809cad8dfc11dde87f952506673a5e00a35fd7491c43f3141d',
  'scminfo_SLES': '7a2a24328e3a4d497de162c8d5e7402d4268afcefcd54377912a46c7c38324ae',
  'successful_packages': ['000productcompose:bci_aarch64',
                          '000productcompose:bci_ppc64le',
                          '000productcompose:bci_s390x',
                          '000productcompose:bci_x86_64',
                          '000productcompose:sle_micro_aarch64',
                          '000productcompose:sle_micro_extras_aarch64',
                          '000productcompose:sle_micro_extras_ppc64le',
                          '000productcompose:sle_micro_extras_s390x',
                          '000productcompose:sle_micro_extras_x86_64',
                          '000productcompose:sle_micro_ppc64le',
                          '000productcompose:sle_micro_s390x',
                          '000productcompose:sle_micro_x86_64',
                          '000productcompose:sles_aarch64',
                          '000productcompose:sles_ha_ppc64le',
                          '000productcompose:sles_ha_s390x',
                          '000productcompose:sles_ha_x86_64',
                          '000productcompose:sles_ppc64le',
                          '000productcompose:sles_s390x',
                          '000productcompose:sles_sap_ppc64le',
                          '000productcompose:sles_sap_x86_64',
                          '000productcompose:sles_x86_64'],
  'type': 'git',
  'url': 'https://src.suse.de/products/SLFO/pulls/1794'},
 {'approved': True,
  'channels': ['SUSE:SLFO:1.2:PullRequest:1713:SL-Micro:aarch64#6.2',
               'SUSE:SLFO:1.2:PullRequest:1713:SL-Micro:ppc64le#6.2',
               'SUSE:SLFO:1.2:PullRequest:1713:SL-Micro:s390x#6.2',
               'SUSE:SLFO:1.2:PullRequest:1713:SL-Micro:x86_64#6.2',
               'SUSE:SLFO:1.2:PullRequest:1713:SLES:aarch64#16.0',
               'SUSE:SLFO:1.2:PullRequest:1713:SLES:ppc64le#16.0',
               'SUSE:SLFO:1.2:PullRequest:1713:SLES:s390x#16.0',
               'SUSE:SLFO:1.2:PullRequest:1713:SLES:x86_64#16.0'],
  'embargoed': False,
  'emu': False,
  'failed_or_unpublished_packages': [],
  'inReview': True,
  'inReviewQAM': False,
  'isActive': True,
  'number': 1713,
  'packages': ['x3270'],
  'priority': 0,
  'project': 'SLFO',
  'rr_number': None,
  'scminfo_SL-Micro': '4a0edbd011499b168837024e1e976094095045d01bfc5ed15d41928eab7866d9',
  'scminfo_SLES': '4f905dd8b689fe1d7bc3af3fab0f1ce10fa36e692240cf11c42107e88491350e',
  'successful_packages': ['000productcompose:bci_aarch64',
                          '000productcompose:bci_ppc64le',
                          '000productcompose:bci_s390x',
                          '000productcompose:bci_x86_64',
                          '000productcompose:sle_micro_aarch64',
                          '000productcompose:sle_micro_extras_aarch64',
                          '000productcompose:sle_micro_extras_ppc64le',
                          '000productcompose:sle_micro_extras_s390x',
                          '000productcompose:sle_micro_extras_x86_64',
                          '000productcompose:sle_micro_ppc64le',
                          '000productcompose:sle_micro_s390x',
                          '000productcompose:sle_micro_x86_64',
                          '000productcompose:sles_aarch64',
                          '000productcompose:sles_ha_ppc64le',
                          '000productcompose:sles_ha_s390x',
                          '000productcompose:sles_ha_x86_64',
                          '000productcompose:sles_ppc64le',
                          '000productcompose:sles_s390x',
                          '000productcompose:sles_sap_ppc64le',
                          '000productcompose:sles_sap_x86_64',
                          '000productcompose:sles_x86_64'],
  'type': 'git',
  'url': 'https://src.suse.de/products/SLFO/pulls/1713'},
 {'approved': True,
  'channels': ['SUSE:SLFO:1.2:PullRequest:1608:SL-Micro:aarch64#6.2',
               'SUSE:SLFO:1.2:PullRequest:1608:SL-Micro:ppc64le#6.2',
               'SUSE:SLFO:1.2:PullRequest:1608:SL-Micro:s390x#6.2',
               'SUSE:SLFO:1.2:PullRequest:1608:SL-Micro:x86_64#6.2',
               'SUSE:SLFO:1.2:PullRequest:1608:SLES:aarch64#16.0',
               'SUSE:SLFO:1.2:PullRequest:1608:SLES:ppc64le#16.0',
               'SUSE:SLFO:1.2:PullRequest:1608:SLES:s390x#16.0',
               'SUSE:SLFO:1.2:PullRequest:1608:SLES:x86_64#16.0'],
  'embargoed': False,
  'emu': False,
  'failed_or_unpublished_packages': [],
  'inReview': True,
  'inReviewQAM': False,
  'isActive': True,
  'number': 1608,
  'packages': ['rhino'],
  'priority': 0,
  'project': 'SLFO',
  'rr_number': None,
  'scminfo_SL-Micro': 'd5b9d97b98f339f4980fde70580469c0641895d6293bc131a6a94403177c052a',
  'scminfo_SLES': '4f905dd8b689fe1d7bc3af3fab0f1ce10fa36e692240cf11c42107e88491350e',
  'successful_packages': ['000productcompose:bci_aarch64',
                          '000productcompose:bci_ppc64le',
                          '000productcompose:bci_s390x',
                          '000productcompose:bci_x86_64',
                          '000productcompose:sle_micro_aarch64',
                          '000productcompose:sle_micro_extras_aarch64',
                          '000productcompose:sle_micro_extras_ppc64le',
                          '000productcompose:sle_micro_extras_s390x',
                          '000productcompose:sle_micro_extras_x86_64',
                          '000productcompose:sle_micro_ppc64le',
                          '000productcompose:sle_micro_s390x',
                          '000productcompose:sle_micro_x86_64',
                          '000productcompose:sles_aarch64',
                          '000productcompose:sles_ha_ppc64le',
                          '000productcompose:sles_ha_s390x',
                          '000productcompose:sles_ha_x86_64',
                          '000productcompose:sles_ppc64le',
                          '000productcompose:sles_s390x',
                          '000productcompose:sles_sap_ppc64le',
                          '000productcompose:sles_sap_x86_64',
                          '000productcompose:sles_x86_64'],
  'type': 'git',
  'url': 'https://src.suse.de/products/SLFO/pulls/1608'},
 {'approved': False,
  'channels': ['SUSE:SLFO:1.2:PullRequest:1791:SL-Micro:aarch64#6.2',
               'SUSE:SLFO:1.2:PullRequest:1791:SL-Micro:ppc64le#6.2',
               'SUSE:SLFO:1.2:PullRequest:1791:SL-Micro:s390x#6.2',
               'SUSE:SLFO:1.2:PullRequest:1791:SL-Micro:x86_64#6.2',
               'SUSE:SLFO:1.2:PullRequest:1791:SLES:aarch64#16.0',
               'SUSE:SLFO:1.2:PullRequest:1791:SLES:ppc64le#16.0',
               'SUSE:SLFO:1.2:PullRequest:1791:SLES:s390x#16.0',
               'SUSE:SLFO:1.2:PullRequest:1791:SLES:x86_64#16.0'],
  'embargoed': False,
  'emu': False,
  'failed_or_unpublished_packages': [],
  'inReview': True,
  'inReviewQAM': True,
  'isActive': True,
  'number': 1791,
  'packages': ['python-durationpy', 'python-kubernetes'],
  'priority': 0,
  'project': 'SLFO',
  'rr_number': None,
  'scminfo_SL-Micro': '1073f95e3009839096796fe276454b06e5fdc49721ca1c8650b822f94ea81939',
  'scminfo_SLES': '98349b20a9c7264d3983ba559e56a4213e1fcecdcd8974ec4ed859e5e052853d',
  'successful_packages': ['000productcompose:bci_aarch64',
                          '000productcompose:bci_ppc64le',
                          '000productcompose:bci_s390x',
                          '000productcompose:bci_x86_64',
                          '000productcompose:sle_micro_aarch64',
                          '000productcompose:sle_micro_extras_aarch64',
                          '000productcompose:sle_micro_extras_ppc64le',
                          '000productcompose:sle_micro_extras_s390x',
                          '000productcompose:sle_micro_extras_x86_64',
                          '000productcompose:sle_micro_ppc64le',
                          '000productcompose:sle_micro_s390x',
                          '000productcompose:sle_micro_x86_64',
                          '000productcompose:sles_aarch64',
                          '000productcompose:sles_ha_ppc64le',
                          '000productcompose:sles_ha_s390x',
                          '000productcompose:sles_ha_x86_64',
                          '000productcompose:sles_ppc64le',
                          '000productcompose:sles_s390x',
                          '000productcompose:sles_sap_ppc64le',
                          '000productcompose:sles_sap_x86_64',
                          '000productcompose:sles_x86_64'],
  'type': 'git',
  'url': 'https://src.suse.de/products/SLFO/pulls/1791'},
 {'approved': True,
  'channels': ['SUSE:SLFO:1.2:PullRequest:1635:SL-Micro:aarch64#6.2',
               'SUSE:SLFO:1.2:PullRequest:1635:SL-Micro:ppc64le#6.2',
               'SUSE:SLFO:1.2:PullRequest:1635:SL-Micro:s390x#6.2',
               'SUSE:SLFO:1.2:PullRequest:1635:SL-Micro:x86_64#6.2',
               'SUSE:SLFO:1.2:PullRequest:1635:SLES:aarch64#16.0',
               'SUSE:SLFO:1.2:PullRequest:1635:SLES:ppc64le#16.0',
               'SUSE:SLFO:1.2:PullRequest:1635:SLES:s390x#16.0',
               'SUSE:SLFO:1.2:PullRequest:1635:SLES:x86_64#16.0'],
  'embargoed': False,
  'emu': False,
  'failed_or_unpublished_packages': [],
  'inReview': True,
  'inReviewQAM': False,
  'isActive': True,
  'number': 1635,
  'packages': ['python-pytoml', 'python-tox'],
  'priority': 0,
  'project': 'SLFO',
  'rr_number': None,
  'scminfo_SL-Micro': 'd5b9d97b98f339f4980fde70580469c0641895d6293bc131a6a94403177c052a',
  'scminfo_SLES': '9e87bbfdf6986ad1a5f12a8b7501ea5909d29505088eee9806db7d33bc6ff387',
  'successful_packages': ['000productcompose:bci_aarch64',
                          '000productcompose:bci_ppc64le',
                          '000productcompose:bci_s390x',
                          '000productcompose:bci_x86_64',
                          '000productcompose:sle_micro_aarch64',
                          '000productcompose:sle_micro_extras_aarch64',
                          '000productcompose:sle_micro_extras_ppc64le',
                          '000productcompose:sle_micro_extras_s390x',
                          '000productcompose:sle_micro_extras_x86_64',
                          '000productcompose:sle_micro_ppc64le',
                          '000productcompose:sle_micro_s390x',
                          '000productcompose:sle_micro_x86_64',
                          '000productcompose:sles_aarch64',
                          '000productcompose:sles_ha_ppc64le',
                          '000productcompose:sles_ha_s390x',
                          '000productcompose:sles_ha_x86_64',
                          '000productcompose:sles_ppc64le',
                          '000productcompose:sles_s390x',
                          '000productcompose:sles_sap_ppc64le',
                          '000productcompose:sles_sap_x86_64',
                          '000productcompose:sles_x86_64'],
  'type': 'git',
  'url': 'https://src.suse.de/products/SLFO/pulls/1635'},
 {'approved': True,
  'channels': ['SUSE:SLFO:1.2:PullRequest:1603:SL-Micro:aarch64#6.2',
               'SUSE:SLFO:1.2:PullRequest:1603:SL-Micro:ppc64le#6.2',
               'SUSE:SLFO:1.2:PullRequest:1603:SL-Micro:s390x#6.2',
               'SUSE:SLFO:1.2:PullRequest:1603:SL-Micro:x86_64#6.2',
               'SUSE:SLFO:1.2:PullRequest:1603:SLES:aarch64#16.0',
               'SUSE:SLFO:1.2:PullRequest:1603:SLES:ppc64le#16.0',
               'SUSE:SLFO:1.2:PullRequest:1603:SLES:s390x#16.0',
               'SUSE:SLFO:1.2:PullRequest:1603:SLES:x86_64#16.0'],
  'embargoed': False,
  'emu': False,
  'failed_or_unpublished_packages': [],
  'inReview': True,
  'inReviewQAM': False,
  'isActive': True,
  'number': 1603,
  'packages': ['net-snmp'],
  'priority': 0,
  'project': 'SLFO',
  'rr_number': None,
  'scminfo_SL-Micro': 'd5b9d97b98f339f4980fde70580469c0641895d6293bc131a6a94403177c052a',
  'scminfo_SLES': '4f905dd8b689fe1d7bc3af3fab0f1ce10fa36e692240cf11c42107e88491350e',
  'successful_packages': ['000productcompose:bci_aarch64',
                          '000productcompose:bci_ppc64le',
                          '000productcompose:bci_s390x',
                          '000productcompose:bci_x86_64',
                          '000productcompose:sle_micro_aarch64',
                          '000productcompose:sle_micro_extras_aarch64',
                          '000productcompose:sle_micro_extras_ppc64le',
                          '000productcompose:sle_micro_extras_s390x',
                          '000productcompose:sle_micro_extras_x86_64',
                          '000productcompose:sle_micro_ppc64le',
                          '000productcompose:sle_micro_s390x',
                          '000productcompose:sle_micro_x86_64',
                          '000productcompose:sles_aarch64',
                          '000productcompose:sles_ha_ppc64le',
                          '000productcompose:sles_ha_s390x',
                          '000productcompose:sles_ha_x86_64',
                          '000productcompose:sles_ppc64le',
                          '000productcompose:sles_s390x',
                          '000productcompose:sles_sap_ppc64le',
                          '000productcompose:sles_sap_x86_64',
                          '000productcompose:sles_x86_64'],
  'type': 'git',
  'url': 'https://src.suse.de/products/SLFO/pulls/1603'},
 {'approved': True,
  'channels': ['SUSE:SLFO:1.2:PullRequest:1579:SL-Micro:aarch64#6.2',
               'SUSE:SLFO:1.2:PullRequest:1579:SL-Micro:ppc64le#6.2',
               'SUSE:SLFO:1.2:PullRequest:1579:SL-Micro:s390x#6.2',
               'SUSE:SLFO:1.2:PullRequest:1579:SL-Micro:x86_64#6.2',
               'SUSE:SLFO:1.2:PullRequest:1579:SLES:aarch64#16.0',
               'SUSE:SLFO:1.2:PullRequest:1579:SLES:ppc64le#16.0',
               'SUSE:SLFO:1.2:PullRequest:1579:SLES:s390x#16.0',
               'SUSE:SLFO:1.2:PullRequest:1579:SLES:x86_64#16.0'],
  'embargoed': False,
  'emu': False,
  'failed_or_unpublished_packages': [],
  'inReview': True,
  'inReviewQAM': False,
  'isActive': True,
  'number': 1579,
  'packages': ['patterns-base'],
  'priority': 0,
  'project': 'SLFO',
  'rr_number': None,
  'scminfo_SL-Micro': 'd5b9d97b98f339f4980fde70580469c0641895d6293bc131a6a94403177c052a',
  'scminfo_SLES': '4f905dd8b689fe1d7bc3af3fab0f1ce10fa36e692240cf11c42107e88491350e',
  'successful_packages': ['000productcompose:bci_aarch64',
                          '000productcompose:bci_ppc64le',
                          '000productcompose:bci_s390x',
                          '000productcompose:bci_x86_64',
                          '000productcompose:sle_micro_aarch64',
                          '000productcompose:sle_micro_extras_aarch64',
                          '000productcompose:sle_micro_extras_ppc64le',
                          '000productcompose:sle_micro_extras_s390x',
                          '000productcompose:sle_micro_extras_x86_64',
                          '000productcompose:sle_micro_ppc64le',
                          '000productcompose:sle_micro_s390x',
                          '000productcompose:sle_micro_x86_64',
                          '000productcompose:sles_aarch64',
                          '000productcompose:sles_ha_ppc64le',
                          '000productcompose:sles_ha_s390x',
                          '000productcompose:sles_ha_x86_64',
                          '000productcompose:sles_ppc64le',
                          '000productcompose:sles_s390x',
                          '000productcompose:sles_sap_ppc64le',
                          '000productcompose:sles_sap_x86_64',
                          '000productcompose:sles_x86_64'],
  'type': 'git',
  'url': 'https://src.suse.de/products/SLFO/pulls/1579'},
 {'approved': True,
  'channels': ['SUSE:SLFO:1.2:PullRequest:1410:SL-Micro:aarch64#6.2',
               'SUSE:SLFO:1.2:PullRequest:1410:SL-Micro:ppc64le#6.2',
               'SUSE:SLFO:1.2:PullRequest:1410:SL-Micro:s390x#6.2',
               'SUSE:SLFO:1.2:PullRequest:1410:SL-Micro:x86_64#6.2',
               'SUSE:SLFO:1.2:PullRequest:1410:SLES:aarch64#16.0',
               'SUSE:SLFO:1.2:PullRequest:1410:SLES:ppc64le#16.0',
               'SUSE:SLFO:1.2:PullRequest:1410:SLES:s390x#16.0',
               'SUSE:SLFO:1.2:PullRequest:1410:SLES:x86_64#16.0'],
  'embargoed': False,
  'emu': False,
  'failed_or_unpublished_packages': [],
  'inReview': True,
  'inReviewQAM': False,
  'isActive': True,
  'number': 1410,
  'packages': ['shim'],
  'priority': 0,
  'project': 'SLFO',
  'rr_number': None,
  'scminfo_SL-Micro': 'd5b9d97b98f339f4980fde70580469c0641895d6293bc131a6a94403177c052a',
  'scminfo_SLES': '4ad101aac46a9ab93b939b6efb4c2cd70496a4f9b3fb9aec2fad413fb40ab269',
  'successful_packages': ['000productcompose:bci_aarch64',
                          '000productcompose:bci_ppc64le',
                          '000productcompose:bci_s390x',
                          '000productcompose:bci_x86_64',
                          '000productcompose:sle_micro_aarch64',
                          '000productcompose:sle_micro_extras_aarch64',
                          '000productcompose:sle_micro_extras_ppc64le',
                          '000productcompose:sle_micro_extras_s390x',
                          '000productcompose:sle_micro_extras_x86_64',
                          '000productcompose:sle_micro_ppc64le',
                          '000productcompose:sle_micro_s390x',
                          '000productcompose:sle_micro_x86_64',
                          '000productcompose:sles_aarch64',
                          '000productcompose:sles_ha_ppc64le',
                          '000productcompose:sles_ha_s390x',
                          '000productcompose:sles_ha_x86_64',
                          '000productcompose:sles_ppc64le',
                          '000productcompose:sles_s390x',
                          '000productcompose:sles_sap_ppc64le',
                          '000productcompose:sles_sap_x86_64',
                          '000productcompose:sles_x86_64'],
  'type': 'git',
  'url': 'https://src.suse.de/products/SLFO/pulls/1410'},
 {'approved': True,
  'channels': ['SUSE:SLFO:1.2:PullRequest:1543:SL-Micro:aarch64#6.2',
               'SUSE:SLFO:1.2:PullRequest:1543:SL-Micro:ppc64le#6.2',
               'SUSE:SLFO:1.2:PullRequest:1543:SL-Micro:s390x#6.2',
               'SUSE:SLFO:1.2:PullRequest:1543:SL-Micro:x86_64#6.2',
               'SUSE:SLFO:1.2:PullRequest:1543:SLES:aarch64#16.0',
               'SUSE:SLFO:1.2:PullRequest:1543:SLES:ppc64le#16.0',
               'SUSE:SLFO:1.2:PullRequest:1543:SLES:s390x#16.0',
               'SUSE:SLFO:1.2:PullRequest:1543:SLES:x86_64#16.0'],
  'embargoed': False,
  'emu': False,
  'failed_or_unpublished_packages': [],
  'inReview': True,
  'inReviewQAM': False,
  'isActive': True,
  'number': 1543,
  'packages': ['python-cbor2'],
  'priority': 0,
  'project': 'SLFO',
  'rr_number': None,
  'scminfo_SL-Micro': 'd5b9d97b98f339f4980fde70580469c0641895d6293bc131a6a94403177c052a',
  'scminfo_SLES': '4f905dd8b689fe1d7bc3af3fab0f1ce10fa36e692240cf11c42107e88491350e',
  'successful_packages': ['000productcompose:bci_aarch64',
                          '000productcompose:bci_ppc64le',
                          '000productcompose:bci_s390x',
                          '000productcompose:bci_x86_64',
                          '000productcompose:sle_micro_aarch64',
                          '000productcompose:sle_micro_extras_aarch64',
                          '000productcompose:sle_micro_extras_ppc64le',
                          '000productcompose:sle_micro_extras_s390x',
                          '000productcompose:sle_micro_extras_x86_64',
                          '000productcompose:sle_micro_ppc64le',
                          '000productcompose:sle_micro_s390x',
                          '000productcompose:sle_micro_x86_64',
                          '000productcompose:sles_aarch64',
                          '000productcompose:sles_ha_ppc64le',
                          '000productcompose:sles_ha_s390x',
                          '000productcompose:sles_ha_x86_64',
                          '000productcompose:sles_ppc64le',
                          '000productcompose:sles_s390x',
                          '000productcompose:sles_sap_ppc64le',
                          '000productcompose:sles_sap_x86_64',
                          '000productcompose:sles_x86_64'],
  'type': 'git',
  'url': 'https://src.suse.de/products/SLFO/pulls/1543'},
 {'approved': True,
  'channels': ['SUSE:SLFO:1.2:PullRequest:1382:SL-Micro:aarch64#6.2',
               'SUSE:SLFO:1.2:PullRequest:1382:SL-Micro:ppc64le#6.2',
               'SUSE:SLFO:1.2:PullRequest:1382:SL-Micro:s390x#6.2',
               'SUSE:SLFO:1.2:PullRequest:1382:SL-Micro:x86_64#6.2',
               'SUSE:SLFO:1.2:PullRequest:1382:SLES:aarch64#16.0',
               'SUSE:SLFO:1.2:PullRequest:1382:SLES:ppc64le#16.0',
               'SUSE:SLFO:1.2:PullRequest:1382:SLES:s390x#16.0',
               'SUSE:SLFO:1.2:PullRequest:1382:SLES:x86_64#16.0'],
  'embargoed': False,
  'emu': False,
  'failed_or_unpublished_packages': [],
  'inReview': True,
  'inReviewQAM': False,
  'isActive': True,
  'number': 1382,
  'packages': ['nm-configurator'],
  'priority': 0,
  'project': 'SLFO',
  'rr_number': None,
  'scminfo_SL-Micro': 'd5b9d97b98f339f4980fde70580469c0641895d6293bc131a6a94403177c052a',
  'scminfo_SLES': 'f7c0db5aa0ebeca97d80ff262c361e4dd10b4322ac185cbf74e6eb0c9e1b8e34',
  'successful_packages': ['000productcompose:bci_aarch64',
                          '000productcompose:bci_ppc64le',
                          '000productcompose:bci_s390x',
                          '000productcompose:bci_x86_64',
                          '000productcompose:sle_micro_aarch64',
                          '000productcompose:sle_micro_extras_aarch64',
                          '000productcompose:sle_micro_extras_ppc64le',
                          '000productcompose:sle_micro_extras_s390x',
                          '000productcompose:sle_micro_extras_x86_64',
                          '000productcompose:sle_micro_ppc64le',
                          '000productcompose:sle_micro_s390x',
                          '000productcompose:sle_micro_x86_64',
                          '000productcompose:sles_aarch64',
                          '000productcompose:sles_ha_ppc64le',
                          '000productcompose:sles_ha_s390x',
                          '000productcompose:sles_ha_x86_64',
                          '000productcompose:sles_ppc64le',
                          '000productcompose:sles_s390x',
                          '000productcompose:sles_sap_ppc64le',
                          '000productcompose:sles_sap_x86_64',
                          '000productcompose:sles_x86_64'],
  'type': 'git',
  'url': 'https://src.suse.de/products/SLFO/pulls/1382'},
 {'approved': True,
  'channels': ['SUSE:SLFO:1.2:PullRequest:1554:SL-Micro:aarch64#6.2',
               'SUSE:SLFO:1.2:PullRequest:1554:SL-Micro:ppc64le#6.2',
               'SUSE:SLFO:1.2:PullRequest:1554:SL-Micro:s390x#6.2',
               'SUSE:SLFO:1.2:PullRequest:1554:SL-Micro:x86_64#6.2',
               'SUSE:SLFO:1.2:PullRequest:1554:SLES:aarch64#16.0',
               'SUSE:SLFO:1.2:PullRequest:1554:SLES:ppc64le#16.0',
               'SUSE:SLFO:1.2:PullRequest:1554:SLES:s390x#16.0',
               'SUSE:SLFO:1.2:PullRequest:1554:SLES:x86_64#16.0'],
  'embargoed': False,
  'emu': False,
  'failed_or_unpublished_packages': [],
  'inReview': True,
  'inReviewQAM': False,
  'isActive': True,
  'number': 1554,
  'packages': ['libtasn1'],
  'priority': 0,
  'project': 'SLFO',
  'rr_number': None,
  'scminfo_SL-Micro': 'd5b9d97b98f339f4980fde70580469c0641895d6293bc131a6a94403177c052a',
  'scminfo_SLES': '4f905dd8b689fe1d7bc3af3fab0f1ce10fa36e692240cf11c42107e88491350e',
  'successful_packages': ['000productcompose:bci_aarch64',
                          '000productcompose:bci_ppc64le',
                          '000productcompose:bci_s390x',
                          '000productcompose:bci_x86_64',
                          '000productcompose:sle_micro_aarch64',
                          '000productcompose:sle_micro_extras_aarch64',
                          '000productcompose:sle_micro_extras_ppc64le',
                          '000productcompose:sle_micro_extras_s390x',
                          '000productcompose:sle_micro_extras_x86_64',
                          '000productcompose:sle_micro_ppc64le',
                          '000productcompose:sle_micro_s390x',
                          '000productcompose:sle_micro_x86_64',
                          '000productcompose:sles_aarch64',
                          '000productcompose:sles_ha_ppc64le',
                          '000productcompose:sles_ha_s390x',
                          '000productcompose:sles_ha_x86_64',
                          '000productcompose:sles_ppc64le',
                          '000productcompose:sles_s390x',
                          '000productcompose:sles_sap_ppc64le',
                          '000productcompose:sles_sap_x86_64',
                          '000productcompose:sles_x86_64'],
  'type': 'git',
  'url': 'https://src.suse.de/products/SLFO/pulls/1554'},
 {'approved': True,
  'channels': ['SUSE:SLFO:1.2:PullRequest:1345:SL-Micro:aarch64#6.2',
               'SUSE:SLFO:1.2:PullRequest:1345:SL-Micro:ppc64le#6.2',
               'SUSE:SLFO:1.2:PullRequest:1345:SL-Micro:s390x#6.2',
               'SUSE:SLFO:1.2:PullRequest:1345:SL-Micro:x86_64#6.2',
               'SUSE:SLFO:1.2:PullRequest:1345:SLES:aarch64#16.0',
               'SUSE:SLFO:1.2:PullRequest:1345:SLES:ppc64le#16.0',
               'SUSE:SLFO:1.2:PullRequest:1345:SLES:s390x#16.0',
               'SUSE:SLFO:1.2:PullRequest:1345:SLES:x86_64#16.0'],
  'embargoed': False,
  'emu': False,
  'failed_or_unpublished_packages': [],
  'inReview': True,
  'inReviewQAM': False,
  'isActive': True,
  'number': 1345,
  'packages': ['perf'],
  'priority': 0,
  'project': 'SLFO',
  'rr_number': None,
  'scminfo_SL-Micro': 'd5b9d97b98f339f4980fde70580469c0641895d6293bc131a6a94403177c052a',
  'scminfo_SLES': 'e42fb2cfb33277086f636396b96fe35e354e91b8bb4edb787442d7a76c2a8900',
  'successful_packages': ['000productcompose:bci_aarch64',
                          '000productcompose:bci_ppc64le',
                          '000productcompose:bci_s390x',
                          '000productcompose:bci_x86_64',
                          '000productcompose:sle_micro_aarch64',
                          '000productcompose:sle_micro_extras_aarch64',
                          '000productcompose:sle_micro_extras_ppc64le',
                          '000productcompose:sle_micro_extras_s390x',
                          '000productcompose:sle_micro_extras_x86_64',
                          '000productcompose:sle_micro_ppc64le',
                          '000productcompose:sle_micro_s390x',
                          '000productcompose:sle_micro_x86_64',
                          '000productcompose:sles_aarch64',
                          '000productcompose:sles_ha_ppc64le',
                          '000productcompose:sles_ha_s390x',
                          '000productcompose:sles_ha_x86_64',
                          '000productcompose:sles_ppc64le',
                          '000productcompose:sles_s390x',
                          '000productcompose:sles_sap_ppc64le',
                          '000productcompose:sles_sap_x86_64',
                          '000productcompose:sles_x86_64'],
  'type': 'git',
  'url': 'https://src.suse.de/products/SLFO/pulls/1345'},
 {'approved': True,
  'channels': ['SUSE:SLFO:1.2:PullRequest:1317:SL-Micro:aarch64#6.2',
               'SUSE:SLFO:1.2:PullRequest:1317:SL-Micro:ppc64le#6.2',
               'SUSE:SLFO:1.2:PullRequest:1317:SL-Micro:s390x#6.2',
               'SUSE:SLFO:1.2:PullRequest:1317:SL-Micro:x86_64#6.2',
               'SUSE:SLFO:1.2:PullRequest:1317:SLES:aarch64#16.0',
               'SUSE:SLFO:1.2:PullRequest:1317:SLES:ppc64le#16.0',
               'SUSE:SLFO:1.2:PullRequest:1317:SLES:s390x#16.0',
               'SUSE:SLFO:1.2:PullRequest:1317:SLES:x86_64#16.0'],
  'embargoed': False,
  'emu': False,
  'failed_or_unpublished_packages': [],
  'inReview': True,
  'inReviewQAM': False,
  'isActive': True,
  'number': 1317,
  'packages': ['quota'],
  'priority': 0,
  'project': 'SLFO',
  'rr_number': None,
  'scminfo_SL-Micro': 'd5b9d97b98f339f4980fde70580469c0641895d6293bc131a6a94403177c052a',
  'scminfo_SLES': '1a64e3a3a85b9690fa551fbfd282e3cb1963007434b3ba383a1f94227029a619',
  'successful_packages': ['000productcompose:bci_aarch64',
                          '000productcompose:bci_ppc64le',
                          '000productcompose:bci_s390x',
                          '000productcompose:bci_x86_64',
                          '000productcompose:sle_micro_aarch64',
                          '000productcompose:sle_micro_extras_aarch64',
                          '000productcompose:sle_micro_extras_ppc64le',
                          '000productcompose:sle_micro_extras_s390x',
                          '000productcompose:sle_micro_extras_x86_64',
                          '000productcompose:sle_micro_ppc64le',
                          '000productcompose:sle_micro_s390x',
                          '000productcompose:sle_micro_x86_64',
                          '000productcompose:sles_aarch64',
                          '000productcompose:sles_ha_ppc64le',
                          '000productcompose:sles_ha_s390x',
                          '000productcompose:sles_ha_x86_64',
                          '000productcompose:sles_ppc64le',
                          '000productcompose:sles_s390x',
                          '000productcompose:sles_sap_ppc64le',
                          '000productcompose:sles_sap_x86_64',
                          '000productcompose:sles_x86_64'],
  'type': 'git',
  'url': 'https://src.suse.de/products/SLFO/pulls/1317'},
 {'approved': True,
  'channels': ['SUSE:SLFO:1.2:PullRequest:1391:SL-Micro:aarch64#6.2',
               'SUSE:SLFO:1.2:PullRequest:1391:SL-Micro:ppc64le#6.2',
               'SUSE:SLFO:1.2:PullRequest:1391:SL-Micro:s390x#6.2',
               'SUSE:SLFO:1.2:PullRequest:1391:SL-Micro:x86_64#6.2',
               'SUSE:SLFO:1.2:PullRequest:1391:SLES:aarch64#16.0',
               'SUSE:SLFO:1.2:PullRequest:1391:SLES:ppc64le#16.0',
               'SUSE:SLFO:1.2:PullRequest:1391:SLES:s390x#16.0',
               'SUSE:SLFO:1.2:PullRequest:1391:SLES:x86_64#16.0'],
  'embargoed': False,
  'emu': False,
  'failed_or_unpublished_packages': [],
  'inReview': True,
  'inReviewQAM': False,
  'isActive': True,
  'number': 1391,
  'packages': ['bash-completion', 'bash-completion:doc'],
  'priority': 0,
  'project': 'SLFO',
  'rr_number': None,
  'scminfo_SL-Micro': 'd5b9d97b98f339f4980fde70580469c0641895d6293bc131a6a94403177c052a',
  'scminfo_SLES': 'f7c0db5aa0ebeca97d80ff262c361e4dd10b4322ac185cbf74e6eb0c9e1b8e34',
  'successful_packages': ['000productcompose:bci_aarch64',
                          '000productcompose:bci_ppc64le',
                          '000productcompose:bci_s390x',
                          '000productcompose:bci_x86_64',
                          '000productcompose:sle_micro_aarch64',
                          '000productcompose:sle_micro_extras_aarch64',
                          '000productcompose:sle_micro_extras_ppc64le',
                          '000productcompose:sle_micro_extras_s390x',
                          '000productcompose:sle_micro_extras_x86_64',
                          '000productcompose:sle_micro_ppc64le',
                          '000productcompose:sle_micro_s390x',
                          '000productcompose:sle_micro_x86_64',
                          '000productcompose:sles_aarch64',
                          '000productcompose:sles_ha_ppc64le',
                          '000productcompose:sles_ha_s390x',
                          '000productcompose:sles_ha_x86_64',
                          '000productcompose:sles_ppc64le',
                          '000productcompose:sles_s390x',
                          '000productcompose:sles_sap_ppc64le',
                          '000productcompose:sles_sap_x86_64',
                          '000productcompose:sles_x86_64'],
  'type': 'git',
  'url': 'https://src.suse.de/products/SLFO/pulls/1391'},
 {'approved': True,
  'channels': ['SUSE:SLFO:1.2:PullRequest:1293:SL-Micro:aarch64#6.2',
               'SUSE:SLFO:1.2:PullRequest:1293:SL-Micro:ppc64le#6.2',
               'SUSE:SLFO:1.2:PullRequest:1293:SL-Micro:s390x#6.2',
               'SUSE:SLFO:1.2:PullRequest:1293:SL-Micro:x86_64#6.2',
               'SUSE:SLFO:1.2:PullRequest:1293:SLES:aarch64#16.0',
               'SUSE:SLFO:1.2:PullRequest:1293:SLES:ppc64le#16.0',
               'SUSE:SLFO:1.2:PullRequest:1293:SLES:s390x#16.0',
               'SUSE:SLFO:1.2:PullRequest:1293:SLES:x86_64#16.0'],
  'embargoed': False,
  'emu': False,
  'failed_or_unpublished_packages': [],
  'inReview': True,
  'inReviewQAM': False,
  'isActive': True,
  'number': 1293,
  'packages': ['rsyslog'],
  'priority': 0,
  'project': 'SLFO',
  'rr_number': None,
  'scminfo_SL-Micro': 'd5b9d97b98f339f4980fde70580469c0641895d6293bc131a6a94403177c052a',
  'scminfo_SLES': '053602382a8d9e5027a0bba4ba76d6f919a78bfbaa8bf4ae206954ce7cb80fa9',
  'successful_packages': ['000productcompose:bci_aarch64',
                          '000productcompose:bci_ppc64le',
                          '000productcompose:bci_s390x',
                          '000productcompose:bci_x86_64',
                          '000productcompose:sle_micro_aarch64',
                          '000productcompose:sle_micro_extras_aarch64',
                          '000productcompose:sle_micro_extras_ppc64le',
                          '000productcompose:sle_micro_extras_s390x',
                          '000productcompose:sle_micro_extras_x86_64',
                          '000productcompose:sle_micro_ppc64le',
                          '000productcompose:sle_micro_s390x',
                          '000productcompose:sle_micro_x86_64',
                          '000productcompose:sles_aarch64',
                          '000productcompose:sles_ha_ppc64le',
                          '000productcompose:sles_ha_s390x',
                          '000productcompose:sles_ha_x86_64',
                          '000productcompose:sles_ppc64le',
                          '000productcompose:sles_s390x',
                          '000productcompose:sles_sap_ppc64le',
                          '000productcompose:sles_sap_x86_64',
                          '000productcompose:sles_x86_64'],
  'type': 'git',
  'url': 'https://src.suse.de/products/SLFO/pulls/1293'},
 {'approved': True,
  'channels': ['SUSE:SLFO:1.2:PullRequest:1300:SL-Micro:aarch64#6.2',
               'SUSE:SLFO:1.2:PullRequest:1300:SL-Micro:ppc64le#6.2',
               'SUSE:SLFO:1.2:PullRequest:1300:SL-Micro:s390x#6.2',
               'SUSE:SLFO:1.2:PullRequest:1300:SL-Micro:x86_64#6.2',
               'SUSE:SLFO:1.2:PullRequest:1300:SLES:aarch64#16.0',
               'SUSE:SLFO:1.2:PullRequest:1300:SLES:ppc64le#16.0',
               'SUSE:SLFO:1.2:PullRequest:1300:SLES:s390x#16.0',
               'SUSE:SLFO:1.2:PullRequest:1300:SLES:x86_64#16.0'],
  'embargoed': False,
  'emu': False,
  'failed_or_unpublished_packages': [],
  'inReview': True,
  'inReviewQAM': False,
  'isActive': True,
  'number': 1300,
  'packages': ['aliyun-cli'],
  'priority': 0,
  'project': 'SLFO',
  'rr_number': None,
  'scminfo_SL-Micro': 'd5b9d97b98f339f4980fde70580469c0641895d6293bc131a6a94403177c052a',
  'scminfo_SLES': 'a556cfd6ae2dc703af6df5d29ecc75eb09e726d5ae3c03ff19ae7519a0e01be7',
  'successful_packages': ['000productcompose:bci_aarch64',
                          '000productcompose:bci_ppc64le',
                          '000productcompose:bci_s390x',
                          '000productcompose:bci_x86_64',
                          '000productcompose:sle_micro_aarch64',
                          '000productcompose:sle_micro_extras_aarch64',
                          '000productcompose:sle_micro_extras_ppc64le',
                          '000productcompose:sle_micro_extras_s390x',
                          '000productcompose:sle_micro_extras_x86_64',
                          '000productcompose:sle_micro_ppc64le',
                          '000productcompose:sle_micro_s390x',
                          '000productcompose:sle_micro_x86_64',
                          '000productcompose:sles_aarch64',
                          '000productcompose:sles_ha_ppc64le',
                          '000productcompose:sles_ha_s390x',
                          '000productcompose:sles_ha_x86_64',
                          '000productcompose:sles_ppc64le',
                          '000productcompose:sles_s390x',
                          '000productcompose:sles_sap_ppc64le',
                          '000productcompose:sles_sap_x86_64',
                          '000productcompose:sles_x86_64'],
  'type': 'git',
  'url': 'https://src.suse.de/products/SLFO/pulls/1300'},
 {'approved': True,
  'channels': ['SUSE:SLFO:1.2:PullRequest:1292:SL-Micro:aarch64#6.2',
               'SUSE:SLFO:1.2:PullRequest:1292:SL-Micro:ppc64le#6.2',
               'SUSE:SLFO:1.2:PullRequest:1292:SL-Micro:s390x#6.2',
               'SUSE:SLFO:1.2:PullRequest:1292:SL-Micro:x86_64#6.2',
               'SUSE:SLFO:1.2:PullRequest:1292:SLES:aarch64#16.0',
               'SUSE:SLFO:1.2:PullRequest:1292:SLES:ppc64le#16.0',
               'SUSE:SLFO:1.2:PullRequest:1292:SLES:s390x#16.0',
               'SUSE:SLFO:1.2:PullRequest:1292:SLES:x86_64#16.0'],
  'embargoed': False,
  'emu': False,
  'failed_or_unpublished_packages': [],
  'inReview': True,
  'inReviewQAM': False,
  'isActive': True,
  'number': 1292,
  'packages': ['ipw-firmware'],
  'priority': 0,
  'project': 'SLFO',
  'rr_number': None,
  'scminfo_SL-Micro': 'd5b9d97b98f339f4980fde70580469c0641895d6293bc131a6a94403177c052a',
  'scminfo_SLES': '053602382a8d9e5027a0bba4ba76d6f919a78bfbaa8bf4ae206954ce7cb80fa9',
  'successful_packages': ['000productcompose:bci_aarch64',
                          '000productcompose:bci_ppc64le',
                          '000productcompose:bci_s390x',
                          '000productcompose:bci_x86_64',
                          '000productcompose:sle_micro_aarch64',
                          '000productcompose:sle_micro_extras_aarch64',
                          '000productcompose:sle_micro_extras_ppc64le',
                          '000productcompose:sle_micro_extras_s390x',
                          '000productcompose:sle_micro_extras_x86_64',
                          '000productcompose:sle_micro_ppc64le',
                          '000productcompose:sle_micro_s390x',
                          '000productcompose:sle_micro_x86_64',
                          '000productcompose:sles_aarch64',
                          '000productcompose:sles_ha_ppc64le',
                          '000productcompose:sles_ha_s390x',
                          '000productcompose:sles_ha_x86_64',
                          '000productcompose:sles_ppc64le',
                          '000productcompose:sles_s390x',
                          '000productcompose:sles_sap_ppc64le',
                          '000productcompose:sles_sap_x86_64',
                          '000productcompose:sles_x86_64'],
  'type': 'git',
  'url': 'https://src.suse.de/products/SLFO/pulls/1292'},
 {'approved': True,
  'channels': ['SUSE:SLFO:1.2:PullRequest:1156:SL-Micro:aarch64#6.2',
               'SUSE:SLFO:1.2:PullRequest:1156:SL-Micro:ppc64le#6.2',
               'SUSE:SLFO:1.2:PullRequest:1156:SL-Micro:s390x#6.2',
               'SUSE:SLFO:1.2:PullRequest:1156:SL-Micro:x86_64#6.2',
               'SUSE:SLFO:1.2:PullRequest:1156:SLES:aarch64#16.0',
               'SUSE:SLFO:1.2:PullRequest:1156:SLES:ppc64le#16.0',
               'SUSE:SLFO:1.2:PullRequest:1156:SLES:s390x#16.0',
               'SUSE:SLFO:1.2:PullRequest:1156:SLES:x86_64#16.0'],
  'embargoed': False,
  'emu': False,
  'failed_or_unpublished_packages': [],
  'inReview': True,
  'inReviewQAM': False,
  'isActive': True,
  'number': 1156,
  'packages': ['linux-glibc-devel'],
  'priority': 0,
  'project': 'SLFO',
  'rr_number': None,
  'scminfo_SL-Micro': 'd5b9d97b98f339f4980fde70580469c0641895d6293bc131a6a94403177c052a',
  'scminfo_SLES': 'f00a6f39c2b52c9c7c34bd7e815b77670296b5c9608ef0b4dde8a39dd2505fb5',
  'successful_packages': ['000productcompose:bci_aarch64',
                          '000productcompose:bci_ppc64le',
                          '000productcompose:bci_s390x',
                          '000productcompose:bci_x86_64',
                          '000productcompose:sle_micro_aarch64',
                          '000productcompose:sle_micro_extras_aarch64',
                          '000productcompose:sle_micro_extras_ppc64le',
                          '000productcompose:sle_micro_extras_s390x',
                          '000productcompose:sle_micro_extras_x86_64',
                          '000productcompose:sle_micro_ppc64le',
                          '000productcompose:sle_micro_s390x',
                          '000productcompose:sle_micro_x86_64',
                          '000productcompose:sles_aarch64',
                          '000productcompose:sles_ha_ppc64le',
                          '000productcompose:sles_ha_s390x',
                          '000productcompose:sles_ha_x86_64',
                          '000productcompose:sles_ppc64le',
                          '000productcompose:sles_s390x',
                          '000productcompose:sles_sap_ppc64le',
                          '000productcompose:sles_sap_x86_64',
                          '000productcompose:sles_x86_64'],
  'type': 'git',
  'url': 'https://src.suse.de/products/SLFO/pulls/1156'},
 {'approved': True,
  'channels': ['SUSE:SLFO:1.2:PullRequest:1252:SL-Micro:aarch64#6.2',
               'SUSE:SLFO:1.2:PullRequest:1252:SL-Micro:ppc64le#6.2',
               'SUSE:SLFO:1.2:PullRequest:1252:SL-Micro:s390x#6.2',
               'SUSE:SLFO:1.2:PullRequest:1252:SL-Micro:x86_64#6.2',
               'SUSE:SLFO:1.2:PullRequest:1252:SLES:aarch64#16.0',
               'SUSE:SLFO:1.2:PullRequest:1252:SLES:ppc64le#16.0',
               'SUSE:SLFO:1.2:PullRequest:1252:SLES:s390x#16.0',
               'SUSE:SLFO:1.2:PullRequest:1252:SLES:x86_64#16.0'],
  'embargoed': False,
  'emu': False,
  'failed_or_unpublished_packages': [],
  'inReview': True,
  'inReviewQAM': False,
  'isActive': True,
  'number': 1252,
  'packages': ['aws-nitro-enclaves-cli'],
  'priority': 0,
  'project': 'SLFO',
  'rr_number': None,
  'scminfo_SL-Micro': 'd5b9d97b98f339f4980fde70580469c0641895d6293bc131a6a94403177c052a',
  'scminfo_SLES': '8e638d7c6a2d37817065a7807d9d44638b4fee1729d931c18221e10a26ed7c13',
  'successful_packages': ['000productcompose:bci_aarch64',
                          '000productcompose:bci_ppc64le',
                          '000productcompose:bci_s390x',
                          '000productcompose:bci_x86_64',
                          '000productcompose:sle_micro_aarch64',
                          '000productcompose:sle_micro_extras_aarch64',
                          '000productcompose:sle_micro_extras_ppc64le',
                          '000productcompose:sle_micro_extras_s390x',
                          '000productcompose:sle_micro_extras_x86_64',
                          '000productcompose:sle_micro_ppc64le',
                          '000productcompose:sle_micro_s390x',
                          '000productcompose:sle_micro_x86_64',
                          '000productcompose:sles_aarch64',
                          '000productcompose:sles_ha_ppc64le',
                          '000productcompose:sles_ha_s390x',
                          '000productcompose:sles_ha_x86_64',
                          '000productcompose:sles_ppc64le',
                          '000productcompose:sles_s390x',
                          '000productcompose:sles_sap_ppc64le',
                          '000productcompose:sles_sap_x86_64',
                          '000productcompose:sles_x86_64'],
  'type': 'git',
  'url': 'https://src.suse.de/products/SLFO/pulls/1252'},
 {'approved': True,
  'channels': ['SUSE:SLFO:1.2:PullRequest:1268:SL-Micro:aarch64#6.2',
               'SUSE:SLFO:1.2:PullRequest:1268:SL-Micro:ppc64le#6.2',
               'SUSE:SLFO:1.2:PullRequest:1268:SL-Micro:s390x#6.2',
               'SUSE:SLFO:1.2:PullRequest:1268:SL-Micro:x86_64#6.2',
               'SUSE:SLFO:1.2:PullRequest:1268:SLES:aarch64#16.0',
               'SUSE:SLFO:1.2:PullRequest:1268:SLES:ppc64le#16.0',
               'SUSE:SLFO:1.2:PullRequest:1268:SLES:s390x#16.0',
               'SUSE:SLFO:1.2:PullRequest:1268:SLES:x86_64#16.0'],
  'embargoed': False,
  'emu': False,
  'failed_or_unpublished_packages': [],
  'inReview': True,
  'inReviewQAM': False,
  'isActive': True,
  'number': 1268,
  'packages': ['rage-encryption'],
  'priority': 0,
  'project': 'SLFO',
  'rr_number': None,
  'scminfo_SL-Micro': 'd5b9d97b98f339f4980fde70580469c0641895d6293bc131a6a94403177c052a',
  'scminfo_SLES': '0e2a7afa60b60f88ce834d369857a956e84c266a15bcf2b9a8342ded58b26b8e',
  'successful_packages': ['000productcompose:bci_aarch64',
                          '000productcompose:bci_ppc64le',
                          '000productcompose:bci_s390x',
                          '000productcompose:bci_x86_64',
                          '000productcompose:sle_micro_aarch64',
                          '000productcompose:sle_micro_extras_aarch64',
                          '000productcompose:sle_micro_extras_ppc64le',
                          '000productcompose:sle_micro_extras_s390x',
                          '000productcompose:sle_micro_extras_x86_64',
                          '000productcompose:sle_micro_ppc64le',
                          '000productcompose:sle_micro_s390x',
                          '000productcompose:sle_micro_x86_64',
                          '000productcompose:sles_aarch64',
                          '000productcompose:sles_ha_ppc64le',
                          '000productcompose:sles_ha_s390x',
                          '000productcompose:sles_ha_x86_64',
                          '000productcompose:sles_ppc64le',
                          '000productcompose:sles_s390x',
                          '000productcompose:sles_sap_ppc64le',
                          '000productcompose:sles_sap_x86_64',
                          '000productcompose:sles_x86_64'],
  'type': 'git',
  'url': 'https://src.suse.de/products/SLFO/pulls/1268'},
 {'approved': True,
  'channels': ['SUSE:SLFO:1.2:PullRequest:1269:SL-Micro:aarch64#6.2',
               'SUSE:SLFO:1.2:PullRequest:1269:SL-Micro:ppc64le#6.2',
               'SUSE:SLFO:1.2:PullRequest:1269:SL-Micro:s390x#6.2',
               'SUSE:SLFO:1.2:PullRequest:1269:SL-Micro:x86_64#6.2',
               'SUSE:SLFO:1.2:PullRequest:1269:SLES:aarch64#16.0',
               'SUSE:SLFO:1.2:PullRequest:1269:SLES:ppc64le#16.0',
               'SUSE:SLFO:1.2:PullRequest:1269:SLES:s390x#16.0',
               'SUSE:SLFO:1.2:PullRequest:1269:SLES:x86_64#16.0'],
  'embargoed': False,
  'emu': False,
  'failed_or_unpublished_packages': [],
  'inReview': True,
  'inReviewQAM': False,
  'isActive': True,
  'number': 1269,
  'packages': ['python-graphviz',
               'graphviz',
               'graphviz:addons',
               'graphviz:qt6'],
  'priority': 0,
  'project': 'SLFO',
  'rr_number': None,
  'scminfo_SL-Micro': 'd5b9d97b98f339f4980fde70580469c0641895d6293bc131a6a94403177c052a',
  'scminfo_SLES': '8164d0acdddddcd03c6f580101bfc757ef712f6d8c646086927394c2ef7801c6',
  'successful_packages': ['000productcompose:bci_aarch64',
                          '000productcompose:bci_ppc64le',
                          '000productcompose:bci_s390x',
                          '000productcompose:bci_x86_64',
                          '000productcompose:sle_micro_aarch64',
                          '000productcompose:sle_micro_extras_aarch64',
                          '000productcompose:sle_micro_extras_ppc64le',
                          '000productcompose:sle_micro_extras_s390x',
                          '000productcompose:sle_micro_extras_x86_64',
                          '000productcompose:sle_micro_ppc64le',
                          '000productcompose:sle_micro_s390x',
                          '000productcompose:sle_micro_x86_64',
                          '000productcompose:sles_aarch64',
                          '000productcompose:sles_ha_ppc64le',
                          '000productcompose:sles_ha_s390x',
                          '000productcompose:sles_ha_x86_64',
                          '000productcompose:sles_ppc64le',
                          '000productcompose:sles_s390x',
                          '000productcompose:sles_sap_ppc64le',
                          '000productcompose:sles_sap_x86_64',
                          '000productcompose:sles_x86_64'],
  'type': 'git',
  'url': 'https://src.suse.de/products/SLFO/pulls/1269'},
 {'approved': True,
  'channels': ['SUSE:SLFO:1.2:PullRequest:1262:SL-Micro:aarch64#6.2',
               'SUSE:SLFO:1.2:PullRequest:1262:SL-Micro:ppc64le#6.2',
               'SUSE:SLFO:1.2:PullRequest:1262:SL-Micro:s390x#6.2',
               'SUSE:SLFO:1.2:PullRequest:1262:SL-Micro:x86_64#6.2',
               'SUSE:SLFO:1.2:PullRequest:1262:SLES:aarch64#16.0',
               'SUSE:SLFO:1.2:PullRequest:1262:SLES:ppc64le#16.0',
               'SUSE:SLFO:1.2:PullRequest:1262:SLES:s390x#16.0',
               'SUSE:SLFO:1.2:PullRequest:1262:SLES:x86_64#16.0'],
  'embargoed': False,
  'emu': False,
  'failed_or_unpublished_packages': [],
  'inReview': True,
  'inReviewQAM': False,
  'isActive': True,
  'number': 1262,
  'packages': ['gdb', 'gdb:testsuite'],
  'priority': 0,
  'project': 'SLFO',
  'rr_number': None,
  'scminfo_SL-Micro': 'd5b9d97b98f339f4980fde70580469c0641895d6293bc131a6a94403177c052a',
  'scminfo_SLES': '0e2a7afa60b60f88ce834d369857a956e84c266a15bcf2b9a8342ded58b26b8e',
  'successful_packages': ['000productcompose:bci_aarch64',
                          '000productcompose:bci_ppc64le',
                          '000productcompose:bci_s390x',
                          '000productcompose:bci_x86_64',
                          '000productcompose:sle_micro_aarch64',
                          '000productcompose:sle_micro_extras_aarch64',
                          '000productcompose:sle_micro_extras_ppc64le',
                          '000productcompose:sle_micro_extras_s390x',
                          '000productcompose:sle_micro_extras_x86_64',
                          '000productcompose:sle_micro_ppc64le',
                          '000productcompose:sle_micro_s390x',
                          '000productcompose:sle_micro_x86_64',
                          '000productcompose:sles_aarch64',
                          '000productcompose:sles_ha_ppc64le',
                          '000productcompose:sles_ha_s390x',
                          '000productcompose:sles_ha_x86_64',
                          '000productcompose:sles_ppc64le',
                          '000productcompose:sles_s390x',
                          '000productcompose:sles_sap_ppc64le',
                          '000productcompose:sles_sap_x86_64',
                          '000productcompose:sles_x86_64'],
  'type': 'git',
  'url': 'https://src.suse.de/products/SLFO/pulls/1262'},
 {'approved': True,
  'channels': ['SUSE:SLFO:1.2:PullRequest:1217:SL-Micro:aarch64#6.2',
               'SUSE:SLFO:1.2:PullRequest:1217:SL-Micro:ppc64le#6.2',
               'SUSE:SLFO:1.2:PullRequest:1217:SL-Micro:s390x#6.2',
               'SUSE:SLFO:1.2:PullRequest:1217:SL-Micro:x86_64#6.2',
               'SUSE:SLFO:1.2:PullRequest:1217:SLES:aarch64#16.0',
               'SUSE:SLFO:1.2:PullRequest:1217:SLES:ppc64le#16.0',
               'SUSE:SLFO:1.2:PullRequest:1217:SLES:s390x#16.0',
               'SUSE:SLFO:1.2:PullRequest:1217:SLES:x86_64#16.0'],
  'embargoed': False,
  'emu': False,
  'failed_or_unpublished_packages': [],
  'inReview': True,
  'inReviewQAM': False,
  'isActive': True,
  'number': 1217,
  'packages': ['kernel-firmware-ath12k'],
  'priority': 0,
  'project': 'SLFO',
  'rr_number': None,
  'scminfo_SL-Micro': 'd5b9d97b98f339f4980fde70580469c0641895d6293bc131a6a94403177c052a',
  'scminfo_SLES': 'f00a6f39c2b52c9c7c34bd7e815b77670296b5c9608ef0b4dde8a39dd2505fb5',
  'successful_packages': ['000productcompose:bci_aarch64',
                          '000productcompose:bci_ppc64le',
                          '000productcompose:bci_s390x',
                          '000productcompose:bci_x86_64',
                          '000productcompose:sle_micro_aarch64',
                          '000productcompose:sle_micro_extras_aarch64',
                          '000productcompose:sle_micro_extras_ppc64le',
                          '000productcompose:sle_micro_extras_s390x',
                          '000productcompose:sle_micro_extras_x86_64',
                          '000productcompose:sle_micro_ppc64le',
                          '000productcompose:sle_micro_s390x',
                          '000productcompose:sle_micro_x86_64',
                          '000productcompose:sles_aarch64',
                          '000productcompose:sles_ha_ppc64le',
                          '000productcompose:sles_ha_s390x',
                          '000productcompose:sles_ha_x86_64',
                          '000productcompose:sles_ppc64le',
                          '000productcompose:sles_s390x',
                          '000productcompose:sles_sap_ppc64le',
                          '000productcompose:sles_sap_x86_64',
                          '000productcompose:sles_x86_64'],
  'type': 'git',
  'url': 'https://src.suse.de/products/SLFO/pulls/1217'},
 {'approved': True,
  'channels': ['SUSE:SLFO:1.2:PullRequest:1101:SL-Micro:aarch64#6.2',
               'SUSE:SLFO:1.2:PullRequest:1101:SL-Micro:ppc64le#6.2',
               'SUSE:SLFO:1.2:PullRequest:1101:SL-Micro:s390x#6.2',
               'SUSE:SLFO:1.2:PullRequest:1101:SL-Micro:x86_64#6.2',
               'SUSE:SLFO:1.2:PullRequest:1101:SLES:aarch64#16.0',
               'SUSE:SLFO:1.2:PullRequest:1101:SLES:ppc64le#16.0',
               'SUSE:SLFO:1.2:PullRequest:1101:SLES:s390x#16.0',
               'SUSE:SLFO:1.2:PullRequest:1101:SLES:x86_64#16.0'],
  'embargoed': False,
  'emu': False,
  'failed_or_unpublished_packages': [],
  'inReview': True,
  'inReviewQAM': False,
  'isActive': True,
  'number': 1101,
  'packages': ['helm'],
  'priority': 0,
  'project': 'SLFO',
  'rr_number': None,
  'scminfo_SL-Micro': 'd5b9d97b98f339f4980fde70580469c0641895d6293bc131a6a94403177c052a',
  'scminfo_SLES': 'f00a6f39c2b52c9c7c34bd7e815b77670296b5c9608ef0b4dde8a39dd2505fb5',
  'successful_packages': ['000productcompose:bci_aarch64',
                          '000productcompose:bci_ppc64le',
                          '000productcompose:bci_s390x',
                          '000productcompose:bci_x86_64',
                          '000productcompose:sle_micro_aarch64',
                          '000productcompose:sle_micro_extras_aarch64',
                          '000productcompose:sle_micro_extras_ppc64le',
                          '000productcompose:sle_micro_extras_s390x',
                          '000productcompose:sle_micro_extras_x86_64',
                          '000productcompose:sle_micro_ppc64le',
                          '000productcompose:sle_micro_s390x',
                          '000productcompose:sle_micro_x86_64',
                          '000productcompose:sles_aarch64',
                          '000productcompose:sles_ha_ppc64le',
                          '000productcompose:sles_ha_s390x',
                          '000productcompose:sles_ha_x86_64',
                          '000productcompose:sles_ppc64le',
                          '000productcompose:sles_s390x',
                          '000productcompose:sles_sap_ppc64le',
                          '000productcompose:sles_sap_x86_64',
                          '000productcompose:sles_x86_64'],
  'type': 'git',
  'url': 'https://src.suse.de/products/SLFO/pulls/1101'},
 {'approved': True,
  'channels': ['SUSE:SLFO:1.2:PullRequest:1119:SL-Micro:aarch64#6.2',
               'SUSE:SLFO:1.2:PullRequest:1119:SL-Micro:ppc64le#6.2',
               'SUSE:SLFO:1.2:PullRequest:1119:SL-Micro:s390x#6.2',
               'SUSE:SLFO:1.2:PullRequest:1119:SL-Micro:x86_64#6.2',
               'SUSE:SLFO:1.2:PullRequest:1119:SLES:aarch64#16.0',
               'SUSE:SLFO:1.2:PullRequest:1119:SLES:ppc64le#16.0',
               'SUSE:SLFO:1.2:PullRequest:1119:SLES:s390x#16.0',
               'SUSE:SLFO:1.2:PullRequest:1119:SLES:x86_64#16.0'],
  'embargoed': False,
  'emu': False,
  'failed_or_unpublished_packages': [],
  'inReview': True,
  'inReviewQAM': False,
  'isActive': True,
  'number': 1119,
  'packages': ['python-gi-docgen'],
  'priority': 0,
  'project': 'SLFO',
  'rr_number': None,
  'scminfo_SL-Micro': 'd5b9d97b98f339f4980fde70580469c0641895d6293bc131a6a94403177c052a',
  'scminfo_SLES': 'f00a6f39c2b52c9c7c34bd7e815b77670296b5c9608ef0b4dde8a39dd2505fb5',
  'successful_packages': ['000productcompose:bci_aarch64',
                          '000productcompose:bci_ppc64le',
                          '000productcompose:bci_s390x',
                          '000productcompose:bci_x86_64',
                          '000productcompose:sle_micro_aarch64',
                          '000productcompose:sle_micro_extras_aarch64',
                          '000productcompose:sle_micro_extras_ppc64le',
                          '000productcompose:sle_micro_extras_s390x',
                          '000productcompose:sle_micro_extras_x86_64',
                          '000productcompose:sle_micro_ppc64le',
                          '000productcompose:sle_micro_s390x',
                          '000productcompose:sle_micro_x86_64',
                          '000productcompose:sles_aarch64',
                          '000productcompose:sles_ha_ppc64le',
                          '000productcompose:sles_ha_s390x',
                          '000productcompose:sles_ha_x86_64',
                          '000productcompose:sles_ppc64le',
                          '000productcompose:sles_s390x',
                          '000productcompose:sles_sap_ppc64le',
                          '000productcompose:sles_sap_x86_64',
                          '000productcompose:sles_x86_64'],
  'type': 'git',
  'url': 'https://src.suse.de/products/SLFO/pulls/1119'},
 {'approved': True,
  'channels': ['SUSE:SLFO:1.2:PullRequest:1109:SL-Micro:aarch64#6.2',
               'SUSE:SLFO:1.2:PullRequest:1109:SL-Micro:ppc64le#6.2',
               'SUSE:SLFO:1.2:PullRequest:1109:SL-Micro:s390x#6.2',
               'SUSE:SLFO:1.2:PullRequest:1109:SL-Micro:x86_64#6.2',
               'SUSE:SLFO:1.2:PullRequest:1109:SLES:aarch64#16.0',
               'SUSE:SLFO:1.2:PullRequest:1109:SLES:ppc64le#16.0',
               'SUSE:SLFO:1.2:PullRequest:1109:SLES:s390x#16.0',
               'SUSE:SLFO:1.2:PullRequest:1109:SLES:x86_64#16.0'],
  'embargoed': False,
  'emu': False,
  'failed_or_unpublished_packages': [],
  'inReview': True,
  'inReviewQAM': False,
  'isActive': True,
  'number': 1109,
  'packages': ['llvm17'],
  'priority': 0,
  'project': 'SLFO',
  'rr_number': None,
  'scminfo_SL-Micro': 'd5b9d97b98f339f4980fde70580469c0641895d6293bc131a6a94403177c052a',
  'scminfo_SLES': 'f00a6f39c2b52c9c7c34bd7e815b77670296b5c9608ef0b4dde8a39dd2505fb5',
  'successful_packages': ['000productcompose:bci_aarch64',
                          '000productcompose:bci_ppc64le',
                          '000productcompose:bci_s390x',
                          '000productcompose:bci_x86_64',
                          '000productcompose:sle_micro_aarch64',
                          '000productcompose:sle_micro_extras_aarch64',
                          '000productcompose:sle_micro_extras_ppc64le',
                          '000productcompose:sle_micro_extras_s390x',
                          '000productcompose:sle_micro_extras_x86_64',
                          '000productcompose:sle_micro_ppc64le',
                          '000productcompose:sle_micro_s390x',
                          '000productcompose:sle_micro_x86_64',
                          '000productcompose:sles_aarch64',
                          '000productcompose:sles_ha_ppc64le',
                          '000productcompose:sles_ha_s390x',
                          '000productcompose:sles_ha_x86_64',
                          '000productcompose:sles_ppc64le',
                          '000productcompose:sles_s390x',
                          '000productcompose:sles_sap_ppc64le',
                          '000productcompose:sles_sap_x86_64',
                          '000productcompose:sles_x86_64'],
  'type': 'git',
  'url': 'https://src.suse.de/products/SLFO/pulls/1109'},
 {'approved': True,
  'channels': ['SUSE:SLFO:1.2:PullRequest:1045:SL-Micro:aarch64#6.2',
               'SUSE:SLFO:1.2:PullRequest:1045:SL-Micro:ppc64le#6.2',
               'SUSE:SLFO:1.2:PullRequest:1045:SL-Micro:s390x#6.2',
               'SUSE:SLFO:1.2:PullRequest:1045:SL-Micro:x86_64#6.2',
               'SUSE:SLFO:1.2:PullRequest:1045:SLES:aarch64#16.0',
               'SUSE:SLFO:1.2:PullRequest:1045:SLES:ppc64le#16.0',
               'SUSE:SLFO:1.2:PullRequest:1045:SLES:s390x#16.0',
               'SUSE:SLFO:1.2:PullRequest:1045:SLES:x86_64#16.0'],
  'embargoed': False,
  'emu': False,
  'failed_or_unpublished_packages': [],
  'inReview': True,
  'inReviewQAM': False,
  'isActive': True,
  'number': 1045,
  'packages': ['fetchmail'],
  'priority': 0,
  'project': 'SLFO',
  'rr_number': None,
  'scminfo_SL-Micro': 'd5b9d97b98f339f4980fde70580469c0641895d6293bc131a6a94403177c052a',
  'scminfo_SLES': 'f00a6f39c2b52c9c7c34bd7e815b77670296b5c9608ef0b4dde8a39dd2505fb5',
  'successful_packages': ['000productcompose:bci_aarch64',
                          '000productcompose:bci_ppc64le',
                          '000productcompose:bci_s390x',
                          '000productcompose:bci_x86_64',
                          '000productcompose:sle_micro_aarch64',
                          '000productcompose:sle_micro_extras_aarch64',
                          '000productcompose:sle_micro_extras_ppc64le',
                          '000productcompose:sle_micro_extras_s390x',
                          '000productcompose:sle_micro_extras_x86_64',
                          '000productcompose:sle_micro_ppc64le',
                          '000productcompose:sle_micro_s390x',
                          '000productcompose:sle_micro_x86_64',
                          '000productcompose:sles_aarch64',
                          '000productcompose:sles_ha_ppc64le',
                          '000productcompose:sles_ha_s390x',
                          '000productcompose:sles_ha_x86_64',
                          '000productcompose:sles_ppc64le',
                          '000productcompose:sles_s390x',
                          '000productcompose:sles_sap_ppc64le',
                          '000productcompose:sles_sap_x86_64',
                          '000productcompose:sles_x86_64'],
  'type': 'git',
  'url': 'https://src.suse.de/products/SLFO/pulls/1045'},
 {'approved': True,
  'channels': ['SUSE:SLFO:1.2:PullRequest:945:SL-Micro:aarch64#6.2',
               'SUSE:SLFO:1.2:PullRequest:945:SL-Micro:ppc64le#6.2',
               'SUSE:SLFO:1.2:PullRequest:945:SL-Micro:s390x#6.2',
               'SUSE:SLFO:1.2:PullRequest:945:SL-Micro:x86_64#6.2',
               'SUSE:SLFO:1.2:PullRequest:945:SLES:aarch64#16.0',
               'SUSE:SLFO:1.2:PullRequest:945:SLES:ppc64le#16.0',
               'SUSE:SLFO:1.2:PullRequest:945:SLES:s390x#16.0',
               'SUSE:SLFO:1.2:PullRequest:945:SLES:x86_64#16.0'],
  'embargoed': False,
  'emu': False,
  'failed_or_unpublished_packages': [],
  'inReview': True,
  'inReviewQAM': False,
  'isActive': True,
  'number': 945,
  'packages': ['mozilla-nspr'],
  'priority': 0,
  'project': 'SLFO',
  'rr_number': None,
  'scminfo_SL-Micro': 'd5b9d97b98f339f4980fde70580469c0641895d6293bc131a6a94403177c052a',
  'scminfo_SLES': '94f281b1ea489166d123dbd866eaace3f5811669f53f28a020dc76a81addc066',
  'successful_packages': ['000productcompose:bci_aarch64',
                          '000productcompose:bci_ppc64le',
                          '000productcompose:bci_s390x',
                          '000productcompose:bci_x86_64',
                          '000productcompose:sle_micro_aarch64',
                          '000productcompose:sle_micro_extras_aarch64',
                          '000productcompose:sle_micro_extras_ppc64le',
                          '000productcompose:sle_micro_extras_s390x',
                          '000productcompose:sle_micro_extras_x86_64',
                          '000productcompose:sle_micro_ppc64le',
                          '000productcompose:sle_micro_s390x',
                          '000productcompose:sle_micro_x86_64',
                          '000productcompose:sles_aarch64',
                          '000productcompose:sles_ha_ppc64le',
                          '000productcompose:sles_ha_s390x',
                          '000productcompose:sles_ha_x86_64',
                          '000productcompose:sles_ppc64le',
                          '000productcompose:sles_s390x',
                          '000productcompose:sles_sap_ppc64le',
                          '000productcompose:sles_sap_x86_64',
                          '000productcompose:sles_x86_64'],
  'type': 'git',
  'url': 'https://src.suse.de/products/SLFO/pulls/945'},
 {'approved': True,
  'channels': ['SUSE:SLFO:1.2:PullRequest:951:SL-Micro:aarch64#6.2',
               'SUSE:SLFO:1.2:PullRequest:951:SL-Micro:ppc64le#6.2',
               'SUSE:SLFO:1.2:PullRequest:951:SL-Micro:s390x#6.2',
               'SUSE:SLFO:1.2:PullRequest:951:SL-Micro:x86_64#6.2',
               'SUSE:SLFO:1.2:PullRequest:951:SLES:aarch64#16.0',
               'SUSE:SLFO:1.2:PullRequest:951:SLES:ppc64le#16.0',
               'SUSE:SLFO:1.2:PullRequest:951:SLES:s390x#16.0',
               'SUSE:SLFO:1.2:PullRequest:951:SLES:x86_64#16.0'],
  'embargoed': False,
  'emu': False,
  'failed_or_unpublished_packages': [],
  'inReview': True,
  'inReviewQAM': False,
  'isActive': True,
  'number': 951,
  'packages': ['tomcat10'],
  'priority': 0,
  'project': 'SLFO',
  'rr_number': None,
  'scminfo_SL-Micro': 'd5b9d97b98f339f4980fde70580469c0641895d6293bc131a6a94403177c052a',
  'scminfo_SLES': '4f905dd8b689fe1d7bc3af3fab0f1ce10fa36e692240cf11c42107e88491350e',
  'successful_packages': ['000productcompose:bci_aarch64',
                          '000productcompose:bci_ppc64le',
                          '000productcompose:bci_s390x',
                          '000productcompose:bci_x86_64',
                          '000productcompose:sle_micro_aarch64',
                          '000productcompose:sle_micro_extras_aarch64',
                          '000productcompose:sle_micro_extras_ppc64le',
                          '000productcompose:sle_micro_extras_s390x',
                          '000productcompose:sle_micro_extras_x86_64',
                          '000productcompose:sle_micro_ppc64le',
                          '000productcompose:sle_micro_s390x',
                          '000productcompose:sle_micro_x86_64',
                          '000productcompose:sles_aarch64',
                          '000productcompose:sles_ha_ppc64le',
                          '000productcompose:sles_ha_s390x',
                          '000productcompose:sles_ha_x86_64',
                          '000productcompose:sles_ppc64le',
                          '000productcompose:sles_s390x',
                          '000productcompose:sles_sap_ppc64le',
                          '000productcompose:sles_sap_x86_64',
                          '000productcompose:sles_x86_64'],
  'type': 'git',
  'url': 'https://src.suse.de/products/SLFO/pulls/951'},
 {'approved': True,
  'channels': ['SUSE:SLFO:1.2:PullRequest:917:SL-Micro:aarch64#6.2',
               'SUSE:SLFO:1.2:PullRequest:917:SL-Micro:ppc64le#6.2',
               'SUSE:SLFO:1.2:PullRequest:917:SL-Micro:s390x#6.2',
               'SUSE:SLFO:1.2:PullRequest:917:SL-Micro:x86_64#6.2',
               'SUSE:SLFO:1.2:PullRequest:917:SLES:aarch64#16.0',
               'SUSE:SLFO:1.2:PullRequest:917:SLES:ppc64le#16.0',
               'SUSE:SLFO:1.2:PullRequest:917:SLES:s390x#16.0',
               'SUSE:SLFO:1.2:PullRequest:917:SLES:x86_64#16.0'],
  'embargoed': False,
  'emu': False,
  'failed_or_unpublished_packages': [],
  'inReview': True,
  'inReviewQAM': False,
  'isActive': True,
  'number': 917,
  'packages': ['ffmpeg-7', 'ffmpeg-7:ffmpeg-7-mini'],
  'priority': 0,
  'project': 'SLFO',
  'rr_number': None,
  'scminfo_SL-Micro': 'd5b9d97b98f339f4980fde70580469c0641895d6293bc131a6a94403177c052a',
  'scminfo_SLES': '4ad87812d486621a8a8387cf856a9ac43cc8ea4affc0e894e9d71d0c4402727c',
  'successful_packages': ['000productcompose:bci_aarch64',
                          '000productcompose:bci_ppc64le',
                          '000productcompose:bci_s390x',
                          '000productcompose:bci_x86_64',
                          '000productcompose:sle_micro_aarch64',
                          '000productcompose:sle_micro_extras_aarch64',
                          '000productcompose:sle_micro_extras_ppc64le',
                          '000productcompose:sle_micro_extras_s390x',
                          '000productcompose:sle_micro_extras_x86_64',
                          '000productcompose:sle_micro_ppc64le',
                          '000productcompose:sle_micro_s390x',
                          '000productcompose:sle_micro_x86_64',
                          '000productcompose:sles_aarch64',
                          '000productcompose:sles_ha_ppc64le',
                          '000productcompose:sles_ha_s390x',
                          '000productcompose:sles_ha_x86_64',
                          '000productcompose:sles_ppc64le',
                          '000productcompose:sles_s390x',
                          '000productcompose:sles_sap_ppc64le',
                          '000productcompose:sles_sap_x86_64',
                          '000productcompose:sles_x86_64'],
  'type': 'git',
  'url': 'https://src.suse.de/products/SLFO/pulls/917'},
 {'approved': True,
  'channels': ['SUSE:SLFO:1.2:PullRequest:913:SL-Micro:aarch64#6.2',
               'SUSE:SLFO:1.2:PullRequest:913:SL-Micro:ppc64le#6.2',
               'SUSE:SLFO:1.2:PullRequest:913:SL-Micro:s390x#6.2',
               'SUSE:SLFO:1.2:PullRequest:913:SL-Micro:x86_64#6.2',
               'SUSE:SLFO:1.2:PullRequest:913:SLES:aarch64#16.0',
               'SUSE:SLFO:1.2:PullRequest:913:SLES:ppc64le#16.0',
               'SUSE:SLFO:1.2:PullRequest:913:SLES:s390x#16.0',
               'SUSE:SLFO:1.2:PullRequest:913:SLES:x86_64#16.0'],
  'embargoed': False,
  'emu': False,
  'failed_or_unpublished_packages': [],
  'inReview': True,
  'inReviewQAM': False,
  'isActive': True,
  'number': 913,
  'packages': ['net-tools'],
  'priority': 0,
  'project': 'SLFO',
  'rr_number': None,
  'scminfo_SL-Micro': 'd5b9d97b98f339f4980fde70580469c0641895d6293bc131a6a94403177c052a',
  'scminfo_SLES': '4ad87812d486621a8a8387cf856a9ac43cc8ea4affc0e894e9d71d0c4402727c',
  'successful_packages': ['000productcompose:bci_aarch64',
                          '000productcompose:bci_ppc64le',
                          '000productcompose:bci_s390x',
                          '000productcompose:bci_x86_64',
                          '000productcompose:sle_micro_aarch64',
                          '000productcompose:sle_micro_extras_aarch64',
                          '000productcompose:sle_micro_extras_ppc64le',
                          '000productcompose:sle_micro_extras_s390x',
                          '000productcompose:sle_micro_extras_x86_64',
                          '000productcompose:sle_micro_ppc64le',
                          '000productcompose:sle_micro_s390x',
                          '000productcompose:sle_micro_x86_64',
                          '000productcompose:sles_aarch64',
                          '000productcompose:sles_ha_ppc64le',
                          '000productcompose:sles_ha_s390x',
                          '000productcompose:sles_ha_x86_64',
                          '000productcompose:sles_ppc64le',
                          '000productcompose:sles_s390x',
                          '000productcompose:sles_sap_ppc64le',
                          '000productcompose:sles_sap_x86_64',
                          '000productcompose:sles_x86_64'],
  'type': 'git',
  'url': 'https://src.suse.de/products/SLFO/pulls/913'},
 {'approved': True,
  'channels': ['SUSE:SLFO:1.2:PullRequest:884:SL-Micro:aarch64#6.2',
               'SUSE:SLFO:1.2:PullRequest:884:SL-Micro:ppc64le#6.2',
               'SUSE:SLFO:1.2:PullRequest:884:SL-Micro:s390x#6.2',
               'SUSE:SLFO:1.2:PullRequest:884:SL-Micro:x86_64#6.2',
               'SUSE:SLFO:1.2:PullRequest:884:SLES:aarch64#16.0',
               'SUSE:SLFO:1.2:PullRequest:884:SLES:ppc64le#16.0',
               'SUSE:SLFO:1.2:PullRequest:884:SLES:s390x#16.0',
               'SUSE:SLFO:1.2:PullRequest:884:SLES:x86_64#16.0'],
  'embargoed': False,
  'emu': False,
  'failed_or_unpublished_packages': [],
  'inReview': True,
  'inReviewQAM': False,
  'isActive': True,
  'number': 884,
  'packages': ['gstreamer-rtsp-server',
               'gstreamer-plugins-ugly',
               'gstreamer-plugins-rs',
               'gstreamer-plugins-libav',
               'gstreamer-plugins-good',
               'gstreamer-plugins-base',
               'gstreamer-plugins-bad',
               'gstreamer-docs',
               'gstreamer-devtools',
               'gstreamer'],
  'priority': 0,
  'project': 'SLFO',
  'rr_number': None,
  'scminfo_SL-Micro': '4a0edbd011499b168837024e1e976094095045d01bfc5ed15d41928eab7866d9',
  'scminfo_SLES': '4f905dd8b689fe1d7bc3af3fab0f1ce10fa36e692240cf11c42107e88491350e',
  'successful_packages': ['000productcompose:bci_aarch64',
                          '000productcompose:bci_ppc64le',
                          '000productcompose:bci_s390x',
                          '000productcompose:bci_x86_64',
                          '000productcompose:sle_micro_aarch64',
                          '000productcompose:sle_micro_extras_aarch64',
                          '000productcompose:sle_micro_extras_ppc64le',
                          '000productcompose:sle_micro_extras_s390x',
                          '000productcompose:sle_micro_extras_x86_64',
                          '000productcompose:sle_micro_ppc64le',
                          '000productcompose:sle_micro_s390x',
                          '000productcompose:sle_micro_x86_64',
                          '000productcompose:sles_aarch64',
                          '000productcompose:sles_ha_ppc64le',
                          '000productcompose:sles_ha_s390x',
                          '000productcompose:sles_ha_x86_64',
                          '000productcompose:sles_ppc64le',
                          '000productcompose:sles_s390x',
                          '000productcompose:sles_sap_ppc64le',
                          '000productcompose:sles_sap_x86_64',
                          '000productcompose:sles_x86_64'],
  'type': 'git',
  'url': 'https://src.suse.de/products/SLFO/pulls/884'},
 {'approved': True,
  'channels': ['SUSE:SLFO:1.2:PullRequest:848:SL-Micro:aarch64#6.2',
               'SUSE:SLFO:1.2:PullRequest:848:SL-Micro:ppc64le#6.2',
               'SUSE:SLFO:1.2:PullRequest:848:SL-Micro:s390x#6.2',
               'SUSE:SLFO:1.2:PullRequest:848:SL-Micro:x86_64#6.2',
               'SUSE:SLFO:1.2:PullRequest:848:SLES:aarch64#16.0',
               'SUSE:SLFO:1.2:PullRequest:848:SLES:ppc64le#16.0',
               'SUSE:SLFO:1.2:PullRequest:848:SLES:s390x#16.0',
               'SUSE:SLFO:1.2:PullRequest:848:SLES:x86_64#16.0'],
  'embargoed': False,
  'emu': False,
  'failed_or_unpublished_packages': [],
  'inReview': True,
  'inReviewQAM': False,
  'isActive': True,
  'number': 848,
  'packages': ['PackageKit'],
  'priority': 0,
  'project': 'SLFO',
  'rr_number': None,
  'scminfo_SL-Micro': 'd5b9d97b98f339f4980fde70580469c0641895d6293bc131a6a94403177c052a',
  'scminfo_SLES': '9b7662a5d2b6de3bc8d2755a693899ae1c939e65d0a71e7fd7b846bce423b625',
  'successful_packages': ['000productcompose:bci_aarch64',
                          '000productcompose:bci_ppc64le',
                          '000productcompose:bci_s390x',
                          '000productcompose:bci_x86_64',
                          '000productcompose:sle_micro_aarch64',
                          '000productcompose:sle_micro_extras_aarch64',
                          '000productcompose:sle_micro_extras_ppc64le',
                          '000productcompose:sle_micro_extras_s390x',
                          '000productcompose:sle_micro_extras_x86_64',
                          '000productcompose:sle_micro_ppc64le',
                          '000productcompose:sle_micro_s390x',
                          '000productcompose:sle_micro_x86_64',
                          '000productcompose:sles_aarch64',
                          '000productcompose:sles_ha_ppc64le',
                          '000productcompose:sles_ha_s390x',
                          '000productcompose:sles_ha_x86_64',
                          '000productcompose:sles_ppc64le',
                          '000productcompose:sles_s390x',
                          '000productcompose:sles_sap_ppc64le',
                          '000productcompose:sles_sap_x86_64',
                          '000productcompose:sles_x86_64'],
  'type': 'git',
  'url': 'https://src.suse.de/products/SLFO/pulls/848'},
 {'approved': True,
  'channels': ['SUSE:SLFO:1.2:PullRequest:870:SL-Micro:aarch64#6.2',
               'SUSE:SLFO:1.2:PullRequest:870:SL-Micro:ppc64le#6.2',
               'SUSE:SLFO:1.2:PullRequest:870:SL-Micro:s390x#6.2',
               'SUSE:SLFO:1.2:PullRequest:870:SL-Micro:x86_64#6.2',
               'SUSE:SLFO:1.2:PullRequest:870:SLES:aarch64#16.0',
               'SUSE:SLFO:1.2:PullRequest:870:SLES:ppc64le#16.0',
               'SUSE:SLFO:1.2:PullRequest:870:SLES:s390x#16.0',
               'SUSE:SLFO:1.2:PullRequest:870:SLES:x86_64#16.0'],
  'embargoed': False,
  'emu': False,
  'failed_or_unpublished_packages': [],
  'inReview': True,
  'inReviewQAM': False,
  'isActive': True,
  'number': 870,
  'packages': ['python-ldap'],
  'priority': 0,
  'project': 'SLFO',
  'rr_number': None,
  'scminfo_SL-Micro': 'd5b9d97b98f339f4980fde70580469c0641895d6293bc131a6a94403177c052a',
  'scminfo_SLES': '2406c891586f0ce78bd01516e1f5587c713c3bc86efb0d874d9ee2e54f5bb176',
  'successful_packages': ['000productcompose:bci_aarch64',
                          '000productcompose:bci_ppc64le',
                          '000productcompose:bci_s390x',
                          '000productcompose:bci_x86_64',
                          '000productcompose:sle_micro_aarch64',
                          '000productcompose:sle_micro_extras_aarch64',
                          '000productcompose:sle_micro_extras_ppc64le',
                          '000productcompose:sle_micro_extras_s390x',
                          '000productcompose:sle_micro_extras_x86_64',
                          '000productcompose:sle_micro_ppc64le',
                          '000productcompose:sle_micro_s390x',
                          '000productcompose:sle_micro_x86_64',
                          '000productcompose:sles_aarch64',
                          '000productcompose:sles_ha_ppc64le',
                          '000productcompose:sles_ha_s390x',
                          '000productcompose:sles_ha_x86_64',
                          '000productcompose:sles_ppc64le',
                          '000productcompose:sles_s390x',
                          '000productcompose:sles_sap_ppc64le',
                          '000productcompose:sles_sap_x86_64',
                          '000productcompose:sles_x86_64'],
  'type': 'git',
  'url': 'https://src.suse.de/products/SLFO/pulls/870'},
 {'approved': True,
  'channels': ['SUSE:SLFO:1.2:PullRequest:660:SL-Micro:aarch64#6.2',
               'SUSE:SLFO:1.2:PullRequest:660:SL-Micro:ppc64le#6.2',
               'SUSE:SLFO:1.2:PullRequest:660:SL-Micro:s390x#6.2',
               'SUSE:SLFO:1.2:PullRequest:660:SL-Micro:x86_64#6.2',
               'SUSE:SLFO:1.2:PullRequest:660:SLES:aarch64#16.0',
               'SUSE:SLFO:1.2:PullRequest:660:SLES:ppc64le#16.0',
               'SUSE:SLFO:1.2:PullRequest:660:SLES:s390x#16.0',
               'SUSE:SLFO:1.2:PullRequest:660:SLES:x86_64#16.0'],
  'embargoed': False,
  'emu': False,
  'failed_or_unpublished_packages': [],
  'inReview': True,
  'inReviewQAM': False,
  'isActive': True,
  'number': 660,
  'packages': ['kea'],
  'priority': 0,
  'project': 'SLFO',
  'rr_number': None,
  'scminfo_SL-Micro': 'd5b9d97b98f339f4980fde70580469c0641895d6293bc131a6a94403177c052a',
  'scminfo_SLES': 'c149e88d5786b86d4754a85fb2623c0569561ab3e9808be64d2592861c30c29e',
  'successful_packages': ['000productcompose:bci_aarch64',
                          '000productcompose:bci_ppc64le',
                          '000productcompose:bci_s390x',
                          '000productcompose:bci_x86_64',
                          '000productcompose:sle_micro_aarch64',
                          '000productcompose:sle_micro_extras_aarch64',
                          '000productcompose:sle_micro_extras_ppc64le',
                          '000productcompose:sle_micro_extras_s390x',
                          '000productcompose:sle_micro_extras_x86_64',
                          '000productcompose:sle_micro_ppc64le',
                          '000productcompose:sle_micro_s390x',
                          '000productcompose:sle_micro_x86_64',
                          '000productcompose:sles_aarch64',
                          '000productcompose:sles_ha_ppc64le',
                          '000productcompose:sles_ha_s390x',
                          '000productcompose:sles_ha_x86_64',
                          '000productcompose:sles_ppc64le',
                          '000productcompose:sles_s390x',
                          '000productcompose:sles_sap_ppc64le',
                          '000productcompose:sles_sap_x86_64',
                          '000productcompose:sles_x86_64'],
  'type': 'git',
  'url': 'https://src.suse.de/products/SLFO/pulls/660'},
 {'approved': True,
  'channels': ['SUSE:SLFO:1.2:PullRequest:686:SL-Micro:aarch64#6.2',
               'SUSE:SLFO:1.2:PullRequest:686:SL-Micro:ppc64le#6.2',
               'SUSE:SLFO:1.2:PullRequest:686:SL-Micro:s390x#6.2',
               'SUSE:SLFO:1.2:PullRequest:686:SL-Micro:x86_64#6.2',
               'SUSE:SLFO:1.2:PullRequest:686:SLES:aarch64#16.0',
               'SUSE:SLFO:1.2:PullRequest:686:SLES:ppc64le#16.0',
               'SUSE:SLFO:1.2:PullRequest:686:SLES:s390x#16.0',
               'SUSE:SLFO:1.2:PullRequest:686:SLES:x86_64#16.0'],
  'embargoed': False,
  'emu': False,
  'failed_or_unpublished_packages': [],
  'inReview': True,
  'inReviewQAM': False,
  'isActive': True,
  'number': 686,
  'packages': ['chrony'],
  'priority': 0,
  'project': 'SLFO',
  'rr_number': None,
  'scminfo_SL-Micro': 'd5b9d97b98f339f4980fde70580469c0641895d6293bc131a6a94403177c052a',
  'scminfo_SLES': '4f905dd8b689fe1d7bc3af3fab0f1ce10fa36e692240cf11c42107e88491350e',
  'successful_packages': ['000productcompose:bci_aarch64',
                          '000productcompose:bci_ppc64le',
                          '000productcompose:bci_s390x',
                          '000productcompose:bci_x86_64',
                          '000productcompose:sle_micro_aarch64',
                          '000productcompose:sle_micro_extras_aarch64',
                          '000productcompose:sle_micro_extras_ppc64le',
                          '000productcompose:sle_micro_extras_s390x',
                          '000productcompose:sle_micro_extras_x86_64',
                          '000productcompose:sle_micro_ppc64le',
                          '000productcompose:sle_micro_s390x',
                          '000productcompose:sle_micro_x86_64',
                          '000productcompose:sles_aarch64',
                          '000productcompose:sles_ha_ppc64le',
                          '000productcompose:sles_ha_s390x',
                          '000productcompose:sles_ha_x86_64',
                          '000productcompose:sles_ppc64le',
                          '000productcompose:sles_s390x',
                          '000productcompose:sles_sap_ppc64le',
                          '000productcompose:sles_sap_x86_64',
                          '000productcompose:sles_x86_64'],
  'type': 'git',
  'url': 'https://src.suse.de/products/SLFO/pulls/686'},
 {'approved': True,
  'channels': ['SUSE:SLFO:1.2:PullRequest:564:SL-Micro:aarch64#6.2',
               'SUSE:SLFO:1.2:PullRequest:564:SL-Micro:ppc64le#6.2',
               'SUSE:SLFO:1.2:PullRequest:564:SL-Micro:s390x#6.2',
               'SUSE:SLFO:1.2:PullRequest:564:SL-Micro:x86_64#6.2',
               'SUSE:SLFO:1.2:PullRequest:564:SLES:aarch64#16.0',
               'SUSE:SLFO:1.2:PullRequest:564:SLES:ppc64le#16.0',
               'SUSE:SLFO:1.2:PullRequest:564:SLES:s390x#16.0',
               'SUSE:SLFO:1.2:PullRequest:564:SLES:x86_64#16.0'],
  'embargoed': False,
  'emu': False,
  'failed_or_unpublished_packages': [],
  'inReview': True,
  'inReviewQAM': False,
  'isActive': True,
  'number': 564,
  'packages': ['kernel-firmware-amdgpu'],
  'priority': 0,
  'project': 'SLFO',
  'rr_number': None,
  'scminfo_SL-Micro': 'd5b9d97b98f339f4980fde70580469c0641895d6293bc131a6a94403177c052a',
  'scminfo_SLES': '6b9bb00d4e38384e481d64a94b1cb5ec61b4fbb8502963da9b6d5a6ea0c4e79d',
  'successful_packages': ['000productcompose:bci_aarch64',
                          '000productcompose:bci_ppc64le',
                          '000productcompose:bci_s390x',
                          '000productcompose:bci_x86_64',
                          '000productcompose:sle_micro_aarch64',
                          '000productcompose:sle_micro_extras_aarch64',
                          '000productcompose:sle_micro_extras_ppc64le',
                          '000productcompose:sle_micro_extras_s390x',
                          '000productcompose:sle_micro_extras_x86_64',
                          '000productcompose:sle_micro_ppc64le',
                          '000productcompose:sle_micro_s390x',
                          '000productcompose:sle_micro_x86_64',
                          '000productcompose:sles_aarch64',
                          '000productcompose:sles_ha_ppc64le',
                          '000productcompose:sles_ha_s390x',
                          '000productcompose:sles_ha_x86_64',
                          '000productcompose:sles_ppc64le',
                          '000productcompose:sles_s390x',
                          '000productcompose:sles_sap_ppc64le',
                          '000productcompose:sles_sap_x86_64',
                          '000productcompose:sles_x86_64'],
  'type': 'git',
  'url': 'https://src.suse.de/products/SLFO/pulls/564'},
 {'approved': True,
  'channels': ['SUSE:SLFO:1.2:PullRequest:699:SL-Micro:aarch64#6.2',
               'SUSE:SLFO:1.2:PullRequest:699:SL-Micro:ppc64le#6.2',
               'SUSE:SLFO:1.2:PullRequest:699:SL-Micro:s390x#6.2',
               'SUSE:SLFO:1.2:PullRequest:699:SL-Micro:x86_64#6.2',
               'SUSE:SLFO:1.2:PullRequest:699:SLES:aarch64#16.0',
               'SUSE:SLFO:1.2:PullRequest:699:SLES:ppc64le#16.0',
               'SUSE:SLFO:1.2:PullRequest:699:SLES:s390x#16.0',
               'SUSE:SLFO:1.2:PullRequest:699:SLES:x86_64#16.0'],
  'embargoed': False,
  'emu': False,
  'failed_or_unpublished_packages': [],
  'inReview': True,
  'inReviewQAM': False,
  'isActive': True,
  'number': 699,
  'packages': ['perl-Authen-SASL', 'perl-Crypt-URandom'],
  'priority': 0,
  'project': 'SLFO',
  'rr_number': None,
  'scminfo_SL-Micro': 'd5b9d97b98f339f4980fde70580469c0641895d6293bc131a6a94403177c052a',
  'scminfo_SLES': '8b3aa1208f29852b0d7f1cdae1d80da7d0c2fc73800bd4ec08cf4f6b792c66f7',
  'successful_packages': ['000productcompose:bci_aarch64',
                          '000productcompose:bci_ppc64le',
                          '000productcompose:bci_s390x',
                          '000productcompose:bci_x86_64',
                          '000productcompose:sle_micro_aarch64',
                          '000productcompose:sle_micro_extras_aarch64',
                          '000productcompose:sle_micro_extras_ppc64le',
                          '000productcompose:sle_micro_extras_s390x',
                          '000productcompose:sle_micro_extras_x86_64',
                          '000productcompose:sle_micro_ppc64le',
                          '000productcompose:sle_micro_s390x',
                          '000productcompose:sle_micro_x86_64',
                          '000productcompose:sles_aarch64',
                          '000productcompose:sles_ha_ppc64le',
                          '000productcompose:sles_ha_s390x',
                          '000productcompose:sles_ha_x86_64',
                          '000productcompose:sles_ppc64le',
                          '000productcompose:sles_s390x',
                          '000productcompose:sles_sap_ppc64le',
                          '000productcompose:sles_sap_x86_64',
                          '000productcompose:sles_x86_64'],
  'type': 'git',
  'url': 'https://src.suse.de/products/SLFO/pulls/699'},
 {'approved': True,
  'channels': ['SUSE:SLFO:1.2:PullRequest:702:SL-Micro:aarch64#6.2',
               'SUSE:SLFO:1.2:PullRequest:702:SL-Micro:ppc64le#6.2',
               'SUSE:SLFO:1.2:PullRequest:702:SL-Micro:s390x#6.2',
               'SUSE:SLFO:1.2:PullRequest:702:SL-Micro:x86_64#6.2',
               'SUSE:SLFO:1.2:PullRequest:702:SLES:aarch64#16.0',
               'SUSE:SLFO:1.2:PullRequest:702:SLES:ppc64le#16.0',
               'SUSE:SLFO:1.2:PullRequest:702:SLES:s390x#16.0',
               'SUSE:SLFO:1.2:PullRequest:702:SLES:x86_64#16.0'],
  'embargoed': False,
  'emu': False,
  'failed_or_unpublished_packages': [],
  'inReview': True,
  'inReviewQAM': False,
  'isActive': True,
  'number': 702,
  'packages': ['7zip'],
  'priority': 0,
  'project': 'SLFO',
  'rr_number': None,
  'scminfo_SL-Micro': 'd5b9d97b98f339f4980fde70580469c0641895d6293bc131a6a94403177c052a',
  'scminfo_SLES': '2cacc7ffeaeee8597721b7c9616c570303ca77ff04208c3475eccd23b0d2ecbe',
  'successful_packages': ['000productcompose:bci_aarch64',
                          '000productcompose:bci_ppc64le',
                          '000productcompose:bci_s390x',
                          '000productcompose:bci_x86_64',
                          '000productcompose:sle_micro_aarch64',
                          '000productcompose:sle_micro_extras_aarch64',
                          '000productcompose:sle_micro_extras_ppc64le',
                          '000productcompose:sle_micro_extras_s390x',
                          '000productcompose:sle_micro_extras_x86_64',
                          '000productcompose:sle_micro_ppc64le',
                          '000productcompose:sle_micro_s390x',
                          '000productcompose:sle_micro_x86_64',
                          '000productcompose:sles_aarch64',
                          '000productcompose:sles_ha_ppc64le',
                          '000productcompose:sles_ha_s390x',
                          '000productcompose:sles_ha_x86_64',
                          '000productcompose:sles_ppc64le',
                          '000productcompose:sles_s390x',
                          '000productcompose:sles_sap_ppc64le',
                          '000productcompose:sles_sap_x86_64',
                          '000productcompose:sles_x86_64'],
  'type': 'git',
  'url': 'https://src.suse.de/products/SLFO/pulls/702'},
 {'approved': True,
  'channels': ['SUSE:SLFO:1.2:PullRequest:850:SL-Micro:aarch64#6.2',
               'SUSE:SLFO:1.2:PullRequest:850:SL-Micro:ppc64le#6.2',
               'SUSE:SLFO:1.2:PullRequest:850:SL-Micro:s390x#6.2',
               'SUSE:SLFO:1.2:PullRequest:850:SL-Micro:x86_64#6.2',
               'SUSE:SLFO:1.2:PullRequest:850:SLES:aarch64#16.0',
               'SUSE:SLFO:1.2:PullRequest:850:SLES:ppc64le#16.0',
               'SUSE:SLFO:1.2:PullRequest:850:SLES:s390x#16.0',
               'SUSE:SLFO:1.2:PullRequest:850:SLES:x86_64#16.0'],
  'embargoed': False,
  'emu': False,
  'failed_or_unpublished_packages': [],
  'inReview': True,
  'inReviewQAM': False,
  'isActive': True,
  'number': 850,
  'packages': ['adaptec-firmware'],
  'priority': 0,
  'project': 'SLFO',
  'rr_number': None,
  'scminfo_SL-Micro': 'd5b9d97b98f339f4980fde70580469c0641895d6293bc131a6a94403177c052a',
  'scminfo_SLES': '9b7662a5d2b6de3bc8d2755a693899ae1c939e65d0a71e7fd7b846bce423b625',
  'successful_packages': ['000productcompose:bci_aarch64',
                          '000productcompose:bci_ppc64le',
                          '000productcompose:bci_s390x',
                          '000productcompose:bci_x86_64',
                          '000productcompose:sle_micro_aarch64',
                          '000productcompose:sle_micro_extras_aarch64',
                          '000productcompose:sle_micro_extras_ppc64le',
                          '000productcompose:sle_micro_extras_s390x',
                          '000productcompose:sle_micro_extras_x86_64',
                          '000productcompose:sle_micro_ppc64le',
                          '000productcompose:sle_micro_s390x',
                          '000productcompose:sle_micro_x86_64',
                          '000productcompose:sles_aarch64',
                          '000productcompose:sles_ha_ppc64le',
                          '000productcompose:sles_ha_s390x',
                          '000productcompose:sles_ha_x86_64',
                          '000productcompose:sles_ppc64le',
                          '000productcompose:sles_s390x',
                          '000productcompose:sles_sap_ppc64le',
                          '000productcompose:sles_sap_x86_64',
                          '000productcompose:sles_x86_64'],
  'type': 'git',
  'url': 'https://src.suse.de/products/SLFO/pulls/850'},
 {'approved': True,
  'channels': ['SUSE:SLFO:1.2:PullRequest:468:SL-Micro:aarch64#6.2',
               'SUSE:SLFO:1.2:PullRequest:468:SL-Micro:ppc64le#6.2',
               'SUSE:SLFO:1.2:PullRequest:468:SL-Micro:s390x#6.2',
               'SUSE:SLFO:1.2:PullRequest:468:SL-Micro:x86_64#6.2',
               'SUSE:SLFO:1.2:PullRequest:468:SLES:aarch64#16.0',
               'SUSE:SLFO:1.2:PullRequest:468:SLES:ppc64le#16.0',
               'SUSE:SLFO:1.2:PullRequest:468:SLES:s390x#16.0',
               'SUSE:SLFO:1.2:PullRequest:468:SLES:x86_64#16.0'],
  'embargoed': False,
  'emu': False,
  'failed_or_unpublished_packages': [],
  'inReview': True,
  'inReviewQAM': False,
  'isActive': True,
  'number': 468,
  'packages': ['cJSON'],
  'priority': 0,
  'project': 'SLFO',
  'rr_number': None,
  'scminfo_SL-Micro': 'd5b9d97b98f339f4980fde70580469c0641895d6293bc131a6a94403177c052a',
  'scminfo_SLES': '59bb196add6b7b6205548ee286f680e56a9c845ebcf7226c6fb3d776999034c7',
  'successful_packages': ['000productcompose:bci_aarch64',
                          '000productcompose:bci_ppc64le',
                          '000productcompose:bci_s390x',
                          '000productcompose:bci_x86_64',
                          '000productcompose:sle_micro_aarch64',
                          '000productcompose:sle_micro_extras_aarch64',
                          '000productcompose:sle_micro_extras_ppc64le',
                          '000productcompose:sle_micro_extras_s390x',
                          '000productcompose:sle_micro_extras_x86_64',
                          '000productcompose:sle_micro_ppc64le',
                          '000productcompose:sle_micro_s390x',
                          '000productcompose:sle_micro_x86_64',
                          '000productcompose:sles_aarch64',
                          '000productcompose:sles_ha_ppc64le',
                          '000productcompose:sles_ha_s390x',
                          '000productcompose:sles_ha_x86_64',
                          '000productcompose:sles_ppc64le',
                          '000productcompose:sles_s390x',
                          '000productcompose:sles_sap_ppc64le',
                          '000productcompose:sles_sap_x86_64',
                          '000productcompose:sles_x86_64'],
  'type': 'git',
  'url': 'https://src.suse.de/products/SLFO/pulls/468'},
 {'approved': True,
  'channels': ['SUSE:SLFO:1.2:PullRequest:689:SL-Micro:aarch64#6.2',
               'SUSE:SLFO:1.2:PullRequest:689:SL-Micro:ppc64le#6.2',
               'SUSE:SLFO:1.2:PullRequest:689:SL-Micro:s390x#6.2',
               'SUSE:SLFO:1.2:PullRequest:689:SL-Micro:x86_64#6.2',
               'SUSE:SLFO:1.2:PullRequest:689:SLES:aarch64#16.0',
               'SUSE:SLFO:1.2:PullRequest:689:SLES:ppc64le#16.0',
               'SUSE:SLFO:1.2:PullRequest:689:SLES:s390x#16.0',
               'SUSE:SLFO:1.2:PullRequest:689:SLES:x86_64#16.0'],
  'embargoed': False,
  'emu': False,
  'failed_or_unpublished_packages': [],
  'inReview': True,
  'inReviewQAM': False,
  'isActive': True,
  'number': 689,
  'packages': ['autogen'],
  'priority': 0,
  'project': 'SLFO',
  'rr_number': None,
  'scminfo_SL-Micro': 'd5b9d97b98f339f4980fde70580469c0641895d6293bc131a6a94403177c052a',
  'scminfo_SLES': '2cacc7ffeaeee8597721b7c9616c570303ca77ff04208c3475eccd23b0d2ecbe',
  'successful_packages': ['000productcompose:bci_aarch64',
                          '000productcompose:bci_ppc64le',
                          '000productcompose:bci_s390x',
                          '000productcompose:bci_x86_64',
                          '000productcompose:sle_micro_aarch64',
                          '000productcompose:sle_micro_extras_aarch64',
                          '000productcompose:sle_micro_extras_ppc64le',
                          '000productcompose:sle_micro_extras_s390x',
                          '000productcompose:sle_micro_extras_x86_64',
                          '000productcompose:sle_micro_ppc64le',
                          '000productcompose:sle_micro_s390x',
                          '000productcompose:sle_micro_x86_64',
                          '000productcompose:sles_aarch64',
                          '000productcompose:sles_ha_ppc64le',
                          '000productcompose:sles_ha_s390x',
                          '000productcompose:sles_ha_x86_64',
                          '000productcompose:sles_ppc64le',
                          '000productcompose:sles_s390x',
                          '000productcompose:sles_sap_ppc64le',
                          '000productcompose:sles_sap_x86_64',
                          '000productcompose:sles_x86_64'],
  'type': 'git',
  'url': 'https://src.suse.de/products/SLFO/pulls/689'},
 {'approved': True,
  'channels': ['SUSE:SLFO:1.2:PullRequest:608:SL-Micro:aarch64#6.2',
               'SUSE:SLFO:1.2:PullRequest:608:SL-Micro:ppc64le#6.2',
               'SUSE:SLFO:1.2:PullRequest:608:SL-Micro:s390x#6.2',
               'SUSE:SLFO:1.2:PullRequest:608:SL-Micro:x86_64#6.2',
               'SUSE:SLFO:1.2:PullRequest:608:SLES:aarch64#16.0',
               'SUSE:SLFO:1.2:PullRequest:608:SLES:ppc64le#16.0',
               'SUSE:SLFO:1.2:PullRequest:608:SLES:s390x#16.0',
               'SUSE:SLFO:1.2:PullRequest:608:SLES:x86_64#16.0'],
  'embargoed': False,
  'emu': False,
  'failed_or_unpublished_packages': [],
  'inReview': True,
  'inReviewQAM': False,
  'isActive': True,
  'number': 608,
  'packages': ['NetworkManager'],
  'priority': 0,
  'project': 'SLFO',
  'rr_number': None,
  'scminfo_SL-Micro': 'd5b9d97b98f339f4980fde70580469c0641895d6293bc131a6a94403177c052a',
  'scminfo_SLES': '59bb196add6b7b6205548ee286f680e56a9c845ebcf7226c6fb3d776999034c7',
  'successful_packages': ['000productcompose:bci_aarch64',
                          '000productcompose:bci_ppc64le',
                          '000productcompose:bci_s390x',
                          '000productcompose:bci_x86_64',
                          '000productcompose:sle_micro_aarch64',
                          '000productcompose:sle_micro_extras_aarch64',
                          '000productcompose:sle_micro_extras_ppc64le',
                          '000productcompose:sle_micro_extras_s390x',
                          '000productcompose:sle_micro_extras_x86_64',
                          '000productcompose:sle_micro_ppc64le',
                          '000productcompose:sle_micro_s390x',
                          '000productcompose:sle_micro_x86_64',
                          '000productcompose:sles_aarch64',
                          '000productcompose:sles_ha_ppc64le',
                          '000productcompose:sles_ha_s390x',
                          '000productcompose:sles_ha_x86_64',
                          '000productcompose:sles_ppc64le',
                          '000productcompose:sles_s390x',
                          '000productcompose:sles_sap_ppc64le',
                          '000productcompose:sles_sap_x86_64',
                          '000productcompose:sles_x86_64'],
  'type': 'git',
  'url': 'https://src.suse.de/products/SLFO/pulls/608'},
 {'approved': True,
  'channels': ['SUSE:SLFO:1.2:PullRequest:842:SL-Micro:aarch64#6.2',
               'SUSE:SLFO:1.2:PullRequest:842:SL-Micro:ppc64le#6.2',
               'SUSE:SLFO:1.2:PullRequest:842:SL-Micro:s390x#6.2',
               'SUSE:SLFO:1.2:PullRequest:842:SL-Micro:x86_64#6.2',
               'SUSE:SLFO:1.2:PullRequest:842:SLES:aarch64#16.0',
               'SUSE:SLFO:1.2:PullRequest:842:SLES:ppc64le#16.0',
               'SUSE:SLFO:1.2:PullRequest:842:SLES:s390x#16.0',
               'SUSE:SLFO:1.2:PullRequest:842:SLES:x86_64#16.0'],
  'embargoed': False,
  'emu': False,
  'failed_or_unpublished_packages': [],
  'inReview': True,
  'inReviewQAM': False,
  'isActive': True,
  'number': 842,
  'packages': ['umoci'],
  'priority': 0,
  'project': 'SLFO',
  'rr_number': None,
  'scminfo_SL-Micro': 'd5b9d97b98f339f4980fde70580469c0641895d6293bc131a6a94403177c052a',
  'scminfo_SLES': '4f905dd8b689fe1d7bc3af3fab0f1ce10fa36e692240cf11c42107e88491350e',
  'successful_packages': ['000productcompose:bci_aarch64',
                          '000productcompose:bci_ppc64le',
                          '000productcompose:bci_s390x',
                          '000productcompose:bci_x86_64',
                          '000productcompose:sle_micro_aarch64',
                          '000productcompose:sle_micro_extras_aarch64',
                          '000productcompose:sle_micro_extras_ppc64le',
                          '000productcompose:sle_micro_extras_s390x',
                          '000productcompose:sle_micro_extras_x86_64',
                          '000productcompose:sle_micro_ppc64le',
                          '000productcompose:sle_micro_s390x',
                          '000productcompose:sle_micro_x86_64',
                          '000productcompose:sles_aarch64',
                          '000productcompose:sles_ha_ppc64le',
                          '000productcompose:sles_ha_s390x',
                          '000productcompose:sles_ha_x86_64',
                          '000productcompose:sles_ppc64le',
                          '000productcompose:sles_s390x',
                          '000productcompose:sles_sap_ppc64le',
                          '000productcompose:sles_sap_x86_64',
                          '000productcompose:sles_x86_64'],
  'type': 'git',
  'url': 'https://src.suse.de/products/SLFO/pulls/842'}]
2026-02-25 13:33:59 INFO     Dry run: Would update QEM Dashboard data for 149 submissions
