[0KRunning with gitlab-runner 18.6.2 (v18.6.2)[0;m
[0K  on gitlab-worker2:sle15.4 sHAdmiLVu, system ID: s_7d6428405efb[0;m
section_start:1768487476:prepare_executor[0K[0K[36;1mPreparing the "docker" executor[0;m[0;m
[0KUsing Docker executor with image registry.suse.de/qa/maintenance/tw/containers/qem-bot:latest ...[0;m
[0KUsing helper image:  registry.opensuse.org/home/darix/apps/containers/gitlab-runner-helper:x86_64-latest  (overridden, default would be  registry.opensuse.org/home/darix/apps/containers/gitlab-runner-helper:x86_64-v18.6.2 )[0;m
[0KUsing effective pull policy of [always if-not-present] for container registry.opensuse.org/home/darix/apps/containers/gitlab-runner-helper:x86_64-latest[0;m
[0KPulling docker image registry.opensuse.org/home/darix/apps/containers/gitlab-runner-helper:x86_64-latest ...[0;m
[0KUsing docker image sha256:68f79aba82d7429ba5c26a9dfb9e89aac697477b64bd7d9a78b67860feffe53b for registry.opensuse.org/home/darix/apps/containers/gitlab-runner-helper:x86_64-latest with digest registry.opensuse.org/home/darix/apps/containers/gitlab-runner-helper@sha256:cb984d5ab92368ff6b4ee667b967d8cc7438df42be18e4902b654639582f914c ...[0;m
[0KUsing helper image:  registry.opensuse.org/home/darix/apps/containers/gitlab-runner-helper:x86_64-latest  (overridden, default would be  registry.opensuse.org/home/darix/apps/containers/gitlab-runner-helper:x86_64-v18.6.2 )[0;m
[0KUsing effective pull policy of [always if-not-present] for container registry.opensuse.org/home/darix/apps/containers/gitlab-runner-helper:x86_64-latest[0;m
[0KUsing docker image sha256:68f79aba82d7429ba5c26a9dfb9e89aac697477b64bd7d9a78b67860feffe53b for registry.opensuse.org/home/darix/apps/containers/gitlab-runner-helper:x86_64-latest with digest registry.opensuse.org/home/darix/apps/containers/gitlab-runner-helper@sha256:cb984d5ab92368ff6b4ee667b967d8cc7438df42be18e4902b654639582f914c ...[0;m
[0KUsing effective pull policy of [always if-not-present] for container registry.suse.de/qa/maintenance/tw/containers/qem-bot:latest[0;m
[0KPulling docker image registry.suse.de/qa/maintenance/tw/containers/qem-bot:latest ...[0;m
[0KUsing docker image sha256:4c23233ef093b67db792db24b41c8c42ffec8170f4441f76f02c6042f6b41aa5 for registry.suse.de/qa/maintenance/tw/containers/qem-bot:latest with digest registry.suse.de/qa/maintenance/tw/containers/qem-bot@sha256:417b444926e253059cfd83d973128577e2eb92b3985bbbcc5c11a7844a6b999b ...[0;m
section_end:1768487478:prepare_executor[0Ksection_start:1768487478:prepare_script[0K[0K[36;1mPreparing environment[0;m[0;m
[0KUsing helper image:  registry.opensuse.org/home/darix/apps/containers/gitlab-runner-helper:x86_64-latest  (overridden, default would be  registry.opensuse.org/home/darix/apps/containers/gitlab-runner-helper:x86_64-v18.6.2 )[0;m
[0KUsing effective pull policy of [always if-not-present] for container registry.opensuse.org/home/darix/apps/containers/gitlab-runner-helper:x86_64-latest[0;m
[0KUsing docker image sha256:68f79aba82d7429ba5c26a9dfb9e89aac697477b64bd7d9a78b67860feffe53b for registry.opensuse.org/home/darix/apps/containers/gitlab-runner-helper:x86_64-latest with digest registry.opensuse.org/home/darix/apps/containers/gitlab-runner-helper@sha256:cb984d5ab92368ff6b4ee667b967d8cc7438df42be18e4902b654639582f914c ...[0;m
[0KUsing effective pull policy of [always if-not-present] for container sha256:68f79aba82d7429ba5c26a9dfb9e89aac697477b64bd7d9a78b67860feffe53b[0;m
Running on runner-shadmilvu-project-6096-concurrent-0 via gitlab-worker2.prg2.suse.org...
section_end:1768487479:prepare_script[0Ksection_start:1768487479:get_sources[0K[0K[36;1mGetting source from Git repository[0;m[0;m
[32;1mSkipping Git repository setup[0;m
[32;1mSkipping Git checkout[0;m
[32;1mSkipping Git submodules setup[0;m
section_end:1768487480:get_sources[0Ksection_start:1768487480:step_script[0K[0K[36;1mExecuting "step_script" stage of the job script[0;m[0;m
[0KUsing effective pull policy of [always if-not-present] for container registry.suse.de/qa/maintenance/tw/containers/qem-bot:latest[0;m
[0KUsing docker image sha256:4c23233ef093b67db792db24b41c8c42ffec8170f4441f76f02c6042f6b41aa5 for registry.suse.de/qa/maintenance/tw/containers/qem-bot:latest with digest registry.suse.de/qa/maintenance/tw/containers/qem-bot@sha256:417b444926e253059cfd83d973128577e2eb92b3985bbbcc5c11a7844a6b999b ...[0;m
[32;1m$ git clone --depth=1 https://gitlab.suse.de/qe/git-sha-verify.git[0;m
Cloning into 'git-sha-verify'...
[32;1m$ bash git-sha-verify/checkout-latest-signed-commit ./qem-bot https://github.com/openSUSE/qem-bot.git[0;m
Initializing repo
Initialized empty Git repository in /builds/qa-maintenance/bot-ng/qem-bot/.git/
Fetching with depth 2
'origin/HEAD' is unchanged and points to 'master'
Receiving key for okurz
gpg: keybox '/root/.gnupg/pubring.kbx' created
gpg: /root/.gnupg/trustdb.gpg: trustdb created
pub   rsa2048 2015-09-16 [SC]
      AED88A50A2BA7D3DA254D33D10F1D5366BD5CC2D
uid                      Oliver Kurz <okurz@suse.de>
uid                      Oliver Kurz <oliver.kurz@suse.de>
uid                      Oliver Kurz <oliver.kurz@suse.com>
uid                      Oliver Kurz <okurz@suse.com>
sub   rsa2048 2015-09-16 [E]
      7C4F9BCC10CE5FA239AACFE046E47274AD6C19AF

HEAD is now at 1c3427f0071cf9e4aa71a3e3f0737729999be92c
[32;1m$ [[ -n "$SSH_KEY_FILE" ]] && mkdir -p /root/.ssh && ln -vs "$SSH_KEY_FILE" /root/.ssh/id_rsa && chmod 600 /root/.ssh/id_rsa[0;m
'/root/.ssh/id_rsa' -> '/builds/qa-maintenance/bot-ng.tmp/SSH_KEY_FILE'
[32;1m$ [[ -r /root/.ssh/id_rsa ]] && eval $(ssh-agent -s) && ssh-add /root/.ssh/id_rsa > /dev/null[0;m
Agent pid 97
Identity added: /root/.ssh/id_rsa (qa-maintenance-automation)
[32;1m$ [[ -n "$OSC_RC_OPENQA" ]] && mkdir -p ~/.config/osc && ln -s "$OSC_RC_OPENQA" ~/.config/osc/oscrc[0;m
[32;1m$ [[ -n "$OPENQA" ]] && mkdir -p /etc/openqa && ln -s "$OPENQA" /etc/openqa/client.conf[0;m
[32;1m$ rpm --query qam-metadata-openqabot[0;m
qam-metadata-openqabot-20260112-qam.4.1.noarch
[32;1m$ set -o pipefail[0;m
[32;1m$ set -x[0;m
++ echo $'\E[32;1m$ $BOT_LAUNCHER ./qem-bot/qem-bot.py -c "${BOT_CONFIG:-/etc/openqabot}" -s "${BOT_SINGLEARCH:-/etc/openqabot/singlearch.yml}" --token "$BOT_TOKEN" --gitea-token "$BOT_TOKEN_GITEA" $BOT_PARAMS $BOT_CMD $BOT_CMD_PARAMS 2>&1 | tee bot_${BOT_CMD}_${count}.log\E[0;m'
[32;1m$ $BOT_LAUNCHER ./qem-bot/qem-bot.py -c "${BOT_CONFIG:-/etc/openqabot}" -s "${BOT_SINGLEARCH:-/etc/openqabot/singlearch.yml}" --token "$BOT_TOKEN" --gitea-token "$BOT_TOKEN_GITEA" $BOT_PARAMS $BOT_CMD $BOT_CMD_PARAMS 2>&1 | tee bot_${BOT_CMD}_${count}.log[0;m
++ retry --retries 30 -e -- timeout --preserve-status --signal=SIGINT 230m ./qem-bot/qem-bot.py -c /etc/openqabot -s /etc/openqabot/singlearch.yml --token [MASKED] --gitea-token [MASKED] incidents-run
++ tee bot_incidents-run_.log
2026-01-15 14:31:22 INFO     Starting bot schedule
2026-01-15 14:31:22 INFO     Submission 18479 ignored: No channels found for project SUSE:Maintenance:18479
2026-01-15 14:31:22 INFO     Submission 28232 ignored: No channels found for project SUSE:Maintenance:28232
2026-01-15 14:31:22 INFO     Submission 30071 ignored: No channels found for project SUSE:Maintenance:30071
2026-01-15 14:31:22 INFO     Submission 35925 ignored: No channels found for project SUSE:Maintenance:35925
2026-01-15 14:31:22 INFO     Submission 38669 ignored: No channels found for project SUSE:Maintenance:38669
2026-01-15 14:31:22 INFO     Loaded 241 submissions from QEM Dashboard
2026-01-15 14:31:22 INFO     Configuration skipped: Missing settings in '/etc/openqabot/bot.yml'
2026-01-15 14:31:22 INFO     Configuration skipped: Missing settings in '/etc/openqabot/mr.yml'
2026-01-15 14:31:22 INFO     Configuration skipped: Missing settings in '/etc/openqabot/qr.yml'
2026-01-15 14:31:22 INFO     Configuration skipped: File /etc/openqabot/singlearch.yml has invalid format
2026-01-15 14:31:22 INFO     Entering bot main loop
2026-01-15 14:31:46 INFO     Submission skipped: RepoHash metadata not found at http://download.suse.de/ibs/SUSE:/Maintenance:/42123/SUSE_Updates_MultiLinuxManagerTools-Beta_Debian-12_x86_64/repodata/repomd.xml
2026-01-15 14:31:46 INFO     Submission skipped: RepoHash metadata not found at http://download.suse.de/ibs/SUSE:/Maintenance:/42123/SUSE_Updates_MultiLinuxManagerTools-Beta_Debian-12_aarch64/repodata/repomd.xml
2026-01-15 14:31:46 INFO     Submission skipped: RepoHash metadata not found at http://download.suse.de/ibs/SUSE:/Maintenance:/42124/SUSE_Updates_MultiLinuxManagerTools-Beta_Ubuntu-22.04_x86_64/repodata/repomd.xml
2026-01-15 14:31:46 INFO     Submission skipped: RepoHash metadata not found at http://download.suse.de/ibs/SUSE:/Maintenance:/42125/SUSE_Updates_MultiLinuxManagerTools-Beta_Ubuntu-24.04_x86_64/repodata/repomd.xml
2026-01-15 14:31:55 INFO     Submission 42085 already scheduled for Server-DVD-HA-Incidents-LTSS-ES on x86_64
2026-01-15 14:31:55 INFO     Submission 42179 already scheduled for Server-DVD-HA-Incidents-LTSS-ES on x86_64
2026-01-15 14:31:55 INFO     Submission 42191 already scheduled for Server-DVD-HA-Incidents-LTSS-ES on x86_64
2026-01-15 14:31:55 INFO     Submission 42202 already scheduled for Server-DVD-HA-Incidents-LTSS-ES on x86_64
2026-01-15 14:31:55 INFO     Submission 42219 already scheduled for Server-DVD-HA-Incidents-LTSS-ES on x86_64
2026-01-15 14:31:55 INFO     Submission 42085 already scheduled for Server-DVD-HA-Incidents-Install-LTSS-ES on x86_64
2026-01-15 14:31:55 INFO     Submission 42179 already scheduled for Server-DVD-HA-Incidents-Install-LTSS-ES on x86_64
2026-01-15 14:31:55 INFO     Submission 42191 already scheduled for Server-DVD-HA-Incidents-Install-LTSS-ES on x86_64
2026-01-15 14:31:55 INFO     Submission 42202 already scheduled for Server-DVD-HA-Incidents-Install-LTSS-ES on x86_64
2026-01-15 14:31:55 INFO     Submission 42219 already scheduled for Server-DVD-HA-Incidents-Install-LTSS-ES on x86_64
2026-01-15 14:31:55 INFO     Submission 42191 already scheduled for Server-DVD-HA-Incidents on x86_64
2026-01-15 14:31:55 INFO     Submission 42219 already scheduled for Server-DVD-HA-Incidents on x86_64
2026-01-15 14:31:55 INFO     Submission 42191 already scheduled for Server-DVD-HA-Incidents-Install on x86_64
2026-01-15 14:31:55 INFO     Submission 42219 already scheduled for Server-DVD-HA-Incidents-Install on x86_64
2026-01-15 14:31:55 INFO     Submission 42191 already scheduled for Server-DVD-HA-Incidents-Install on ppc64le
2026-01-15 14:31:55 INFO     Submission 42219 already scheduled for Server-DVD-HA-Incidents-Install on ppc64le
2026-01-15 14:31:55 INFO     Submission 42191 already scheduled for Server-DVD-HA-Incidents-Install on s390x
2026-01-15 14:31:55 INFO     Submission 42108 already scheduled for Server-DVD-HA-Incidents on x86_64
2026-01-15 14:31:55 INFO     Submission 42131 already scheduled for Server-DVD-HA-Incidents on x86_64
2026-01-15 14:31:55 INFO     Submission 42170 already scheduled for Server-DVD-HA-Incidents on x86_64
2026-01-15 14:31:55 INFO     Submission 42184 already scheduled for Server-DVD-HA-Incidents on x86_64
2026-01-15 14:31:55 INFO     Submission 42187 already scheduled for Server-DVD-HA-Incidents on x86_64
2026-01-15 14:31:55 INFO     Submission 42192 already scheduled for Server-DVD-HA-Incidents on x86_64
2026-01-15 14:31:55 INFO     Submission 42204 already scheduled for Server-DVD-HA-Incidents on x86_64
2026-01-15 14:31:55 INFO     Submission 42205 already scheduled for Server-DVD-HA-Incidents on x86_64
2026-01-15 14:31:55 INFO     Submission 42209 already scheduled for Server-DVD-HA-Incidents on x86_64
2026-01-15 14:31:55 INFO     Submission 42211 already scheduled for Server-DVD-HA-Incidents on x86_64
2026-01-15 14:31:55 INFO     Submission 42222 already scheduled for Server-DVD-HA-Incidents on x86_64
2026-01-15 14:31:55 INFO     Submission 42108 already scheduled for Server-DVD-HA-Incidents-Install on x86_64
2026-01-15 14:31:55 INFO     Submission 42131 already scheduled for Server-DVD-HA-Incidents-Install on x86_64
2026-01-15 14:31:55 INFO     Submission 42170 already scheduled for Server-DVD-HA-Incidents-Install on x86_64
2026-01-15 14:31:55 INFO     Submission 42184 already scheduled for Server-DVD-HA-Incidents-Install on x86_64
2026-01-15 14:31:55 INFO     Submission 42187 already scheduled for Server-DVD-HA-Incidents-Install on x86_64
2026-01-15 14:31:55 INFO     Submission 42192 already scheduled for Server-DVD-HA-Incidents-Install on x86_64
2026-01-15 14:31:55 INFO     Submission 42204 already scheduled for Server-DVD-HA-Incidents-Install on x86_64
2026-01-15 14:31:55 INFO     Submission 42205 already scheduled for Server-DVD-HA-Incidents-Install on x86_64
2026-01-15 14:31:55 INFO     Submission 42209 already scheduled for Server-DVD-HA-Incidents-Install on x86_64
2026-01-15 14:31:55 INFO     Submission 42211 already scheduled for Server-DVD-HA-Incidents-Install on x86_64
2026-01-15 14:31:55 INFO     Submission 42222 already scheduled for Server-DVD-HA-Incidents-Install on x86_64
2026-01-15 14:31:55 INFO     Submission 42131 already scheduled for Server-DVD-HA-Incidents-Install on ppc64le
2026-01-15 14:31:55 INFO     Submission 42170 already scheduled for Server-DVD-HA-Incidents-Install on ppc64le
2026-01-15 14:31:55 INFO     Submission 42184 already scheduled for Server-DVD-HA-Incidents-Install on ppc64le
2026-01-15 14:31:55 INFO     Submission 42187 already scheduled for Server-DVD-HA-Incidents-Install on ppc64le
2026-01-15 14:31:55 INFO     Submission 42192 already scheduled for Server-DVD-HA-Incidents-Install on ppc64le
2026-01-15 14:31:55 INFO     Submission 42204 already scheduled for Server-DVD-HA-Incidents-Install on ppc64le
2026-01-15 14:31:55 INFO     Submission 42205 already scheduled for Server-DVD-HA-Incidents-Install on ppc64le
2026-01-15 14:31:55 INFO     Submission 42209 already scheduled for Server-DVD-HA-Incidents-Install on ppc64le
2026-01-15 14:31:55 INFO     Submission 42211 already scheduled for Server-DVD-HA-Incidents-Install on ppc64le
2026-01-15 14:31:55 INFO     Submission 42222 already scheduled for Server-DVD-HA-Incidents-Install on ppc64le
2026-01-15 14:31:55 INFO     Submission 42108 already scheduled for Server-DVD-HA-Incidents-Install on aarch64
2026-01-15 14:31:55 INFO     Submission 42131 already scheduled for Server-DVD-HA-Incidents-Install on aarch64
2026-01-15 14:31:55 INFO     Submission 42170 already scheduled for Server-DVD-HA-Incidents-Install on aarch64
2026-01-15 14:31:55 INFO     Submission 42184 already scheduled for Server-DVD-HA-Incidents-Install on aarch64
2026-01-15 14:31:55 INFO     Submission 42187 already scheduled for Server-DVD-HA-Incidents-Install on aarch64
2026-01-15 14:31:55 INFO     Submission 42192 already scheduled for Server-DVD-HA-Incidents-Install on aarch64
2026-01-15 14:31:55 INFO     Submission 42204 already scheduled for Server-DVD-HA-Incidents-Install on aarch64
2026-01-15 14:31:55 INFO     Submission 42205 already scheduled for Server-DVD-HA-Incidents-Install on aarch64
2026-01-15 14:31:55 INFO     Submission 42209 already scheduled for Server-DVD-HA-Incidents-Install on aarch64
2026-01-15 14:31:55 INFO     Submission 42211 already scheduled for Server-DVD-HA-Incidents-Install on aarch64
2026-01-15 14:31:55 INFO     Submission 42222 already scheduled for Server-DVD-HA-Incidents-Install on aarch64
2026-01-15 14:31:55 INFO     Submission 42131 already scheduled for Server-DVD-HA-Incidents-Install on s390x
2026-01-15 14:31:55 INFO     Submission 42170 already scheduled for Server-DVD-HA-Incidents-Install on s390x
2026-01-15 14:31:55 INFO     Submission 42184 already scheduled for Server-DVD-HA-Incidents-Install on s390x
2026-01-15 14:31:55 INFO     Submission 42187 already scheduled for Server-DVD-HA-Incidents-Install on s390x
2026-01-15 14:31:55 INFO     Submission 42192 already scheduled for Server-DVD-HA-Incidents-Install on s390x
2026-01-15 14:31:55 INFO     Submission 42204 already scheduled for Server-DVD-HA-Incidents-Install on s390x
2026-01-15 14:31:55 INFO     Submission 42205 already scheduled for Server-DVD-HA-Incidents-Install on s390x
2026-01-15 14:31:55 INFO     Submission 42209 already scheduled for Server-DVD-HA-Incidents-Install on s390x
2026-01-15 14:31:55 INFO     Submission 42211 already scheduled for Server-DVD-HA-Incidents-Install on s390x
2026-01-15 14:31:55 INFO     Submission 42222 already scheduled for Server-DVD-HA-Incidents-Install on s390x
2026-01-15 14:31:55 INFO     Submission 42109 already scheduled for Server-DVD-HA-Incidents on x86_64
2026-01-15 14:31:55 INFO     Submission 42131 already scheduled for Server-DVD-HA-Incidents on x86_64
2026-01-15 14:31:55 INFO     Submission 42170 already scheduled for Server-DVD-HA-Incidents on x86_64
2026-01-15 14:31:55 INFO     Submission 42184 already scheduled for Server-DVD-HA-Incidents on x86_64
2026-01-15 14:31:55 INFO     Submission 42187 already scheduled for Server-DVD-HA-Incidents on x86_64
2026-01-15 14:31:55 INFO     Submission 42192 already scheduled for Server-DVD-HA-Incidents on x86_64
2026-01-15 14:31:55 INFO     Submission 42205 already scheduled for Server-DVD-HA-Incidents on x86_64
2026-01-15 14:31:55 INFO     Submission 42209 already scheduled for Server-DVD-HA-Incidents on x86_64
2026-01-15 14:31:55 INFO     Submission 42222 already scheduled for Server-DVD-HA-Incidents on x86_64
2026-01-15 14:31:55 INFO     Submission 42109 already scheduled for Server-DVD-HA-Incidents-Install on x86_64
2026-01-15 14:31:55 INFO     Submission 42131 already scheduled for Server-DVD-HA-Incidents-Install on x86_64
2026-01-15 14:31:55 INFO     Submission 42170 already scheduled for Server-DVD-HA-Incidents-Install on x86_64
2026-01-15 14:31:55 INFO     Submission 42184 already scheduled for Server-DVD-HA-Incidents-Install on x86_64
2026-01-15 14:31:55 INFO     Submission 42187 already scheduled for Server-DVD-HA-Incidents-Install on x86_64
2026-01-15 14:31:55 INFO     Submission 42192 already scheduled for Server-DVD-HA-Incidents-Install on x86_64
2026-01-15 14:31:55 INFO     Submission 42205 already scheduled for Server-DVD-HA-Incidents-Install on x86_64
2026-01-15 14:31:55 INFO     Submission 42209 already scheduled for Server-DVD-HA-Incidents-Install on x86_64
2026-01-15 14:31:55 INFO     Submission 42222 already scheduled for Server-DVD-HA-Incidents-Install on x86_64
2026-01-15 14:31:55 INFO     Submission 42131 already scheduled for Server-DVD-HA-Incidents-Install on ppc64le
2026-01-15 14:31:55 INFO     Submission 42170 already scheduled for Server-DVD-HA-Incidents-Install on ppc64le
2026-01-15 14:31:55 INFO     Submission 42184 already scheduled for Server-DVD-HA-Incidents-Install on ppc64le
2026-01-15 14:31:55 INFO     Submission 42187 already scheduled for Server-DVD-HA-Incidents-Install on ppc64le
2026-01-15 14:31:55 INFO     Submission 42192 already scheduled for Server-DVD-HA-Incidents-Install on ppc64le
2026-01-15 14:31:55 INFO     Submission 42205 already scheduled for Server-DVD-HA-Incidents-Install on ppc64le
2026-01-15 14:31:55 INFO     Submission 42209 already scheduled for Server-DVD-HA-Incidents-Install on ppc64le
2026-01-15 14:31:55 INFO     Submission 42222 already scheduled for Server-DVD-HA-Incidents-Install on ppc64le
2026-01-15 14:31:55 INFO     Submission 42109 already scheduled for Server-DVD-HA-Incidents-Install on aarch64
2026-01-15 14:31:55 INFO     Submission 42131 already scheduled for Server-DVD-HA-Incidents-Install on aarch64
2026-01-15 14:31:55 INFO     Submission 42170 already scheduled for Server-DVD-HA-Incidents-Install on aarch64
2026-01-15 14:31:55 INFO     Submission 42184 already scheduled for Server-DVD-HA-Incidents-Install on aarch64
2026-01-15 14:31:55 INFO     Submission 42187 already scheduled for Server-DVD-HA-Incidents-Install on aarch64
2026-01-15 14:31:55 INFO     Submission 42192 already scheduled for Server-DVD-HA-Incidents-Install on aarch64
2026-01-15 14:31:55 INFO     Submission 42205 already scheduled for Server-DVD-HA-Incidents-Install on aarch64
2026-01-15 14:31:55 INFO     Submission 42209 already scheduled for Server-DVD-HA-Incidents-Install on aarch64
2026-01-15 14:31:55 INFO     Submission 42222 already scheduled for Server-DVD-HA-Incidents-Install on aarch64
2026-01-15 14:31:55 INFO     Submission 42131 already scheduled for Server-DVD-HA-Incidents-Install on s390x
2026-01-15 14:31:55 INFO     Submission 42170 already scheduled for Server-DVD-HA-Incidents-Install on s390x
2026-01-15 14:31:55 INFO     Submission 42184 already scheduled for Server-DVD-HA-Incidents-Install on s390x
2026-01-15 14:31:55 INFO     Submission 42187 already scheduled for Server-DVD-HA-Incidents-Install on s390x
2026-01-15 14:31:55 INFO     Submission 42192 already scheduled for Server-DVD-HA-Incidents-Install on s390x
2026-01-15 14:31:55 INFO     Submission 42205 already scheduled for Server-DVD-HA-Incidents-Install on s390x
2026-01-15 14:31:55 INFO     Submission 42209 already scheduled for Server-DVD-HA-Incidents-Install on s390x
2026-01-15 14:31:55 INFO     Submission 42222 already scheduled for Server-DVD-HA-Incidents-Install on s390x
2026-01-15 14:31:55 INFO     Submission 41692 already scheduled for Server-DVD-HA-Incidents on x86_64
2026-01-15 14:31:55 INFO     Submission 42027 already scheduled for Server-DVD-HA-Incidents on x86_64
2026-01-15 14:31:55 INFO     Submission 42086 already scheduled for Server-DVD-HA-Incidents on x86_64
2026-01-15 14:31:55 INFO     Submission 42100 already scheduled for Server-DVD-HA-Incidents on x86_64
2026-01-15 14:31:55 INFO     Submission 42126 already scheduled for Server-DVD-HA-Incidents on x86_64
2026-01-15 14:31:55 INFO     Submission 42127 already scheduled for Server-DVD-HA-Incidents on x86_64
2026-01-15 14:31:55 INFO     Submission 42131 already scheduled for Server-DVD-HA-Incidents on x86_64
2026-01-15 14:31:55 INFO     Submission 42171 already scheduled for Server-DVD-HA-Incidents on x86_64
2026-01-15 14:31:55 INFO     Submission 42172 already scheduled for Server-DVD-HA-Incidents on x86_64
2026-01-15 14:31:55 INFO     Submission 42178 already scheduled for Server-DVD-HA-Incidents on x86_64
2026-01-15 14:31:55 INFO     Submission 42182 already scheduled for Server-DVD-HA-Incidents on x86_64
2026-01-15 14:31:55 INFO     Submission 42185 already scheduled for Server-DVD-HA-Incidents on x86_64
2026-01-15 14:31:55 INFO     Submission 42187 already scheduled for Server-DVD-HA-Incidents on x86_64
2026-01-15 14:31:55 INFO     Submission 42193 already scheduled for Server-DVD-HA-Incidents on x86_64
2026-01-15 14:31:55 INFO     Submission 42197 already scheduled for Server-DVD-HA-Incidents on x86_64
2026-01-15 14:31:55 INFO     Submission 42206 already scheduled for Server-DVD-HA-Incidents on x86_64
2026-01-15 14:31:55 INFO     Submission 42207 already scheduled for Server-DVD-HA-Incidents on x86_64
2026-01-15 14:31:55 INFO     Submission 42212 already scheduled for Server-DVD-HA-Incidents on x86_64
2026-01-15 14:31:55 INFO     Submission 42213 already scheduled for Server-DVD-HA-Incidents on x86_64
2026-01-15 14:31:55 INFO     Submission 42214 already scheduled for Server-DVD-HA-Incidents on x86_64
2026-01-15 14:31:55 INFO     Submission 42216 already scheduled for Server-DVD-HA-Incidents on x86_64
2026-01-15 14:31:55 INFO     Submission 42220 already scheduled for Server-DVD-HA-Incidents on x86_64
2026-01-15 14:31:55 INFO     Submission 42222 already scheduled for Server-DVD-HA-Incidents on x86_64
2026-01-15 14:31:55 INFO     Submission 42224 already scheduled for Server-DVD-HA-Incidents on x86_64
2026-01-15 14:31:55 INFO     Submission 41692 already scheduled for Server-DVD-HA-Incidents-Install on x86_64
2026-01-15 14:31:55 INFO     Submission 42027 already scheduled for Server-DVD-HA-Incidents-Install on x86_64
2026-01-15 14:31:55 INFO     Submission 42086 already scheduled for Server-DVD-HA-Incidents-Install on x86_64
2026-01-15 14:31:55 INFO     Submission 42100 already scheduled for Server-DVD-HA-Incidents-Install on x86_64
2026-01-15 14:31:55 INFO     Submission 42126 already scheduled for Server-DVD-HA-Incidents-Install on x86_64
2026-01-15 14:31:55 INFO     Submission 42127 already scheduled for Server-DVD-HA-Incidents-Install on x86_64
2026-01-15 14:31:55 INFO     Submission 42131 already scheduled for Server-DVD-HA-Incidents-Install on x86_64
2026-01-15 14:31:55 INFO     Submission 42171 already scheduled for Server-DVD-HA-Incidents-Install on x86_64
2026-01-15 14:31:55 INFO     Submission 42172 already scheduled for Server-DVD-HA-Incidents-Install on x86_64
2026-01-15 14:31:55 INFO     Submission 42178 already scheduled for Server-DVD-HA-Incidents-Install on x86_64
2026-01-15 14:31:55 INFO     Submission 42182 already scheduled for Server-DVD-HA-Incidents-Install on x86_64
2026-01-15 14:31:55 INFO     Submission 42185 already scheduled for Server-DVD-HA-Incidents-Install on x86_64
2026-01-15 14:31:55 INFO     Submission 42187 already scheduled for Server-DVD-HA-Incidents-Install on x86_64
2026-01-15 14:31:55 INFO     Submission 42193 already scheduled for Server-DVD-HA-Incidents-Install on x86_64
2026-01-15 14:31:55 INFO     Submission 42197 already scheduled for Server-DVD-HA-Incidents-Install on x86_64
2026-01-15 14:31:55 INFO     Submission 42206 already scheduled for Server-DVD-HA-Incidents-Install on x86_64
2026-01-15 14:31:55 INFO     Submission 42207 already scheduled for Server-DVD-HA-Incidents-Install on x86_64
2026-01-15 14:31:55 INFO     Submission 42212 already scheduled for Server-DVD-HA-Incidents-Install on x86_64
2026-01-15 14:31:55 INFO     Submission 42213 already scheduled for Server-DVD-HA-Incidents-Install on x86_64
2026-01-15 14:31:55 INFO     Submission 42214 already scheduled for Server-DVD-HA-Incidents-Install on x86_64
2026-01-15 14:31:55 INFO     Submission 42216 already scheduled for Server-DVD-HA-Incidents-Install on x86_64
2026-01-15 14:31:55 INFO     Submission 42220 already scheduled for Server-DVD-HA-Incidents-Install on x86_64
2026-01-15 14:31:55 INFO     Submission 42222 already scheduled for Server-DVD-HA-Incidents-Install on x86_64
2026-01-15 14:31:56 INFO     Submission 42224 already scheduled for Server-DVD-HA-Incidents-Install on x86_64
2026-01-15 14:31:56 INFO     Submission 41692 already scheduled for Server-DVD-HA-Incidents-Install on ppc64le
2026-01-15 14:31:56 INFO     Submission 42027 already scheduled for Server-DVD-HA-Incidents-Install on ppc64le
2026-01-15 14:31:56 INFO     Submission 42086 already scheduled for Server-DVD-HA-Incidents-Install on ppc64le
2026-01-15 14:31:56 INFO     Submission 42100 already scheduled for Server-DVD-HA-Incidents-Install on ppc64le
2026-01-15 14:31:56 INFO     Submission 42126 already scheduled for Server-DVD-HA-Incidents-Install on ppc64le
2026-01-15 14:31:56 INFO     Submission 42127 already scheduled for Server-DVD-HA-Incidents-Install on ppc64le
2026-01-15 14:31:56 INFO     Submission 42131 already scheduled for Server-DVD-HA-Incidents-Install on ppc64le
2026-01-15 14:31:56 INFO     Submission 42171 already scheduled for Server-DVD-HA-Incidents-Install on ppc64le
2026-01-15 14:31:56 INFO     Submission 42172 already scheduled for Server-DVD-HA-Incidents-Install on ppc64le
2026-01-15 14:31:56 INFO     Submission 42178 already scheduled for Server-DVD-HA-Incidents-Install on ppc64le
2026-01-15 14:31:56 INFO     Submission 42182 already scheduled for Server-DVD-HA-Incidents-Install on ppc64le
2026-01-15 14:31:56 INFO     Submission 42185 already scheduled for Server-DVD-HA-Incidents-Install on ppc64le
2026-01-15 14:31:56 INFO     Submission 42187 already scheduled for Server-DVD-HA-Incidents-Install on ppc64le
2026-01-15 14:31:56 INFO     Submission 42193 already scheduled for Server-DVD-HA-Incidents-Install on ppc64le
2026-01-15 14:31:56 INFO     Submission 42197 already scheduled for Server-DVD-HA-Incidents-Install on ppc64le
2026-01-15 14:31:56 INFO     Submission 42206 already scheduled for Server-DVD-HA-Incidents-Install on ppc64le
2026-01-15 14:31:56 INFO     Submission 42207 already scheduled for Server-DVD-HA-Incidents-Install on ppc64le
2026-01-15 14:31:56 INFO     Submission 42212 already scheduled for Server-DVD-HA-Incidents-Install on ppc64le
2026-01-15 14:31:56 INFO     Submission 42213 already scheduled for Server-DVD-HA-Incidents-Install on ppc64le
2026-01-15 14:31:56 INFO     Submission 42214 already scheduled for Server-DVD-HA-Incidents-Install on ppc64le
2026-01-15 14:31:56 INFO     Submission 42216 already scheduled for Server-DVD-HA-Incidents-Install on ppc64le
2026-01-15 14:31:56 INFO     Submission 42220 already scheduled for Server-DVD-HA-Incidents-Install on ppc64le
2026-01-15 14:31:56 INFO     Submission 42222 already scheduled for Server-DVD-HA-Incidents-Install on ppc64le
2026-01-15 14:31:56 INFO     Submission 41692 already scheduled for Server-DVD-HA-Incidents-Install on aarch64
2026-01-15 14:31:56 INFO     Submission 42027 already scheduled for Server-DVD-HA-Incidents-Install on aarch64
2026-01-15 14:31:56 INFO     Submission 42086 already scheduled for Server-DVD-HA-Incidents-Install on aarch64
2026-01-15 14:31:56 INFO     Submission 42100 already scheduled for Server-DVD-HA-Incidents-Install on aarch64
2026-01-15 14:31:56 INFO     Submission 42126 already scheduled for Server-DVD-HA-Incidents-Install on aarch64
2026-01-15 14:31:56 INFO     Submission 42127 already scheduled for Server-DVD-HA-Incidents-Install on aarch64
2026-01-15 14:31:56 INFO     Submission 42131 already scheduled for Server-DVD-HA-Incidents-Install on aarch64
2026-01-15 14:31:56 INFO     Submission 42171 already scheduled for Server-DVD-HA-Incidents-Install on aarch64
2026-01-15 14:31:56 INFO     Submission 42172 already scheduled for Server-DVD-HA-Incidents-Install on aarch64
2026-01-15 14:31:56 INFO     Submission 42178 already scheduled for Server-DVD-HA-Incidents-Install on aarch64
2026-01-15 14:31:56 INFO     Submission 42182 already scheduled for Server-DVD-HA-Incidents-Install on aarch64
2026-01-15 14:31:56 INFO     Submission 42185 already scheduled for Server-DVD-HA-Incidents-Install on aarch64
2026-01-15 14:31:56 INFO     Submission 42187 already scheduled for Server-DVD-HA-Incidents-Install on aarch64
2026-01-15 14:31:56 INFO     Submission 42193 already scheduled for Server-DVD-HA-Incidents-Install on aarch64
2026-01-15 14:31:56 INFO     Submission 42197 already scheduled for Server-DVD-HA-Incidents-Install on aarch64
2026-01-15 14:31:56 INFO     Submission 42206 already scheduled for Server-DVD-HA-Incidents-Install on aarch64
2026-01-15 14:31:56 INFO     Submission 42207 already scheduled for Server-DVD-HA-Incidents-Install on aarch64
2026-01-15 14:31:56 INFO     Submission 42212 already scheduled for Server-DVD-HA-Incidents-Install on aarch64
2026-01-15 14:31:56 INFO     Submission 42213 already scheduled for Server-DVD-HA-Incidents-Install on aarch64
2026-01-15 14:31:56 INFO     Submission 42214 already scheduled for Server-DVD-HA-Incidents-Install on aarch64
2026-01-15 14:31:56 INFO     Submission 42216 already scheduled for Server-DVD-HA-Incidents-Install on aarch64
2026-01-15 14:31:56 INFO     Submission 42220 already scheduled for Server-DVD-HA-Incidents-Install on aarch64
2026-01-15 14:31:56 INFO     Submission 42222 already scheduled for Server-DVD-HA-Incidents-Install on aarch64
2026-01-15 14:31:56 INFO     Submission 42224 already scheduled for Server-DVD-HA-Incidents-Install on aarch64
2026-01-15 14:31:56 INFO     Submission 41692 already scheduled for Server-DVD-HA-Incidents-Install on s390x
2026-01-15 14:31:56 INFO     Submission 42027 already scheduled for Server-DVD-HA-Incidents-Install on s390x
2026-01-15 14:31:56 INFO     Submission 42086 already scheduled for Server-DVD-HA-Incidents-Install on s390x
2026-01-15 14:31:56 INFO     Submission 42100 already scheduled for Server-DVD-HA-Incidents-Install on s390x
2026-01-15 14:31:56 INFO     Submission 42126 already scheduled for Server-DVD-HA-Incidents-Install on s390x
2026-01-15 14:31:56 INFO     Submission 42127 already scheduled for Server-DVD-HA-Incidents-Install on s390x
2026-01-15 14:31:56 INFO     Submission 42131 already scheduled for Server-DVD-HA-Incidents-Install on s390x
2026-01-15 14:31:56 INFO     Submission 42171 already scheduled for Server-DVD-HA-Incidents-Install on s390x
2026-01-15 14:31:56 INFO     Submission 42172 already scheduled for Server-DVD-HA-Incidents-Install on s390x
2026-01-15 14:31:56 INFO     Submission 42178 already scheduled for Server-DVD-HA-Incidents-Install on s390x
2026-01-15 14:31:56 INFO     Submission 42182 already scheduled for Server-DVD-HA-Incidents-Install on s390x
2026-01-15 14:31:56 INFO     Submission 42185 already scheduled for Server-DVD-HA-Incidents-Install on s390x
2026-01-15 14:31:56 INFO     Submission 42187 already scheduled for Server-DVD-HA-Incidents-Install on s390x
2026-01-15 14:31:56 INFO     Submission 42193 already scheduled for Server-DVD-HA-Incidents-Install on s390x
2026-01-15 14:31:56 INFO     Submission 42197 already scheduled for Server-DVD-HA-Incidents-Install on s390x
2026-01-15 14:31:56 INFO     Submission 42206 already scheduled for Server-DVD-HA-Incidents-Install on s390x
2026-01-15 14:31:56 INFO     Submission 42207 already scheduled for Server-DVD-HA-Incidents-Install on s390x
2026-01-15 14:31:56 INFO     Submission 42212 already scheduled for Server-DVD-HA-Incidents-Install on s390x
2026-01-15 14:31:56 INFO     Submission 42213 already scheduled for Server-DVD-HA-Incidents-Install on s390x
2026-01-15 14:31:56 INFO     Submission 42214 already scheduled for Server-DVD-HA-Incidents-Install on s390x
2026-01-15 14:31:56 INFO     Submission 42215 already scheduled for Server-DVD-HA-Incidents-Install on s390x
2026-01-15 14:31:56 INFO     Submission 42216 already scheduled for Server-DVD-HA-Incidents-Install on s390x
2026-01-15 14:31:56 INFO     Submission 42220 already scheduled for Server-DVD-HA-Incidents-Install on s390x
2026-01-15 14:31:56 INFO     Submission 42222 already scheduled for Server-DVD-HA-Incidents-Install on s390x
2026-01-15 14:31:56 INFO     Submission skipped: RepoHash metadata not found at http://download.suse.de/ibs/SUSE:/SLFO:/1.2:/PullRequest:/450:/SL-Micro/product/repo/SLES-6.2-aarch64/repodata/repomd.xml
2026-01-15 14:31:56 INFO     Submission skipped: RepoHash metadata not found at http://download.suse.de/ibs/SUSE:/SLFO:/1.2:/PullRequest:/450:/SL-Micro/product/repo/SLES-6.2-ppc64le/repodata/repomd.xml
2026-01-15 14:31:56 INFO     Submission skipped: RepoHash metadata not found at http://download.suse.de/ibs/SUSE:/SLFO:/1.2:/PullRequest:/450:/SL-Micro/product/repo/SLES-6.2-s390x/repodata/repomd.xml
2026-01-15 14:31:56 INFO     Submission skipped: RepoHash metadata not found at http://download.suse.de/ibs/SUSE:/SLFO:/1.2:/PullRequest:/450:/SL-Micro/product/repo/SLES-6.2-x86_64/repodata/repomd.xml
2026-01-15 14:31:56 INFO     Submission skipped: RepoHash metadata not found at http://download.suse.de/ibs/SUSE:/SLFO:/1.2:/PullRequest:/468:/SL-Micro/product/repo/SLES-6.2-s390x/repodata/repomd.xml
2026-01-15 14:31:56 INFO     Submission skipped: RepoHash metadata not found at http://download.suse.de/ibs/SUSE:/SLFO:/1.2:/PullRequest:/468:/SL-Micro/product/repo/SLES-6.2-ppc64le/repodata/repomd.xml
2026-01-15 14:31:56 INFO     Submission skipped: RepoHash metadata not found at http://download.suse.de/ibs/SUSE:/SLFO:/1.2:/PullRequest:/468:/SL-Micro/product/repo/SLES-6.2-aarch64/repodata/repomd.xml
2026-01-15 14:31:56 INFO     Submission skipped: RepoHash metadata not found at http://download.suse.de/ibs/SUSE:/SLFO:/1.2:/PullRequest:/468:/SL-Micro/product/repo/SLES-6.2-x86_64/repodata/repomd.xml
2026-01-15 14:31:56 INFO     Submission skipped: RepoHash metadata not found at http://download.suse.de/ibs/SUSE:/SLFO:/1.2:/PullRequest:/506:/SL-Micro/product/repo/SLES-6.2-s390x/repodata/repomd.xml
2026-01-15 14:31:56 INFO     Submission skipped: RepoHash metadata not found at http://download.suse.de/ibs/SUSE:/SLFO:/1.2:/PullRequest:/506:/SL-Micro/product/repo/SLES-6.2-x86_64/repodata/repomd.xml
2026-01-15 14:31:56 INFO     Submission skipped: RepoHash metadata not found at http://download.suse.de/ibs/SUSE:/SLFO:/1.2:/PullRequest:/506:/SL-Micro/product/repo/SLES-6.2-aarch64/repodata/repomd.xml
2026-01-15 14:31:56 INFO     Submission skipped: RepoHash metadata not found at http://download.suse.de/ibs/SUSE:/SLFO:/1.2:/PullRequest:/506:/SL-Micro/product/repo/SLES-6.2-ppc64le/repodata/repomd.xml
2026-01-15 14:31:56 INFO     Submission skipped: RepoHash metadata not found at http://download.suse.de/ibs/SUSE:/SLFO:/1.2:/PullRequest:/516:/SL-Micro/product/repo/SLES-6.2-aarch64/repodata/repomd.xml
2026-01-15 14:31:56 INFO     Submission skipped: RepoHash metadata not found at http://download.suse.de/ibs/SUSE:/SLFO:/1.2:/PullRequest:/516:/SL-Micro/product/repo/SLES-6.2-s390x/repodata/repomd.xml
2026-01-15 14:31:56 INFO     Submission skipped: RepoHash metadata not found at http://download.suse.de/ibs/SUSE:/SLFO:/1.2:/PullRequest:/516:/SL-Micro/product/repo/SLES-6.2-x86_64/repodata/repomd.xml
2026-01-15 14:31:56 INFO     Submission skipped: RepoHash metadata not found at http://download.suse.de/ibs/SUSE:/SLFO:/1.2:/PullRequest:/516:/SL-Micro/product/repo/SLES-6.2-ppc64le/repodata/repomd.xml
2026-01-15 14:31:56 INFO     Submission skipped: RepoHash metadata not found at http://download.suse.de/ibs/SUSE:/SLFO:/1.2:/PullRequest:/544:/SL-Micro/product/repo/SLES-6.2-x86_64/repodata/repomd.xml
2026-01-15 14:31:56 INFO     Submission skipped: RepoHash metadata not found at http://download.suse.de/ibs/SUSE:/SLFO:/1.2:/PullRequest:/544:/SL-Micro/product/repo/SLES-6.2-ppc64le/repodata/repomd.xml
2026-01-15 14:31:56 INFO     Submission skipped: RepoHash metadata not found at http://download.suse.de/ibs/SUSE:/SLFO:/1.2:/PullRequest:/544:/SL-Micro/product/repo/SLES-6.2-s390x/repodata/repomd.xml
2026-01-15 14:31:56 INFO     Submission skipped: RepoHash metadata not found at http://download.suse.de/ibs/SUSE:/SLFO:/1.2:/PullRequest:/544:/SL-Micro/product/repo/SLES-6.2-aarch64/repodata/repomd.xml
2026-01-15 14:31:56 INFO     Submission skipped: RepoHash metadata not found at http://download.suse.de/ibs/SUSE:/SLFO:/1.2:/PullRequest:/564:/SL-Micro/product/repo/SLES-6.2-aarch64/repodata/repomd.xml
2026-01-15 14:31:56 INFO     Submission skipped: RepoHash metadata not found at http://download.suse.de/ibs/SUSE:/SLFO:/1.2:/PullRequest:/564:/SL-Micro/product/repo/SLES-6.2-x86_64/repodata/repomd.xml
2026-01-15 14:31:56 INFO     Submission skipped: RepoHash metadata not found at http://download.suse.de/ibs/SUSE:/SLFO:/1.2:/PullRequest:/564:/SL-Micro/product/repo/SLES-6.2-ppc64le/repodata/repomd.xml
2026-01-15 14:31:56 INFO     Submission skipped: RepoHash metadata not found at http://download.suse.de/ibs/SUSE:/SLFO:/1.2:/PullRequest:/564:/SL-Micro/product/repo/SLES-6.2-s390x/repodata/repomd.xml
2026-01-15 14:31:56 INFO     Submission skipped: RepoHash metadata not found at http://download.suse.de/ibs/SUSE:/SLFO:/1.2:/PullRequest:/601:/SL-Micro/product/repo/SLES-6.2-x86_64/repodata/repomd.xml
2026-01-15 14:31:56 INFO     Submission skipped: RepoHash metadata not found at http://download.suse.de/ibs/SUSE:/SLFO:/1.2:/PullRequest:/601:/SL-Micro/product/repo/SLES-6.2-ppc64le/repodata/repomd.xml
2026-01-15 14:31:56 INFO     Submission skipped: RepoHash metadata not found at http://download.suse.de/ibs/SUSE:/SLFO:/1.2:/PullRequest:/601:/SL-Micro/product/repo/SLES-6.2-s390x/repodata/repomd.xml
2026-01-15 14:31:56 INFO     Submission skipped: RepoHash metadata not found at http://download.suse.de/ibs/SUSE:/SLFO:/1.2:/PullRequest:/601:/SL-Micro/product/repo/SLES-6.2-aarch64/repodata/repomd.xml
2026-01-15 14:31:56 INFO     Submission skipped: RepoHash metadata not found at http://download.suse.de/ibs/SUSE:/SLFO:/1.2:/PullRequest:/608:/SL-Micro/product/repo/SLES-6.2-aarch64/repodata/repomd.xml
2026-01-15 14:31:56 INFO     Submission skipped: RepoHash metadata not found at http://download.suse.de/ibs/SUSE:/SLFO:/1.2:/PullRequest:/608:/SL-Micro/product/repo/SLES-6.2-s390x/repodata/repomd.xml
2026-01-15 14:31:56 INFO     Submission skipped: RepoHash metadata not found at http://download.suse.de/ibs/SUSE:/SLFO:/1.2:/PullRequest:/608:/SL-Micro/product/repo/SLES-6.2-x86_64/repodata/repomd.xml
2026-01-15 14:31:56 INFO     Submission skipped: RepoHash metadata not found at http://download.suse.de/ibs/SUSE:/SLFO:/1.2:/PullRequest:/608:/SL-Micro/product/repo/SLES-6.2-ppc64le/repodata/repomd.xml
2026-01-15 14:31:56 INFO     Submission skipped: RepoHash metadata not found at http://download.suse.de/ibs/SUSE:/SLFO:/1.2:/PullRequest:/629:/SL-Micro/product/repo/SLES-6.2-s390x/repodata/repomd.xml
2026-01-15 14:31:56 INFO     Submission skipped: RepoHash metadata not found at http://download.suse.de/ibs/SUSE:/SLFO:/1.2:/PullRequest:/629:/SL-Micro/product/repo/SLES-6.2-x86_64/repodata/repomd.xml
2026-01-15 14:31:56 INFO     Submission skipped: RepoHash metadata not found at http://download.suse.de/ibs/SUSE:/SLFO:/1.2:/PullRequest:/629:/SL-Micro/product/repo/SLES-6.2-aarch64/repodata/repomd.xml
2026-01-15 14:31:56 INFO     Submission skipped: RepoHash metadata not found at http://download.suse.de/ibs/SUSE:/SLFO:/1.2:/PullRequest:/629:/SL-Micro/product/repo/SLES-6.2-ppc64le/repodata/repomd.xml
2026-01-15 14:31:56 INFO     Submission skipped: RepoHash metadata not found at http://download.suse.de/ibs/SUSE:/SLFO:/1.2:/PullRequest:/630:/SL-Micro/product/repo/SLES-6.2-ppc64le/repodata/repomd.xml
2026-01-15 14:31:56 INFO     Submission skipped: RepoHash metadata not found at http://download.suse.de/ibs/SUSE:/SLFO:/1.2:/PullRequest:/630:/SL-Micro/product/repo/SLES-6.2-s390x/repodata/repomd.xml
2026-01-15 14:31:56 INFO     Submission skipped: RepoHash metadata not found at http://download.suse.de/ibs/SUSE:/SLFO:/1.2:/PullRequest:/630:/SL-Micro/product/repo/SLES-6.2-x86_64/repodata/repomd.xml
2026-01-15 14:31:56 INFO     Submission skipped: RepoHash metadata not found at http://download.suse.de/ibs/SUSE:/SLFO:/1.2:/PullRequest:/630:/SL-Micro/product/repo/SLES-6.2-aarch64/repodata/repomd.xml
2026-01-15 14:31:56 INFO     Submission skipped: RepoHash metadata not found at http://download.suse.de/ibs/SUSE:/SLFO:/1.2:/PullRequest:/633:/SL-Micro/product/repo/SLES-6.2-aarch64/repodata/repomd.xml
2026-01-15 14:31:56 INFO     Submission skipped: RepoHash metadata not found at http://download.suse.de/ibs/SUSE:/SLFO:/1.2:/PullRequest:/633:/SL-Micro/product/repo/SLES-6.2-x86_64/repodata/repomd.xml
2026-01-15 14:31:56 INFO     Submission skipped: RepoHash metadata not found at http://download.suse.de/ibs/SUSE:/SLFO:/1.2:/PullRequest:/633:/SL-Micro/product/repo/SLES-6.2-s390x/repodata/repomd.xml
2026-01-15 14:31:56 INFO     Submission skipped: RepoHash metadata not found at http://download.suse.de/ibs/SUSE:/SLFO:/1.2:/PullRequest:/633:/SL-Micro/product/repo/SLES-6.2-ppc64le/repodata/repomd.xml
2026-01-15 14:31:56 INFO     Submission skipped: RepoHash metadata not found at http://download.suse.de/ibs/SUSE:/SLFO:/1.2:/PullRequest:/648:/SL-Micro/product/repo/SLES-6.2-aarch64/repodata/repomd.xml
2026-01-15 14:31:56 INFO     Submission skipped: RepoHash metadata not found at http://download.suse.de/ibs/SUSE:/SLFO:/1.2:/PullRequest:/648:/SL-Micro/product/repo/SLES-6.2-s390x/repodata/repomd.xml
2026-01-15 14:31:56 INFO     Submission skipped: RepoHash metadata not found at http://download.suse.de/ibs/SUSE:/SLFO:/1.2:/PullRequest:/648:/SL-Micro/product/repo/SLES-6.2-ppc64le/repodata/repomd.xml
2026-01-15 14:31:56 INFO     Submission skipped: RepoHash metadata not found at http://download.suse.de/ibs/SUSE:/SLFO:/1.2:/PullRequest:/648:/SL-Micro/product/repo/SLES-6.2-x86_64/repodata/repomd.xml
2026-01-15 14:31:56 INFO     Submission skipped: RepoHash metadata not found at http://download.suse.de/ibs/SUSE:/SLFO:/1.2:/PullRequest:/660:/SL-Micro/product/repo/SLES-6.2-s390x/repodata/repomd.xml
2026-01-15 14:31:56 INFO     Submission skipped: RepoHash metadata not found at http://download.suse.de/ibs/SUSE:/SLFO:/1.2:/PullRequest:/660:/SL-Micro/product/repo/SLES-6.2-x86_64/repodata/repomd.xml
2026-01-15 14:31:56 INFO     Submission skipped: RepoHash metadata not found at http://download.suse.de/ibs/SUSE:/SLFO:/1.2:/PullRequest:/660:/SL-Micro/product/repo/SLES-6.2-aarch64/repodata/repomd.xml
2026-01-15 14:31:56 INFO     Submission skipped: RepoHash metadata not found at http://download.suse.de/ibs/SUSE:/SLFO:/1.2:/PullRequest:/660:/SL-Micro/product/repo/SLES-6.2-ppc64le/repodata/repomd.xml
2026-01-15 14:31:56 INFO     Submission skipped: RepoHash metadata not found at http://download.suse.de/ibs/SUSE:/SLFO:/1.2:/PullRequest:/677:/SL-Micro/product/repo/SLES-6.2-s390x/repodata/repomd.xml
2026-01-15 14:31:56 INFO     Submission skipped: RepoHash metadata not found at http://download.suse.de/ibs/SUSE:/SLFO:/1.2:/PullRequest:/677:/SL-Micro/product/repo/SLES-6.2-x86_64/repodata/repomd.xml
2026-01-15 14:31:56 INFO     Submission skipped: RepoHash metadata not found at http://download.suse.de/ibs/SUSE:/SLFO:/1.2:/PullRequest:/677:/SL-Micro/product/repo/SLES-6.2-ppc64le/repodata/repomd.xml
2026-01-15 14:31:56 INFO     Submission skipped: RepoHash metadata not found at http://download.suse.de/ibs/SUSE:/SLFO:/1.2:/PullRequest:/677:/SL-Micro/product/repo/SLES-6.2-aarch64/repodata/repomd.xml
2026-01-15 14:31:56 INFO     Submission skipped: RepoHash metadata not found at http://download.suse.de/ibs/SUSE:/SLFO:/1.2:/PullRequest:/680:/SL-Micro/product/repo/SLES-6.2-s390x/repodata/repomd.xml
2026-01-15 14:31:56 INFO     Submission skipped: RepoHash metadata not found at http://download.suse.de/ibs/SUSE:/SLFO:/1.2:/PullRequest:/680:/SL-Micro/product/repo/SLES-6.2-x86_64/repodata/repomd.xml
2026-01-15 14:31:56 INFO     Submission skipped: RepoHash metadata not found at http://download.suse.de/ibs/SUSE:/SLFO:/1.2:/PullRequest:/680:/SL-Micro/product/repo/SLES-6.2-aarch64/repodata/repomd.xml
2026-01-15 14:31:56 INFO     Submission skipped: RepoHash metadata not found at http://download.suse.de/ibs/SUSE:/SLFO:/1.2:/PullRequest:/680:/SL-Micro/product/repo/SLES-6.2-ppc64le/repodata/repomd.xml
2026-01-15 14:31:56 INFO     Submission skipped: RepoHash metadata not found at http://download.suse.de/ibs/SUSE:/SLFO:/1.2:/PullRequest:/681:/SL-Micro/product/repo/SLES-6.2-ppc64le/repodata/repomd.xml
2026-01-15 14:31:56 INFO     Submission skipped: RepoHash metadata not found at http://download.suse.de/ibs/SUSE:/SLFO:/1.2:/PullRequest:/681:/SL-Micro/product/repo/SLES-6.2-x86_64/repodata/repomd.xml
2026-01-15 14:31:56 INFO     Submission skipped: RepoHash metadata not found at http://download.suse.de/ibs/SUSE:/SLFO:/1.2:/PullRequest:/681:/SL-Micro/product/repo/SLES-6.2-s390x/repodata/repomd.xml
2026-01-15 14:31:56 INFO     Submission skipped: RepoHash metadata not found at http://download.suse.de/ibs/SUSE:/SLFO:/1.2:/PullRequest:/681:/SL-Micro/product/repo/SLES-6.2-aarch64/repodata/repomd.xml
2026-01-15 14:31:56 INFO     Submission skipped: RepoHash metadata not found at http://download.suse.de/ibs/SUSE:/SLFO:/1.2:/PullRequest:/686:/SL-Micro/product/repo/SLES-6.2-aarch64/repodata/repomd.xml
2026-01-15 14:31:56 INFO     Submission skipped: RepoHash metadata not found at http://download.suse.de/ibs/SUSE:/SLFO:/1.2:/PullRequest:/686:/SL-Micro/product/repo/SLES-6.2-ppc64le/repodata/repomd.xml
2026-01-15 14:31:56 INFO     Submission skipped: RepoHash metadata not found at http://download.suse.de/ibs/SUSE:/SLFO:/1.2:/PullRequest:/686:/SL-Micro/product/repo/SLES-6.2-s390x/repodata/repomd.xml
2026-01-15 14:31:56 INFO     Submission skipped: RepoHash metadata not found at http://download.suse.de/ibs/SUSE:/SLFO:/1.2:/PullRequest:/686:/SL-Micro/product/repo/SLES-6.2-x86_64/repodata/repomd.xml
2026-01-15 14:31:56 INFO     Submission skipped: RepoHash metadata not found at http://download.suse.de/ibs/SUSE:/SLFO:/1.2:/PullRequest:/687:/SL-Micro/product/repo/SLES-6.2-x86_64/repodata/repomd.xml
2026-01-15 14:31:56 INFO     Submission skipped: RepoHash metadata not found at http://download.suse.de/ibs/SUSE:/SLFO:/1.2:/PullRequest:/687:/SL-Micro/product/repo/SLES-6.2-ppc64le/repodata/repomd.xml
2026-01-15 14:31:56 INFO     Submission skipped: RepoHash metadata not found at http://download.suse.de/ibs/SUSE:/SLFO:/1.2:/PullRequest:/687:/SL-Micro/product/repo/SLES-6.2-s390x/repodata/repomd.xml
2026-01-15 14:31:56 INFO     Submission skipped: RepoHash metadata not found at http://download.suse.de/ibs/SUSE:/SLFO:/1.2:/PullRequest:/687:/SL-Micro/product/repo/SLES-6.2-aarch64/repodata/repomd.xml
2026-01-15 14:31:56 INFO     Submission skipped: RepoHash metadata not found at http://download.suse.de/ibs/SUSE:/SLFO:/1.2:/PullRequest:/689:/SL-Micro/product/repo/SLES-6.2-x86_64/repodata/repomd.xml
2026-01-15 14:31:56 INFO     Submission skipped: RepoHash metadata not found at http://download.suse.de/ibs/SUSE:/SLFO:/1.2:/PullRequest:/689:/SL-Micro/product/repo/SLES-6.2-ppc64le/repodata/repomd.xml
2026-01-15 14:31:56 INFO     Submission skipped: RepoHash metadata not found at http://download.suse.de/ibs/SUSE:/SLFO:/1.2:/PullRequest:/689:/SL-Micro/product/repo/SLES-6.2-s390x/repodata/repomd.xml
2026-01-15 14:31:56 INFO     Submission skipped: RepoHash metadata not found at http://download.suse.de/ibs/SUSE:/SLFO:/1.2:/PullRequest:/689:/SL-Micro/product/repo/SLES-6.2-aarch64/repodata/repomd.xml
2026-01-15 14:31:56 INFO     Submission skipped: RepoHash metadata not found at http://download.suse.de/ibs/SUSE:/SLFO:/1.2:/PullRequest:/695:/SL-Micro/product/repo/SLES-6.2-x86_64/repodata/repomd.xml
2026-01-15 14:31:56 INFO     Submission skipped: RepoHash metadata not found at http://download.suse.de/ibs/SUSE:/SLFO:/1.2:/PullRequest:/695:/SL-Micro/product/repo/SLES-6.2-aarch64/repodata/repomd.xml
2026-01-15 14:31:56 INFO     Submission skipped: RepoHash metadata not found at http://download.suse.de/ibs/SUSE:/SLFO:/1.2:/PullRequest:/695:/SL-Micro/product/repo/SLES-6.2-s390x/repodata/repomd.xml
2026-01-15 14:31:56 INFO     Submission skipped: RepoHash metadata not found at http://download.suse.de/ibs/SUSE:/SLFO:/1.2:/PullRequest:/695:/SL-Micro/product/repo/SLES-6.2-ppc64le/repodata/repomd.xml
2026-01-15 14:31:56 INFO     Submission skipped: RepoHash metadata not found at http://download.suse.de/ibs/SUSE:/SLFO:/1.2:/PullRequest:/698:/SL-Micro/product/repo/SLES-6.2-aarch64/repodata/repomd.xml
2026-01-15 14:31:56 INFO     Submission skipped: RepoHash metadata not found at http://download.suse.de/ibs/SUSE:/SLFO:/1.2:/PullRequest:/698:/SL-Micro/product/repo/SLES-6.2-x86_64/repodata/repomd.xml
2026-01-15 14:31:56 INFO     Submission skipped: RepoHash metadata not found at http://download.suse.de/ibs/SUSE:/SLFO:/1.2:/PullRequest:/698:/SL-Micro/product/repo/SLES-6.2-ppc64le/repodata/repomd.xml
2026-01-15 14:31:56 INFO     Submission skipped: RepoHash metadata not found at http://download.suse.de/ibs/SUSE:/SLFO:/1.2:/PullRequest:/698:/SL-Micro/product/repo/SLES-6.2-s390x/repodata/repomd.xml
2026-01-15 14:31:56 INFO     Submission skipped: RepoHash metadata not found at http://download.suse.de/ibs/SUSE:/SLFO:/1.2:/PullRequest:/699:/SL-Micro/product/repo/SLES-6.2-aarch64/repodata/repomd.xml
2026-01-15 14:31:56 INFO     Submission skipped: RepoHash metadata not found at http://download.suse.de/ibs/SUSE:/SLFO:/1.2:/PullRequest:/699:/SL-Micro/product/repo/SLES-6.2-x86_64/repodata/repomd.xml
2026-01-15 14:31:56 INFO     Submission skipped: RepoHash metadata not found at http://download.suse.de/ibs/SUSE:/SLFO:/1.2:/PullRequest:/699:/SL-Micro/product/repo/SLES-6.2-s390x/repodata/repomd.xml
2026-01-15 14:31:56 INFO     Submission skipped: RepoHash metadata not found at http://download.suse.de/ibs/SUSE:/SLFO:/1.2:/PullRequest:/699:/SL-Micro/product/repo/SLES-6.2-ppc64le/repodata/repomd.xml
2026-01-15 14:31:56 INFO     Submission skipped: RepoHash metadata not found at http://download.suse.de/ibs/SUSE:/SLFO:/1.2:/PullRequest:/702:/SL-Micro/product/repo/SLES-6.2-aarch64/repodata/repomd.xml
2026-01-15 14:31:56 INFO     Submission skipped: RepoHash metadata not found at http://download.suse.de/ibs/SUSE:/SLFO:/1.2:/PullRequest:/702:/SL-Micro/product/repo/SLES-6.2-ppc64le/repodata/repomd.xml
2026-01-15 14:31:56 INFO     Submission skipped: RepoHash metadata not found at http://download.suse.de/ibs/SUSE:/SLFO:/1.2:/PullRequest:/702:/SL-Micro/product/repo/SLES-6.2-x86_64/repodata/repomd.xml
2026-01-15 14:31:56 INFO     Submission skipped: RepoHash metadata not found at http://download.suse.de/ibs/SUSE:/SLFO:/1.2:/PullRequest:/702:/SL-Micro/product/repo/SLES-6.2-s390x/repodata/repomd.xml
2026-01-15 14:31:56 INFO     Submission skipped: RepoHash metadata not found at http://download.suse.de/ibs/SUSE:/SLFO:/1.2:/PullRequest:/707:/SL-Micro/product/repo/SLES-6.2-x86_64/repodata/repomd.xml
2026-01-15 14:31:56 INFO     Submission skipped: RepoHash metadata not found at http://download.suse.de/ibs/SUSE:/SLFO:/1.2:/PullRequest:/707:/SL-Micro/product/repo/SLES-6.2-aarch64/repodata/repomd.xml
2026-01-15 14:31:56 INFO     Submission skipped: RepoHash metadata not found at http://download.suse.de/ibs/SUSE:/SLFO:/1.2:/PullRequest:/707:/SL-Micro/product/repo/SLES-6.2-s390x/repodata/repomd.xml
2026-01-15 14:31:56 INFO     Submission skipped: RepoHash metadata not found at http://download.suse.de/ibs/SUSE:/SLFO:/1.2:/PullRequest:/707:/SL-Micro/product/repo/SLES-6.2-ppc64le/repodata/repomd.xml
2026-01-15 14:31:56 INFO     Submission skipped: RepoHash metadata not found at http://download.suse.de/ibs/SUSE:/SLFO:/1.2:/PullRequest:/710:/SL-Micro/product/repo/SLES-6.2-s390x/repodata/repomd.xml
2026-01-15 14:31:56 INFO     Submission skipped: RepoHash metadata not found at http://download.suse.de/ibs/SUSE:/SLFO:/1.2:/PullRequest:/710:/SL-Micro/product/repo/SLES-6.2-aarch64/repodata/repomd.xml
2026-01-15 14:31:56 INFO     Submission skipped: RepoHash metadata not found at http://download.suse.de/ibs/SUSE:/SLFO:/1.2:/PullRequest:/710:/SL-Micro/product/repo/SLES-6.2-ppc64le/repodata/repomd.xml
2026-01-15 14:31:56 INFO     Submission skipped: RepoHash metadata not found at http://download.suse.de/ibs/SUSE:/SLFO:/1.2:/PullRequest:/710:/SL-Micro/product/repo/SLES-6.2-x86_64/repodata/repomd.xml
2026-01-15 14:31:56 INFO     Submission skipped: RepoHash metadata not found at http://download.suse.de/ibs/SUSE:/SLFO:/1.2:/PullRequest:/713:/SL-Micro/product/repo/SLES-6.2-ppc64le/repodata/repomd.xml
2026-01-15 14:31:56 INFO     Submission skipped: RepoHash metadata not found at http://download.suse.de/ibs/SUSE:/SLFO:/1.2:/PullRequest:/713:/SL-Micro/product/repo/SLES-6.2-aarch64/repodata/repomd.xml
2026-01-15 14:31:57 INFO     Submission skipped: RepoHash metadata not found at http://download.suse.de/ibs/SUSE:/SLFO:/1.2:/PullRequest:/713:/SL-Micro/product/repo/SLES-6.2-s390x/repodata/repomd.xml
2026-01-15 14:31:57 INFO     Submission skipped: RepoHash metadata not found at http://download.suse.de/ibs/SUSE:/SLFO:/1.2:/PullRequest:/713:/SL-Micro/product/repo/SLES-6.2-x86_64/repodata/repomd.xml
2026-01-15 14:31:57 INFO     Submission skipped: RepoHash metadata not found at http://download.suse.de/ibs/SUSE:/SLFO:/1.2:/PullRequest:/720:/SL-Micro/product/repo/SLES-6.2-x86_64/repodata/repomd.xml
2026-01-15 14:31:57 INFO     Submission skipped: RepoHash metadata not found at http://download.suse.de/ibs/SUSE:/SLFO:/1.2:/PullRequest:/720:/SL-Micro/product/repo/SLES-6.2-ppc64le/repodata/repomd.xml
2026-01-15 14:31:57 INFO     Submission skipped: RepoHash metadata not found at http://download.suse.de/ibs/SUSE:/SLFO:/1.2:/PullRequest:/720:/SL-Micro/product/repo/SLES-6.2-s390x/repodata/repomd.xml
2026-01-15 14:31:57 INFO     Submission skipped: RepoHash metadata not found at http://download.suse.de/ibs/SUSE:/SLFO:/1.2:/PullRequest:/720:/SL-Micro/product/repo/SLES-6.2-aarch64/repodata/repomd.xml
2026-01-15 14:31:57 INFO     Submission skipped: RepoHash metadata not found at http://download.suse.de/ibs/SUSE:/SLFO:/1.2:/PullRequest:/722:/SL-Micro/product/repo/SLES-6.2-ppc64le/repodata/repomd.xml
2026-01-15 14:31:57 INFO     Submission skipped: RepoHash metadata not found at http://download.suse.de/ibs/SUSE:/SLFO:/1.2:/PullRequest:/722:/SL-Micro/product/repo/SLES-6.2-x86_64/repodata/repomd.xml
2026-01-15 14:31:57 INFO     Submission skipped: RepoHash metadata not found at http://download.suse.de/ibs/SUSE:/SLFO:/1.2:/PullRequest:/722:/SL-Micro/product/repo/SLES-6.2-s390x/repodata/repomd.xml
2026-01-15 14:31:57 INFO     Submission skipped: RepoHash metadata not found at http://download.suse.de/ibs/SUSE:/SLFO:/1.2:/PullRequest:/722:/SL-Micro/product/repo/SLES-6.2-aarch64/repodata/repomd.xml
2026-01-15 14:31:57 INFO     Submission skipped: RepoHash metadata not found at http://download.suse.de/ibs/SUSE:/SLFO:/1.2:/PullRequest:/839:/SL-Micro/product/repo/SLES-6.2-ppc64le/repodata/repomd.xml
2026-01-15 14:31:57 INFO     Submission skipped: RepoHash metadata not found at http://download.suse.de/ibs/SUSE:/SLFO:/1.2:/PullRequest:/839:/SL-Micro/product/repo/SLES-6.2-s390x/repodata/repomd.xml
2026-01-15 14:31:57 INFO     Submission skipped: RepoHash metadata not found at http://download.suse.de/ibs/SUSE:/SLFO:/1.2:/PullRequest:/839:/SL-Micro/product/repo/SLES-6.2-x86_64/repodata/repomd.xml
2026-01-15 14:31:57 INFO     Submission skipped: RepoHash metadata not found at http://download.suse.de/ibs/SUSE:/SLFO:/1.2:/PullRequest:/839:/SL-Micro/product/repo/SLES-6.2-aarch64/repodata/repomd.xml
2026-01-15 14:31:57 INFO     Submission skipped: RepoHash metadata not found at http://download.suse.de/ibs/SUSE:/SLFO:/1.2:/PullRequest:/842:/SL-Micro/product/repo/SLES-6.2-ppc64le/repodata/repomd.xml
2026-01-15 14:31:57 INFO     Submission skipped: RepoHash metadata not found at http://download.suse.de/ibs/SUSE:/SLFO:/1.2:/PullRequest:/842:/SL-Micro/product/repo/SLES-6.2-aarch64/repodata/repomd.xml
2026-01-15 14:31:57 INFO     Submission skipped: RepoHash metadata not found at http://download.suse.de/ibs/SUSE:/SLFO:/1.2:/PullRequest:/842:/SL-Micro/product/repo/SLES-6.2-x86_64/repodata/repomd.xml
2026-01-15 14:31:57 INFO     Submission skipped: RepoHash metadata not found at http://download.suse.de/ibs/SUSE:/SLFO:/1.2:/PullRequest:/842:/SL-Micro/product/repo/SLES-6.2-s390x/repodata/repomd.xml
2026-01-15 14:31:57 INFO     Submission skipped: RepoHash metadata not found at http://download.suse.de/ibs/SUSE:/SLFO:/1.2:/PullRequest:/843:/SL-Micro/product/repo/SLES-6.2-aarch64/repodata/repomd.xml
2026-01-15 14:31:57 INFO     Submission skipped: RepoHash metadata not found at http://download.suse.de/ibs/SUSE:/SLFO:/1.2:/PullRequest:/843:/SL-Micro/product/repo/SLES-6.2-s390x/repodata/repomd.xml
2026-01-15 14:31:57 INFO     Submission skipped: RepoHash metadata not found at http://download.suse.de/ibs/SUSE:/SLFO:/1.2:/PullRequest:/843:/SL-Micro/product/repo/SLES-6.2-x86_64/repodata/repomd.xml
2026-01-15 14:31:57 INFO     Submission skipped: RepoHash metadata not found at http://download.suse.de/ibs/SUSE:/SLFO:/1.2:/PullRequest:/843:/SL-Micro/product/repo/SLES-6.2-ppc64le/repodata/repomd.xml
2026-01-15 14:31:57 INFO     Submission skipped: RepoHash metadata not found at http://download.suse.de/ibs/SUSE:/SLFO:/1.2:/PullRequest:/847:/SL-Micro/product/repo/SLES-6.2-ppc64le/repodata/repomd.xml
2026-01-15 14:31:57 INFO     Submission skipped: RepoHash metadata not found at http://download.suse.de/ibs/SUSE:/SLFO:/1.2:/PullRequest:/847:/SL-Micro/product/repo/SLES-6.2-aarch64/repodata/repomd.xml
2026-01-15 14:31:57 INFO     Submission skipped: RepoHash metadata not found at http://download.suse.de/ibs/SUSE:/SLFO:/1.2:/PullRequest:/847:/SL-Micro/product/repo/SLES-6.2-s390x/repodata/repomd.xml
2026-01-15 14:31:57 INFO     Submission skipped: RepoHash metadata not found at http://download.suse.de/ibs/SUSE:/SLFO:/1.2:/PullRequest:/847:/SL-Micro/product/repo/SLES-6.2-x86_64/repodata/repomd.xml
2026-01-15 14:31:57 INFO     Submission skipped: RepoHash metadata not found at http://download.suse.de/ibs/SUSE:/SLFO:/1.2:/PullRequest:/848:/SL-Micro/product/repo/SLES-6.2-ppc64le/repodata/repomd.xml
2026-01-15 14:31:57 INFO     Submission skipped: RepoHash metadata not found at http://download.suse.de/ibs/SUSE:/SLFO:/1.2:/PullRequest:/848:/SL-Micro/product/repo/SLES-6.2-s390x/repodata/repomd.xml
2026-01-15 14:31:57 INFO     Submission skipped: RepoHash metadata not found at http://download.suse.de/ibs/SUSE:/SLFO:/1.2:/PullRequest:/848:/SL-Micro/product/repo/SLES-6.2-aarch64/repodata/repomd.xml
2026-01-15 14:31:57 INFO     Submission skipped: RepoHash metadata not found at http://download.suse.de/ibs/SUSE:/SLFO:/1.2:/PullRequest:/848:/SL-Micro/product/repo/SLES-6.2-x86_64/repodata/repomd.xml
2026-01-15 14:31:57 INFO     Submission skipped: RepoHash metadata not found at http://download.suse.de/ibs/SUSE:/SLFO:/1.2:/PullRequest:/850:/SL-Micro/product/repo/SLES-6.2-aarch64/repodata/repomd.xml
2026-01-15 14:31:57 INFO     Submission skipped: RepoHash metadata not found at http://download.suse.de/ibs/SUSE:/SLFO:/1.2:/PullRequest:/850:/SL-Micro/product/repo/SLES-6.2-s390x/repodata/repomd.xml
2026-01-15 14:31:57 INFO     Submission skipped: RepoHash metadata not found at http://download.suse.de/ibs/SUSE:/SLFO:/1.2:/PullRequest:/850:/SL-Micro/product/repo/SLES-6.2-ppc64le/repodata/repomd.xml
2026-01-15 14:31:57 INFO     Submission skipped: RepoHash metadata not found at http://download.suse.de/ibs/SUSE:/SLFO:/1.2:/PullRequest:/850:/SL-Micro/product/repo/SLES-6.2-x86_64/repodata/repomd.xml
2026-01-15 14:31:57 INFO     Submission skipped: RepoHash metadata not found at http://download.suse.de/ibs/SUSE:/SLFO:/1.2:/PullRequest:/855:/SL-Micro/product/repo/SLES-6.2-ppc64le/repodata/repomd.xml
2026-01-15 14:31:57 INFO     Submission skipped: RepoHash metadata not found at http://download.suse.de/ibs/SUSE:/SLFO:/1.2:/PullRequest:/855:/SL-Micro/product/repo/SLES-6.2-x86_64/repodata/repomd.xml
2026-01-15 14:31:57 INFO     Submission skipped: RepoHash metadata not found at http://download.suse.de/ibs/SUSE:/SLFO:/1.2:/PullRequest:/855:/SL-Micro/product/repo/SLES-6.2-s390x/repodata/repomd.xml
2026-01-15 14:31:57 INFO     Submission skipped: RepoHash metadata not found at http://download.suse.de/ibs/SUSE:/SLFO:/1.2:/PullRequest:/855:/SL-Micro/product/repo/SLES-6.2-aarch64/repodata/repomd.xml
2026-01-15 14:31:57 INFO     Submission skipped: RepoHash metadata not found at http://download.suse.de/ibs/SUSE:/SLFO:/1.2:/PullRequest:/863:/SL-Micro/product/repo/SLES-6.2-s390x/repodata/repomd.xml
2026-01-15 14:31:57 INFO     Submission skipped: RepoHash metadata not found at http://download.suse.de/ibs/SUSE:/SLFO:/1.2:/PullRequest:/863:/SL-Micro/product/repo/SLES-6.2-aarch64/repodata/repomd.xml
2026-01-15 14:31:57 INFO     Submission skipped: RepoHash metadata not found at http://download.suse.de/ibs/SUSE:/SLFO:/1.2:/PullRequest:/863:/SL-Micro/product/repo/SLES-6.2-ppc64le/repodata/repomd.xml
2026-01-15 14:31:57 INFO     Submission skipped: RepoHash metadata not found at http://download.suse.de/ibs/SUSE:/SLFO:/1.2:/PullRequest:/863:/SL-Micro/product/repo/SLES-6.2-x86_64/repodata/repomd.xml
2026-01-15 14:31:57 INFO     Submission skipped: RepoHash metadata not found at http://download.suse.de/ibs/SUSE:/SLFO:/1.2:/PullRequest:/870:/SL-Micro/product/repo/SLES-6.2-s390x/repodata/repomd.xml
2026-01-15 14:31:57 INFO     Submission skipped: RepoHash metadata not found at http://download.suse.de/ibs/SUSE:/SLFO:/1.2:/PullRequest:/870:/SL-Micro/product/repo/SLES-6.2-aarch64/repodata/repomd.xml
2026-01-15 14:31:57 INFO     Submission skipped: RepoHash metadata not found at http://download.suse.de/ibs/SUSE:/SLFO:/1.2:/PullRequest:/870:/SL-Micro/product/repo/SLES-6.2-ppc64le/repodata/repomd.xml
2026-01-15 14:31:57 INFO     Submission skipped: RepoHash metadata not found at http://download.suse.de/ibs/SUSE:/SLFO:/1.2:/PullRequest:/870:/SL-Micro/product/repo/SLES-6.2-x86_64/repodata/repomd.xml
2026-01-15 14:31:57 INFO     Submission skipped: RepoHash metadata not found at http://download.suse.de/ibs/SUSE:/SLFO:/1.2:/PullRequest:/884:/SL-Micro/product/repo/SLES-6.2-aarch64/repodata/repomd.xml
2026-01-15 14:31:57 INFO     Submission skipped: RepoHash metadata not found at http://download.suse.de/ibs/SUSE:/SLFO:/1.2:/PullRequest:/884:/SL-Micro/product/repo/SLES-6.2-x86_64/repodata/repomd.xml
2026-01-15 14:31:57 INFO     Submission skipped: RepoHash metadata not found at http://download.suse.de/ibs/SUSE:/SLFO:/1.2:/PullRequest:/884:/SL-Micro/product/repo/SLES-6.2-ppc64le/repodata/repomd.xml
2026-01-15 14:31:57 INFO     Submission skipped: RepoHash metadata not found at http://download.suse.de/ibs/SUSE:/SLFO:/1.2:/PullRequest:/884:/SL-Micro/product/repo/SLES-6.2-s390x/repodata/repomd.xml
2026-01-15 14:31:57 INFO     Submission skipped: RepoHash metadata not found at http://download.suse.de/ibs/SUSE:/SLFO:/1.2:/PullRequest:/913:/SL-Micro/product/repo/SLES-6.2-x86_64/repodata/repomd.xml
2026-01-15 14:31:57 INFO     Submission skipped: RepoHash metadata not found at http://download.suse.de/ibs/SUSE:/SLFO:/1.2:/PullRequest:/913:/SL-Micro/product/repo/SLES-6.2-aarch64/repodata/repomd.xml
2026-01-15 14:31:57 INFO     Submission skipped: RepoHash metadata not found at http://download.suse.de/ibs/SUSE:/SLFO:/1.2:/PullRequest:/913:/SL-Micro/product/repo/SLES-6.2-s390x/repodata/repomd.xml
2026-01-15 14:31:57 INFO     Submission skipped: RepoHash metadata not found at http://download.suse.de/ibs/SUSE:/SLFO:/1.2:/PullRequest:/913:/SL-Micro/product/repo/SLES-6.2-ppc64le/repodata/repomd.xml
2026-01-15 14:31:57 INFO     Submission skipped: RepoHash metadata not found at http://download.suse.de/ibs/SUSE:/SLFO:/1.2:/PullRequest:/917:/SL-Micro/product/repo/SLES-6.2-x86_64/repodata/repomd.xml
2026-01-15 14:31:57 INFO     Submission skipped: RepoHash metadata not found at http://download.suse.de/ibs/SUSE:/SLFO:/1.2:/PullRequest:/917:/SL-Micro/product/repo/SLES-6.2-s390x/repodata/repomd.xml
2026-01-15 14:31:57 INFO     Submission skipped: RepoHash metadata not found at http://download.suse.de/ibs/SUSE:/SLFO:/1.2:/PullRequest:/917:/SL-Micro/product/repo/SLES-6.2-aarch64/repodata/repomd.xml
2026-01-15 14:31:57 INFO     Submission skipped: RepoHash metadata not found at http://download.suse.de/ibs/SUSE:/SLFO:/1.2:/PullRequest:/917:/SL-Micro/product/repo/SLES-6.2-ppc64le/repodata/repomd.xml
2026-01-15 14:31:57 INFO     Submission skipped: RepoHash metadata not found at http://download.suse.de/ibs/SUSE:/SLFO:/1.2:/PullRequest:/945:/SL-Micro/product/repo/SLES-6.2-s390x/repodata/repomd.xml
2026-01-15 14:31:57 INFO     Submission skipped: RepoHash metadata not found at http://download.suse.de/ibs/SUSE:/SLFO:/1.2:/PullRequest:/945:/SL-Micro/product/repo/SLES-6.2-x86_64/repodata/repomd.xml
2026-01-15 14:31:57 INFO     Submission skipped: RepoHash metadata not found at http://download.suse.de/ibs/SUSE:/SLFO:/1.2:/PullRequest:/945:/SL-Micro/product/repo/SLES-6.2-aarch64/repodata/repomd.xml
2026-01-15 14:31:57 INFO     Submission skipped: RepoHash metadata not found at http://download.suse.de/ibs/SUSE:/SLFO:/1.2:/PullRequest:/945:/SL-Micro/product/repo/SLES-6.2-ppc64le/repodata/repomd.xml
2026-01-15 14:31:57 INFO     Submission skipped: RepoHash metadata not found at http://download.suse.de/ibs/SUSE:/SLFO:/1.2:/PullRequest:/951:/SL-Micro/product/repo/SLES-6.2-s390x/repodata/repomd.xml
2026-01-15 14:31:57 INFO     Submission skipped: RepoHash metadata not found at http://download.suse.de/ibs/SUSE:/SLFO:/1.2:/PullRequest:/951:/SL-Micro/product/repo/SLES-6.2-x86_64/repodata/repomd.xml
2026-01-15 14:31:57 INFO     Submission skipped: RepoHash metadata not found at http://download.suse.de/ibs/SUSE:/SLFO:/1.2:/PullRequest:/951:/SL-Micro/product/repo/SLES-6.2-aarch64/repodata/repomd.xml
2026-01-15 14:31:57 INFO     Submission skipped: RepoHash metadata not found at http://download.suse.de/ibs/SUSE:/SLFO:/1.2:/PullRequest:/951:/SL-Micro/product/repo/SLES-6.2-ppc64le/repodata/repomd.xml
2026-01-15 14:31:57 INFO     Submission skipped: RepoHash metadata not found at http://download.suse.de/ibs/SUSE:/SLFO:/1.2:/PullRequest:/955:/SL-Micro/product/repo/SLES-6.2-ppc64le/repodata/repomd.xml
2026-01-15 14:31:57 INFO     Submission skipped: RepoHash metadata not found at http://download.suse.de/ibs/SUSE:/SLFO:/1.2:/PullRequest:/955:/SL-Micro/product/repo/SLES-6.2-aarch64/repodata/repomd.xml
2026-01-15 14:31:57 INFO     Submission skipped: RepoHash metadata not found at http://download.suse.de/ibs/SUSE:/SLFO:/1.2:/PullRequest:/955:/SL-Micro/product/repo/SLES-6.2-s390x/repodata/repomd.xml
2026-01-15 14:31:57 INFO     Submission skipped: RepoHash metadata not found at http://download.suse.de/ibs/SUSE:/SLFO:/1.2:/PullRequest:/955:/SL-Micro/product/repo/SLES-6.2-x86_64/repodata/repomd.xml
2026-01-15 14:31:57 INFO     Submission skipped: RepoHash metadata not found at http://download.suse.de/ibs/SUSE:/SLFO:/1.2:/PullRequest:/976:/SL-Micro/product/repo/SLES-6.2-ppc64le/repodata/repomd.xml
2026-01-15 14:31:57 INFO     Submission skipped: RepoHash metadata not found at http://download.suse.de/ibs/SUSE:/SLFO:/1.2:/PullRequest:/976:/SL-Micro/product/repo/SLES-6.2-x86_64/repodata/repomd.xml
2026-01-15 14:31:57 INFO     Submission skipped: RepoHash metadata not found at http://download.suse.de/ibs/SUSE:/SLFO:/1.2:/PullRequest:/976:/SL-Micro/product/repo/SLES-6.2-aarch64/repodata/repomd.xml
2026-01-15 14:31:57 INFO     Submission skipped: RepoHash metadata not found at http://download.suse.de/ibs/SUSE:/SLFO:/1.2:/PullRequest:/976:/SL-Micro/product/repo/SLES-6.2-s390x/repodata/repomd.xml
2026-01-15 14:31:57 INFO     Submission skipped: RepoHash metadata not found at http://download.suse.de/ibs/SUSE:/SLFO:/1.2:/PullRequest:/998:/SL-Micro/product/repo/SLES-6.2-s390x/repodata/repomd.xml
2026-01-15 14:31:57 INFO     Submission skipped: RepoHash metadata not found at http://download.suse.de/ibs/SUSE:/SLFO:/1.2:/PullRequest:/998:/SL-Micro/product/repo/SLES-6.2-ppc64le/repodata/repomd.xml
2026-01-15 14:31:57 INFO     Submission skipped: RepoHash metadata not found at http://download.suse.de/ibs/SUSE:/SLFO:/1.2:/PullRequest:/998:/SL-Micro/product/repo/SLES-6.2-aarch64/repodata/repomd.xml
2026-01-15 14:31:57 INFO     Submission skipped: RepoHash metadata not found at http://download.suse.de/ibs/SUSE:/SLFO:/1.2:/PullRequest:/998:/SL-Micro/product/repo/SLES-6.2-x86_64/repodata/repomd.xml
2026-01-15 14:31:57 INFO     Submission skipped: RepoHash metadata not found at http://download.suse.de/ibs/SUSE:/SLFO:/1.2:/PullRequest:/1016:/SL-Micro/product/repo/SLES-6.2-s390x/repodata/repomd.xml
2026-01-15 14:31:57 INFO     Submission skipped: RepoHash metadata not found at http://download.suse.de/ibs/SUSE:/SLFO:/1.2:/PullRequest:/1016:/SL-Micro/product/repo/SLES-6.2-ppc64le/repodata/repomd.xml
2026-01-15 14:31:57 INFO     Submission skipped: RepoHash metadata not found at http://download.suse.de/ibs/SUSE:/SLFO:/1.2:/PullRequest:/1016:/SL-Micro/product/repo/SLES-6.2-aarch64/repodata/repomd.xml
2026-01-15 14:31:57 INFO     Submission skipped: RepoHash metadata not found at http://download.suse.de/ibs/SUSE:/SLFO:/1.2:/PullRequest:/1016:/SL-Micro/product/repo/SLES-6.2-x86_64/repodata/repomd.xml
2026-01-15 14:31:57 INFO     Submission skipped: RepoHash metadata not found at http://download.suse.de/ibs/SUSE:/SLFO:/1.2:/PullRequest:/1045:/SL-Micro/product/repo/SLES-6.2-aarch64/repodata/repomd.xml
2026-01-15 14:31:57 INFO     Submission skipped: RepoHash metadata not found at http://download.suse.de/ibs/SUSE:/SLFO:/1.2:/PullRequest:/1045:/SL-Micro/product/repo/SLES-6.2-x86_64/repodata/repomd.xml
2026-01-15 14:31:57 INFO     Submission skipped: RepoHash metadata not found at http://download.suse.de/ibs/SUSE:/SLFO:/1.2:/PullRequest:/1045:/SL-Micro/product/repo/SLES-6.2-s390x/repodata/repomd.xml
2026-01-15 14:31:57 INFO     Submission skipped: RepoHash metadata not found at http://download.suse.de/ibs/SUSE:/SLFO:/1.2:/PullRequest:/1045:/SL-Micro/product/repo/SLES-6.2-ppc64le/repodata/repomd.xml
2026-01-15 14:31:57 INFO     Submission skipped: RepoHash metadata not found at http://download.suse.de/ibs/SUSE:/SLFO:/1.2:/PullRequest:/1101:/SL-Micro/product/repo/SLES-6.2-aarch64/repodata/repomd.xml
2026-01-15 14:31:57 INFO     Submission skipped: RepoHash metadata not found at http://download.suse.de/ibs/SUSE:/SLFO:/1.2:/PullRequest:/1101:/SL-Micro/product/repo/SLES-6.2-x86_64/repodata/repomd.xml
2026-01-15 14:31:57 INFO     Submission skipped: RepoHash metadata not found at http://download.suse.de/ibs/SUSE:/SLFO:/1.2:/PullRequest:/1101:/SL-Micro/product/repo/SLES-6.2-ppc64le/repodata/repomd.xml
2026-01-15 14:31:57 INFO     Submission skipped: RepoHash metadata not found at http://download.suse.de/ibs/SUSE:/SLFO:/1.2:/PullRequest:/1101:/SL-Micro/product/repo/SLES-6.2-s390x/repodata/repomd.xml
2026-01-15 14:31:57 INFO     Submission skipped: RepoHash metadata not found at http://download.suse.de/ibs/SUSE:/SLFO:/1.2:/PullRequest:/1109:/SL-Micro/product/repo/SLES-6.2-ppc64le/repodata/repomd.xml
2026-01-15 14:31:57 INFO     Submission skipped: RepoHash metadata not found at http://download.suse.de/ibs/SUSE:/SLFO:/1.2:/PullRequest:/1109:/SL-Micro/product/repo/SLES-6.2-s390x/repodata/repomd.xml
2026-01-15 14:31:57 INFO     Submission skipped: RepoHash metadata not found at http://download.suse.de/ibs/SUSE:/SLFO:/1.2:/PullRequest:/1109:/SL-Micro/product/repo/SLES-6.2-aarch64/repodata/repomd.xml
2026-01-15 14:31:57 INFO     Submission skipped: RepoHash metadata not found at http://download.suse.de/ibs/SUSE:/SLFO:/1.2:/PullRequest:/1109:/SL-Micro/product/repo/SLES-6.2-x86_64/repodata/repomd.xml
2026-01-15 14:31:57 INFO     Submission skipped: RepoHash metadata not found at http://download.suse.de/ibs/SUSE:/SLFO:/1.2:/PullRequest:/1119:/SL-Micro/product/repo/SLES-6.2-ppc64le/repodata/repomd.xml
2026-01-15 14:31:57 INFO     Submission skipped: RepoHash metadata not found at http://download.suse.de/ibs/SUSE:/SLFO:/1.2:/PullRequest:/1119:/SL-Micro/product/repo/SLES-6.2-s390x/repodata/repomd.xml
2026-01-15 14:31:57 INFO     Submission skipped: RepoHash metadata not found at http://download.suse.de/ibs/SUSE:/SLFO:/1.2:/PullRequest:/1119:/SL-Micro/product/repo/SLES-6.2-x86_64/repodata/repomd.xml
2026-01-15 14:31:57 INFO     Submission skipped: RepoHash metadata not found at http://download.suse.de/ibs/SUSE:/SLFO:/1.2:/PullRequest:/1119:/SL-Micro/product/repo/SLES-6.2-aarch64/repodata/repomd.xml
2026-01-15 14:31:57 INFO     Submission skipped: RepoHash metadata not found at http://download.suse.de/ibs/SUSE:/SLFO:/1.2:/PullRequest:/1155:/SL-Micro/product/repo/SLES-6.2-s390x/repodata/repomd.xml
2026-01-15 14:31:57 INFO     Submission skipped: RepoHash metadata not found at http://download.suse.de/ibs/SUSE:/SLFO:/1.2:/PullRequest:/1155:/SL-Micro/product/repo/SLES-6.2-ppc64le/repodata/repomd.xml
2026-01-15 14:31:57 INFO     Submission skipped: RepoHash metadata not found at http://download.suse.de/ibs/SUSE:/SLFO:/1.2:/PullRequest:/1155:/SL-Micro/product/repo/SLES-6.2-x86_64/repodata/repomd.xml
2026-01-15 14:31:57 INFO     Submission skipped: RepoHash metadata not found at http://download.suse.de/ibs/SUSE:/SLFO:/1.2:/PullRequest:/1155:/SL-Micro/product/repo/SLES-6.2-aarch64/repodata/repomd.xml
2026-01-15 14:31:57 INFO     Submission skipped: RepoHash metadata not found at http://download.suse.de/ibs/SUSE:/SLFO:/1.2:/PullRequest:/1156:/SL-Micro/product/repo/SLES-6.2-ppc64le/repodata/repomd.xml
2026-01-15 14:31:57 INFO     Submission skipped: RepoHash metadata not found at http://download.suse.de/ibs/SUSE:/SLFO:/1.2:/PullRequest:/1156:/SL-Micro/product/repo/SLES-6.2-aarch64/repodata/repomd.xml
2026-01-15 14:31:57 INFO     Submission skipped: RepoHash metadata not found at http://download.suse.de/ibs/SUSE:/SLFO:/1.2:/PullRequest:/1156:/SL-Micro/product/repo/SLES-6.2-x86_64/repodata/repomd.xml
2026-01-15 14:31:57 INFO     Submission skipped: RepoHash metadata not found at http://download.suse.de/ibs/SUSE:/SLFO:/1.2:/PullRequest:/1156:/SL-Micro/product/repo/SLES-6.2-s390x/repodata/repomd.xml
2026-01-15 14:31:57 INFO     Submission skipped: RepoHash metadata not found at http://download.suse.de/ibs/SUSE:/SLFO:/1.2:/PullRequest:/1158:/SL-Micro/product/repo/SLES-6.2-aarch64/repodata/repomd.xml
2026-01-15 14:31:57 INFO     Submission skipped: RepoHash metadata not found at http://download.suse.de/ibs/SUSE:/SLFO:/1.2:/PullRequest:/1158:/SL-Micro/product/repo/SLES-6.2-s390x/repodata/repomd.xml
2026-01-15 14:31:57 INFO     Submission skipped: RepoHash metadata not found at http://download.suse.de/ibs/SUSE:/SLFO:/1.2:/PullRequest:/1158:/SL-Micro/product/repo/SLES-6.2-x86_64/repodata/repomd.xml
2026-01-15 14:31:57 INFO     Submission skipped: RepoHash metadata not found at http://download.suse.de/ibs/SUSE:/SLFO:/1.2:/PullRequest:/1158:/SL-Micro/product/repo/SLES-6.2-ppc64le/repodata/repomd.xml
2026-01-15 14:31:57 INFO     Submission skipped: RepoHash metadata not found at http://download.suse.de/ibs/SUSE:/SLFO:/1.2:/PullRequest:/1205:/SL-Micro/product/repo/SLES-6.2-aarch64/repodata/repomd.xml
2026-01-15 14:31:57 INFO     Submission skipped: RepoHash metadata not found at http://download.suse.de/ibs/SUSE:/SLFO:/1.2:/PullRequest:/1205:/SL-Micro/product/repo/SLES-6.2-s390x/repodata/repomd.xml
2026-01-15 14:31:57 INFO     Submission skipped: RepoHash metadata not found at http://download.suse.de/ibs/SUSE:/SLFO:/1.2:/PullRequest:/1205:/SL-Micro/product/repo/SLES-6.2-x86_64/repodata/repomd.xml
2026-01-15 14:31:57 INFO     Submission skipped: RepoHash metadata not found at http://download.suse.de/ibs/SUSE:/SLFO:/1.2:/PullRequest:/1205:/SL-Micro/product/repo/SLES-6.2-ppc64le/repodata/repomd.xml
2026-01-15 14:31:57 INFO     Submission skipped: RepoHash metadata not found at http://download.suse.de/ibs/SUSE:/SLFO:/1.2:/PullRequest:/1214:/SL-Micro/product/repo/SLES-6.2-ppc64le/repodata/repomd.xml
2026-01-15 14:31:57 INFO     Submission skipped: RepoHash metadata not found at http://download.suse.de/ibs/SUSE:/SLFO:/1.2:/PullRequest:/1214:/SL-Micro/product/repo/SLES-6.2-x86_64/repodata/repomd.xml
2026-01-15 14:31:57 INFO     Submission skipped: RepoHash metadata not found at http://download.suse.de/ibs/SUSE:/SLFO:/1.2:/PullRequest:/1214:/SL-Micro/product/repo/SLES-6.2-s390x/repodata/repomd.xml
2026-01-15 14:31:57 INFO     Submission skipped: RepoHash metadata not found at http://download.suse.de/ibs/SUSE:/SLFO:/1.2:/PullRequest:/1214:/SL-Micro/product/repo/SLES-6.2-aarch64/repodata/repomd.xml
2026-01-15 14:31:57 INFO     Submission skipped: RepoHash metadata not found at http://download.suse.de/ibs/SUSE:/SLFO:/1.2:/PullRequest:/1217:/SL-Micro/product/repo/SLES-6.2-x86_64/repodata/repomd.xml
2026-01-15 14:31:57 INFO     Submission skipped: RepoHash metadata not found at http://download.suse.de/ibs/SUSE:/SLFO:/1.2:/PullRequest:/1217:/SL-Micro/product/repo/SLES-6.2-ppc64le/repodata/repomd.xml
2026-01-15 14:31:57 INFO     Submission skipped: RepoHash metadata not found at http://download.suse.de/ibs/SUSE:/SLFO:/1.2:/PullRequest:/1217:/SL-Micro/product/repo/SLES-6.2-s390x/repodata/repomd.xml
2026-01-15 14:31:57 INFO     Submission skipped: RepoHash metadata not found at http://download.suse.de/ibs/SUSE:/SLFO:/1.2:/PullRequest:/1217:/SL-Micro/product/repo/SLES-6.2-aarch64/repodata/repomd.xml
2026-01-15 14:31:57 INFO     Submission skipped: RepoHash metadata not found at http://download.suse.de/ibs/SUSE:/SLFO:/1.2:/PullRequest:/1240:/SL-Micro/product/repo/SLES-6.2-ppc64le/repodata/repomd.xml
2026-01-15 14:31:57 INFO     Submission skipped: RepoHash metadata not found at http://download.suse.de/ibs/SUSE:/SLFO:/1.2:/PullRequest:/1240:/SL-Micro/product/repo/SLES-6.2-aarch64/repodata/repomd.xml
2026-01-15 14:31:57 INFO     Submission skipped: RepoHash metadata not found at http://download.suse.de/ibs/SUSE:/SLFO:/1.2:/PullRequest:/1240:/SL-Micro/product/repo/SLES-6.2-x86_64/repodata/repomd.xml
2026-01-15 14:31:57 INFO     Submission skipped: RepoHash metadata not found at http://download.suse.de/ibs/SUSE:/SLFO:/1.2:/PullRequest:/1240:/SL-Micro/product/repo/SLES-6.2-s390x/repodata/repomd.xml
2026-01-15 14:31:57 INFO     Submission skipped: RepoHash metadata not found at http://download.suse.de/ibs/SUSE:/SLFO:/1.2:/PullRequest:/1244:/SL-Micro/product/repo/SLES-6.2-x86_64/repodata/repomd.xml
2026-01-15 14:31:57 INFO     Submission skipped: RepoHash metadata not found at http://download.suse.de/ibs/SUSE:/SLFO:/1.2:/PullRequest:/1244:/SL-Micro/product/repo/SLES-6.2-ppc64le/repodata/repomd.xml
2026-01-15 14:31:57 INFO     Submission skipped: RepoHash metadata not found at http://download.suse.de/ibs/SUSE:/SLFO:/1.2:/PullRequest:/1244:/SL-Micro/product/repo/SLES-6.2-aarch64/repodata/repomd.xml
2026-01-15 14:31:57 INFO     Submission skipped: RepoHash metadata not found at http://download.suse.de/ibs/SUSE:/SLFO:/1.2:/PullRequest:/1244:/SL-Micro/product/repo/SLES-6.2-s390x/repodata/repomd.xml
2026-01-15 14:31:57 INFO     Submission skipped: RepoHash metadata not found at http://download.suse.de/ibs/SUSE:/SLFO:/1.2:/PullRequest:/1252:/SL-Micro/product/repo/SLES-6.2-ppc64le/repodata/repomd.xml
2026-01-15 14:31:57 INFO     Submission skipped: RepoHash metadata not found at http://download.suse.de/ibs/SUSE:/SLFO:/1.2:/PullRequest:/1252:/SL-Micro/product/repo/SLES-6.2-x86_64/repodata/repomd.xml
2026-01-15 14:31:57 INFO     Submission skipped: RepoHash metadata not found at http://download.suse.de/ibs/SUSE:/SLFO:/1.2:/PullRequest:/1252:/SL-Micro/product/repo/SLES-6.2-aarch64/repodata/repomd.xml
2026-01-15 14:31:57 INFO     Submission skipped: RepoHash metadata not found at http://download.suse.de/ibs/SUSE:/SLFO:/1.2:/PullRequest:/1252:/SL-Micro/product/repo/SLES-6.2-s390x/repodata/repomd.xml
2026-01-15 14:31:57 INFO     Submission skipped: RepoHash metadata not found at http://download.suse.de/ibs/SUSE:/SLFO:/1.2:/PullRequest:/1259:/SL-Micro/product/repo/SLES-6.2-x86_64/repodata/repomd.xml
2026-01-15 14:31:57 INFO     Submission skipped: RepoHash metadata not found at http://download.suse.de/ibs/SUSE:/SLFO:/1.2:/PullRequest:/1259:/SL-Micro/product/repo/SLES-6.2-aarch64/repodata/repomd.xml
2026-01-15 14:31:57 INFO     Submission skipped: RepoHash metadata not found at http://download.suse.de/ibs/SUSE:/SLFO:/1.2:/PullRequest:/1259:/SL-Micro/product/repo/SLES-6.2-s390x/repodata/repomd.xml
2026-01-15 14:31:57 INFO     Submission skipped: RepoHash metadata not found at http://download.suse.de/ibs/SUSE:/SLFO:/1.2:/PullRequest:/1259:/SL-Micro/product/repo/SLES-6.2-ppc64le/repodata/repomd.xml
2026-01-15 14:31:57 INFO     Submission skipped: RepoHash metadata not found at http://download.suse.de/ibs/SUSE:/SLFO:/1.2:/PullRequest:/1262:/SL-Micro/product/repo/SLES-6.2-aarch64/repodata/repomd.xml
2026-01-15 14:31:57 INFO     Submission skipped: RepoHash metadata not found at http://download.suse.de/ibs/SUSE:/SLFO:/1.2:/PullRequest:/1262:/SL-Micro/product/repo/SLES-6.2-s390x/repodata/repomd.xml
2026-01-15 14:31:57 INFO     Submission skipped: RepoHash metadata not found at http://download.suse.de/ibs/SUSE:/SLFO:/1.2:/PullRequest:/1262:/SL-Micro/product/repo/SLES-6.2-ppc64le/repodata/repomd.xml
2026-01-15 14:31:57 INFO     Submission skipped: RepoHash metadata not found at http://download.suse.de/ibs/SUSE:/SLFO:/1.2:/PullRequest:/1262:/SL-Micro/product/repo/SLES-6.2-x86_64/repodata/repomd.xml
2026-01-15 14:31:57 INFO     Submission skipped: RepoHash metadata not found at http://download.suse.de/ibs/SUSE:/SLFO:/1.2:/PullRequest:/1263:/SL-Micro/product/repo/SLES-6.2-s390x/repodata/repomd.xml
2026-01-15 14:31:57 INFO     Submission skipped: RepoHash metadata not found at http://download.suse.de/ibs/SUSE:/SLFO:/1.2:/PullRequest:/1263:/SL-Micro/product/repo/SLES-6.2-x86_64/repodata/repomd.xml
2026-01-15 14:31:57 INFO     Submission skipped: RepoHash metadata not found at http://download.suse.de/ibs/SUSE:/SLFO:/1.2:/PullRequest:/1263:/SL-Micro/product/repo/SLES-6.2-aarch64/repodata/repomd.xml
2026-01-15 14:31:57 INFO     Submission skipped: RepoHash metadata not found at http://download.suse.de/ibs/SUSE:/SLFO:/1.2:/PullRequest:/1263:/SL-Micro/product/repo/SLES-6.2-ppc64le/repodata/repomd.xml
2026-01-15 14:31:57 INFO     Submission skipped: RepoHash metadata not found at http://download.suse.de/ibs/SUSE:/SLFO:/1.2:/PullRequest:/1264:/SL-Micro/product/repo/SLES-6.2-ppc64le/repodata/repomd.xml
2026-01-15 14:31:57 INFO     Submission skipped: RepoHash metadata not found at http://download.suse.de/ibs/SUSE:/SLFO:/1.2:/PullRequest:/1264:/SL-Micro/product/repo/SLES-6.2-x86_64/repodata/repomd.xml
2026-01-15 14:31:57 INFO     Submission skipped: RepoHash metadata not found at http://download.suse.de/ibs/SUSE:/SLFO:/1.2:/PullRequest:/1264:/SL-Micro/product/repo/SLES-6.2-s390x/repodata/repomd.xml
2026-01-15 14:31:57 INFO     Submission skipped: RepoHash metadata not found at http://download.suse.de/ibs/SUSE:/SLFO:/1.2:/PullRequest:/1264:/SL-Micro/product/repo/SLES-6.2-aarch64/repodata/repomd.xml
2026-01-15 14:31:57 INFO     Submission skipped: RepoHash metadata not found at http://download.suse.de/ibs/SUSE:/SLFO:/1.2:/PullRequest:/1265:/SL-Micro/product/repo/SLES-6.2-ppc64le/repodata/repomd.xml
2026-01-15 14:31:57 INFO     Submission skipped: RepoHash metadata not found at http://download.suse.de/ibs/SUSE:/SLFO:/1.2:/PullRequest:/1265:/SL-Micro/product/repo/SLES-6.2-aarch64/repodata/repomd.xml
2026-01-15 14:31:57 INFO     Submission skipped: RepoHash metadata not found at http://download.suse.de/ibs/SUSE:/SLFO:/1.2:/PullRequest:/1265:/SL-Micro/product/repo/SLES-6.2-s390x/repodata/repomd.xml
2026-01-15 14:31:57 INFO     Submission skipped: RepoHash metadata not found at http://download.suse.de/ibs/SUSE:/SLFO:/1.2:/PullRequest:/1265:/SL-Micro/product/repo/SLES-6.2-x86_64/repodata/repomd.xml
2026-01-15 14:31:57 INFO     Submission skipped: RepoHash metadata not found at http://download.suse.de/ibs/SUSE:/SLFO:/1.2:/PullRequest:/1266:/SL-Micro/product/repo/SLES-6.2-ppc64le/repodata/repomd.xml
2026-01-15 14:31:57 INFO     Submission skipped: RepoHash metadata not found at http://download.suse.de/ibs/SUSE:/SLFO:/1.2:/PullRequest:/1266:/SL-Micro/product/repo/SLES-6.2-aarch64/repodata/repomd.xml
2026-01-15 14:31:57 INFO     Submission skipped: RepoHash metadata not found at http://download.suse.de/ibs/SUSE:/SLFO:/1.2:/PullRequest:/1266:/SL-Micro/product/repo/SLES-6.2-s390x/repodata/repomd.xml
2026-01-15 14:31:57 INFO     Submission skipped: RepoHash metadata not found at http://download.suse.de/ibs/SUSE:/SLFO:/1.2:/PullRequest:/1266:/SL-Micro/product/repo/SLES-6.2-x86_64/repodata/repomd.xml
2026-01-15 14:31:57 INFO     Submission skipped: RepoHash metadata not found at http://download.suse.de/ibs/SUSE:/SLFO:/1.2:/PullRequest:/1267:/SL-Micro/product/repo/SLES-6.2-ppc64le/repodata/repomd.xml
2026-01-15 14:31:57 INFO     Submission skipped: RepoHash metadata not found at http://download.suse.de/ibs/SUSE:/SLFO:/1.2:/PullRequest:/1267:/SL-Micro/product/repo/SLES-6.2-s390x/repodata/repomd.xml
2026-01-15 14:31:57 INFO     Submission skipped: RepoHash metadata not found at http://download.suse.de/ibs/SUSE:/SLFO:/1.2:/PullRequest:/1267:/SL-Micro/product/repo/SLES-6.2-x86_64/repodata/repomd.xml
2026-01-15 14:31:57 INFO     Submission skipped: RepoHash metadata not found at http://download.suse.de/ibs/SUSE:/SLFO:/1.2:/PullRequest:/1267:/SL-Micro/product/repo/SLES-6.2-aarch64/repodata/repomd.xml
2026-01-15 14:31:57 INFO     Submission skipped: RepoHash metadata not found at http://download.suse.de/ibs/SUSE:/SLFO:/1.2:/PullRequest:/1268:/SL-Micro/product/repo/SLES-6.2-aarch64/repodata/repomd.xml
2026-01-15 14:31:57 INFO     Submission skipped: RepoHash metadata not found at http://download.suse.de/ibs/SUSE:/SLFO:/1.2:/PullRequest:/1268:/SL-Micro/product/repo/SLES-6.2-x86_64/repodata/repomd.xml
2026-01-15 14:31:57 INFO     Submission skipped: RepoHash metadata not found at http://download.suse.de/ibs/SUSE:/SLFO:/1.2:/PullRequest:/1268:/SL-Micro/product/repo/SLES-6.2-ppc64le/repodata/repomd.xml
2026-01-15 14:31:57 INFO     Submission skipped: RepoHash metadata not found at http://download.suse.de/ibs/SUSE:/SLFO:/1.2:/PullRequest:/1268:/SL-Micro/product/repo/SLES-6.2-s390x/repodata/repomd.xml
2026-01-15 14:31:57 INFO     Submission skipped: RepoHash metadata not found at http://download.suse.de/ibs/SUSE:/SLFO:/1.2:/PullRequest:/1269:/SL-Micro/product/repo/SLES-6.2-ppc64le/repodata/repomd.xml
2026-01-15 14:31:57 INFO     Submission skipped: RepoHash metadata not found at http://download.suse.de/ibs/SUSE:/SLFO:/1.2:/PullRequest:/1269:/SL-Micro/product/repo/SLES-6.2-s390x/repodata/repomd.xml
2026-01-15 14:31:57 INFO     Submission skipped: RepoHash metadata not found at http://download.suse.de/ibs/SUSE:/SLFO:/1.2:/PullRequest:/1269:/SL-Micro/product/repo/SLES-6.2-aarch64/repodata/repomd.xml
2026-01-15 14:31:57 INFO     Submission skipped: RepoHash metadata not found at http://download.suse.de/ibs/SUSE:/SLFO:/1.2:/PullRequest:/1269:/SL-Micro/product/repo/SLES-6.2-x86_64/repodata/repomd.xml
2026-01-15 14:31:57 INFO     Submission skipped: RepoHash metadata not found at http://download.suse.de/ibs/SUSE:/SLFO:/1.2:/PullRequest:/1292:/SL-Micro/product/repo/SLES-6.2-s390x/repodata/repomd.xml
2026-01-15 14:31:57 INFO     Submission skipped: RepoHash metadata not found at http://download.suse.de/ibs/SUSE:/SLFO:/1.2:/PullRequest:/1292:/SL-Micro/product/repo/SLES-6.2-x86_64/repodata/repomd.xml
2026-01-15 14:31:57 INFO     Submission skipped: RepoHash metadata not found at http://download.suse.de/ibs/SUSE:/SLFO:/1.2:/PullRequest:/1292:/SL-Micro/product/repo/SLES-6.2-aarch64/repodata/repomd.xml
2026-01-15 14:31:57 INFO     Submission skipped: RepoHash metadata not found at http://download.suse.de/ibs/SUSE:/SLFO:/1.2:/PullRequest:/1292:/SL-Micro/product/repo/SLES-6.2-ppc64le/repodata/repomd.xml
2026-01-15 14:31:57 INFO     Submission skipped: RepoHash metadata not found at http://download.suse.de/ibs/SUSE:/SLFO:/1.2:/PullRequest:/1293:/SL-Micro/product/repo/SLES-6.2-ppc64le/repodata/repomd.xml
2026-01-15 14:31:57 INFO     Submission skipped: RepoHash metadata not found at http://download.suse.de/ibs/SUSE:/SLFO:/1.2:/PullRequest:/1293:/SL-Micro/product/repo/SLES-6.2-x86_64/repodata/repomd.xml
2026-01-15 14:31:57 INFO     Submission skipped: RepoHash metadata not found at http://download.suse.de/ibs/SUSE:/SLFO:/1.2:/PullRequest:/1293:/SL-Micro/product/repo/SLES-6.2-s390x/repodata/repomd.xml
2026-01-15 14:31:57 INFO     Submission skipped: RepoHash metadata not found at http://download.suse.de/ibs/SUSE:/SLFO:/1.2:/PullRequest:/1293:/SL-Micro/product/repo/SLES-6.2-aarch64/repodata/repomd.xml
2026-01-15 14:31:57 INFO     Submission skipped: RepoHash metadata not found at http://download.suse.de/ibs/SUSE:/SLFO:/1.2:/PullRequest:/1300:/SL-Micro/product/repo/SLES-6.2-s390x/repodata/repomd.xml
2026-01-15 14:31:57 INFO     Submission skipped: RepoHash metadata not found at http://download.suse.de/ibs/SUSE:/SLFO:/1.2:/PullRequest:/1300:/SL-Micro/product/repo/SLES-6.2-x86_64/repodata/repomd.xml
2026-01-15 14:31:57 INFO     Submission skipped: RepoHash metadata not found at http://download.suse.de/ibs/SUSE:/SLFO:/1.2:/PullRequest:/1300:/SL-Micro/product/repo/SLES-6.2-aarch64/repodata/repomd.xml
2026-01-15 14:31:57 INFO     Submission skipped: RepoHash metadata not found at http://download.suse.de/ibs/SUSE:/SLFO:/1.2:/PullRequest:/1300:/SL-Micro/product/repo/SLES-6.2-ppc64le/repodata/repomd.xml
2026-01-15 14:31:57 INFO     Submission skipped: RepoHash metadata not found at http://download.suse.de/ibs/SUSE:/SLFO:/1.2:/PullRequest:/1302:/SL-Micro/product/repo/SLES-6.2-ppc64le/repodata/repomd.xml
2026-01-15 14:31:57 INFO     Submission skipped: RepoHash metadata not found at http://download.suse.de/ibs/SUSE:/SLFO:/1.2:/PullRequest:/1302:/SL-Micro/product/repo/SLES-6.2-x86_64/repodata/repomd.xml
2026-01-15 14:31:57 INFO     Submission skipped: RepoHash metadata not found at http://download.suse.de/ibs/SUSE:/SLFO:/1.2:/PullRequest:/1302:/SL-Micro/product/repo/SLES-6.2-aarch64/repodata/repomd.xml
2026-01-15 14:31:57 INFO     Submission skipped: RepoHash metadata not found at http://download.suse.de/ibs/SUSE:/SLFO:/1.2:/PullRequest:/1302:/SL-Micro/product/repo/SLES-6.2-s390x/repodata/repomd.xml
2026-01-15 14:31:58 INFO     Submission skipped: RepoHash metadata not found at http://download.suse.de/ibs/SUSE:/SLFO:/1.2:/PullRequest:/1303:/SL-Micro/product/repo/SLES-6.2-s390x/repodata/repomd.xml
2026-01-15 14:31:58 INFO     Submission skipped: RepoHash metadata not found at http://download.suse.de/ibs/SUSE:/SLFO:/1.2:/PullRequest:/1303:/SL-Micro/product/repo/SLES-6.2-x86_64/repodata/repomd.xml
2026-01-15 14:31:58 INFO     Submission skipped: RepoHash metadata not found at http://download.suse.de/ibs/SUSE:/SLFO:/1.2:/PullRequest:/1303:/SL-Micro/product/repo/SLES-6.2-aarch64/repodata/repomd.xml
2026-01-15 14:31:58 INFO     Submission skipped: RepoHash metadata not found at http://download.suse.de/ibs/SUSE:/SLFO:/1.2:/PullRequest:/1303:/SL-Micro/product/repo/SLES-6.2-ppc64le/repodata/repomd.xml
2026-01-15 14:31:58 INFO     Submission skipped: RepoHash metadata not found at http://download.suse.de/ibs/SUSE:/SLFO:/1.2:/PullRequest:/1317:/SL-Micro/product/repo/SLES-6.2-ppc64le/repodata/repomd.xml
2026-01-15 14:31:58 INFO     Submission skipped: RepoHash metadata not found at http://download.suse.de/ibs/SUSE:/SLFO:/1.2:/PullRequest:/1317:/SL-Micro/product/repo/SLES-6.2-s390x/repodata/repomd.xml
2026-01-15 14:31:58 INFO     Submission skipped: RepoHash metadata not found at http://download.suse.de/ibs/SUSE:/SLFO:/1.2:/PullRequest:/1317:/SL-Micro/product/repo/SLES-6.2-aarch64/repodata/repomd.xml
2026-01-15 14:31:58 INFO     Submission skipped: RepoHash metadata not found at http://download.suse.de/ibs/SUSE:/SLFO:/1.2:/PullRequest:/1317:/SL-Micro/product/repo/SLES-6.2-x86_64/repodata/repomd.xml
2026-01-15 14:31:58 INFO     Submission skipped: RepoHash metadata not found at http://download.suse.de/ibs/SUSE:/SLFO:/1.2:/PullRequest:/1318:/SL-Micro/product/repo/SLES-6.2-s390x/repodata/repomd.xml
2026-01-15 14:31:58 INFO     Submission skipped: RepoHash metadata not found at http://download.suse.de/ibs/SUSE:/SLFO:/1.2:/PullRequest:/1318:/SL-Micro/product/repo/SLES-6.2-x86_64/repodata/repomd.xml
2026-01-15 14:31:58 INFO     Submission skipped: RepoHash metadata not found at http://download.suse.de/ibs/SUSE:/SLFO:/1.2:/PullRequest:/1318:/SL-Micro/product/repo/SLES-6.2-ppc64le/repodata/repomd.xml
2026-01-15 14:31:58 INFO     Submission skipped: RepoHash metadata not found at http://download.suse.de/ibs/SUSE:/SLFO:/1.2:/PullRequest:/1318:/SL-Micro/product/repo/SLES-6.2-aarch64/repodata/repomd.xml
2026-01-15 14:31:58 INFO     Submission skipped: RepoHash metadata not found at http://download.suse.de/ibs/SUSE:/SLFO:/1.2:/PullRequest:/1336:/SL-Micro/product/repo/SLES-6.2-aarch64/repodata/repomd.xml
2026-01-15 14:31:58 INFO     Submission skipped: RepoHash metadata not found at http://download.suse.de/ibs/SUSE:/SLFO:/1.2:/PullRequest:/1336:/SL-Micro/product/repo/SLES-6.2-x86_64/repodata/repomd.xml
2026-01-15 14:31:58 INFO     Submission skipped: RepoHash metadata not found at http://download.suse.de/ibs/SUSE:/SLFO:/1.2:/PullRequest:/1336:/SL-Micro/product/repo/SLES-6.2-s390x/repodata/repomd.xml
2026-01-15 14:31:58 INFO     Submission skipped: RepoHash metadata not found at http://download.suse.de/ibs/SUSE:/SLFO:/1.2:/PullRequest:/1336:/SL-Micro/product/repo/SLES-6.2-ppc64le/repodata/repomd.xml
2026-01-15 14:31:58 INFO     Submission skipped: RepoHash metadata not found at http://download.suse.de/ibs/SUSE:/SLFO:/1.2:/PullRequest:/1338:/SL-Micro/product/repo/SLES-6.2-s390x/repodata/repomd.xml
2026-01-15 14:31:58 INFO     Submission skipped: RepoHash metadata not found at http://download.suse.de/ibs/SUSE:/SLFO:/1.2:/PullRequest:/1338:/SL-Micro/product/repo/SLES-6.2-ppc64le/repodata/repomd.xml
2026-01-15 14:31:58 INFO     Submission skipped: RepoHash metadata not found at http://download.suse.de/ibs/SUSE:/SLFO:/1.2:/PullRequest:/1338:/SL-Micro/product/repo/SLES-6.2-x86_64/repodata/repomd.xml
2026-01-15 14:31:58 INFO     Submission skipped: RepoHash metadata not found at http://download.suse.de/ibs/SUSE:/SLFO:/1.2:/PullRequest:/1338:/SL-Micro/product/repo/SLES-6.2-aarch64/repodata/repomd.xml
2026-01-15 14:31:58 INFO     Submission skipped: RepoHash metadata not found at http://download.suse.de/ibs/SUSE:/SLFO:/1.2:/PullRequest:/1344:/SL-Micro/product/repo/SLES-6.2-ppc64le/repodata/repomd.xml
2026-01-15 14:31:58 INFO     Submission skipped: RepoHash metadata not found at http://download.suse.de/ibs/SUSE:/SLFO:/1.2:/PullRequest:/1344:/SL-Micro/product/repo/SLES-6.2-s390x/repodata/repomd.xml
2026-01-15 14:31:58 INFO     Submission skipped: RepoHash metadata not found at http://download.suse.de/ibs/SUSE:/SLFO:/1.2:/PullRequest:/1344:/SL-Micro/product/repo/SLES-6.2-aarch64/repodata/repomd.xml
2026-01-15 14:31:58 INFO     Submission skipped: RepoHash metadata not found at http://download.suse.de/ibs/SUSE:/SLFO:/1.2:/PullRequest:/1344:/SL-Micro/product/repo/SLES-6.2-x86_64/repodata/repomd.xml
2026-01-15 14:31:58 INFO     Submission skipped: RepoHash metadata not found at http://download.suse.de/ibs/SUSE:/SLFO:/1.2:/PullRequest:/1345:/SL-Micro/product/repo/SLES-6.2-ppc64le/repodata/repomd.xml
2026-01-15 14:31:58 INFO     Submission skipped: RepoHash metadata not found at http://download.suse.de/ibs/SUSE:/SLFO:/1.2:/PullRequest:/1345:/SL-Micro/product/repo/SLES-6.2-s390x/repodata/repomd.xml
2026-01-15 14:31:58 INFO     Submission skipped: RepoHash metadata not found at http://download.suse.de/ibs/SUSE:/SLFO:/1.2:/PullRequest:/1345:/SL-Micro/product/repo/SLES-6.2-x86_64/repodata/repomd.xml
2026-01-15 14:31:58 INFO     Submission skipped: RepoHash metadata not found at http://download.suse.de/ibs/SUSE:/SLFO:/1.2:/PullRequest:/1345:/SL-Micro/product/repo/SLES-6.2-aarch64/repodata/repomd.xml
2026-01-15 14:31:58 INFO     Submission skipped: RepoHash metadata not found at http://download.suse.de/ibs/SUSE:/SLFO:/1.2:/PullRequest:/1353:/SL-Micro/product/repo/SLES-6.2-aarch64/repodata/repomd.xml
2026-01-15 14:31:58 INFO     Submission skipped: RepoHash metadata not found at http://download.suse.de/ibs/SUSE:/SLFO:/1.2:/PullRequest:/1353:/SL-Micro/product/repo/SLES-6.2-ppc64le/repodata/repomd.xml
2026-01-15 14:31:58 INFO     Submission skipped: RepoHash metadata not found at http://download.suse.de/ibs/SUSE:/SLFO:/1.2:/PullRequest:/1353:/SL-Micro/product/repo/SLES-6.2-x86_64/repodata/repomd.xml
2026-01-15 14:31:58 INFO     Submission skipped: RepoHash metadata not found at http://download.suse.de/ibs/SUSE:/SLFO:/1.2:/PullRequest:/1353:/SL-Micro/product/repo/SLES-6.2-s390x/repodata/repomd.xml
2026-01-15 14:31:58 INFO     Submission skipped: RepoHash metadata not found at http://download.suse.de/ibs/SUSE:/SLFO:/1.2:/PullRequest:/1357:/SL-Micro/product/repo/SLES-6.2-x86_64/repodata/repomd.xml
2026-01-15 14:31:58 INFO     Submission skipped: RepoHash metadata not found at http://download.suse.de/ibs/SUSE:/SLFO:/1.2:/PullRequest:/1357:/SL-Micro/product/repo/SLES-6.2-s390x/repodata/repomd.xml
2026-01-15 14:31:58 INFO     Submission skipped: RepoHash metadata not found at http://download.suse.de/ibs/SUSE:/SLFO:/1.2:/PullRequest:/1357:/SL-Micro/product/repo/SLES-6.2-aarch64/repodata/repomd.xml
2026-01-15 14:31:58 INFO     Submission skipped: RepoHash metadata not found at http://download.suse.de/ibs/SUSE:/SLFO:/1.2:/PullRequest:/1357:/SL-Micro/product/repo/SLES-6.2-ppc64le/repodata/repomd.xml
2026-01-15 14:31:58 INFO     Submission skipped: RepoHash metadata not found at http://download.suse.de/ibs/SUSE:/SLFO:/1.2:/PullRequest:/1376:/SL-Micro/product/repo/SLES-6.2-s390x/repodata/repomd.xml
2026-01-15 14:31:58 INFO     Submission skipped: RepoHash metadata not found at http://download.suse.de/ibs/SUSE:/SLFO:/1.2:/PullRequest:/1376:/SL-Micro/product/repo/SLES-6.2-ppc64le/repodata/repomd.xml
2026-01-15 14:31:58 INFO     Submission skipped: RepoHash metadata not found at http://download.suse.de/ibs/SUSE:/SLFO:/1.2:/PullRequest:/1376:/SL-Micro/product/repo/SLES-6.2-x86_64/repodata/repomd.xml
2026-01-15 14:31:58 INFO     Submission skipped: RepoHash metadata not found at http://download.suse.de/ibs/SUSE:/SLFO:/1.2:/PullRequest:/1376:/SL-Micro/product/repo/SLES-6.2-aarch64/repodata/repomd.xml
2026-01-15 14:31:58 INFO     Submission skipped: RepoHash metadata not found at http://download.suse.de/ibs/SUSE:/SLFO:/1.2:/PullRequest:/1380:/SL-Micro/product/repo/SLES-6.2-s390x/repodata/repomd.xml
2026-01-15 14:31:58 INFO     Submission skipped: RepoHash metadata not found at http://download.suse.de/ibs/SUSE:/SLFO:/1.2:/PullRequest:/1380:/SL-Micro/product/repo/SLES-6.2-aarch64/repodata/repomd.xml
2026-01-15 14:31:58 INFO     Submission skipped: RepoHash metadata not found at http://download.suse.de/ibs/SUSE:/SLFO:/1.2:/PullRequest:/1380:/SL-Micro/product/repo/SLES-6.2-x86_64/repodata/repomd.xml
2026-01-15 14:31:58 INFO     Submission skipped: RepoHash metadata not found at http://download.suse.de/ibs/SUSE:/SLFO:/1.2:/PullRequest:/1380:/SL-Micro/product/repo/SLES-6.2-ppc64le/repodata/repomd.xml
2026-01-15 14:31:58 INFO     Submission skipped: RepoHash metadata not found at http://download.suse.de/ibs/SUSE:/SLFO:/1.2:/PullRequest:/1381:/SL-Micro/product/repo/SLES-6.2-s390x/repodata/repomd.xml
2026-01-15 14:31:58 INFO     Submission skipped: RepoHash metadata not found at http://download.suse.de/ibs/SUSE:/SLFO:/1.2:/PullRequest:/1381:/SL-Micro/product/repo/SLES-6.2-ppc64le/repodata/repomd.xml
2026-01-15 14:31:58 INFO     Submission skipped: RepoHash metadata not found at http://download.suse.de/ibs/SUSE:/SLFO:/1.2:/PullRequest:/1381:/SL-Micro/product/repo/SLES-6.2-x86_64/repodata/repomd.xml
2026-01-15 14:31:58 INFO     Submission skipped: RepoHash metadata not found at http://download.suse.de/ibs/SUSE:/SLFO:/1.2:/PullRequest:/1381:/SL-Micro/product/repo/SLES-6.2-aarch64/repodata/repomd.xml
2026-01-15 14:31:58 INFO     Submission skipped: RepoHash metadata not found at http://download.suse.de/ibs/SUSE:/SLFO:/1.2:/PullRequest:/1382:/SL-Micro/product/repo/SLES-6.2-s390x/repodata/repomd.xml
2026-01-15 14:31:58 INFO     Submission skipped: RepoHash metadata not found at http://download.suse.de/ibs/SUSE:/SLFO:/1.2:/PullRequest:/1382:/SL-Micro/product/repo/SLES-6.2-ppc64le/repodata/repomd.xml
2026-01-15 14:31:58 INFO     Submission skipped: RepoHash metadata not found at http://download.suse.de/ibs/SUSE:/SLFO:/1.2:/PullRequest:/1382:/SL-Micro/product/repo/SLES-6.2-aarch64/repodata/repomd.xml
2026-01-15 14:31:58 INFO     Submission skipped: RepoHash metadata not found at http://download.suse.de/ibs/SUSE:/SLFO:/1.2:/PullRequest:/1382:/SL-Micro/product/repo/SLES-6.2-x86_64/repodata/repomd.xml
2026-01-15 14:31:58 INFO     Submission skipped: RepoHash metadata not found at http://download.suse.de/ibs/SUSE:/SLFO:/1.2:/PullRequest:/1383:/SL-Micro/product/repo/SLES-6.2-s390x/repodata/repomd.xml
2026-01-15 14:31:58 INFO     Submission skipped: RepoHash metadata not found at http://download.suse.de/ibs/SUSE:/SLFO:/1.2:/PullRequest:/1383:/SL-Micro/product/repo/SLES-6.2-x86_64/repodata/repomd.xml
2026-01-15 14:31:58 INFO     Submission skipped: RepoHash metadata not found at http://download.suse.de/ibs/SUSE:/SLFO:/1.2:/PullRequest:/1383:/SL-Micro/product/repo/SLES-6.2-aarch64/repodata/repomd.xml
2026-01-15 14:31:58 INFO     Submission skipped: RepoHash metadata not found at http://download.suse.de/ibs/SUSE:/SLFO:/1.2:/PullRequest:/1383:/SL-Micro/product/repo/SLES-6.2-ppc64le/repodata/repomd.xml
2026-01-15 14:31:58 INFO     Submission skipped: RepoHash metadata not found at http://download.suse.de/ibs/SUSE:/SLFO:/1.2:/PullRequest:/1384:/SL-Micro/product/repo/SLES-6.2-ppc64le/repodata/repomd.xml
2026-01-15 14:31:58 INFO     Submission skipped: RepoHash metadata not found at http://download.suse.de/ibs/SUSE:/SLFO:/1.2:/PullRequest:/1384:/SL-Micro/product/repo/SLES-6.2-s390x/repodata/repomd.xml
2026-01-15 14:31:58 INFO     Submission skipped: RepoHash metadata not found at http://download.suse.de/ibs/SUSE:/SLFO:/1.2:/PullRequest:/1384:/SL-Micro/product/repo/SLES-6.2-x86_64/repodata/repomd.xml
2026-01-15 14:31:58 INFO     Submission skipped: RepoHash metadata not found at http://download.suse.de/ibs/SUSE:/SLFO:/1.2:/PullRequest:/1384:/SL-Micro/product/repo/SLES-6.2-aarch64/repodata/repomd.xml
2026-01-15 14:31:58 INFO     Submission skipped: RepoHash metadata not found at http://download.suse.de/ibs/SUSE:/SLFO:/1.2:/PullRequest:/1385:/SL-Micro/product/repo/SLES-6.2-s390x/repodata/repomd.xml
2026-01-15 14:31:58 INFO     Submission skipped: RepoHash metadata not found at http://download.suse.de/ibs/SUSE:/SLFO:/1.2:/PullRequest:/1385:/SL-Micro/product/repo/SLES-6.2-ppc64le/repodata/repomd.xml
2026-01-15 14:31:58 INFO     Submission skipped: RepoHash metadata not found at http://download.suse.de/ibs/SUSE:/SLFO:/1.2:/PullRequest:/1385:/SL-Micro/product/repo/SLES-6.2-aarch64/repodata/repomd.xml
2026-01-15 14:31:58 INFO     Submission skipped: RepoHash metadata not found at http://download.suse.de/ibs/SUSE:/SLFO:/1.2:/PullRequest:/1385:/SL-Micro/product/repo/SLES-6.2-x86_64/repodata/repomd.xml
2026-01-15 14:31:58 INFO     Submission skipped: RepoHash metadata not found at http://download.suse.de/ibs/SUSE:/SLFO:/1.2:/PullRequest:/1387:/SL-Micro/product/repo/SLES-6.2-s390x/repodata/repomd.xml
2026-01-15 14:31:58 INFO     Submission skipped: RepoHash metadata not found at http://download.suse.de/ibs/SUSE:/SLFO:/1.2:/PullRequest:/1387:/SL-Micro/product/repo/SLES-6.2-aarch64/repodata/repomd.xml
2026-01-15 14:31:58 INFO     Submission skipped: RepoHash metadata not found at http://download.suse.de/ibs/SUSE:/SLFO:/1.2:/PullRequest:/1387:/SL-Micro/product/repo/SLES-6.2-x86_64/repodata/repomd.xml
2026-01-15 14:31:58 INFO     Submission skipped: RepoHash metadata not found at http://download.suse.de/ibs/SUSE:/SLFO:/1.2:/PullRequest:/1387:/SL-Micro/product/repo/SLES-6.2-ppc64le/repodata/repomd.xml
2026-01-15 14:31:58 INFO     Submission skipped: RepoHash metadata not found at http://download.suse.de/ibs/SUSE:/SLFO:/1.2:/PullRequest:/1390:/SL-Micro/product/repo/SLES-6.2-x86_64/repodata/repomd.xml
2026-01-15 14:31:58 INFO     Submission skipped: RepoHash metadata not found at http://download.suse.de/ibs/SUSE:/SLFO:/1.2:/PullRequest:/1390:/SL-Micro/product/repo/SLES-6.2-aarch64/repodata/repomd.xml
2026-01-15 14:31:58 INFO     Submission skipped: RepoHash metadata not found at http://download.suse.de/ibs/SUSE:/SLFO:/1.2:/PullRequest:/1390:/SL-Micro/product/repo/SLES-6.2-ppc64le/repodata/repomd.xml
2026-01-15 14:31:58 INFO     Submission skipped: RepoHash metadata not found at http://download.suse.de/ibs/SUSE:/SLFO:/1.2:/PullRequest:/1390:/SL-Micro/product/repo/SLES-6.2-s390x/repodata/repomd.xml
2026-01-15 14:31:58 INFO     Submission skipped: RepoHash metadata not found at http://download.suse.de/ibs/SUSE:/SLFO:/1.2:/PullRequest:/1391:/SL-Micro/product/repo/SLES-6.2-x86_64/repodata/repomd.xml
2026-01-15 14:31:58 INFO     Submission skipped: RepoHash metadata not found at http://download.suse.de/ibs/SUSE:/SLFO:/1.2:/PullRequest:/1391:/SL-Micro/product/repo/SLES-6.2-aarch64/repodata/repomd.xml
2026-01-15 14:31:58 INFO     Submission skipped: RepoHash metadata not found at http://download.suse.de/ibs/SUSE:/SLFO:/1.2:/PullRequest:/1391:/SL-Micro/product/repo/SLES-6.2-s390x/repodata/repomd.xml
2026-01-15 14:31:58 INFO     Submission skipped: RepoHash metadata not found at http://download.suse.de/ibs/SUSE:/SLFO:/1.2:/PullRequest:/1391:/SL-Micro/product/repo/SLES-6.2-ppc64le/repodata/repomd.xml
2026-01-15 14:31:58 INFO     Submission skipped: RepoHash metadata not found at http://download.suse.de/ibs/SUSE:/SLFO:/1.2:/PullRequest:/1410:/SL-Micro/product/repo/SLES-6.2-aarch64/repodata/repomd.xml
2026-01-15 14:31:58 INFO     Submission skipped: RepoHash metadata not found at http://download.suse.de/ibs/SUSE:/SLFO:/1.2:/PullRequest:/1410:/SL-Micro/product/repo/SLES-6.2-ppc64le/repodata/repomd.xml
2026-01-15 14:31:58 INFO     Submission skipped: RepoHash metadata not found at http://download.suse.de/ibs/SUSE:/SLFO:/1.2:/PullRequest:/1410:/SL-Micro/product/repo/SLES-6.2-s390x/repodata/repomd.xml
2026-01-15 14:31:58 INFO     Submission skipped: RepoHash metadata not found at http://download.suse.de/ibs/SUSE:/SLFO:/1.2:/PullRequest:/1410:/SL-Micro/product/repo/SLES-6.2-x86_64/repodata/repomd.xml
2026-01-15 14:31:58 INFO     Submission skipped: RepoHash metadata not found at http://download.suse.de/ibs/SUSE:/SLFO:/1.2:/PullRequest:/1417:/SL-Micro/product/repo/SLES-6.2-s390x/repodata/repomd.xml
2026-01-15 14:31:58 INFO     Submission skipped: RepoHash metadata not found at http://download.suse.de/ibs/SUSE:/SLFO:/1.2:/PullRequest:/1417:/SL-Micro/product/repo/SLES-6.2-x86_64/repodata/repomd.xml
2026-01-15 14:31:58 INFO     Submission skipped: RepoHash metadata not found at http://download.suse.de/ibs/SUSE:/SLFO:/1.2:/PullRequest:/1417:/SL-Micro/product/repo/SLES-6.2-ppc64le/repodata/repomd.xml
2026-01-15 14:31:58 INFO     Submission skipped: RepoHash metadata not found at http://download.suse.de/ibs/SUSE:/SLFO:/1.2:/PullRequest:/1417:/SL-Micro/product/repo/SLES-6.2-aarch64/repodata/repomd.xml
2026-01-15 14:31:58 INFO     Submission skipped: RepoHash metadata not found at http://download.suse.de/ibs/SUSE:/SLFO:/1.2:/PullRequest:/1427:/SL-Micro/product/repo/SLES-6.2-ppc64le/repodata/repomd.xml
2026-01-15 14:31:58 INFO     Submission skipped: RepoHash metadata not found at http://download.suse.de/ibs/SUSE:/SLFO:/1.2:/PullRequest:/1427:/SL-Micro/product/repo/SLES-6.2-x86_64/repodata/repomd.xml
2026-01-15 14:31:58 INFO     Submission skipped: RepoHash metadata not found at http://download.suse.de/ibs/SUSE:/SLFO:/1.2:/PullRequest:/1427:/SL-Micro/product/repo/SLES-6.2-aarch64/repodata/repomd.xml
2026-01-15 14:31:58 INFO     Submission skipped: RepoHash metadata not found at http://download.suse.de/ibs/SUSE:/SLFO:/1.2:/PullRequest:/1427:/SL-Micro/product/repo/SLES-6.2-s390x/repodata/repomd.xml
2026-01-15 14:31:58 INFO     Submission skipped: RepoHash metadata not found at http://download.suse.de/ibs/SUSE:/SLFO:/1.2:/PullRequest:/1432:/SL-Micro/product/repo/SLES-6.2-aarch64/repodata/repomd.xml
2026-01-15 14:31:58 INFO     Submission skipped: RepoHash metadata not found at http://download.suse.de/ibs/SUSE:/SLFO:/1.2:/PullRequest:/1432:/SL-Micro/product/repo/SLES-6.2-ppc64le/repodata/repomd.xml
2026-01-15 14:31:58 INFO     Submission skipped: RepoHash metadata not found at http://download.suse.de/ibs/SUSE:/SLFO:/1.2:/PullRequest:/1432:/SL-Micro/product/repo/SLES-6.2-x86_64/repodata/repomd.xml
2026-01-15 14:31:58 INFO     Submission skipped: RepoHash metadata not found at http://download.suse.de/ibs/SUSE:/SLFO:/1.2:/PullRequest:/1432:/SL-Micro/product/repo/SLES-6.2-s390x/repodata/repomd.xml
2026-01-15 14:31:58 INFO     Submission skipped: RepoHash metadata not found at http://download.suse.de/ibs/SUSE:/SLFO:/1.2:/PullRequest:/1433:/SL-Micro/product/repo/SLES-6.2-ppc64le/repodata/repomd.xml
2026-01-15 14:31:58 INFO     Submission skipped: RepoHash metadata not found at http://download.suse.de/ibs/SUSE:/SLFO:/1.2:/PullRequest:/1433:/SL-Micro/product/repo/SLES-6.2-x86_64/repodata/repomd.xml
2026-01-15 14:31:58 INFO     Submission skipped: RepoHash metadata not found at http://download.suse.de/ibs/SUSE:/SLFO:/1.2:/PullRequest:/1433:/SL-Micro/product/repo/SLES-6.2-aarch64/repodata/repomd.xml
2026-01-15 14:31:58 INFO     Submission skipped: RepoHash metadata not found at http://download.suse.de/ibs/SUSE:/SLFO:/1.2:/PullRequest:/1433:/SL-Micro/product/repo/SLES-6.2-s390x/repodata/repomd.xml
2026-01-15 14:31:58 INFO     Submission skipped: RepoHash metadata not found at http://download.suse.de/ibs/SUSE:/SLFO:/1.2:/PullRequest:/1434:/SL-Micro/product/repo/SLES-6.2-s390x/repodata/repomd.xml
2026-01-15 14:31:58 INFO     Submission skipped: RepoHash metadata not found at http://download.suse.de/ibs/SUSE:/SLFO:/1.2:/PullRequest:/1434:/SL-Micro/product/repo/SLES-6.2-ppc64le/repodata/repomd.xml
2026-01-15 14:31:58 INFO     Submission skipped: RepoHash metadata not found at http://download.suse.de/ibs/SUSE:/SLFO:/1.2:/PullRequest:/1434:/SL-Micro/product/repo/SLES-6.2-aarch64/repodata/repomd.xml
2026-01-15 14:31:58 INFO     Submission skipped: RepoHash metadata not found at http://download.suse.de/ibs/SUSE:/SLFO:/1.2:/PullRequest:/1434:/SL-Micro/product/repo/SLES-6.2-x86_64/repodata/repomd.xml
2026-01-15 14:31:58 INFO     Submission skipped: RepoHash metadata not found at http://download.suse.de/ibs/SUSE:/SLFO:/1.2:/PullRequest:/1435:/SL-Micro/product/repo/SLES-6.2-s390x/repodata/repomd.xml
2026-01-15 14:31:58 INFO     Submission skipped: RepoHash metadata not found at http://download.suse.de/ibs/SUSE:/SLFO:/1.2:/PullRequest:/1435:/SL-Micro/product/repo/SLES-6.2-ppc64le/repodata/repomd.xml
2026-01-15 14:31:58 INFO     Submission skipped: RepoHash metadata not found at http://download.suse.de/ibs/SUSE:/SLFO:/1.2:/PullRequest:/1435:/SL-Micro/product/repo/SLES-6.2-aarch64/repodata/repomd.xml
2026-01-15 14:31:58 INFO     Submission skipped: RepoHash metadata not found at http://download.suse.de/ibs/SUSE:/SLFO:/1.2:/PullRequest:/1435:/SL-Micro/product/repo/SLES-6.2-x86_64/repodata/repomd.xml
2026-01-15 14:31:58 INFO     Submission skipped: RepoHash metadata not found at http://download.suse.de/ibs/SUSE:/SLFO:/1.2:/PullRequest:/1438:/SL-Micro/product/repo/SLES-6.2-ppc64le/repodata/repomd.xml
2026-01-15 14:31:58 INFO     Submission skipped: RepoHash metadata not found at http://download.suse.de/ibs/SUSE:/SLFO:/1.2:/PullRequest:/1438:/SL-Micro/product/repo/SLES-6.2-s390x/repodata/repomd.xml
2026-01-15 14:31:58 INFO     Submission skipped: RepoHash metadata not found at http://download.suse.de/ibs/SUSE:/SLFO:/1.2:/PullRequest:/1438:/SL-Micro/product/repo/SLES-6.2-aarch64/repodata/repomd.xml
2026-01-15 14:31:58 INFO     Submission skipped: RepoHash metadata not found at http://download.suse.de/ibs/SUSE:/SLFO:/1.2:/PullRequest:/1438:/SL-Micro/product/repo/SLES-6.2-x86_64/repodata/repomd.xml
2026-01-15 14:31:58 INFO     Submission skipped: RepoHash metadata not found at http://download.suse.de/ibs/SUSE:/SLFO:/1.2:/PullRequest:/1444:/SL-Micro/product/repo/SLES-6.2-s390x/repodata/repomd.xml
2026-01-15 14:31:58 INFO     Submission skipped: RepoHash metadata not found at http://download.suse.de/ibs/SUSE:/SLFO:/1.2:/PullRequest:/1444:/SL-Micro/product/repo/SLES-6.2-ppc64le/repodata/repomd.xml
2026-01-15 14:31:58 INFO     Submission skipped: RepoHash metadata not found at http://download.suse.de/ibs/SUSE:/SLFO:/1.2:/PullRequest:/1444:/SL-Micro/product/repo/SLES-6.2-x86_64/repodata/repomd.xml
2026-01-15 14:31:58 INFO     Submission skipped: RepoHash metadata not found at http://download.suse.de/ibs/SUSE:/SLFO:/1.2:/PullRequest:/1444:/SL-Micro/product/repo/SLES-6.2-aarch64/repodata/repomd.xml
2026-01-15 14:31:58 INFO     Submission skipped: RepoHash metadata not found at http://download.suse.de/ibs/SUSE:/SLFO:/1.2:/PullRequest:/1445:/SL-Micro/product/repo/SLES-6.2-ppc64le/repodata/repomd.xml
2026-01-15 14:31:58 INFO     Submission skipped: RepoHash metadata not found at http://download.suse.de/ibs/SUSE:/SLFO:/1.2:/PullRequest:/1445:/SL-Micro/product/repo/SLES-6.2-s390x/repodata/repomd.xml
2026-01-15 14:31:58 INFO     Submission skipped: RepoHash metadata not found at http://download.suse.de/ibs/SUSE:/SLFO:/1.2:/PullRequest:/1445:/SL-Micro/product/repo/SLES-6.2-aarch64/repodata/repomd.xml
2026-01-15 14:31:58 INFO     Submission skipped: RepoHash metadata not found at http://download.suse.de/ibs/SUSE:/SLFO:/1.2:/PullRequest:/1445:/SL-Micro/product/repo/SLES-6.2-x86_64/repodata/repomd.xml
2026-01-15 14:31:58 INFO     Submission skipped: RepoHash metadata not found at http://download.suse.de/ibs/SUSE:/SLFO:/1.2:/PullRequest:/1453:/SL-Micro/product/repo/SLES-6.2-s390x/repodata/repomd.xml
2026-01-15 14:31:58 INFO     Submission skipped: RepoHash metadata not found at http://download.suse.de/ibs/SUSE:/SLFO:/1.2:/PullRequest:/1453:/SL-Micro/product/repo/SLES-6.2-x86_64/repodata/repomd.xml
2026-01-15 14:31:58 INFO     Submission skipped: RepoHash metadata not found at http://download.suse.de/ibs/SUSE:/SLFO:/1.2:/PullRequest:/1453:/SL-Micro/product/repo/SLES-6.2-aarch64/repodata/repomd.xml
2026-01-15 14:31:58 INFO     Submission skipped: RepoHash metadata not found at http://download.suse.de/ibs/SUSE:/SLFO:/1.2:/PullRequest:/1453:/SL-Micro/product/repo/SLES-6.2-ppc64le/repodata/repomd.xml
2026-01-15 14:31:58 INFO     Submission skipped: RepoHash metadata not found at http://download.suse.de/ibs/SUSE:/SLFO:/1.2:/PullRequest:/1454:/SL-Micro/product/repo/SLES-6.2-s390x/repodata/repomd.xml
2026-01-15 14:31:58 INFO     Submission skipped: RepoHash metadata not found at http://download.suse.de/ibs/SUSE:/SLFO:/1.2:/PullRequest:/1454:/SL-Micro/product/repo/SLES-6.2-aarch64/repodata/repomd.xml
2026-01-15 14:31:58 INFO     Submission skipped: RepoHash metadata not found at http://download.suse.de/ibs/SUSE:/SLFO:/1.2:/PullRequest:/1454:/SL-Micro/product/repo/SLES-6.2-ppc64le/repodata/repomd.xml
2026-01-15 14:31:58 INFO     Submission skipped: RepoHash metadata not found at http://download.suse.de/ibs/SUSE:/SLFO:/1.2:/PullRequest:/1454:/SL-Micro/product/repo/SLES-6.2-x86_64/repodata/repomd.xml
2026-01-15 14:31:58 INFO     Submission skipped: RepoHash metadata not found at http://download.suse.de/ibs/SUSE:/SLFO:/1.2:/PullRequest:/1459:/SL-Micro/product/repo/SLES-6.2-s390x/repodata/repomd.xml
2026-01-15 14:31:58 INFO     Submission skipped: RepoHash metadata not found at http://download.suse.de/ibs/SUSE:/SLFO:/1.2:/PullRequest:/1459:/SL-Micro/product/repo/SLES-6.2-ppc64le/repodata/repomd.xml
2026-01-15 14:31:58 INFO     Submission skipped: RepoHash metadata not found at http://download.suse.de/ibs/SUSE:/SLFO:/1.2:/PullRequest:/1459:/SL-Micro/product/repo/SLES-6.2-x86_64/repodata/repomd.xml
2026-01-15 14:31:58 INFO     Submission skipped: RepoHash metadata not found at http://download.suse.de/ibs/SUSE:/SLFO:/1.2:/PullRequest:/1459:/SL-Micro/product/repo/SLES-6.2-aarch64/repodata/repomd.xml
2026-01-15 14:31:58 INFO     Submission skipped: RepoHash metadata not found at http://download.suse.de/ibs/SUSE:/SLFO:/1.2:/PullRequest:/1476:/SL-Micro/product/repo/SLES-6.2-s390x/repodata/repomd.xml
2026-01-15 14:31:58 INFO     Submission skipped: RepoHash metadata not found at http://download.suse.de/ibs/SUSE:/SLFO:/1.2:/PullRequest:/1476:/SL-Micro/product/repo/SLES-6.2-x86_64/repodata/repomd.xml
2026-01-15 14:31:58 INFO     Submission skipped: RepoHash metadata not found at http://download.suse.de/ibs/SUSE:/SLFO:/1.2:/PullRequest:/1476:/SL-Micro/product/repo/SLES-6.2-ppc64le/repodata/repomd.xml
2026-01-15 14:31:58 INFO     Submission skipped: RepoHash metadata not found at http://download.suse.de/ibs/SUSE:/SLFO:/1.2:/PullRequest:/1476:/SL-Micro/product/repo/SLES-6.2-aarch64/repodata/repomd.xml
2026-01-15 14:31:58 INFO     Submission skipped: RepoHash metadata not found at http://download.suse.de/ibs/SUSE:/SLFO:/1.2:/PullRequest:/1482:/SL-Micro/product/repo/SLES-6.2-aarch64/repodata/repomd.xml
2026-01-15 14:31:58 INFO     Submission skipped: RepoHash metadata not found at http://download.suse.de/ibs/SUSE:/SLFO:/1.2:/PullRequest:/1482:/SL-Micro/product/repo/SLES-6.2-x86_64/repodata/repomd.xml
2026-01-15 14:31:58 INFO     Submission skipped: RepoHash metadata not found at http://download.suse.de/ibs/SUSE:/SLFO:/1.2:/PullRequest:/1482:/SL-Micro/product/repo/SLES-6.2-s390x/repodata/repomd.xml
2026-01-15 14:31:58 INFO     Submission skipped: RepoHash metadata not found at http://download.suse.de/ibs/SUSE:/SLFO:/1.2:/PullRequest:/1482:/SL-Micro/product/repo/SLES-6.2-ppc64le/repodata/repomd.xml
2026-01-15 14:31:58 INFO     Submission skipped: RepoHash metadata not found at http://download.suse.de/ibs/SUSE:/SLFO:/1.2:/PullRequest:/1483:/SL-Micro/product/repo/SLES-6.2-s390x/repodata/repomd.xml
2026-01-15 14:31:58 INFO     Submission skipped: RepoHash metadata not found at http://download.suse.de/ibs/SUSE:/SLFO:/1.2:/PullRequest:/1483:/SL-Micro/product/repo/SLES-6.2-aarch64/repodata/repomd.xml
2026-01-15 14:31:58 INFO     Submission skipped: RepoHash metadata not found at http://download.suse.de/ibs/SUSE:/SLFO:/1.2:/PullRequest:/1483:/SL-Micro/product/repo/SLES-6.2-x86_64/repodata/repomd.xml
2026-01-15 14:31:58 INFO     Submission skipped: RepoHash metadata not found at http://download.suse.de/ibs/SUSE:/SLFO:/1.2:/PullRequest:/1483:/SL-Micro/product/repo/SLES-6.2-ppc64le/repodata/repomd.xml
2026-01-15 14:31:58 INFO     Submission skipped: RepoHash metadata not found at http://download.suse.de/ibs/SUSE:/SLFO:/1.2:/PullRequest:/1486:/SL-Micro/product/repo/SLES-6.2-aarch64/repodata/repomd.xml
2026-01-15 14:31:58 INFO     Submission skipped: RepoHash metadata not found at http://download.suse.de/ibs/SUSE:/SLFO:/1.2:/PullRequest:/1486:/SL-Micro/product/repo/SLES-6.2-x86_64/repodata/repomd.xml
2026-01-15 14:31:58 INFO     Submission skipped: RepoHash metadata not found at http://download.suse.de/ibs/SUSE:/SLFO:/1.2:/PullRequest:/1486:/SL-Micro/product/repo/SLES-6.2-s390x/repodata/repomd.xml
2026-01-15 14:31:58 INFO     Submission skipped: RepoHash metadata not found at http://download.suse.de/ibs/SUSE:/SLFO:/1.2:/PullRequest:/1486:/SL-Micro/product/repo/SLES-6.2-ppc64le/repodata/repomd.xml
2026-01-15 14:31:58 INFO     Submission skipped: RepoHash metadata not found at http://download.suse.de/ibs/SUSE:/SLFO:/1.2:/PullRequest:/1512:/SL-Micro/product/repo/SLES-6.2-ppc64le/repodata/repomd.xml
2026-01-15 14:31:58 INFO     Submission skipped: RepoHash metadata not found at http://download.suse.de/ibs/SUSE:/SLFO:/1.2:/PullRequest:/1512:/SL-Micro/product/repo/SLES-6.2-x86_64/repodata/repomd.xml
2026-01-15 14:31:58 INFO     Submission skipped: RepoHash metadata not found at http://download.suse.de/ibs/SUSE:/SLFO:/1.2:/PullRequest:/1512:/SL-Micro/product/repo/SLES-6.2-s390x/repodata/repomd.xml
2026-01-15 14:31:58 INFO     Submission skipped: RepoHash metadata not found at http://download.suse.de/ibs/SUSE:/SLFO:/1.2:/PullRequest:/1512:/SL-Micro/product/repo/SLES-6.2-aarch64/repodata/repomd.xml
2026-01-15 14:31:58 INFO     Submission skipped: RepoHash metadata not found at http://download.suse.de/ibs/SUSE:/SLFO:/1.2:/PullRequest:/1537:/SL-Micro/product/repo/SLES-6.2-s390x/repodata/repomd.xml
2026-01-15 14:31:59 INFO     Submission skipped: RepoHash metadata not found at http://download.suse.de/ibs/SUSE:/SLFO:/1.2:/PullRequest:/1537:/SL-Micro/product/repo/SLES-6.2-aarch64/repodata/repomd.xml
2026-01-15 14:31:59 INFO     Submission skipped: RepoHash metadata not found at http://download.suse.de/ibs/SUSE:/SLFO:/1.2:/PullRequest:/1537:/SL-Micro/product/repo/SLES-6.2-ppc64le/repodata/repomd.xml
2026-01-15 14:31:59 INFO     Submission skipped: RepoHash metadata not found at http://download.suse.de/ibs/SUSE:/SLFO:/1.2:/PullRequest:/1537:/SL-Micro/product/repo/SLES-6.2-x86_64/repodata/repomd.xml
2026-01-15 14:31:59 INFO     Submission skipped: RepoHash metadata not found at http://download.suse.de/ibs/SUSE:/SLFO:/1.2:/PullRequest:/1538:/SL-Micro/product/repo/SLES-6.2-x86_64/repodata/repomd.xml
2026-01-15 14:31:59 INFO     Submission skipped: RepoHash metadata not found at http://download.suse.de/ibs/SUSE:/SLFO:/1.2:/PullRequest:/1538:/SL-Micro/product/repo/SLES-6.2-s390x/repodata/repomd.xml
2026-01-15 14:31:59 INFO     Submission skipped: RepoHash metadata not found at http://download.suse.de/ibs/SUSE:/SLFO:/1.2:/PullRequest:/1538:/SL-Micro/product/repo/SLES-6.2-ppc64le/repodata/repomd.xml
2026-01-15 14:31:59 INFO     Submission skipped: RepoHash metadata not found at http://download.suse.de/ibs/SUSE:/SLFO:/1.2:/PullRequest:/1538:/SL-Micro/product/repo/SLES-6.2-aarch64/repodata/repomd.xml
2026-01-15 14:31:59 INFO     Submission skipped: RepoHash metadata not found at http://download.suse.de/ibs/SUSE:/SLFO:/1.2:/PullRequest:/1543:/SL-Micro/product/repo/SLES-6.2-aarch64/repodata/repomd.xml
2026-01-15 14:31:59 INFO     Submission skipped: RepoHash metadata not found at http://download.suse.de/ibs/SUSE:/SLFO:/1.2:/PullRequest:/1543:/SL-Micro/product/repo/SLES-6.2-s390x/repodata/repomd.xml
2026-01-15 14:31:59 INFO     Submission skipped: RepoHash metadata not found at http://download.suse.de/ibs/SUSE:/SLFO:/1.2:/PullRequest:/1543:/SL-Micro/product/repo/SLES-6.2-ppc64le/repodata/repomd.xml
2026-01-15 14:31:59 INFO     Submission skipped: RepoHash metadata not found at http://download.suse.de/ibs/SUSE:/SLFO:/1.2:/PullRequest:/1543:/SL-Micro/product/repo/SLES-6.2-x86_64/repodata/repomd.xml
2026-01-15 14:31:59 INFO     Submission skipped: RepoHash metadata not found at http://download.suse.de/ibs/SUSE:/SLFO:/1.2:/PullRequest:/1544:/SL-Micro/product/repo/SLES-6.2-ppc64le/repodata/repomd.xml
2026-01-15 14:31:59 INFO     Submission skipped: RepoHash metadata not found at http://download.suse.de/ibs/SUSE:/SLFO:/1.2:/PullRequest:/1544:/SL-Micro/product/repo/SLES-6.2-x86_64/repodata/repomd.xml
2026-01-15 14:31:59 INFO     Submission skipped: RepoHash metadata not found at http://download.suse.de/ibs/SUSE:/SLFO:/1.2:/PullRequest:/1544:/SL-Micro/product/repo/SLES-6.2-aarch64/repodata/repomd.xml
2026-01-15 14:31:59 INFO     Submission skipped: RepoHash metadata not found at http://download.suse.de/ibs/SUSE:/SLFO:/1.2:/PullRequest:/1544:/SL-Micro/product/repo/SLES-6.2-s390x/repodata/repomd.xml
2026-01-15 14:31:59 INFO     Submission skipped: RepoHash metadata not found at http://download.suse.de/ibs/SUSE:/SLFO:/1.2:/PullRequest:/1546:/SL-Micro/product/repo/SLES-6.2-x86_64/repodata/repomd.xml
2026-01-15 14:31:59 INFO     Submission skipped: RepoHash metadata not found at http://download.suse.de/ibs/SUSE:/SLFO:/1.2:/PullRequest:/1546:/SL-Micro/product/repo/SLES-6.2-s390x/repodata/repomd.xml
2026-01-15 14:31:59 INFO     Submission skipped: RepoHash metadata not found at http://download.suse.de/ibs/SUSE:/SLFO:/1.2:/PullRequest:/1546:/SL-Micro/product/repo/SLES-6.2-ppc64le/repodata/repomd.xml
2026-01-15 14:31:59 INFO     Submission skipped: RepoHash metadata not found at http://download.suse.de/ibs/SUSE:/SLFO:/1.2:/PullRequest:/1546:/SL-Micro/product/repo/SLES-6.2-aarch64/repodata/repomd.xml
2026-01-15 14:31:59 INFO     Submission skipped: RepoHash metadata not found at http://download.suse.de/ibs/SUSE:/SLFO:/1.2:/PullRequest:/1554:/SL-Micro/product/repo/SLES-6.2-ppc64le/repodata/repomd.xml
2026-01-15 14:31:59 INFO     Submission skipped: RepoHash metadata not found at http://download.suse.de/ibs/SUSE:/SLFO:/1.2:/PullRequest:/1554:/SL-Micro/product/repo/SLES-6.2-x86_64/repodata/repomd.xml
2026-01-15 14:31:59 INFO     Submission skipped: RepoHash metadata not found at http://download.suse.de/ibs/SUSE:/SLFO:/1.2:/PullRequest:/1554:/SL-Micro/product/repo/SLES-6.2-aarch64/repodata/repomd.xml
2026-01-15 14:31:59 INFO     Submission skipped: RepoHash metadata not found at http://download.suse.de/ibs/SUSE:/SLFO:/1.2:/PullRequest:/1554:/SL-Micro/product/repo/SLES-6.2-s390x/repodata/repomd.xml
2026-01-15 14:31:59 INFO     Submission skipped: RepoHash metadata not found at http://download.suse.de/ibs/SUSE:/SLFO:/1.2:/PullRequest:/1557:/SL-Micro/product/repo/SLES-6.2-ppc64le/repodata/repomd.xml
2026-01-15 14:31:59 INFO     Submission skipped: RepoHash metadata not found at http://download.suse.de/ibs/SUSE:/SLFO:/1.2:/PullRequest:/1557:/SL-Micro/product/repo/SLES-6.2-aarch64/repodata/repomd.xml
2026-01-15 14:31:59 INFO     Submission skipped: RepoHash metadata not found at http://download.suse.de/ibs/SUSE:/SLFO:/1.2:/PullRequest:/1557:/SL-Micro/product/repo/SLES-6.2-x86_64/repodata/repomd.xml
2026-01-15 14:31:59 INFO     Submission skipped: RepoHash metadata not found at http://download.suse.de/ibs/SUSE:/SLFO:/1.2:/PullRequest:/1557:/SL-Micro/product/repo/SLES-6.2-s390x/repodata/repomd.xml
2026-01-15 14:31:59 INFO     Submission skipped: RepoHash metadata not found at http://download.suse.de/ibs/SUSE:/SLFO:/1.2:/PullRequest:/1572:/SL-Micro/product/repo/SLES-6.2-aarch64/repodata/repomd.xml
2026-01-15 14:31:59 INFO     Submission skipped: RepoHash metadata not found at http://download.suse.de/ibs/SUSE:/SLFO:/1.2:/PullRequest:/1572:/SL-Micro/product/repo/SLES-6.2-ppc64le/repodata/repomd.xml
2026-01-15 14:31:59 INFO     Submission skipped: RepoHash metadata not found at http://download.suse.de/ibs/SUSE:/SLFO:/1.2:/PullRequest:/1572:/SL-Micro/product/repo/SLES-6.2-s390x/repodata/repomd.xml
2026-01-15 14:31:59 INFO     Submission skipped: RepoHash metadata not found at http://download.suse.de/ibs/SUSE:/SLFO:/1.2:/PullRequest:/1572:/SL-Micro/product/repo/SLES-6.2-x86_64/repodata/repomd.xml
2026-01-15 14:31:59 INFO     Submission skipped: RepoHash metadata not found at http://download.suse.de/ibs/SUSE:/SLFO:/1.2:/PullRequest:/1576:/SL-Micro/product/repo/SLES-6.2-x86_64/repodata/repomd.xml
2026-01-15 14:31:59 INFO     Submission skipped: RepoHash metadata not found at http://download.suse.de/ibs/SUSE:/SLFO:/1.2:/PullRequest:/1576:/SL-Micro/product/repo/SLES-6.2-s390x/repodata/repomd.xml
2026-01-15 14:31:59 INFO     Submission skipped: RepoHash metadata not found at http://download.suse.de/ibs/SUSE:/SLFO:/1.2:/PullRequest:/1576:/SL-Micro/product/repo/SLES-6.2-ppc64le/repodata/repomd.xml
2026-01-15 14:31:59 INFO     Submission skipped: RepoHash metadata not found at http://download.suse.de/ibs/SUSE:/SLFO:/1.2:/PullRequest:/1576:/SL-Micro/product/repo/SLES-6.2-aarch64/repodata/repomd.xml
2026-01-15 14:31:59 INFO     Submission skipped: RepoHash metadata not found at http://download.suse.de/ibs/SUSE:/SLFO:/1.2:/PullRequest:/1577:/SL-Micro/product/repo/SLES-6.2-x86_64/repodata/repomd.xml
2026-01-15 14:31:59 INFO     Submission skipped: RepoHash metadata not found at http://download.suse.de/ibs/SUSE:/SLFO:/1.2:/PullRequest:/1577:/SL-Micro/product/repo/SLES-6.2-s390x/repodata/repomd.xml
2026-01-15 14:31:59 INFO     Submission skipped: RepoHash metadata not found at http://download.suse.de/ibs/SUSE:/SLFO:/1.2:/PullRequest:/1577:/SL-Micro/product/repo/SLES-6.2-ppc64le/repodata/repomd.xml
2026-01-15 14:31:59 INFO     Submission skipped: RepoHash metadata not found at http://download.suse.de/ibs/SUSE:/SLFO:/1.2:/PullRequest:/1577:/SL-Micro/product/repo/SLES-6.2-aarch64/repodata/repomd.xml
2026-01-15 14:31:59 INFO     Submission skipped: RepoHash metadata not found at http://download.suse.de/ibs/SUSE:/SLFO:/1.2:/PullRequest:/1578:/SL-Micro/product/repo/SLES-6.2-aarch64/repodata/repomd.xml
2026-01-15 14:31:59 INFO     Submission skipped: RepoHash metadata not found at http://download.suse.de/ibs/SUSE:/SLFO:/1.2:/PullRequest:/1578:/SL-Micro/product/repo/SLES-6.2-ppc64le/repodata/repomd.xml
2026-01-15 14:31:59 INFO     Submission skipped: RepoHash metadata not found at http://download.suse.de/ibs/SUSE:/SLFO:/1.2:/PullRequest:/1578:/SL-Micro/product/repo/SLES-6.2-s390x/repodata/repomd.xml
2026-01-15 14:31:59 INFO     Submission skipped: RepoHash metadata not found at http://download.suse.de/ibs/SUSE:/SLFO:/1.2:/PullRequest:/1578:/SL-Micro/product/repo/SLES-6.2-x86_64/repodata/repomd.xml
2026-01-15 14:31:59 INFO     Submission skipped: RepoHash metadata not found at http://download.suse.de/ibs/SUSE:/SLFO:/1.2:/PullRequest:/1579:/SL-Micro/product/repo/SLES-6.2-aarch64/repodata/repomd.xml
2026-01-15 14:31:59 INFO     Submission skipped: RepoHash metadata not found at http://download.suse.de/ibs/SUSE:/SLFO:/1.2:/PullRequest:/1579:/SL-Micro/product/repo/SLES-6.2-ppc64le/repodata/repomd.xml
2026-01-15 14:31:59 INFO     Submission skipped: RepoHash metadata not found at http://download.suse.de/ibs/SUSE:/SLFO:/1.2:/PullRequest:/1579:/SL-Micro/product/repo/SLES-6.2-s390x/repodata/repomd.xml
2026-01-15 14:31:59 INFO     Submission skipped: RepoHash metadata not found at http://download.suse.de/ibs/SUSE:/SLFO:/1.2:/PullRequest:/1579:/SL-Micro/product/repo/SLES-6.2-x86_64/repodata/repomd.xml
2026-01-15 14:31:59 INFO     Submission skipped: RepoHash metadata not found at http://download.suse.de/ibs/SUSE:/SLFO:/1.2:/PullRequest:/1586:/SL-Micro/product/repo/SLES-6.2-aarch64/repodata/repomd.xml
2026-01-15 14:31:59 INFO     Submission skipped: RepoHash metadata not found at http://download.suse.de/ibs/SUSE:/SLFO:/1.2:/PullRequest:/1586:/SL-Micro/product/repo/SLES-6.2-ppc64le/repodata/repomd.xml
2026-01-15 14:31:59 INFO     Submission skipped: RepoHash metadata not found at http://download.suse.de/ibs/SUSE:/SLFO:/1.2:/PullRequest:/1586:/SL-Micro/product/repo/SLES-6.2-s390x/repodata/repomd.xml
2026-01-15 14:31:59 INFO     Submission skipped: RepoHash metadata not found at http://download.suse.de/ibs/SUSE:/SLFO:/1.2:/PullRequest:/1586:/SL-Micro/product/repo/SLES-6.2-x86_64/repodata/repomd.xml
2026-01-15 14:31:59 INFO     Submission skipped: RepoHash metadata not found at http://download.suse.de/ibs/SUSE:/SLFO:/1.2:/PullRequest:/1589:/SL-Micro/product/repo/SLES-6.2-ppc64le/repodata/repomd.xml
2026-01-15 14:31:59 INFO     Submission skipped: RepoHash metadata not found at http://download.suse.de/ibs/SUSE:/SLFO:/1.2:/PullRequest:/1589:/SL-Micro/product/repo/SLES-6.2-aarch64/repodata/repomd.xml
2026-01-15 14:31:59 INFO     Submission skipped: RepoHash metadata not found at http://download.suse.de/ibs/SUSE:/SLFO:/1.2:/PullRequest:/1589:/SL-Micro/product/repo/SLES-6.2-x86_64/repodata/repomd.xml
2026-01-15 14:31:59 INFO     Submission skipped: RepoHash metadata not found at http://download.suse.de/ibs/SUSE:/SLFO:/1.2:/PullRequest:/1589:/SL-Micro/product/repo/SLES-6.2-s390x/repodata/repomd.xml
2026-01-15 14:31:59 INFO     Submission skipped: RepoHash metadata not found at http://download.suse.de/ibs/SUSE:/SLFO:/1.2:/PullRequest:/1595:/SL-Micro/product/repo/SLES-6.2-x86_64/repodata/repomd.xml
2026-01-15 14:31:59 INFO     Submission skipped: RepoHash metadata not found at http://download.suse.de/ibs/SUSE:/SLFO:/1.2:/PullRequest:/1595:/SL-Micro/product/repo/SLES-6.2-aarch64/repodata/repomd.xml
2026-01-15 14:31:59 INFO     Submission skipped: RepoHash metadata not found at http://download.suse.de/ibs/SUSE:/SLFO:/1.2:/PullRequest:/1595:/SL-Micro/product/repo/SLES-6.2-ppc64le/repodata/repomd.xml
2026-01-15 14:31:59 INFO     Submission skipped: RepoHash metadata not found at http://download.suse.de/ibs/SUSE:/SLFO:/1.2:/PullRequest:/1595:/SL-Micro/product/repo/SLES-6.2-s390x/repodata/repomd.xml
2026-01-15 14:31:59 INFO     Submission skipped: RepoHash metadata not found at http://download.suse.de/ibs/SUSE:/SLFO:/1.2:/PullRequest:/1602:/SL-Micro/product/repo/SLES-6.2-ppc64le/repodata/repomd.xml
2026-01-15 14:31:59 INFO     Submission skipped: RepoHash metadata not found at http://download.suse.de/ibs/SUSE:/SLFO:/1.2:/PullRequest:/1602:/SL-Micro/product/repo/SLES-6.2-aarch64/repodata/repomd.xml
2026-01-15 14:31:59 INFO     Submission skipped: RepoHash metadata not found at http://download.suse.de/ibs/SUSE:/SLFO:/1.2:/PullRequest:/1602:/SL-Micro/product/repo/SLES-6.2-s390x/repodata/repomd.xml
2026-01-15 14:31:59 INFO     Submission skipped: RepoHash metadata not found at http://download.suse.de/ibs/SUSE:/SLFO:/1.2:/PullRequest:/1602:/SL-Micro/product/repo/SLES-6.2-x86_64/repodata/repomd.xml
2026-01-15 14:31:59 INFO     Submission skipped: RepoHash metadata not found at http://download.suse.de/ibs/SUSE:/SLFO:/1.2:/PullRequest:/1603:/SL-Micro/product/repo/SLES-6.2-aarch64/repodata/repomd.xml
2026-01-15 14:31:59 INFO     Submission skipped: RepoHash metadata not found at http://download.suse.de/ibs/SUSE:/SLFO:/1.2:/PullRequest:/1603:/SL-Micro/product/repo/SLES-6.2-ppc64le/repodata/repomd.xml
2026-01-15 14:31:59 INFO     Submission skipped: RepoHash metadata not found at http://download.suse.de/ibs/SUSE:/SLFO:/1.2:/PullRequest:/1603:/SL-Micro/product/repo/SLES-6.2-s390x/repodata/repomd.xml
2026-01-15 14:31:59 INFO     Submission skipped: RepoHash metadata not found at http://download.suse.de/ibs/SUSE:/SLFO:/1.2:/PullRequest:/1603:/SL-Micro/product/repo/SLES-6.2-x86_64/repodata/repomd.xml
2026-01-15 14:31:59 INFO     Submission skipped: RepoHash metadata not found at http://download.suse.de/ibs/SUSE:/SLFO:/1.2:/PullRequest:/1604:/SL-Micro/product/repo/SLES-6.2-aarch64/repodata/repomd.xml
2026-01-15 14:31:59 INFO     Submission skipped: RepoHash metadata not found at http://download.suse.de/ibs/SUSE:/SLFO:/1.2:/PullRequest:/1604:/SL-Micro/product/repo/SLES-6.2-ppc64le/repodata/repomd.xml
2026-01-15 14:31:59 INFO     Submission skipped: RepoHash metadata not found at http://download.suse.de/ibs/SUSE:/SLFO:/1.2:/PullRequest:/1604:/SL-Micro/product/repo/SLES-6.2-s390x/repodata/repomd.xml
2026-01-15 14:31:59 INFO     Submission skipped: RepoHash metadata not found at http://download.suse.de/ibs/SUSE:/SLFO:/1.2:/PullRequest:/1604:/SL-Micro/product/repo/SLES-6.2-x86_64/repodata/repomd.xml
2026-01-15 14:31:59 INFO     Submission skipped: RepoHash metadata not found at http://download.suse.de/ibs/SUSE:/SLFO:/1.2:/PullRequest:/1605:/SL-Micro/product/repo/SLES-6.2-x86_64/repodata/repomd.xml
2026-01-15 14:31:59 INFO     Submission skipped: RepoHash metadata not found at http://download.suse.de/ibs/SUSE:/SLFO:/1.2:/PullRequest:/1605:/SL-Micro/product/repo/SLES-6.2-s390x/repodata/repomd.xml
2026-01-15 14:31:59 INFO     Submission skipped: RepoHash metadata not found at http://download.suse.de/ibs/SUSE:/SLFO:/1.2:/PullRequest:/1605:/SL-Micro/product/repo/SLES-6.2-ppc64le/repodata/repomd.xml
2026-01-15 14:31:59 INFO     Submission skipped: RepoHash metadata not found at http://download.suse.de/ibs/SUSE:/SLFO:/1.2:/PullRequest:/1605:/SL-Micro/product/repo/SLES-6.2-aarch64/repodata/repomd.xml
2026-01-15 14:31:59 INFO     Submission skipped: RepoHash metadata not found at http://download.suse.de/ibs/SUSE:/SLFO:/1.2:/PullRequest:/1606:/SL-Micro/product/repo/SLES-6.2-ppc64le/repodata/repomd.xml
2026-01-15 14:31:59 INFO     Submission skipped: RepoHash metadata not found at http://download.suse.de/ibs/SUSE:/SLFO:/1.2:/PullRequest:/1606:/SL-Micro/product/repo/SLES-6.2-s390x/repodata/repomd.xml
2026-01-15 14:31:59 INFO     Submission skipped: RepoHash metadata not found at http://download.suse.de/ibs/SUSE:/SLFO:/1.2:/PullRequest:/1606:/SL-Micro/product/repo/SLES-6.2-x86_64/repodata/repomd.xml
2026-01-15 14:31:59 INFO     Submission skipped: RepoHash metadata not found at http://download.suse.de/ibs/SUSE:/SLFO:/1.2:/PullRequest:/1606:/SL-Micro/product/repo/SLES-6.2-aarch64/repodata/repomd.xml
2026-01-15 14:31:59 INFO     Submission skipped: RepoHash metadata not found at http://download.suse.de/ibs/SUSE:/SLFO:/1.2:/PullRequest:/1607:/SL-Micro/product/repo/SLES-6.2-x86_64/repodata/repomd.xml
2026-01-15 14:31:59 INFO     Submission skipped: RepoHash metadata not found at http://download.suse.de/ibs/SUSE:/SLFO:/1.2:/PullRequest:/1607:/SL-Micro/product/repo/SLES-6.2-s390x/repodata/repomd.xml
2026-01-15 14:31:59 INFO     Submission skipped: RepoHash metadata not found at http://download.suse.de/ibs/SUSE:/SLFO:/1.2:/PullRequest:/1607:/SL-Micro/product/repo/SLES-6.2-ppc64le/repodata/repomd.xml
2026-01-15 14:31:59 INFO     Submission skipped: RepoHash metadata not found at http://download.suse.de/ibs/SUSE:/SLFO:/1.2:/PullRequest:/1607:/SL-Micro/product/repo/SLES-6.2-aarch64/repodata/repomd.xml
2026-01-15 14:31:59 INFO     Submission skipped: RepoHash metadata not found at http://download.suse.de/ibs/SUSE:/SLFO:/1.2:/PullRequest:/1608:/SL-Micro/product/repo/SLES-6.2-ppc64le/repodata/repomd.xml
2026-01-15 14:31:59 INFO     Submission skipped: RepoHash metadata not found at http://download.suse.de/ibs/SUSE:/SLFO:/1.2:/PullRequest:/1608:/SL-Micro/product/repo/SLES-6.2-aarch64/repodata/repomd.xml
2026-01-15 14:31:59 INFO     Submission skipped: RepoHash metadata not found at http://download.suse.de/ibs/SUSE:/SLFO:/1.2:/PullRequest:/1608:/SL-Micro/product/repo/SLES-6.2-x86_64/repodata/repomd.xml
2026-01-15 14:31:59 INFO     Submission skipped: RepoHash metadata not found at http://download.suse.de/ibs/SUSE:/SLFO:/1.2:/PullRequest:/1608:/SL-Micro/product/repo/SLES-6.2-s390x/repodata/repomd.xml
2026-01-15 14:31:59 INFO     Submission skipped: RepoHash metadata not found at http://download.suse.de/ibs/SUSE:/SLFO:/1.2:/PullRequest:/1610:/SL-Micro/product/repo/SLES-6.2-ppc64le/repodata/repomd.xml
2026-01-15 14:31:59 INFO     Submission skipped: RepoHash metadata not found at http://download.suse.de/ibs/SUSE:/SLFO:/1.2:/PullRequest:/1610:/SL-Micro/product/repo/SLES-6.2-x86_64/repodata/repomd.xml
2026-01-15 14:31:59 INFO     Submission skipped: RepoHash metadata not found at http://download.suse.de/ibs/SUSE:/SLFO:/1.2:/PullRequest:/1610:/SL-Micro/product/repo/SLES-6.2-aarch64/repodata/repomd.xml
2026-01-15 14:31:59 INFO     Submission skipped: RepoHash metadata not found at http://download.suse.de/ibs/SUSE:/SLFO:/1.2:/PullRequest:/1610:/SL-Micro/product/repo/SLES-6.2-s390x/repodata/repomd.xml
2026-01-15 14:31:59 INFO     Submission skipped: RepoHash metadata not found at http://download.suse.de/ibs/SUSE:/SLFO:/1.2:/PullRequest:/1611:/SL-Micro/product/repo/SLES-6.2-aarch64/repodata/repomd.xml
2026-01-15 14:31:59 INFO     Submission skipped: RepoHash metadata not found at http://download.suse.de/ibs/SUSE:/SLFO:/1.2:/PullRequest:/1611:/SL-Micro/product/repo/SLES-6.2-ppc64le/repodata/repomd.xml
2026-01-15 14:31:59 INFO     Submission skipped: RepoHash metadata not found at http://download.suse.de/ibs/SUSE:/SLFO:/1.2:/PullRequest:/1611:/SL-Micro/product/repo/SLES-6.2-s390x/repodata/repomd.xml
2026-01-15 14:31:59 INFO     Submission skipped: RepoHash metadata not found at http://download.suse.de/ibs/SUSE:/SLFO:/1.2:/PullRequest:/1611:/SL-Micro/product/repo/SLES-6.2-x86_64/repodata/repomd.xml
2026-01-15 14:31:59 INFO     Submission skipped: RepoHash metadata not found at http://download.suse.de/ibs/SUSE:/SLFO:/1.2:/PullRequest:/1622:/SL-Micro/product/repo/SLES-6.2-x86_64/repodata/repomd.xml
2026-01-15 14:31:59 INFO     Submission skipped: RepoHash metadata not found at http://download.suse.de/ibs/SUSE:/SLFO:/1.2:/PullRequest:/1622:/SL-Micro/product/repo/SLES-6.2-s390x/repodata/repomd.xml
2026-01-15 14:31:59 INFO     Submission skipped: RepoHash metadata not found at http://download.suse.de/ibs/SUSE:/SLFO:/1.2:/PullRequest:/1622:/SL-Micro/product/repo/SLES-6.2-ppc64le/repodata/repomd.xml
2026-01-15 14:31:59 INFO     Submission skipped: RepoHash metadata not found at http://download.suse.de/ibs/SUSE:/SLFO:/1.2:/PullRequest:/1622:/SL-Micro/product/repo/SLES-6.2-aarch64/repodata/repomd.xml
2026-01-15 14:31:59 INFO     Submission skipped: RepoHash metadata not found at http://download.suse.de/ibs/SUSE:/SLFO:/1.2:/PullRequest:/1623:/SL-Micro/product/repo/SLES-6.2-aarch64/repodata/repomd.xml
2026-01-15 14:31:59 INFO     Submission skipped: RepoHash metadata not found at http://download.suse.de/ibs/SUSE:/SLFO:/1.2:/PullRequest:/1623:/SL-Micro/product/repo/SLES-6.2-ppc64le/repodata/repomd.xml
2026-01-15 14:31:59 INFO     Submission skipped: RepoHash metadata not found at http://download.suse.de/ibs/SUSE:/SLFO:/1.2:/PullRequest:/1623:/SL-Micro/product/repo/SLES-6.2-x86_64/repodata/repomd.xml
2026-01-15 14:31:59 INFO     Submission skipped: RepoHash metadata not found at http://download.suse.de/ibs/SUSE:/SLFO:/1.2:/PullRequest:/1623:/SL-Micro/product/repo/SLES-6.2-s390x/repodata/repomd.xml
2026-01-15 14:31:59 INFO     Submission skipped: RepoHash metadata not found at http://download.suse.de/ibs/SUSE:/SLFO:/1.2:/PullRequest:/1625:/SL-Micro/product/repo/SLES-6.2-s390x/repodata/repomd.xml
2026-01-15 14:31:59 INFO     Submission skipped: RepoHash metadata not found at http://download.suse.de/ibs/SUSE:/SLFO:/1.2:/PullRequest:/1625:/SL-Micro/product/repo/SLES-6.2-aarch64/repodata/repomd.xml
2026-01-15 14:31:59 INFO     Submission skipped: RepoHash metadata not found at http://download.suse.de/ibs/SUSE:/SLFO:/1.2:/PullRequest:/1625:/SL-Micro/product/repo/SLES-6.2-x86_64/repodata/repomd.xml
2026-01-15 14:31:59 INFO     Submission skipped: RepoHash metadata not found at http://download.suse.de/ibs/SUSE:/SLFO:/1.2:/PullRequest:/1625:/SL-Micro/product/repo/SLES-6.2-ppc64le/repodata/repomd.xml
2026-01-15 14:31:59 INFO     Submission skipped: RepoHash metadata not found at http://download.suse.de/ibs/SUSE:/SLFO:/1.2:/PullRequest:/1626:/SL-Micro/product/repo/SLES-6.2-aarch64/repodata/repomd.xml
2026-01-15 14:31:59 INFO     Submission skipped: RepoHash metadata not found at http://download.suse.de/ibs/SUSE:/SLFO:/1.2:/PullRequest:/1626:/SL-Micro/product/repo/SLES-6.2-s390x/repodata/repomd.xml
2026-01-15 14:31:59 INFO     Submission skipped: RepoHash metadata not found at http://download.suse.de/ibs/SUSE:/SLFO:/1.2:/PullRequest:/1626:/SL-Micro/product/repo/SLES-6.2-ppc64le/repodata/repomd.xml
2026-01-15 14:31:59 INFO     Submission skipped: RepoHash metadata not found at http://download.suse.de/ibs/SUSE:/SLFO:/1.2:/PullRequest:/1626:/SL-Micro/product/repo/SLES-6.2-x86_64/repodata/repomd.xml
2026-01-15 14:31:59 INFO     Submission skipped: RepoHash metadata not found at http://download.suse.de/ibs/SUSE:/SLFO:/1.2:/PullRequest:/1635:/SL-Micro/product/repo/SLES-6.2-aarch64/repodata/repomd.xml
2026-01-15 14:31:59 INFO     Submission skipped: RepoHash metadata not found at http://download.suse.de/ibs/SUSE:/SLFO:/1.2:/PullRequest:/1635:/SL-Micro/product/repo/SLES-6.2-ppc64le/repodata/repomd.xml
2026-01-15 14:31:59 INFO     Submission skipped: RepoHash metadata not found at http://download.suse.de/ibs/SUSE:/SLFO:/1.2:/PullRequest:/1635:/SL-Micro/product/repo/SLES-6.2-s390x/repodata/repomd.xml
2026-01-15 14:31:59 INFO     Submission skipped: RepoHash metadata not found at http://download.suse.de/ibs/SUSE:/SLFO:/1.2:/PullRequest:/1635:/SL-Micro/product/repo/SLES-6.2-x86_64/repodata/repomd.xml
2026-01-15 14:32:01 INFO     Submission skipped: RepoHash metadata not found at http://download.suse.de/ibs/SUSE:/Maintenance:/42123/SUSE_Updates_MultiLinuxManagerTools-Beta_Debian-12_x86_64/repodata/repomd.xml
2026-01-15 14:32:01 INFO     Submission skipped: RepoHash metadata not found at http://download.suse.de/ibs/SUSE:/Maintenance:/42123/SUSE_Updates_MultiLinuxManagerTools-Beta_Debian-12_aarch64/repodata/repomd.xml
2026-01-15 14:32:01 INFO     Submission skipped: RepoHash metadata not found at http://download.suse.de/ibs/SUSE:/Maintenance:/42124/SUSE_Updates_MultiLinuxManagerTools-Beta_Ubuntu-22.04_x86_64/repodata/repomd.xml
2026-01-15 14:32:01 INFO     Submission skipped: RepoHash metadata not found at http://download.suse.de/ibs/SUSE:/Maintenance:/42125/SUSE_Updates_MultiLinuxManagerTools-Beta_Ubuntu-24.04_x86_64/repodata/repomd.xml
2026-01-15 14:32:03 INFO     Submission 951 already scheduled for Online-HA-Updates-Staging on x86_64
2026-01-15 14:32:03 INFO     Submission 1385 already scheduled for Online-HA-Updates-Staging on x86_64
2026-01-15 14:32:03 INFO     Submission 1432 already scheduled for Online-HA-Updates-Staging on x86_64
2026-01-15 14:32:03 INFO     Submission 1433 already scheduled for Online-HA-Updates-Staging on x86_64
2026-01-15 14:32:03 INFO     Submission 1434 already scheduled for Online-HA-Updates-Staging on x86_64
2026-01-15 14:32:03 INFO     Submission 1438 already scheduled for Online-HA-Updates-Staging on x86_64
2026-01-15 14:32:03 INFO     Submission 1444 already scheduled for Online-HA-Updates-Staging on x86_64
2026-01-15 14:32:03 INFO     Submission 1445 already scheduled for Online-HA-Updates-Staging on x86_64
2026-01-15 14:32:03 INFO     Submission 1453 already scheduled for Online-HA-Updates-Staging on x86_64
2026-01-15 14:32:03 INFO     Submission 1454 already scheduled for Online-HA-Updates-Staging on x86_64
2026-01-15 14:32:03 INFO     Submission 1459 already scheduled for Online-HA-Updates-Staging on x86_64
2026-01-15 14:32:03 INFO     Submission 1476 already scheduled for Online-HA-Updates-Staging on x86_64
2026-01-15 14:32:03 INFO     Submission 1482 already scheduled for Online-HA-Updates-Staging on x86_64
2026-01-15 14:32:03 INFO     Submission 1483 already scheduled for Online-HA-Updates-Staging on x86_64
2026-01-15 14:32:03 INFO     Submission 1486 already scheduled for Online-HA-Updates-Staging on x86_64
2026-01-15 14:32:03 INFO     Submission 1512 already scheduled for Online-HA-Updates-Staging on x86_64
2026-01-15 14:32:03 INFO     Submission 1537 already scheduled for Online-HA-Updates-Staging on x86_64
2026-01-15 14:32:03 INFO     Submission 1538 already scheduled for Online-HA-Updates-Staging on x86_64
2026-01-15 14:32:03 INFO     Submission 1543 already scheduled for Online-HA-Updates-Staging on x86_64
2026-01-15 14:32:04 INFO     Submission 1544 already scheduled for Online-HA-Updates-Staging on x86_64
2026-01-15 14:32:04 INFO     Submission 1546 already scheduled for Online-HA-Updates-Staging on x86_64
2026-01-15 14:32:04 INFO     Submission 1554 already scheduled for Online-HA-Updates-Staging on x86_64
2026-01-15 14:32:04 INFO     Submission 1557 already scheduled for Online-HA-Updates-Staging on x86_64
2026-01-15 14:32:04 INFO     Submission 1572 already scheduled for Online-HA-Updates-Staging on x86_64
2026-01-15 14:32:04 INFO     Submission 1578 already scheduled for Online-HA-Updates-Staging on x86_64
2026-01-15 14:32:04 INFO     Submission 1589 already scheduled for Online-HA-Updates-Staging on x86_64
2026-01-15 14:32:04 INFO     Submission 1595 already scheduled for Online-HA-Updates-Staging on x86_64
2026-01-15 14:32:04 INFO     Submission 1602 already scheduled for Online-HA-Updates-Staging on x86_64
2026-01-15 14:32:04 INFO     Submission 1604 already scheduled for Online-HA-Updates-Staging on x86_64
2026-01-15 14:32:04 INFO     Submission 1606 already scheduled for Online-HA-Updates-Staging on x86_64
2026-01-15 14:32:04 INFO     Submission 1607 already scheduled for Online-HA-Updates-Staging on x86_64
2026-01-15 14:32:04 INFO     Submission 1610 already scheduled for Online-HA-Updates-Staging on x86_64
2026-01-15 14:32:04 INFO     Submission 1611 already scheduled for Online-HA-Updates-Staging on x86_64
2026-01-15 14:32:04 INFO     Submission 1622 already scheduled for Online-HA-Updates-Staging on x86_64
2026-01-15 14:32:04 INFO     Submission 1623 already scheduled for Online-HA-Updates-Staging on x86_64
2026-01-15 14:32:04 INFO     Submission 1625 already scheduled for Online-HA-Updates-Staging on x86_64
2026-01-15 14:32:04 INFO     Submission 1626 already scheduled for Online-HA-Updates-Staging on x86_64
2026-01-15 14:32:04 INFO     Submission 1635 already scheduled for Online-HA-Updates-Staging on x86_64
2026-01-15 14:32:04 INFO     Submission 951 already scheduled for Online-HA-Updates-Staging on ppc64le
2026-01-15 14:32:04 INFO     Submission 1385 already scheduled for Online-HA-Updates-Staging on ppc64le
2026-01-15 14:32:04 INFO     Submission 1432 already scheduled for Online-HA-Updates-Staging on ppc64le
2026-01-15 14:32:04 INFO     Submission 1433 already scheduled for Online-HA-Updates-Staging on ppc64le
2026-01-15 14:32:04 INFO     Submission 1434 already scheduled for Online-HA-Updates-Staging on ppc64le
2026-01-15 14:32:04 INFO     Submission 1438 already scheduled for Online-HA-Updates-Staging on ppc64le
2026-01-15 14:32:04 INFO     Submission 1444 already scheduled for Online-HA-Updates-Staging on ppc64le
2026-01-15 14:32:04 INFO     Submission 1445 already scheduled for Online-HA-Updates-Staging on ppc64le
2026-01-15 14:32:04 INFO     Submission 1453 already scheduled for Online-HA-Updates-Staging on ppc64le
2026-01-15 14:32:04 INFO     Submission 1454 already scheduled for Online-HA-Updates-Staging on ppc64le
2026-01-15 14:32:04 INFO     Submission 1459 already scheduled for Online-HA-Updates-Staging on ppc64le
2026-01-15 14:32:04 INFO     Submission 1476 already scheduled for Online-HA-Updates-Staging on ppc64le
2026-01-15 14:32:04 INFO     Submission 1482 already scheduled for Online-HA-Updates-Staging on ppc64le
2026-01-15 14:32:04 INFO     Submission 1483 already scheduled for Online-HA-Updates-Staging on ppc64le
2026-01-15 14:32:04 INFO     Submission 1486 already scheduled for Online-HA-Updates-Staging on ppc64le
2026-01-15 14:32:04 INFO     Submission 1512 already scheduled for Online-HA-Updates-Staging on ppc64le
2026-01-15 14:32:04 INFO     Submission 1537 already scheduled for Online-HA-Updates-Staging on ppc64le
2026-01-15 14:32:04 INFO     Submission 1538 already scheduled for Online-HA-Updates-Staging on ppc64le
2026-01-15 14:32:04 INFO     Submission 1543 already scheduled for Online-HA-Updates-Staging on ppc64le
2026-01-15 14:32:04 INFO     Submission 1544 already scheduled for Online-HA-Updates-Staging on ppc64le
2026-01-15 14:32:04 INFO     Submission 1546 already scheduled for Online-HA-Updates-Staging on ppc64le
2026-01-15 14:32:04 INFO     Submission 1554 already scheduled for Online-HA-Updates-Staging on ppc64le
2026-01-15 14:32:04 INFO     Submission 1557 already scheduled for Online-HA-Updates-Staging on ppc64le
2026-01-15 14:32:04 INFO     Submission 1572 already scheduled for Online-HA-Updates-Staging on ppc64le
2026-01-15 14:32:04 INFO     Submission 1578 already scheduled for Online-HA-Updates-Staging on ppc64le
2026-01-15 14:32:04 INFO     Submission 1589 already scheduled for Online-HA-Updates-Staging on ppc64le
2026-01-15 14:32:04 INFO     Submission 1595 already scheduled for Online-HA-Updates-Staging on ppc64le
2026-01-15 14:32:04 INFO     Submission 1602 already scheduled for Online-HA-Updates-Staging on ppc64le
2026-01-15 14:32:04 INFO     Submission 1604 already scheduled for Online-HA-Updates-Staging on ppc64le
2026-01-15 14:32:04 INFO     Submission 1606 already scheduled for Online-HA-Updates-Staging on ppc64le
2026-01-15 14:32:04 INFO     Submission 1607 already scheduled for Online-HA-Updates-Staging on ppc64le
2026-01-15 14:32:04 INFO     Submission 1610 already scheduled for Online-HA-Updates-Staging on ppc64le
2026-01-15 14:32:04 INFO     Submission 1611 already scheduled for Online-HA-Updates-Staging on ppc64le
2026-01-15 14:32:04 INFO     Submission 1622 already scheduled for Online-HA-Updates-Staging on ppc64le
2026-01-15 14:32:04 INFO     Submission 1623 already scheduled for Online-HA-Updates-Staging on ppc64le
2026-01-15 14:32:04 INFO     Submission 1625 already scheduled for Online-HA-Updates-Staging on ppc64le
2026-01-15 14:32:04 INFO     Submission 1626 already scheduled for Online-HA-Updates-Staging on ppc64le
2026-01-15 14:32:04 INFO     Submission 1635 already scheduled for Online-HA-Updates-Staging on ppc64le
2026-01-15 14:32:04 INFO     Submission 951 already scheduled for Online-HA-Updates-Staging on s390x
2026-01-15 14:32:04 INFO     Submission 1385 already scheduled for Online-HA-Updates-Staging on s390x
2026-01-15 14:32:04 INFO     Submission 1432 already scheduled for Online-HA-Updates-Staging on s390x
2026-01-15 14:32:04 INFO     Submission 1433 already scheduled for Online-HA-Updates-Staging on s390x
2026-01-15 14:32:04 INFO     Submission 1434 already scheduled for Online-HA-Updates-Staging on s390x
2026-01-15 14:32:04 INFO     Submission 1438 already scheduled for Online-HA-Updates-Staging on s390x
2026-01-15 14:32:04 INFO     Submission 1444 already scheduled for Online-HA-Updates-Staging on s390x
2026-01-15 14:32:04 INFO     Submission 1445 already scheduled for Online-HA-Updates-Staging on s390x
2026-01-15 14:32:04 INFO     Submission 1453 already scheduled for Online-HA-Updates-Staging on s390x
2026-01-15 14:32:04 INFO     Submission 1454 already scheduled for Online-HA-Updates-Staging on s390x
2026-01-15 14:32:04 INFO     Submission 1459 already scheduled for Online-HA-Updates-Staging on s390x
2026-01-15 14:32:04 INFO     Submission 1476 already scheduled for Online-HA-Updates-Staging on s390x
2026-01-15 14:32:04 INFO     Submission 1482 already scheduled for Online-HA-Updates-Staging on s390x
2026-01-15 14:32:04 INFO     Submission 1483 already scheduled for Online-HA-Updates-Staging on s390x
2026-01-15 14:32:04 INFO     Submission 1486 already scheduled for Online-HA-Updates-Staging on s390x
2026-01-15 14:32:04 INFO     Submission 1512 already scheduled for Online-HA-Updates-Staging on s390x
2026-01-15 14:32:04 INFO     Submission 1537 already scheduled for Online-HA-Updates-Staging on s390x
2026-01-15 14:32:04 INFO     Submission 1538 already scheduled for Online-HA-Updates-Staging on s390x
2026-01-15 14:32:04 INFO     Submission 1543 already scheduled for Online-HA-Updates-Staging on s390x
2026-01-15 14:32:04 INFO     Submission 1544 already scheduled for Online-HA-Updates-Staging on s390x
2026-01-15 14:32:04 INFO     Submission 1546 already scheduled for Online-HA-Updates-Staging on s390x
2026-01-15 14:32:04 INFO     Submission 1554 already scheduled for Online-HA-Updates-Staging on s390x
2026-01-15 14:32:04 INFO     Submission 1557 already scheduled for Online-HA-Updates-Staging on s390x
2026-01-15 14:32:04 INFO     Submission 1572 already scheduled for Online-HA-Updates-Staging on s390x
2026-01-15 14:32:04 INFO     Submission 1578 already scheduled for Online-HA-Updates-Staging on s390x
2026-01-15 14:32:04 INFO     Submission 1589 already scheduled for Online-HA-Updates-Staging on s390x
2026-01-15 14:32:04 INFO     Submission 1595 already scheduled for Online-HA-Updates-Staging on s390x
2026-01-15 14:32:04 INFO     Submission 1602 already scheduled for Online-HA-Updates-Staging on s390x
2026-01-15 14:32:04 INFO     Submission 1604 already scheduled for Online-HA-Updates-Staging on s390x
2026-01-15 14:32:04 INFO     Submission 1606 already scheduled for Online-HA-Updates-Staging on s390x
2026-01-15 14:32:04 INFO     Submission 1607 already scheduled for Online-HA-Updates-Staging on s390x
2026-01-15 14:32:04 INFO     Submission 1610 already scheduled for Online-HA-Updates-Staging on s390x
2026-01-15 14:32:04 INFO     Submission 1611 already scheduled for Online-HA-Updates-Staging on s390x
2026-01-15 14:32:04 INFO     Submission 1622 already scheduled for Online-HA-Updates-Staging on s390x
2026-01-15 14:32:04 INFO     Submission 1623 already scheduled for Online-HA-Updates-Staging on s390x
2026-01-15 14:32:04 INFO     Submission 1625 already scheduled for Online-HA-Updates-Staging on s390x
2026-01-15 14:32:04 INFO     Submission 1626 already scheduled for Online-HA-Updates-Staging on s390x
2026-01-15 14:32:04 INFO     Submission 1635 already scheduled for Online-HA-Updates-Staging on s390x
2026-01-15 14:32:04 INFO     Submission 951 already scheduled for Server-DVD-HA-Staging-Install on x86_64
2026-01-15 14:32:04 INFO     Submission 1385 already scheduled for Server-DVD-HA-Staging-Install on x86_64
2026-01-15 14:32:04 INFO     Submission 1432 already scheduled for Server-DVD-HA-Staging-Install on x86_64
2026-01-15 14:32:04 INFO     Submission 1433 already scheduled for Server-DVD-HA-Staging-Install on x86_64
2026-01-15 14:32:04 INFO     Submission 1434 already scheduled for Server-DVD-HA-Staging-Install on x86_64
2026-01-15 14:32:04 INFO     Submission 1438 already scheduled for Server-DVD-HA-Staging-Install on x86_64
2026-01-15 14:32:04 INFO     Submission 1444 already scheduled for Server-DVD-HA-Staging-Install on x86_64
2026-01-15 14:32:04 INFO     Submission 1445 already scheduled for Server-DVD-HA-Staging-Install on x86_64
2026-01-15 14:32:04 INFO     Submission 1453 already scheduled for Server-DVD-HA-Staging-Install on x86_64
2026-01-15 14:32:04 INFO     Submission 1454 already scheduled for Server-DVD-HA-Staging-Install on x86_64
2026-01-15 14:32:04 INFO     Submission 1459 already scheduled for Server-DVD-HA-Staging-Install on x86_64
2026-01-15 14:32:04 INFO     Submission 1476 already scheduled for Server-DVD-HA-Staging-Install on x86_64
2026-01-15 14:32:04 INFO     Submission 1482 already scheduled for Server-DVD-HA-Staging-Install on x86_64
2026-01-15 14:32:04 INFO     Submission 1483 already scheduled for Server-DVD-HA-Staging-Install on x86_64
2026-01-15 14:32:04 INFO     Submission 1486 already scheduled for Server-DVD-HA-Staging-Install on x86_64
2026-01-15 14:32:04 INFO     Submission 1512 already scheduled for Server-DVD-HA-Staging-Install on x86_64
2026-01-15 14:32:04 INFO     Submission 1537 already scheduled for Server-DVD-HA-Staging-Install on x86_64
2026-01-15 14:32:04 INFO     Submission 1538 already scheduled for Server-DVD-HA-Staging-Install on x86_64
2026-01-15 14:32:04 INFO     Submission 1543 already scheduled for Server-DVD-HA-Staging-Install on x86_64
2026-01-15 14:32:04 INFO     Submission 1544 already scheduled for Server-DVD-HA-Staging-Install on x86_64
2026-01-15 14:32:04 INFO     Submission 1546 already scheduled for Server-DVD-HA-Staging-Install on x86_64
2026-01-15 14:32:04 INFO     Submission 1554 already scheduled for Server-DVD-HA-Staging-Install on x86_64
2026-01-15 14:32:04 INFO     Submission 1557 already scheduled for Server-DVD-HA-Staging-Install on x86_64
2026-01-15 14:32:04 INFO     Submission 1572 already scheduled for Server-DVD-HA-Staging-Install on x86_64
2026-01-15 14:32:04 INFO     Submission 1578 already scheduled for Server-DVD-HA-Staging-Install on x86_64
2026-01-15 14:32:04 INFO     Submission 1589 already scheduled for Server-DVD-HA-Staging-Install on x86_64
2026-01-15 14:32:04 INFO     Submission 1595 already scheduled for Server-DVD-HA-Staging-Install on x86_64
2026-01-15 14:32:04 INFO     Submission 1602 already scheduled for Server-DVD-HA-Staging-Install on x86_64
2026-01-15 14:32:04 INFO     Submission 1604 already scheduled for Server-DVD-HA-Staging-Install on x86_64
2026-01-15 14:32:04 INFO     Submission 1606 already scheduled for Server-DVD-HA-Staging-Install on x86_64
2026-01-15 14:32:04 INFO     Submission 1607 already scheduled for Server-DVD-HA-Staging-Install on x86_64
2026-01-15 14:32:04 INFO     Submission 1610 already scheduled for Server-DVD-HA-Staging-Install on x86_64
2026-01-15 14:32:04 INFO     Submission 1611 already scheduled for Server-DVD-HA-Staging-Install on x86_64
2026-01-15 14:32:04 INFO     Submission 1622 already scheduled for Server-DVD-HA-Staging-Install on x86_64
2026-01-15 14:32:04 INFO     Submission 1623 already scheduled for Server-DVD-HA-Staging-Install on x86_64
2026-01-15 14:32:04 INFO     Submission 1625 already scheduled for Server-DVD-HA-Staging-Install on x86_64
2026-01-15 14:32:04 INFO     Submission 1626 already scheduled for Server-DVD-HA-Staging-Install on x86_64
2026-01-15 14:32:04 INFO     Submission 1635 already scheduled for Server-DVD-HA-Staging-Install on x86_64
2026-01-15 14:32:04 INFO     Submission 951 already scheduled for Server-DVD-HA-Staging-Install on ppc64le
2026-01-15 14:32:04 INFO     Submission 1385 already scheduled for Server-DVD-HA-Staging-Install on ppc64le
2026-01-15 14:32:04 INFO     Submission 1432 already scheduled for Server-DVD-HA-Staging-Install on ppc64le
2026-01-15 14:32:04 INFO     Submission 1433 already scheduled for Server-DVD-HA-Staging-Install on ppc64le
2026-01-15 14:32:04 INFO     Submission 1434 already scheduled for Server-DVD-HA-Staging-Install on ppc64le
2026-01-15 14:32:04 INFO     Submission 1438 already scheduled for Server-DVD-HA-Staging-Install on ppc64le
2026-01-15 14:32:04 INFO     Submission 1444 already scheduled for Server-DVD-HA-Staging-Install on ppc64le
2026-01-15 14:32:04 INFO     Submission 1445 already scheduled for Server-DVD-HA-Staging-Install on ppc64le
2026-01-15 14:32:04 INFO     Submission 1453 already scheduled for Server-DVD-HA-Staging-Install on ppc64le
2026-01-15 14:32:04 INFO     Submission 1454 already scheduled for Server-DVD-HA-Staging-Install on ppc64le
2026-01-15 14:32:04 INFO     Submission 1459 already scheduled for Server-DVD-HA-Staging-Install on ppc64le
2026-01-15 14:32:04 INFO     Submission 1476 already scheduled for Server-DVD-HA-Staging-Install on ppc64le
2026-01-15 14:32:04 INFO     Submission 1482 already scheduled for Server-DVD-HA-Staging-Install on ppc64le
2026-01-15 14:32:04 INFO     Submission 1483 already scheduled for Server-DVD-HA-Staging-Install on ppc64le
2026-01-15 14:32:04 INFO     Submission 1486 already scheduled for Server-DVD-HA-Staging-Install on ppc64le
2026-01-15 14:32:04 INFO     Submission 1512 already scheduled for Server-DVD-HA-Staging-Install on ppc64le
2026-01-15 14:32:04 INFO     Submission 1537 already scheduled for Server-DVD-HA-Staging-Install on ppc64le
2026-01-15 14:32:04 INFO     Submission 1538 already scheduled for Server-DVD-HA-Staging-Install on ppc64le
2026-01-15 14:32:04 INFO     Submission 1543 already scheduled for Server-DVD-HA-Staging-Install on ppc64le
2026-01-15 14:32:04 INFO     Submission 1544 already scheduled for Server-DVD-HA-Staging-Install on ppc64le
2026-01-15 14:32:04 INFO     Submission 1546 already scheduled for Server-DVD-HA-Staging-Install on ppc64le
2026-01-15 14:32:04 INFO     Submission 1554 already scheduled for Server-DVD-HA-Staging-Install on ppc64le
2026-01-15 14:32:04 INFO     Submission 1557 already scheduled for Server-DVD-HA-Staging-Install on ppc64le
2026-01-15 14:32:04 INFO     Submission 1572 already scheduled for Server-DVD-HA-Staging-Install on ppc64le
2026-01-15 14:32:04 INFO     Submission 1578 already scheduled for Server-DVD-HA-Staging-Install on ppc64le
2026-01-15 14:32:04 INFO     Submission 1589 already scheduled for Server-DVD-HA-Staging-Install on ppc64le
2026-01-15 14:32:04 INFO     Submission 1595 already scheduled for Server-DVD-HA-Staging-Install on ppc64le
2026-01-15 14:32:04 INFO     Submission 1602 already scheduled for Server-DVD-HA-Staging-Install on ppc64le
2026-01-15 14:32:04 INFO     Submission 1604 already scheduled for Server-DVD-HA-Staging-Install on ppc64le
2026-01-15 14:32:04 INFO     Submission 1606 already scheduled for Server-DVD-HA-Staging-Install on ppc64le
2026-01-15 14:32:04 INFO     Submission 1607 already scheduled for Server-DVD-HA-Staging-Install on ppc64le
2026-01-15 14:32:04 INFO     Submission 1610 already scheduled for Server-DVD-HA-Staging-Install on ppc64le
2026-01-15 14:32:04 INFO     Submission 1611 already scheduled for Server-DVD-HA-Staging-Install on ppc64le
2026-01-15 14:32:04 INFO     Submission 1622 already scheduled for Server-DVD-HA-Staging-Install on ppc64le
2026-01-15 14:32:04 INFO     Submission 1623 already scheduled for Server-DVD-HA-Staging-Install on ppc64le
2026-01-15 14:32:04 INFO     Submission 1625 already scheduled for Server-DVD-HA-Staging-Install on ppc64le
2026-01-15 14:32:04 INFO     Submission 1626 already scheduled for Server-DVD-HA-Staging-Install on ppc64le
2026-01-15 14:32:04 INFO     Submission 1635 already scheduled for Server-DVD-HA-Staging-Install on ppc64le
2026-01-15 14:32:04 INFO     Submission 951 already scheduled for Server-DVD-HA-Staging-Install on s390x
2026-01-15 14:32:04 INFO     Submission 1385 already scheduled for Server-DVD-HA-Staging-Install on s390x
2026-01-15 14:32:04 INFO     Submission 1432 already scheduled for Server-DVD-HA-Staging-Install on s390x
2026-01-15 14:32:04 INFO     Submission 1433 already scheduled for Server-DVD-HA-Staging-Install on s390x
2026-01-15 14:32:04 INFO     Submission 1434 already scheduled for Server-DVD-HA-Staging-Install on s390x
2026-01-15 14:32:04 INFO     Submission 1438 already scheduled for Server-DVD-HA-Staging-Install on s390x
2026-01-15 14:32:04 INFO     Submission 1444 already scheduled for Server-DVD-HA-Staging-Install on s390x
2026-01-15 14:32:04 INFO     Submission 1445 already scheduled for Server-DVD-HA-Staging-Install on s390x
2026-01-15 14:32:04 INFO     Submission 1453 already scheduled for Server-DVD-HA-Staging-Install on s390x
2026-01-15 14:32:04 INFO     Submission 1454 already scheduled for Server-DVD-HA-Staging-Install on s390x
2026-01-15 14:32:04 INFO     Submission 1459 already scheduled for Server-DVD-HA-Staging-Install on s390x
2026-01-15 14:32:04 INFO     Submission 1476 already scheduled for Server-DVD-HA-Staging-Install on s390x
2026-01-15 14:32:04 INFO     Submission 1482 already scheduled for Server-DVD-HA-Staging-Install on s390x
2026-01-15 14:32:04 INFO     Submission 1483 already scheduled for Server-DVD-HA-Staging-Install on s390x
2026-01-15 14:32:04 INFO     Submission 1486 already scheduled for Server-DVD-HA-Staging-Install on s390x
2026-01-15 14:32:04 INFO     Submission 1512 already scheduled for Server-DVD-HA-Staging-Install on s390x
2026-01-15 14:32:04 INFO     Submission 1537 already scheduled for Server-DVD-HA-Staging-Install on s390x
2026-01-15 14:32:04 INFO     Submission 1538 already scheduled for Server-DVD-HA-Staging-Install on s390x
2026-01-15 14:32:04 INFO     Submission 1543 already scheduled for Server-DVD-HA-Staging-Install on s390x
2026-01-15 14:32:04 INFO     Submission 1544 already scheduled for Server-DVD-HA-Staging-Install on s390x
2026-01-15 14:32:04 INFO     Submission 1546 already scheduled for Server-DVD-HA-Staging-Install on s390x
2026-01-15 14:32:04 INFO     Submission 1554 already scheduled for Server-DVD-HA-Staging-Install on s390x
2026-01-15 14:32:04 INFO     Submission 1557 already scheduled for Server-DVD-HA-Staging-Install on s390x
2026-01-15 14:32:04 INFO     Submission 1572 already scheduled for Server-DVD-HA-Staging-Install on s390x
2026-01-15 14:32:04 INFO     Submission 1578 already scheduled for Server-DVD-HA-Staging-Install on s390x
2026-01-15 14:32:04 INFO     Submission 1589 already scheduled for Server-DVD-HA-Staging-Install on s390x
2026-01-15 14:32:04 INFO     Submission 1595 already scheduled for Server-DVD-HA-Staging-Install on s390x
2026-01-15 14:32:04 INFO     Submission 1602 already scheduled for Server-DVD-HA-Staging-Install on s390x
2026-01-15 14:32:04 INFO     Submission 1604 already scheduled for Server-DVD-HA-Staging-Install on s390x
2026-01-15 14:32:04 INFO     Submission 1606 already scheduled for Server-DVD-HA-Staging-Install on s390x
2026-01-15 14:32:05 INFO     Submission 1607 already scheduled for Server-DVD-HA-Staging-Install on s390x
2026-01-15 14:32:05 INFO     Submission 1610 already scheduled for Server-DVD-HA-Staging-Install on s390x
2026-01-15 14:32:05 INFO     Submission 1611 already scheduled for Server-DVD-HA-Staging-Install on s390x
2026-01-15 14:32:05 INFO     Submission 1622 already scheduled for Server-DVD-HA-Staging-Install on s390x
2026-01-15 14:32:05 INFO     Submission 1623 already scheduled for Server-DVD-HA-Staging-Install on s390x
2026-01-15 14:32:05 INFO     Submission 1625 already scheduled for Server-DVD-HA-Staging-Install on s390x
2026-01-15 14:32:05 INFO     Submission 1626 already scheduled for Server-DVD-HA-Staging-Install on s390x
2026-01-15 14:32:05 INFO     Submission 1635 already scheduled for Server-DVD-HA-Staging-Install on s390x
2026-01-15 14:32:05 INFO     Submission 1438 already scheduled for Online-HA-Updates-Staging-cluster on x86_64
2026-01-15 14:32:05 INFO     Submission 1543 already scheduled for Online-HA-Updates-Staging-cluster on x86_64
2026-01-15 14:32:05 INFO     Submission 1544 already scheduled for Online-HA-Updates-Staging-cluster on x86_64
2026-01-15 14:32:05 INFO     Submission 1572 already scheduled for Online-HA-Updates-Staging-cluster on x86_64
2026-01-15 14:32:05 INFO     Submission 1604 already scheduled for Online-HA-Updates-Staging-cluster on x86_64
2026-01-15 14:32:05 INFO     Submission 1610 already scheduled for Online-HA-Updates-Staging-cluster on x86_64
2026-01-15 14:32:05 INFO     Submission 1611 already scheduled for Online-HA-Updates-Staging-cluster on x86_64
2026-01-15 14:32:05 INFO     Submission 1635 already scheduled for Online-HA-Updates-Staging-cluster on x86_64
2026-01-15 14:32:05 INFO     Submission 1438 already scheduled for Online-HA-Updates-Staging-cluster on ppc64le
2026-01-15 14:32:05 INFO     Submission 1543 already scheduled for Online-HA-Updates-Staging-cluster on ppc64le
2026-01-15 14:32:05 INFO     Submission 1544 already scheduled for Online-HA-Updates-Staging-cluster on ppc64le
2026-01-15 14:32:05 INFO     Submission 1572 already scheduled for Online-HA-Updates-Staging-cluster on ppc64le
2026-01-15 14:32:05 INFO     Submission 1604 already scheduled for Online-HA-Updates-Staging-cluster on ppc64le
2026-01-15 14:32:05 INFO     Submission 1610 already scheduled for Online-HA-Updates-Staging-cluster on ppc64le
2026-01-15 14:32:05 INFO     Submission 1611 already scheduled for Online-HA-Updates-Staging-cluster on ppc64le
2026-01-15 14:32:05 INFO     Submission 1635 already scheduled for Online-HA-Updates-Staging-cluster on ppc64le
2026-01-15 14:32:11 INFO     Submission skipped: RepoHash metadata not found at http://download.suse.de/ibs/SUSE:/Maintenance:/42123/SUSE_Updates_MultiLinuxManagerTools-Beta_Debian-12_x86_64/repodata/repomd.xml
2026-01-15 14:32:11 INFO     Submission skipped: RepoHash metadata not found at http://download.suse.de/ibs/SUSE:/Maintenance:/42123/SUSE_Updates_MultiLinuxManagerTools-Beta_Debian-12_aarch64/repodata/repomd.xml
2026-01-15 14:32:11 INFO     Submission skipped: RepoHash metadata not found at http://download.suse.de/ibs/SUSE:/Maintenance:/42124/SUSE_Updates_MultiLinuxManagerTools-Beta_Ubuntu-22.04_x86_64/repodata/repomd.xml
2026-01-15 14:32:11 INFO     Submission skipped: RepoHash metadata not found at http://download.suse.de/ibs/SUSE:/Maintenance:/42125/SUSE_Updates_MultiLinuxManagerTools-Beta_Ubuntu-24.04_x86_64/repodata/repomd.xml
2026-01-15 14:32:13 INFO     Submission 41692 already scheduled for Leap-DVD-Incidents on x86_64
2026-01-15 14:32:13 INFO     Submission 42100 already scheduled for Leap-DVD-Incidents on x86_64
2026-01-15 14:32:13 INFO     Submission 42113 already scheduled for Leap-DVD-Incidents on x86_64
2026-01-15 14:32:13 INFO     Submission 42118 already scheduled for Leap-DVD-Incidents on x86_64
2026-01-15 14:32:13 INFO     Submission 42126 already scheduled for Leap-DVD-Incidents on x86_64
2026-01-15 14:32:13 INFO     Submission 42171 already scheduled for Leap-DVD-Incidents on x86_64
2026-01-15 14:32:13 INFO     Submission 42172 already scheduled for Leap-DVD-Incidents on x86_64
2026-01-15 14:32:13 INFO     Submission 42178 already scheduled for Leap-DVD-Incidents on x86_64
2026-01-15 14:32:13 INFO     Submission 42182 already scheduled for Leap-DVD-Incidents on x86_64
2026-01-15 14:32:13 INFO     Submission 42185 already scheduled for Leap-DVD-Incidents on x86_64
2026-01-15 14:32:13 INFO     Submission 42188 already scheduled for Leap-DVD-Incidents on x86_64
2026-01-15 14:32:13 INFO     Submission 42193 already scheduled for Leap-DVD-Incidents on x86_64
2026-01-15 14:32:13 INFO     Submission 42195 already scheduled for Leap-DVD-Incidents on x86_64
2026-01-15 14:32:13 INFO     Submission 42204 already scheduled for Leap-DVD-Incidents on x86_64
2026-01-15 14:32:13 INFO     Submission 42206 already scheduled for Leap-DVD-Incidents on x86_64
2026-01-15 14:32:13 INFO     Submission 42208 already scheduled for Leap-DVD-Incidents on x86_64
2026-01-15 14:32:13 INFO     Submission 42209 already scheduled for Leap-DVD-Incidents on x86_64
2026-01-15 14:32:13 INFO     Submission 42212 already scheduled for Leap-DVD-Incidents on x86_64
2026-01-15 14:32:13 INFO     Submission 42213 already scheduled for Leap-DVD-Incidents on x86_64
2026-01-15 14:32:13 INFO     Submission 42214 already scheduled for Leap-DVD-Incidents on x86_64
2026-01-15 14:32:13 INFO     Submission 42216 already scheduled for Leap-DVD-Incidents on x86_64
2026-01-15 14:32:14 INFO     Submission 42218 already scheduled for Leap-DVD-Incidents on x86_64
2026-01-15 14:32:14 INFO     Submission 42221 already scheduled for Leap-DVD-Incidents on x86_64
2026-01-15 14:32:14 INFO     Submission 42222 already scheduled for Leap-DVD-Incidents on x86_64
2026-01-15 14:32:14 INFO     Submission 42223 already scheduled for Leap-DVD-Incidents on x86_64
2026-01-15 14:32:14 INFO     Submission 42184 already scheduled for DVD-Incidents on x86_64
2026-01-15 14:32:14 INFO     Submission 42184 already scheduled for DVD-Incidents on aarch64
2026-01-15 14:32:14 INFO     Submission 42184 already scheduled for DVD-Incidents on s390x
2026-01-15 14:32:14 INFO     Submission 42184 already scheduled for MicroOS-Image-Incidents on x86_64
2026-01-15 14:32:14 INFO     Submission 42184 already scheduled for MicroOS-Image-Incidents on aarch64
2026-01-15 14:32:14 INFO     Submission 42184 already scheduled for MicroOS-Image-Incidents on s390x
2026-01-15 14:32:14 INFO     Submission 42184 already scheduled for MicroOS-Image-RT-Incidents on x86_64
2026-01-15 14:32:14 INFO     Submission 42184 already scheduled for MicroOS-Image-RT-Incidents on aarch64
2026-01-15 14:32:14 INFO     Submission 42184 already scheduled for MicroOS-Image-RT-Incidents on s390x
2026-01-15 14:32:14 INFO     Submission 42083 already scheduled for DVD-Incidents on x86_64
2026-01-15 14:32:14 INFO     Submission 42091 already scheduled for DVD-Incidents on x86_64
2026-01-15 14:32:14 INFO     Submission 42099 already scheduled for DVD-Incidents on x86_64
2026-01-15 14:32:14 INFO     Submission 42108 already scheduled for DVD-Incidents on x86_64
2026-01-15 14:32:14 INFO     Submission 42184 already scheduled for DVD-Incidents on x86_64
2026-01-15 14:32:14 INFO     Submission 42200 already scheduled for DVD-Incidents on x86_64
2026-01-15 14:32:14 INFO     Submission 42083 already scheduled for DVD-Incidents on aarch64
2026-01-15 14:32:14 INFO     Submission 42091 already scheduled for DVD-Incidents on aarch64
2026-01-15 14:32:14 INFO     Submission 42099 already scheduled for DVD-Incidents on aarch64
2026-01-15 14:32:14 INFO     Submission 42108 already scheduled for DVD-Incidents on aarch64
2026-01-15 14:32:14 INFO     Submission 42184 already scheduled for DVD-Incidents on aarch64
2026-01-15 14:32:14 INFO     Submission 42200 already scheduled for DVD-Incidents on aarch64
2026-01-15 14:32:14 INFO     Submission 42083 already scheduled for DVD-Incidents on s390x
2026-01-15 14:32:14 INFO     Submission 42091 already scheduled for DVD-Incidents on s390x
2026-01-15 14:32:14 INFO     Submission 42099 already scheduled for DVD-Incidents on s390x
2026-01-15 14:32:14 INFO     Submission 42184 already scheduled for DVD-Incidents on s390x
2026-01-15 14:32:14 INFO     Submission 42200 already scheduled for DVD-Incidents on s390x
2026-01-15 14:32:14 INFO     Submission 42083 already scheduled for MicroOS-Image-Incidents on x86_64
2026-01-15 14:32:14 INFO     Submission 42091 already scheduled for MicroOS-Image-Incidents on x86_64
2026-01-15 14:32:14 INFO     Submission 42099 already scheduled for MicroOS-Image-Incidents on x86_64
2026-01-15 14:32:14 INFO     Submission 42108 already scheduled for MicroOS-Image-Incidents on x86_64
2026-01-15 14:32:14 INFO     Submission 42184 already scheduled for MicroOS-Image-Incidents on x86_64
2026-01-15 14:32:14 INFO     Submission 42200 already scheduled for MicroOS-Image-Incidents on x86_64
2026-01-15 14:32:14 INFO     Submission 42083 already scheduled for MicroOS-Image-Incidents on aarch64
2026-01-15 14:32:14 INFO     Submission 42091 already scheduled for MicroOS-Image-Incidents on aarch64
2026-01-15 14:32:14 INFO     Submission 42099 already scheduled for MicroOS-Image-Incidents on aarch64
2026-01-15 14:32:14 INFO     Submission 42108 already scheduled for MicroOS-Image-Incidents on aarch64
2026-01-15 14:32:14 INFO     Submission 42184 already scheduled for MicroOS-Image-Incidents on aarch64
2026-01-15 14:32:14 INFO     Submission 42200 already scheduled for MicroOS-Image-Incidents on aarch64
2026-01-15 14:32:14 INFO     Submission 42083 already scheduled for MicroOS-Image-Incidents on s390x
2026-01-15 14:32:14 INFO     Submission 42091 already scheduled for MicroOS-Image-Incidents on s390x
2026-01-15 14:32:14 INFO     Submission 42099 already scheduled for MicroOS-Image-Incidents on s390x
2026-01-15 14:32:14 INFO     Submission 42184 already scheduled for MicroOS-Image-Incidents on s390x
2026-01-15 14:32:14 INFO     Submission 42200 already scheduled for MicroOS-Image-Incidents on s390x
2026-01-15 14:32:14 INFO     Submission 42083 already scheduled for DVD-Incidents on x86_64
2026-01-15 14:32:14 INFO     Submission 42091 already scheduled for DVD-Incidents on x86_64
2026-01-15 14:32:14 INFO     Submission 42099 already scheduled for DVD-Incidents on x86_64
2026-01-15 14:32:14 INFO     Submission 42108 already scheduled for DVD-Incidents on x86_64
2026-01-15 14:32:14 INFO     Submission 42184 already scheduled for DVD-Incidents on x86_64
2026-01-15 14:32:14 INFO     Submission 42200 already scheduled for DVD-Incidents on x86_64
2026-01-15 14:32:14 INFO     Submission 42083 already scheduled for DVD-Incidents on aarch64
2026-01-15 14:32:14 INFO     Submission 42091 already scheduled for DVD-Incidents on aarch64
2026-01-15 14:32:14 INFO     Submission 42099 already scheduled for DVD-Incidents on aarch64
2026-01-15 14:32:14 INFO     Submission 42108 already scheduled for DVD-Incidents on aarch64
2026-01-15 14:32:14 INFO     Submission 42184 already scheduled for DVD-Incidents on aarch64
2026-01-15 14:32:14 INFO     Submission 42200 already scheduled for DVD-Incidents on aarch64
2026-01-15 14:32:14 INFO     Submission 42083 already scheduled for DVD-Incidents on s390x
2026-01-15 14:32:14 INFO     Submission 42091 already scheduled for DVD-Incidents on s390x
2026-01-15 14:32:14 INFO     Submission 42099 already scheduled for DVD-Incidents on s390x
2026-01-15 14:32:14 INFO     Submission 42184 already scheduled for DVD-Incidents on s390x
2026-01-15 14:32:14 INFO     Submission 42200 already scheduled for DVD-Incidents on s390x
2026-01-15 14:32:14 INFO     Submission 42083 already scheduled for Default-Incidents on x86_64
2026-01-15 14:32:14 INFO     Submission 42091 already scheduled for Default-Incidents on x86_64
2026-01-15 14:32:14 INFO     Submission 42099 already scheduled for Default-Incidents on x86_64
2026-01-15 14:32:14 INFO     Submission 42108 already scheduled for Default-Incidents on x86_64
2026-01-15 14:32:14 INFO     Submission 42184 already scheduled for Default-Incidents on x86_64
2026-01-15 14:32:14 INFO     Submission 42200 already scheduled for Default-Incidents on x86_64
2026-01-15 14:32:14 INFO     Submission 42083 already scheduled for Default-Incidents on aarch64
2026-01-15 14:32:14 INFO     Submission 42091 already scheduled for Default-Incidents on aarch64
2026-01-15 14:32:14 INFO     Submission 42099 already scheduled for Default-Incidents on aarch64
2026-01-15 14:32:14 INFO     Submission 42108 already scheduled for Default-Incidents on aarch64
2026-01-15 14:32:14 INFO     Submission 42184 already scheduled for Default-Incidents on aarch64
2026-01-15 14:32:14 INFO     Submission 42200 already scheduled for Default-Incidents on aarch64
2026-01-15 14:32:14 INFO     Submission 42083 already scheduled for Default-Incidents on s390x
2026-01-15 14:32:14 INFO     Submission 42091 already scheduled for Default-Incidents on s390x
2026-01-15 14:32:14 INFO     Submission 42099 already scheduled for Default-Incidents on s390x
2026-01-15 14:32:14 INFO     Submission 42184 already scheduled for Default-Incidents on s390x
2026-01-15 14:32:14 INFO     Submission 42200 already scheduled for Default-Incidents on s390x
2026-01-15 14:32:14 INFO     Submission 42091 already scheduled for DVD-Incidents on x86_64
2026-01-15 14:32:14 INFO     Submission 42099 already scheduled for DVD-Incidents on x86_64
2026-01-15 14:32:14 INFO     Submission 42109 already scheduled for DVD-Incidents on x86_64
2026-01-15 14:32:14 INFO     Submission 42184 already scheduled for DVD-Incidents on x86_64
2026-01-15 14:32:14 INFO     Submission 42091 already scheduled for DVD-Incidents on aarch64
2026-01-15 14:32:14 INFO     Submission 42099 already scheduled for DVD-Incidents on aarch64
2026-01-15 14:32:14 INFO     Submission 42109 already scheduled for DVD-Incidents on aarch64
2026-01-15 14:32:14 INFO     Submission 42184 already scheduled for DVD-Incidents on aarch64
2026-01-15 14:32:14 INFO     Submission 42091 already scheduled for DVD-Incidents on s390x
2026-01-15 14:32:14 INFO     Submission 42099 already scheduled for DVD-Incidents on s390x
2026-01-15 14:32:14 INFO     Submission 42184 already scheduled for DVD-Incidents on s390x
2026-01-15 14:32:14 INFO     Submission 42091 already scheduled for Default-Incidents on x86_64
2026-01-15 14:32:14 INFO     Submission 42099 already scheduled for Default-Incidents on x86_64
2026-01-15 14:32:14 INFO     Submission 42109 already scheduled for Default-Incidents on x86_64
2026-01-15 14:32:14 INFO     Submission 42184 already scheduled for Default-Incidents on x86_64
2026-01-15 14:32:14 INFO     Submission 42091 already scheduled for Default-Incidents on aarch64
2026-01-15 14:32:14 INFO     Submission 42099 already scheduled for Default-Incidents on aarch64
2026-01-15 14:32:14 INFO     Submission 42109 already scheduled for Default-Incidents on aarch64
2026-01-15 14:32:14 INFO     Submission 42184 already scheduled for Default-Incidents on aarch64
2026-01-15 14:32:14 INFO     Submission 42091 already scheduled for Default-Incidents on s390x
2026-01-15 14:32:14 INFO     Submission 42099 already scheduled for Default-Incidents on s390x
2026-01-15 14:32:14 INFO     Submission 42184 already scheduled for Default-Incidents on s390x
2026-01-15 14:32:14 INFO     Submission 42091 already scheduled for Default-RT-Incidents on x86_64
2026-01-15 14:32:14 INFO     Submission 42099 already scheduled for Default-RT-Incidents on x86_64
2026-01-15 14:32:14 INFO     Submission 42109 already scheduled for Default-RT-Incidents on x86_64
2026-01-15 14:32:14 INFO     Submission 42184 already scheduled for Default-RT-Incidents on x86_64
2026-01-15 14:32:14 INFO     Submission 1453 already scheduled for Default-qcow-Containers-Updates-Staging on x86_64
2026-01-15 14:32:14 INFO     Submission 1454 already scheduled for Default-qcow-Containers-Updates-Staging on x86_64
2026-01-15 14:32:14 INFO     Submission 1512 already scheduled for Default-qcow-Containers-Updates-Staging on x86_64
2026-01-15 14:32:14 INFO     Submission 1611 already scheduled for Default-qcow-Containers-Updates-Staging on x86_64
2026-01-15 14:32:14 INFO     Submission 1453 already scheduled for Default-qcow-Containers-Updates-Staging on s390x
2026-01-15 14:32:14 INFO     Submission 1454 already scheduled for Default-qcow-Containers-Updates-Staging on s390x
2026-01-15 14:32:14 INFO     Submission 1512 already scheduled for Default-qcow-Containers-Updates-Staging on s390x
2026-01-15 14:32:14 INFO     Submission 1611 already scheduled for Default-qcow-Containers-Updates-Staging on s390x
2026-01-15 14:32:14 INFO     Submission 1453 already scheduled for Default-qcow-Containers-Updates-Staging on aarch64
2026-01-15 14:32:14 INFO     Submission 1454 already scheduled for Default-qcow-Containers-Updates-Staging on aarch64
2026-01-15 14:32:14 INFO     Submission 1512 already scheduled for Default-qcow-Containers-Updates-Staging on aarch64
2026-01-15 14:32:14 INFO     Submission 1611 already scheduled for Default-qcow-Containers-Updates-Staging on aarch64
2026-01-15 14:32:14 INFO     Submission 1453 already scheduled for Default-ppc-512-Containers-Updates-Staging on ppc64le
2026-01-15 14:32:16 INFO     Submission 1454 already scheduled for Default-ppc-512-Containers-Updates-Staging on ppc64le
2026-01-15 14:32:16 INFO     Submission 1512 already scheduled for Default-ppc-512-Containers-Updates-Staging on ppc64le
2026-01-15 14:32:16 INFO     Submission 1611 already scheduled for Default-ppc-512-Containers-Updates-Staging on ppc64le
2026-01-15 14:32:16 INFO     Submission 1453 already scheduled for Default-ppc-4096-Containers-Updates-Staging on ppc64le
2026-01-15 14:32:16 INFO     Submission 1454 already scheduled for Default-ppc-4096-Containers-Updates-Staging on ppc64le
2026-01-15 14:32:16 INFO     Submission 1512 already scheduled for Default-ppc-4096-Containers-Updates-Staging on ppc64le
2026-01-15 14:32:16 INFO     Submission 1611 already scheduled for Default-ppc-4096-Containers-Updates-Staging on ppc64le
2026-01-15 14:32:16 INFO     Submission 951 already scheduled for Default-qcow-Updates-Staging on x86_64
2026-01-15 14:32:16 INFO     Submission 1385 already scheduled for Default-qcow-Updates-Staging on x86_64
2026-01-15 14:32:16 INFO     Submission 1432 already scheduled for Default-qcow-Updates-Staging on x86_64
2026-01-15 14:32:16 INFO     Submission 1433 already scheduled for Default-qcow-Updates-Staging on x86_64
2026-01-15 14:32:16 INFO     Submission 1434 already scheduled for Default-qcow-Updates-Staging on x86_64
2026-01-15 14:32:16 INFO     Submission 1438 already scheduled for Default-qcow-Updates-Staging on x86_64
2026-01-15 14:32:16 INFO     Submission 1444 already scheduled for Default-qcow-Updates-Staging on x86_64
2026-01-15 14:32:16 INFO     Submission 1445 already scheduled for Default-qcow-Updates-Staging on x86_64
2026-01-15 14:32:16 INFO     Submission 1453 already scheduled for Default-qcow-Updates-Staging on x86_64
2026-01-15 14:32:16 INFO     Submission 1454 already scheduled for Default-qcow-Updates-Staging on x86_64
2026-01-15 14:32:16 INFO     Submission 1459 already scheduled for Default-qcow-Updates-Staging on x86_64
2026-01-15 14:32:16 INFO     Submission 1476 already scheduled for Default-qcow-Updates-Staging on x86_64
2026-01-15 14:32:16 INFO     Submission 1482 already scheduled for Default-qcow-Updates-Staging on x86_64
2026-01-15 14:32:16 INFO     Submission 1483 already scheduled for Default-qcow-Updates-Staging on x86_64
2026-01-15 14:32:16 INFO     Submission 1486 already scheduled for Default-qcow-Updates-Staging on x86_64
2026-01-15 14:32:16 INFO     Submission 1512 already scheduled for Default-qcow-Updates-Staging on x86_64
2026-01-15 14:32:16 INFO     Submission 1537 already scheduled for Default-qcow-Updates-Staging on x86_64
2026-01-15 14:32:16 INFO     Submission 1538 already scheduled for Default-qcow-Updates-Staging on x86_64
2026-01-15 14:32:16 INFO     Submission 1543 already scheduled for Default-qcow-Updates-Staging on x86_64
2026-01-15 14:32:16 INFO     Submission 1544 already scheduled for Default-qcow-Updates-Staging on x86_64
2026-01-15 14:32:16 INFO     Submission 1546 already scheduled for Default-qcow-Updates-Staging on x86_64
2026-01-15 14:32:16 INFO     Submission 1554 already scheduled for Default-qcow-Updates-Staging on x86_64
2026-01-15 14:32:16 INFO     Submission 1557 already scheduled for Default-qcow-Updates-Staging on x86_64
2026-01-15 14:32:16 INFO     Submission 1572 already scheduled for Default-qcow-Updates-Staging on x86_64
2026-01-15 14:32:16 INFO     Submission 1578 already scheduled for Default-qcow-Updates-Staging on x86_64
2026-01-15 14:32:16 INFO     Submission 1589 already scheduled for Default-qcow-Updates-Staging on x86_64
2026-01-15 14:32:16 INFO     Submission 1595 already scheduled for Default-qcow-Updates-Staging on x86_64
2026-01-15 14:32:16 INFO     Submission 1602 already scheduled for Default-qcow-Updates-Staging on x86_64
2026-01-15 14:32:16 INFO     Submission 1604 already scheduled for Default-qcow-Updates-Staging on x86_64
2026-01-15 14:32:16 INFO     Submission 1606 already scheduled for Default-qcow-Updates-Staging on x86_64
2026-01-15 14:32:16 INFO     Submission 1607 already scheduled for Default-qcow-Updates-Staging on x86_64
2026-01-15 14:32:16 INFO     Submission 1610 already scheduled for Default-qcow-Updates-Staging on x86_64
2026-01-15 14:32:16 INFO     Submission 1611 already scheduled for Default-qcow-Updates-Staging on x86_64
2026-01-15 14:32:16 INFO     Submission 1622 already scheduled for Default-qcow-Updates-Staging on x86_64
2026-01-15 14:32:16 INFO     Submission 1623 already scheduled for Default-qcow-Updates-Staging on x86_64
2026-01-15 14:32:16 INFO     Submission 1625 already scheduled for Default-qcow-Updates-Staging on x86_64
2026-01-15 14:32:16 INFO     Submission 1626 already scheduled for Default-qcow-Updates-Staging on x86_64
2026-01-15 14:32:16 INFO     Submission 1635 already scheduled for Default-qcow-Updates-Staging on x86_64
2026-01-15 14:32:16 INFO     Submission 951 already scheduled for Default-qcow-Updates-Staging on s390x
2026-01-15 14:32:16 INFO     Submission 1385 already scheduled for Default-qcow-Updates-Staging on s390x
2026-01-15 14:32:16 INFO     Submission 1432 already scheduled for Default-qcow-Updates-Staging on s390x
2026-01-15 14:32:16 INFO     Submission 1433 already scheduled for Default-qcow-Updates-Staging on s390x
2026-01-15 14:32:16 INFO     Submission 1434 already scheduled for Default-qcow-Updates-Staging on s390x
2026-01-15 14:32:16 INFO     Submission 1438 already scheduled for Default-qcow-Updates-Staging on s390x
2026-01-15 14:32:16 INFO     Submission 1444 already scheduled for Default-qcow-Updates-Staging on s390x
2026-01-15 14:32:16 INFO     Submission 1445 already scheduled for Default-qcow-Updates-Staging on s390x
2026-01-15 14:32:16 INFO     Submission 1453 already scheduled for Default-qcow-Updates-Staging on s390x
2026-01-15 14:32:16 INFO     Submission 1454 already scheduled for Default-qcow-Updates-Staging on s390x
2026-01-15 14:32:16 INFO     Submission 1459 already scheduled for Default-qcow-Updates-Staging on s390x
2026-01-15 14:32:16 INFO     Submission 1476 already scheduled for Default-qcow-Updates-Staging on s390x
2026-01-15 14:32:16 INFO     Submission 1482 already scheduled for Default-qcow-Updates-Staging on s390x
2026-01-15 14:32:16 INFO     Submission 1483 already scheduled for Default-qcow-Updates-Staging on s390x
2026-01-15 14:32:16 INFO     Submission 1486 already scheduled for Default-qcow-Updates-Staging on s390x
2026-01-15 14:32:16 INFO     Submission 1512 already scheduled for Default-qcow-Updates-Staging on s390x
2026-01-15 14:32:16 INFO     Submission 1537 already scheduled for Default-qcow-Updates-Staging on s390x
2026-01-15 14:32:16 INFO     Submission 1538 already scheduled for Default-qcow-Updates-Staging on s390x
2026-01-15 14:32:16 INFO     Submission 1543 already scheduled for Default-qcow-Updates-Staging on s390x
2026-01-15 14:32:16 INFO     Submission 1544 already scheduled for Default-qcow-Updates-Staging on s390x
2026-01-15 14:32:16 INFO     Submission 1546 already scheduled for Default-qcow-Updates-Staging on s390x
2026-01-15 14:32:16 INFO     Submission 1554 already scheduled for Default-qcow-Updates-Staging on s390x
2026-01-15 14:32:16 INFO     Submission 1557 already scheduled for Default-qcow-Updates-Staging on s390x
2026-01-15 14:32:16 INFO     Submission 1572 already scheduled for Default-qcow-Updates-Staging on s390x
2026-01-15 14:32:16 INFO     Submission 1578 already scheduled for Default-qcow-Updates-Staging on s390x
2026-01-15 14:32:16 INFO     Submission 1589 already scheduled for Default-qcow-Updates-Staging on s390x
2026-01-15 14:32:16 INFO     Submission 1595 already scheduled for Default-qcow-Updates-Staging on s390x
2026-01-15 14:32:16 INFO     Submission 1602 already scheduled for Default-qcow-Updates-Staging on s390x
2026-01-15 14:32:16 INFO     Submission 1604 already scheduled for Default-qcow-Updates-Staging on s390x
2026-01-15 14:32:16 INFO     Submission 1606 already scheduled for Default-qcow-Updates-Staging on s390x
2026-01-15 14:32:16 INFO     Submission 1607 already scheduled for Default-qcow-Updates-Staging on s390x
2026-01-15 14:32:16 INFO     Submission 1610 already scheduled for Default-qcow-Updates-Staging on s390x
2026-01-15 14:32:16 INFO     Submission 1611 already scheduled for Default-qcow-Updates-Staging on s390x
2026-01-15 14:32:16 INFO     Submission 1622 already scheduled for Default-qcow-Updates-Staging on s390x
2026-01-15 14:32:16 INFO     Submission 1623 already scheduled for Default-qcow-Updates-Staging on s390x
2026-01-15 14:32:16 INFO     Submission 1625 already scheduled for Default-qcow-Updates-Staging on s390x
2026-01-15 14:32:16 INFO     Submission 1626 already scheduled for Default-qcow-Updates-Staging on s390x
2026-01-15 14:32:16 INFO     Submission 1635 already scheduled for Default-qcow-Updates-Staging on s390x
2026-01-15 14:32:16 INFO     Submission 951 already scheduled for Default-qcow-Updates-Staging on aarch64
2026-01-15 14:32:16 INFO     Submission 1385 already scheduled for Default-qcow-Updates-Staging on aarch64
2026-01-15 14:32:16 INFO     Submission 1432 already scheduled for Default-qcow-Updates-Staging on aarch64
2026-01-15 14:32:16 INFO     Submission 1433 already scheduled for Default-qcow-Updates-Staging on aarch64
2026-01-15 14:32:16 INFO     Submission 1434 already scheduled for Default-qcow-Updates-Staging on aarch64
2026-01-15 14:32:16 INFO     Submission 1438 already scheduled for Default-qcow-Updates-Staging on aarch64
2026-01-15 14:32:16 INFO     Submission 1444 already scheduled for Default-qcow-Updates-Staging on aarch64
2026-01-15 14:32:16 INFO     Submission 1445 already scheduled for Default-qcow-Updates-Staging on aarch64
2026-01-15 14:32:16 INFO     Submission 1453 already scheduled for Default-qcow-Updates-Staging on aarch64
2026-01-15 14:32:16 INFO     Submission 1454 already scheduled for Default-qcow-Updates-Staging on aarch64
2026-01-15 14:32:16 INFO     Submission 1459 already scheduled for Default-qcow-Updates-Staging on aarch64
2026-01-15 14:32:16 INFO     Submission 1476 already scheduled for Default-qcow-Updates-Staging on aarch64
2026-01-15 14:32:16 INFO     Submission 1482 already scheduled for Default-qcow-Updates-Staging on aarch64
2026-01-15 14:32:16 INFO     Submission 1483 already scheduled for Default-qcow-Updates-Staging on aarch64
2026-01-15 14:32:16 INFO     Submission 1486 already scheduled for Default-qcow-Updates-Staging on aarch64
2026-01-15 14:32:16 INFO     Submission 1512 already scheduled for Default-qcow-Updates-Staging on aarch64
2026-01-15 14:32:16 INFO     Submission 1537 already scheduled for Default-qcow-Updates-Staging on aarch64
2026-01-15 14:32:16 INFO     Submission 1538 already scheduled for Default-qcow-Updates-Staging on aarch64
2026-01-15 14:32:16 INFO     Submission 1543 already scheduled for Default-qcow-Updates-Staging on aarch64
2026-01-15 14:32:16 INFO     Submission 1544 already scheduled for Default-qcow-Updates-Staging on aarch64
2026-01-15 14:32:16 INFO     Submission 1546 already scheduled for Default-qcow-Updates-Staging on aarch64
2026-01-15 14:32:16 INFO     Submission 1554 already scheduled for Default-qcow-Updates-Staging on aarch64
2026-01-15 14:32:16 INFO     Submission 1557 already scheduled for Default-qcow-Updates-Staging on aarch64
2026-01-15 14:32:16 INFO     Submission 1572 already scheduled for Default-qcow-Updates-Staging on aarch64
2026-01-15 14:32:16 INFO     Submission 1578 already scheduled for Default-qcow-Updates-Staging on aarch64
2026-01-15 14:32:16 INFO     Submission 1589 already scheduled for Default-qcow-Updates-Staging on aarch64
2026-01-15 14:32:16 INFO     Submission 1595 already scheduled for Default-qcow-Updates-Staging on aarch64
2026-01-15 14:32:16 INFO     Submission 1602 already scheduled for Default-qcow-Updates-Staging on aarch64
2026-01-15 14:32:16 INFO     Submission 1604 already scheduled for Default-qcow-Updates-Staging on aarch64
2026-01-15 14:32:16 INFO     Submission 1606 already scheduled for Default-qcow-Updates-Staging on aarch64
2026-01-15 14:32:16 INFO     Submission 1607 already scheduled for Default-qcow-Updates-Staging on aarch64
2026-01-15 14:32:16 INFO     Submission 1610 already scheduled for Default-qcow-Updates-Staging on aarch64
2026-01-15 14:32:16 INFO     Submission 1611 already scheduled for Default-qcow-Updates-Staging on aarch64
2026-01-15 14:32:16 INFO     Submission 1622 already scheduled for Default-qcow-Updates-Staging on aarch64
2026-01-15 14:32:16 INFO     Submission 1623 already scheduled for Default-qcow-Updates-Staging on aarch64
2026-01-15 14:32:16 INFO     Submission 1625 already scheduled for Default-qcow-Updates-Staging on aarch64
2026-01-15 14:32:16 INFO     Submission 1626 already scheduled for Default-qcow-Updates-Staging on aarch64
2026-01-15 14:32:16 INFO     Submission 1635 already scheduled for Default-qcow-Updates-Staging on aarch64
2026-01-15 14:32:16 INFO     Submission 951 already scheduled for Base-ppc-512-Updates-Staging on ppc64le
2026-01-15 14:32:16 INFO     Submission 1385 already scheduled for Base-ppc-512-Updates-Staging on ppc64le
2026-01-15 14:32:16 INFO     Submission 1432 already scheduled for Base-ppc-512-Updates-Staging on ppc64le
2026-01-15 14:32:16 INFO     Submission 1433 already scheduled for Base-ppc-512-Updates-Staging on ppc64le
2026-01-15 14:32:16 INFO     Submission 1434 already scheduled for Base-ppc-512-Updates-Staging on ppc64le
2026-01-15 14:32:16 INFO     Submission 1438 already scheduled for Base-ppc-512-Updates-Staging on ppc64le
2026-01-15 14:32:16 INFO     Submission 1444 already scheduled for Base-ppc-512-Updates-Staging on ppc64le
2026-01-15 14:32:16 INFO     Submission 1445 already scheduled for Base-ppc-512-Updates-Staging on ppc64le
2026-01-15 14:32:16 INFO     Submission 1453 already scheduled for Base-ppc-512-Updates-Staging on ppc64le
2026-01-15 14:32:16 INFO     Submission 1454 already scheduled for Base-ppc-512-Updates-Staging on ppc64le
2026-01-15 14:32:16 INFO     Submission 1459 already scheduled for Base-ppc-512-Updates-Staging on ppc64le
2026-01-15 14:32:16 INFO     Submission 1476 already scheduled for Base-ppc-512-Updates-Staging on ppc64le
2026-01-15 14:32:16 INFO     Submission 1482 already scheduled for Base-ppc-512-Updates-Staging on ppc64le
2026-01-15 14:32:16 INFO     Submission 1483 already scheduled for Base-ppc-512-Updates-Staging on ppc64le
2026-01-15 14:32:16 INFO     Submission 1486 already scheduled for Base-ppc-512-Updates-Staging on ppc64le
2026-01-15 14:32:16 INFO     Submission 1512 already scheduled for Base-ppc-512-Updates-Staging on ppc64le
2026-01-15 14:32:16 INFO     Submission 1537 already scheduled for Base-ppc-512-Updates-Staging on ppc64le
2026-01-15 14:32:16 INFO     Submission 1538 already scheduled for Base-ppc-512-Updates-Staging on ppc64le
2026-01-15 14:32:16 INFO     Submission 1543 already scheduled for Base-ppc-512-Updates-Staging on ppc64le
2026-01-15 14:32:16 INFO     Submission 1544 already scheduled for Base-ppc-512-Updates-Staging on ppc64le
2026-01-15 14:32:16 INFO     Submission 1546 already scheduled for Base-ppc-512-Updates-Staging on ppc64le
2026-01-15 14:32:16 INFO     Submission 1554 already scheduled for Base-ppc-512-Updates-Staging on ppc64le
2026-01-15 14:32:16 INFO     Submission 1557 already scheduled for Base-ppc-512-Updates-Staging on ppc64le
2026-01-15 14:32:16 INFO     Submission 1572 already scheduled for Base-ppc-512-Updates-Staging on ppc64le
2026-01-15 14:32:16 INFO     Submission 1578 already scheduled for Base-ppc-512-Updates-Staging on ppc64le
2026-01-15 14:32:16 INFO     Submission 1589 already scheduled for Base-ppc-512-Updates-Staging on ppc64le
2026-01-15 14:32:16 INFO     Submission 1595 already scheduled for Base-ppc-512-Updates-Staging on ppc64le
2026-01-15 14:32:16 INFO     Submission 1602 already scheduled for Base-ppc-512-Updates-Staging on ppc64le
2026-01-15 14:32:16 INFO     Submission 1604 already scheduled for Base-ppc-512-Updates-Staging on ppc64le
2026-01-15 14:32:16 INFO     Submission 1606 already scheduled for Base-ppc-512-Updates-Staging on ppc64le
2026-01-15 14:32:16 INFO     Submission 1607 already scheduled for Base-ppc-512-Updates-Staging on ppc64le
2026-01-15 14:32:16 INFO     Submission 1610 already scheduled for Base-ppc-512-Updates-Staging on ppc64le
2026-01-15 14:32:16 INFO     Submission 1611 already scheduled for Base-ppc-512-Updates-Staging on ppc64le
2026-01-15 14:32:16 INFO     Submission 1622 already scheduled for Base-ppc-512-Updates-Staging on ppc64le
2026-01-15 14:32:16 INFO     Submission 1623 already scheduled for Base-ppc-512-Updates-Staging on ppc64le
2026-01-15 14:32:16 INFO     Submission 1625 already scheduled for Base-ppc-512-Updates-Staging on ppc64le
2026-01-15 14:32:16 INFO     Submission 1626 already scheduled for Base-ppc-512-Updates-Staging on ppc64le
2026-01-15 14:32:16 INFO     Submission 1635 already scheduled for Base-ppc-512-Updates-Staging on ppc64le
2026-01-15 14:32:16 INFO     Submission 42209 skipped: Embargoed and embargo-filtering enabled
2026-01-15 14:32:16 INFO     Submission 42209 skipped: Embargoed and embargo-filtering enabled
2026-01-15 14:32:16 INFO     Submission 42209 skipped: Embargoed and embargo-filtering enabled
2026-01-15 14:32:16 INFO     Submission 42209 skipped: Embargoed and embargo-filtering enabled
2026-01-15 14:32:16 INFO     Submission 42209 skipped: Embargoed and embargo-filtering enabled
2026-01-15 14:32:16 INFO     Submission 42209 skipped: Embargoed and embargo-filtering enabled
2026-01-15 14:32:16 INFO     Submission 42209 skipped: Embargoed and embargo-filtering enabled
2026-01-15 14:32:16 INFO     Submission 42209 skipped: Embargoed and embargo-filtering enabled
2026-01-15 14:32:16 INFO     Submission 42209 skipped: Embargoed and embargo-filtering enabled
2026-01-15 14:32:16 INFO     Submission 42209 skipped: Embargoed and embargo-filtering enabled
2026-01-15 14:32:16 INFO     Submission 42209 skipped: Embargoed and embargo-filtering enabled
2026-01-15 14:32:16 INFO     Submission 42209 skipped: Embargoed and embargo-filtering enabled
2026-01-15 14:32:16 INFO     Submission 42209 skipped: Embargoed and embargo-filtering enabled
2026-01-15 14:32:16 INFO     Submission 42209 skipped: Embargoed and embargo-filtering enabled
2026-01-15 14:32:16 INFO     Submission 42209 skipped: Embargoed and embargo-filtering enabled
2026-01-15 14:32:16 INFO     Submission 42209 skipped: Embargoed and embargo-filtering enabled
2026-01-15 14:32:16 INFO     Submission 42209 skipped: Embargoed and embargo-filtering enabled
2026-01-15 14:32:16 INFO     Submission 42209 skipped: Embargoed and embargo-filtering enabled
2026-01-15 14:32:16 INFO     Submission 42209 skipped: Embargoed and embargo-filtering enabled
2026-01-15 14:32:16 INFO     Submission 42209 skipped: Embargoed and embargo-filtering enabled
2026-01-15 14:32:16 INFO     Submission 42209 skipped: Embargoed and embargo-filtering enabled
2026-01-15 14:32:16 INFO     Submission 42209 skipped: Embargoed and embargo-filtering enabled
2026-01-15 14:32:16 INFO     Submission 42209 skipped: Embargoed and embargo-filtering enabled
2026-01-15 14:32:16 INFO     Submission 42209 skipped: Embargoed and embargo-filtering enabled
2026-01-15 14:32:16 INFO     Submission 42209 skipped: Embargoed and embargo-filtering enabled
2026-01-15 14:32:16 INFO     Submission 42209 skipped: Embargoed and embargo-filtering enabled
2026-01-15 14:32:16 INFO     Submission 42209 skipped: Embargoed and embargo-filtering enabled
2026-01-15 14:32:16 INFO     Submission 42209 skipped: Embargoed and embargo-filtering enabled
2026-01-15 14:32:16 INFO     Submission 42209 skipped: Embargoed and embargo-filtering enabled
2026-01-15 14:32:16 INFO     Submission 42209 skipped: Embargoed and embargo-filtering enabled
2026-01-15 14:32:16 INFO     Submission 42209 skipped: Embargoed and embargo-filtering enabled
2026-01-15 14:32:16 INFO     Submission 42209 skipped: Embargoed and embargo-filtering enabled
2026-01-15 14:32:16 INFO     Submission 42209 skipped: Embargoed and embargo-filtering enabled
2026-01-15 14:32:16 INFO     Submission 42209 skipped: Embargoed and embargo-filtering enabled
2026-01-15 14:32:16 INFO     Submission 42209 skipped: Embargoed and embargo-filtering enabled
2026-01-15 14:32:16 INFO     Submission 42209 skipped: Embargoed and embargo-filtering enabled
2026-01-15 14:32:16 INFO     Submission 42209 skipped: Embargoed and embargo-filtering enabled
2026-01-15 14:32:16 INFO     Submission 42209 skipped: Embargoed and embargo-filtering enabled
2026-01-15 14:32:16 INFO     Submission 42209 skipped: Embargoed and embargo-filtering enabled
2026-01-15 14:32:16 INFO     Submission 42209 skipped: Embargoed and embargo-filtering enabled
2026-01-15 14:32:16 INFO     Submission 42209 skipped: Embargoed and embargo-filtering enabled
2026-01-15 14:32:16 INFO     Submission 42209 skipped: Embargoed and embargo-filtering enabled
2026-01-15 14:32:16 INFO     Submission 42209 skipped: Embargoed and embargo-filtering enabled
2026-01-15 14:32:16 INFO     Submission 42209 skipped: Embargoed and embargo-filtering enabled
2026-01-15 14:32:16 INFO     Submission 42209 skipped: Embargoed and embargo-filtering enabled
2026-01-15 14:32:16 INFO     Submission 42209 skipped: Embargoed and embargo-filtering enabled
2026-01-15 14:32:16 INFO     Submission 42209 skipped: Embargoed and embargo-filtering enabled
2026-01-15 14:32:16 INFO     Submission 42209 skipped: Embargoed and embargo-filtering enabled
2026-01-15 14:32:16 INFO     Submission 42209 skipped: Embargoed and embargo-filtering enabled
2026-01-15 14:32:16 INFO     Submission 42209 skipped: Embargoed and embargo-filtering enabled
2026-01-15 14:32:16 INFO     Submission 42209 skipped: Embargoed and embargo-filtering enabled
2026-01-15 14:32:16 INFO     Submission 42209 skipped: Embargoed and embargo-filtering enabled
2026-01-15 14:32:16 INFO     Submission 42209 skipped: Embargoed and embargo-filtering enabled
2026-01-15 14:32:17 INFO     Submission 42209 skipped: Embargoed and embargo-filtering enabled
2026-01-15 14:32:17 INFO     Submission 42209 skipped: Embargoed and embargo-filtering enabled
2026-01-15 14:32:17 INFO     Submission 42209 skipped: Embargoed and embargo-filtering enabled
2026-01-15 14:32:17 INFO     Submission 42209 skipped: Embargoed and embargo-filtering enabled
2026-01-15 14:32:17 INFO     Submission 42209 skipped: Embargoed and embargo-filtering enabled
2026-01-15 14:32:17 INFO     Submission 42209 skipped: Embargoed and embargo-filtering enabled
2026-01-15 14:32:17 INFO     Submission 42209 skipped: Embargoed and embargo-filtering enabled
2026-01-15 14:32:17 INFO     Submission 42209 skipped: Embargoed and embargo-filtering enabled
2026-01-15 14:32:17 INFO     Submission 42209 skipped: Embargoed and embargo-filtering enabled
2026-01-15 14:32:17 INFO     Submission 42209 skipped: Embargoed and embargo-filtering enabled
2026-01-15 14:32:17 INFO     Submission 42209 skipped: Embargoed and embargo-filtering enabled
2026-01-15 14:32:17 INFO     Submission 42209 skipped: Embargoed and embargo-filtering enabled
2026-01-15 14:32:17 INFO     Submission 42209 skipped: Embargoed and embargo-filtering enabled
2026-01-15 14:32:17 INFO     Submission 42209 skipped: Embargoed and embargo-filtering enabled
2026-01-15 14:32:17 INFO     Submission 42209 skipped: Embargoed and embargo-filtering enabled
2026-01-15 14:32:17 INFO     Submission 42209 skipped: Embargoed and embargo-filtering enabled
2026-01-15 14:32:17 INFO     Submission 42209 skipped: Embargoed and embargo-filtering enabled
2026-01-15 14:32:17 INFO     Submission 42209 skipped: Embargoed and embargo-filtering enabled
2026-01-15 14:32:17 INFO     Submission 42209 skipped: Embargoed and embargo-filtering enabled
2026-01-15 14:32:17 INFO     Submission 42209 skipped: Embargoed and embargo-filtering enabled
2026-01-15 14:32:17 INFO     Submission 42209 skipped: Embargoed and embargo-filtering enabled
2026-01-15 14:32:17 INFO     Submission 42209 skipped: Embargoed and embargo-filtering enabled
2026-01-15 14:32:17 INFO     Submission 42209 skipped: Embargoed and embargo-filtering enabled
2026-01-15 14:32:17 INFO     Submission 42209 skipped: Embargoed and embargo-filtering enabled
2026-01-15 14:32:17 INFO     Submission 42209 skipped: Embargoed and embargo-filtering enabled
2026-01-15 14:32:17 INFO     Submission 42209 skipped: Embargoed and embargo-filtering enabled
2026-01-15 14:32:17 INFO     Submission 42209 skipped: Embargoed and embargo-filtering enabled
2026-01-15 14:32:17 INFO     Submission 42209 skipped: Embargoed and embargo-filtering enabled
2026-01-15 14:32:17 INFO     Submission 42209 skipped: Embargoed and embargo-filtering enabled
2026-01-15 14:32:17 INFO     Submission 42209 skipped: Embargoed and embargo-filtering enabled
2026-01-15 14:32:17 INFO     Submission 42209 skipped: Embargoed and embargo-filtering enabled
2026-01-15 14:32:17 INFO     Submission 42209 skipped: Embargoed and embargo-filtering enabled
2026-01-15 14:32:17 INFO     Submission 42209 skipped: Embargoed and embargo-filtering enabled
2026-01-15 14:32:17 INFO     Submission 42209 skipped: Embargoed and embargo-filtering enabled
2026-01-15 14:32:17 INFO     Submission 42209 skipped: Embargoed and embargo-filtering enabled
2026-01-15 14:32:17 INFO     Submission 42209 skipped: Embargoed and embargo-filtering enabled
2026-01-15 14:32:17 INFO     Submission 41692 already scheduled for Azure-BYOS-Incidents on x86_64
2026-01-15 14:32:17 INFO     Submission 42209 skipped: Embargoed and embargo-filtering enabled
2026-01-15 14:32:17 INFO     Submission 42209 skipped: Embargoed and embargo-filtering enabled
2026-01-15 14:32:17 INFO     Submission 41692 already scheduled for Azure-BYOS-Incidents on aarch64
2026-01-15 14:32:17 INFO     Submission 42209 skipped: Embargoed and embargo-filtering enabled
2026-01-15 14:32:17 INFO     Submission 42209 skipped: Embargoed and embargo-filtering enabled
2026-01-15 14:32:17 INFO     Submission 41692 already scheduled for Azure-BYOS-Hardened-Incidents on x86_64
2026-01-15 14:32:17 INFO     Submission 42209 skipped: Embargoed and embargo-filtering enabled
2026-01-15 14:32:17 INFO     Submission 42209 skipped: Embargoed and embargo-filtering enabled
2026-01-15 14:32:17 INFO     Submission 41692 already scheduled for Azure-Incidents on x86_64
2026-01-15 14:32:17 INFO     Submission 42209 skipped: Embargoed and embargo-filtering enabled
2026-01-15 14:32:17 INFO     Submission 42209 skipped: Embargoed and embargo-filtering enabled
2026-01-15 14:32:17 INFO     Submission 41692 already scheduled for EC2-Incidents on x86_64
2026-01-15 14:32:17 INFO     Submission 42209 skipped: Embargoed and embargo-filtering enabled
2026-01-15 14:32:17 INFO     Submission 42209 skipped: Embargoed and embargo-filtering enabled
2026-01-15 14:32:17 INFO     Submission 41692 already scheduled for EC2-Incidents on aarch64
2026-01-15 14:32:17 INFO     Submission 42209 skipped: Embargoed and embargo-filtering enabled
2026-01-15 14:32:18 INFO     Submission 42209 skipped: Embargoed and embargo-filtering enabled
2026-01-15 14:32:18 INFO     Submission 41692 already scheduled for EC2-BYOS-Incidents on x86_64
2026-01-15 14:32:18 INFO     Submission 42209 skipped: Embargoed and embargo-filtering enabled
2026-01-15 14:32:18 INFO     Submission 42209 skipped: Embargoed and embargo-filtering enabled
2026-01-15 14:32:18 INFO     Submission 41692 already scheduled for EC2-BYOS-Incidents on aarch64
2026-01-15 14:32:18 INFO     Submission 42209 skipped: Embargoed and embargo-filtering enabled
2026-01-15 14:32:18 INFO     Submission 42209 skipped: Embargoed and embargo-filtering enabled
2026-01-15 14:32:18 INFO     Submission 41692 already scheduled for EC2-BYOS-Hardened-Incidents on x86_64
2026-01-15 14:32:18 INFO     Submission 42209 skipped: Embargoed and embargo-filtering enabled
2026-01-15 14:32:18 INFO     Submission 42209 skipped: Embargoed and embargo-filtering enabled
2026-01-15 14:32:18 INFO     Submission 41692 already scheduled for GCE-Incidents on x86_64
2026-01-15 14:32:18 INFO     Submission 42209 skipped: Embargoed and embargo-filtering enabled
2026-01-15 14:32:18 INFO     Submission 42209 skipped: Embargoed and embargo-filtering enabled
2026-01-15 14:32:18 INFO     Submission 41692 already scheduled for GCE-Incidents on aarch64
2026-01-15 14:32:18 INFO     Submission 42209 skipped: Embargoed and embargo-filtering enabled
2026-01-15 14:32:18 INFO     Submission 42209 skipped: Embargoed and embargo-filtering enabled
2026-01-15 14:32:18 INFO     Submission 41692 already scheduled for GCE-BYOS-Incidents on x86_64
2026-01-15 14:32:18 INFO     Submission 42209 skipped: Embargoed and embargo-filtering enabled
2026-01-15 14:32:18 INFO     Submission 42209 skipped: Embargoed and embargo-filtering enabled
2026-01-15 14:32:18 INFO     Submission 42209 skipped: Embargoed and embargo-filtering enabled
2026-01-15 14:32:18 INFO     Submission 41692 already scheduled for GCE-BYOS-Incidents on aarch64
2026-01-15 14:32:18 INFO     Submission 42209 skipped: Embargoed and embargo-filtering enabled
2026-01-15 14:32:19 INFO     Submission 42209 skipped: Embargoed and embargo-filtering enabled
2026-01-15 14:32:19 INFO     Submission 41692 already scheduled for GCE-BYOS-Hardened-Incidents on x86_64
2026-01-15 14:32:19 INFO     Submission 42209 skipped: Embargoed and embargo-filtering enabled
2026-01-15 14:32:19 INFO     Submission 42209 skipped: Embargoed and embargo-filtering enabled
2026-01-15 14:32:19 INFO     Submission 38246 already scheduled for Server-DVD-SAP-Incidents-LTSS-ES on x86_64
2026-01-15 14:32:19 INFO     Submission 42085 already scheduled for Server-DVD-SAP-Incidents-LTSS-ES on x86_64
2026-01-15 14:32:19 INFO     Submission 42177 already scheduled for Server-DVD-SAP-Incidents-LTSS-ES on x86_64
2026-01-15 14:32:19 INFO     Submission 42179 already scheduled for Server-DVD-SAP-Incidents-LTSS-ES on x86_64
2026-01-15 14:32:19 INFO     Submission 42191 already scheduled for Server-DVD-SAP-Incidents-LTSS-ES on x86_64
2026-01-15 14:32:19 INFO     Submission 42202 already scheduled for Server-DVD-SAP-Incidents-LTSS-ES on x86_64
2026-01-15 14:32:19 INFO     Submission 42219 already scheduled for Server-DVD-SAP-Incidents-LTSS-ES on x86_64
2026-01-15 14:32:19 INFO     Submission 38246 already scheduled for Server-DVD-SAP-Incidents-Install-LTSS-ES on x86_64
2026-01-15 14:32:19 INFO     Submission 42085 already scheduled for Server-DVD-SAP-Incidents-Install-LTSS-ES on x86_64
2026-01-15 14:32:19 INFO     Submission 42177 already scheduled for Server-DVD-SAP-Incidents-Install-LTSS-ES on x86_64
2026-01-15 14:32:19 INFO     Submission 42179 already scheduled for Server-DVD-SAP-Incidents-Install-LTSS-ES on x86_64
2026-01-15 14:32:19 INFO     Submission 42191 already scheduled for Server-DVD-SAP-Incidents-Install-LTSS-ES on x86_64
2026-01-15 14:32:19 INFO     Submission 42202 already scheduled for Server-DVD-SAP-Incidents-Install-LTSS-ES on x86_64
2026-01-15 14:32:19 INFO     Submission 42219 already scheduled for Server-DVD-SAP-Incidents-Install-LTSS-ES on x86_64
2026-01-15 14:32:19 INFO     Submission 38246 already scheduled for Server-DVD-SAP-Incidents on x86_64
2026-01-15 14:32:19 INFO     Submission 42177 already scheduled for Server-DVD-SAP-Incidents on x86_64
2026-01-15 14:32:19 INFO     Submission 42191 already scheduled for Server-DVD-SAP-Incidents on x86_64
2026-01-15 14:32:19 INFO     Submission 42219 already scheduled for Server-DVD-SAP-Incidents on x86_64
2026-01-15 14:32:19 INFO     Submission 38246 already scheduled for Server-DVD-SAP-Incidents-Install on x86_64
2026-01-15 14:32:19 INFO     Submission 42177 already scheduled for Server-DVD-SAP-Incidents-Install on x86_64
2026-01-15 14:32:19 INFO     Submission 42191 already scheduled for Server-DVD-SAP-Incidents-Install on x86_64
2026-01-15 14:32:19 INFO     Submission 42219 already scheduled for Server-DVD-SAP-Incidents-Install on x86_64
2026-01-15 14:32:19 INFO     Submission 38246 already scheduled for Server-DVD-SAP-Incidents-Install on ppc64le
2026-01-15 14:32:19 INFO     Submission 42177 already scheduled for Server-DVD-SAP-Incidents-Install on ppc64le
2026-01-15 14:32:19 INFO     Submission 42191 already scheduled for Server-DVD-SAP-Incidents-Install on ppc64le
2026-01-15 14:32:19 INFO     Submission 42219 already scheduled for Server-DVD-SAP-Incidents-Install on ppc64le
2026-01-15 14:32:19 INFO     Submission 42209 skipped: Embargoed and embargo-filtering enabled
2026-01-15 14:32:19 INFO     Submission 42209 skipped: Embargoed and embargo-filtering enabled
2026-01-15 14:32:19 INFO     Submission 42209 skipped: Embargoed and embargo-filtering enabled
2026-01-15 14:32:19 INFO     Submission 42209 skipped: Embargoed and embargo-filtering enabled
2026-01-15 14:32:19 INFO     Submission 42209 skipped: Embargoed and embargo-filtering enabled
2026-01-15 14:32:19 INFO     Submission 42209 skipped: Embargoed and embargo-filtering enabled
2026-01-15 14:32:19 INFO     Submission 38246 already scheduled for Azure-SAP-BYOS-Incidents on x86_64
2026-01-15 14:32:19 INFO     Submission 42209 skipped: Embargoed and embargo-filtering enabled
2026-01-15 14:32:19 INFO     Submission 38246 already scheduled for Azure-SAP-PAYG-Incidents on x86_64
2026-01-15 14:32:19 INFO     Submission 42209 skipped: Embargoed and embargo-filtering enabled
2026-01-15 14:32:19 INFO     Submission 38246 already scheduled for EC2-SAP-BYOS-Incidents on x86_64
2026-01-15 14:32:19 INFO     Submission 42209 skipped: Embargoed and embargo-filtering enabled
2026-01-15 14:32:19 INFO     Submission 38246 already scheduled for EC2-SAP-PAYG-Incidents on x86_64
2026-01-15 14:32:19 INFO     Submission 42209 skipped: Embargoed and embargo-filtering enabled
2026-01-15 14:32:19 INFO     Submission 38246 already scheduled for GCE-SAP-BYOS-Incidents on x86_64
2026-01-15 14:32:19 INFO     Submission 42209 skipped: Embargoed and embargo-filtering enabled
2026-01-15 14:32:19 INFO     Submission 38246 already scheduled for GCE-SAP-PAYG-Incidents on x86_64
2026-01-15 14:32:19 INFO     Submission 42209 skipped: Embargoed and embargo-filtering enabled
2026-01-15 14:32:19 INFO     Submission 42108 already scheduled for Server-DVD-SAP-Incidents on x86_64
2026-01-15 14:32:19 INFO     Submission 42131 already scheduled for Server-DVD-SAP-Incidents on x86_64
2026-01-15 14:32:19 INFO     Submission 42170 already scheduled for Server-DVD-SAP-Incidents on x86_64
2026-01-15 14:32:19 INFO     Submission 42184 already scheduled for Server-DVD-SAP-Incidents on x86_64
2026-01-15 14:32:19 INFO     Submission 42187 already scheduled for Server-DVD-SAP-Incidents on x86_64
2026-01-15 14:32:19 INFO     Submission 42188 already scheduled for Server-DVD-SAP-Incidents on x86_64
2026-01-15 14:32:19 INFO     Submission 42192 already scheduled for Server-DVD-SAP-Incidents on x86_64
2026-01-15 14:32:19 INFO     Submission 42204 already scheduled for Server-DVD-SAP-Incidents on x86_64
2026-01-15 14:32:19 INFO     Submission 42205 already scheduled for Server-DVD-SAP-Incidents on x86_64
2026-01-15 14:32:19 INFO     Submission 42209 already scheduled for Server-DVD-SAP-Incidents on x86_64
2026-01-15 14:32:19 INFO     Submission 42211 already scheduled for Server-DVD-SAP-Incidents on x86_64
2026-01-15 14:32:19 INFO     Submission 42218 already scheduled for Server-DVD-SAP-Incidents on x86_64
2026-01-15 14:32:19 INFO     Submission 42222 already scheduled for Server-DVD-SAP-Incidents on x86_64
2026-01-15 14:32:19 INFO     Submission 42108 already scheduled for Server-DVD-SAP-Incidents-Install on x86_64
2026-01-15 14:32:19 INFO     Submission 42131 already scheduled for Server-DVD-SAP-Incidents-Install on x86_64
2026-01-15 14:32:19 INFO     Submission 42170 already scheduled for Server-DVD-SAP-Incidents-Install on x86_64
2026-01-15 14:32:19 INFO     Submission 42184 already scheduled for Server-DVD-SAP-Incidents-Install on x86_64
2026-01-15 14:32:19 INFO     Submission 42187 already scheduled for Server-DVD-SAP-Incidents-Install on x86_64
2026-01-15 14:32:19 INFO     Submission 42188 already scheduled for Server-DVD-SAP-Incidents-Install on x86_64
2026-01-15 14:32:19 INFO     Submission 42192 already scheduled for Server-DVD-SAP-Incidents-Install on x86_64
2026-01-15 14:32:19 INFO     Submission 42204 already scheduled for Server-DVD-SAP-Incidents-Install on x86_64
2026-01-15 14:32:19 INFO     Submission 42205 already scheduled for Server-DVD-SAP-Incidents-Install on x86_64
2026-01-15 14:32:19 INFO     Submission 42209 already scheduled for Server-DVD-SAP-Incidents-Install on x86_64
2026-01-15 14:32:19 INFO     Submission 42211 already scheduled for Server-DVD-SAP-Incidents-Install on x86_64
2026-01-15 14:32:19 INFO     Submission 42218 already scheduled for Server-DVD-SAP-Incidents-Install on x86_64
2026-01-15 14:32:19 INFO     Submission 42222 already scheduled for Server-DVD-SAP-Incidents-Install on x86_64
2026-01-15 14:32:19 INFO     Submission 42131 already scheduled for Server-DVD-SAP-Incidents-Install on ppc64le
2026-01-15 14:32:19 INFO     Submission 42170 already scheduled for Server-DVD-SAP-Incidents-Install on ppc64le
2026-01-15 14:32:19 INFO     Submission 42184 already scheduled for Server-DVD-SAP-Incidents-Install on ppc64le
2026-01-15 14:32:19 INFO     Submission 42187 already scheduled for Server-DVD-SAP-Incidents-Install on ppc64le
2026-01-15 14:32:19 INFO     Submission 42188 already scheduled for Server-DVD-SAP-Incidents-Install on ppc64le
2026-01-15 14:32:19 INFO     Submission 42192 already scheduled for Server-DVD-SAP-Incidents-Install on ppc64le
2026-01-15 14:32:19 INFO     Submission 42204 already scheduled for Server-DVD-SAP-Incidents-Install on ppc64le
2026-01-15 14:32:19 INFO     Submission 42205 already scheduled for Server-DVD-SAP-Incidents-Install on ppc64le
2026-01-15 14:32:19 INFO     Submission 42209 already scheduled for Server-DVD-SAP-Incidents-Install on ppc64le
2026-01-15 14:32:19 INFO     Submission 42211 already scheduled for Server-DVD-SAP-Incidents-Install on ppc64le
2026-01-15 14:32:19 INFO     Submission 42218 already scheduled for Server-DVD-SAP-Incidents-Install on ppc64le
2026-01-15 14:32:19 INFO     Submission 42222 already scheduled for Server-DVD-SAP-Incidents-Install on ppc64le
2026-01-15 14:32:19 INFO     Submission 42209 skipped: Embargoed and embargo-filtering enabled
2026-01-15 14:32:19 INFO     Submission 42209 skipped: Embargoed and embargo-filtering enabled
2026-01-15 14:32:19 INFO     Submission 42209 skipped: Embargoed and embargo-filtering enabled
2026-01-15 14:32:19 INFO     Submission 42209 skipped: Embargoed and embargo-filtering enabled
2026-01-15 14:32:19 INFO     Submission 42209 skipped: Embargoed and embargo-filtering enabled
2026-01-15 14:32:19 INFO     Submission 42209 skipped: Embargoed and embargo-filtering enabled
2026-01-15 14:32:19 INFO     Submission 42170 already scheduled for Azure-SAP-BYOS-Incidents on x86_64
2026-01-15 14:32:19 INFO     Submission 42209 skipped: Embargoed and embargo-filtering enabled
2026-01-15 14:32:19 INFO     Submission 42170 already scheduled for Azure-SAP-PAYG-Incidents on x86_64
2026-01-15 14:32:19 INFO     Submission 42209 skipped: Embargoed and embargo-filtering enabled
2026-01-15 14:32:19 INFO     Submission 42170 already scheduled for EC2-SAP-BYOS-Incidents on x86_64
2026-01-15 14:32:19 INFO     Submission 42209 skipped: Embargoed and embargo-filtering enabled
2026-01-15 14:32:19 INFO     Submission 42170 already scheduled for EC2-SAP-PAYG-Incidents on x86_64
2026-01-15 14:32:19 INFO     Submission 42209 skipped: Embargoed and embargo-filtering enabled
2026-01-15 14:32:19 INFO     Submission 42170 already scheduled for GCE-SAP-BYOS-Incidents on x86_64
2026-01-15 14:32:19 INFO     Submission 42209 skipped: Embargoed and embargo-filtering enabled
2026-01-15 14:32:19 INFO     Submission 42170 already scheduled for GCE-SAP-PAYG-Incidents on x86_64
2026-01-15 14:32:19 INFO     Submission 42209 skipped: Embargoed and embargo-filtering enabled
2026-01-15 14:32:19 INFO     Submission 42109 already scheduled for Server-DVD-SAP-Incidents on x86_64
2026-01-15 14:32:19 INFO     Submission 42131 already scheduled for Server-DVD-SAP-Incidents on x86_64
2026-01-15 14:32:19 INFO     Submission 42170 already scheduled for Server-DVD-SAP-Incidents on x86_64
2026-01-15 14:32:19 INFO     Submission 42184 already scheduled for Server-DVD-SAP-Incidents on x86_64
2026-01-15 14:32:19 INFO     Submission 42187 already scheduled for Server-DVD-SAP-Incidents on x86_64
2026-01-15 14:32:19 INFO     Submission 42188 already scheduled for Server-DVD-SAP-Incidents on x86_64
2026-01-15 14:32:19 INFO     Submission 42192 already scheduled for Server-DVD-SAP-Incidents on x86_64
2026-01-15 14:32:19 INFO     Submission 42205 already scheduled for Server-DVD-SAP-Incidents on x86_64
2026-01-15 14:32:19 INFO     Submission 42208 already scheduled for Server-DVD-SAP-Incidents on x86_64
2026-01-15 14:32:19 INFO     Submission 42209 already scheduled for Server-DVD-SAP-Incidents on x86_64
2026-01-15 14:32:19 INFO     Submission 42222 already scheduled for Server-DVD-SAP-Incidents on x86_64
2026-01-15 14:32:19 INFO     Submission 42109 already scheduled for Server-DVD-SAP-Incidents-Install on x86_64
2026-01-15 14:32:19 INFO     Submission 42131 already scheduled for Server-DVD-SAP-Incidents-Install on x86_64
2026-01-15 14:32:19 INFO     Submission 42170 already scheduled for Server-DVD-SAP-Incidents-Install on x86_64
2026-01-15 14:32:19 INFO     Submission 42184 already scheduled for Server-DVD-SAP-Incidents-Install on x86_64
2026-01-15 14:32:19 INFO     Submission 42187 already scheduled for Server-DVD-SAP-Incidents-Install on x86_64
2026-01-15 14:32:19 INFO     Submission 42188 already scheduled for Server-DVD-SAP-Incidents-Install on x86_64
2026-01-15 14:32:19 INFO     Submission 42192 already scheduled for Server-DVD-SAP-Incidents-Install on x86_64
2026-01-15 14:32:19 INFO     Submission 42205 already scheduled for Server-DVD-SAP-Incidents-Install on x86_64
2026-01-15 14:32:19 INFO     Submission 42208 already scheduled for Server-DVD-SAP-Incidents-Install on x86_64
2026-01-15 14:32:19 INFO     Submission 42209 already scheduled for Server-DVD-SAP-Incidents-Install on x86_64
2026-01-15 14:32:19 INFO     Submission 42222 already scheduled for Server-DVD-SAP-Incidents-Install on x86_64
2026-01-15 14:32:19 INFO     Submission 42131 already scheduled for Server-DVD-SAP-Incidents-Install on ppc64le
2026-01-15 14:32:19 INFO     Submission 42170 already scheduled for Server-DVD-SAP-Incidents-Install on ppc64le
2026-01-15 14:32:19 INFO     Submission 42184 already scheduled for Server-DVD-SAP-Incidents-Install on ppc64le
2026-01-15 14:32:19 INFO     Submission 42187 already scheduled for Server-DVD-SAP-Incidents-Install on ppc64le
2026-01-15 14:32:19 INFO     Submission 42188 already scheduled for Server-DVD-SAP-Incidents-Install on ppc64le
2026-01-15 14:32:19 INFO     Submission 42192 already scheduled for Server-DVD-SAP-Incidents-Install on ppc64le
2026-01-15 14:32:19 INFO     Submission 42205 already scheduled for Server-DVD-SAP-Incidents-Install on ppc64le
2026-01-15 14:32:19 INFO     Submission 42209 already scheduled for Server-DVD-SAP-Incidents-Install on ppc64le
2026-01-15 14:32:19 INFO     Submission 42222 already scheduled for Server-DVD-SAP-Incidents-Install on ppc64le
2026-01-15 14:32:19 INFO     Submission 42209 skipped: Embargoed and embargo-filtering enabled
2026-01-15 14:32:19 INFO     Submission 42209 skipped: Embargoed and embargo-filtering enabled
2026-01-15 14:32:19 INFO     Submission 42209 skipped: Embargoed and embargo-filtering enabled
2026-01-15 14:32:19 INFO     Submission 42209 skipped: Embargoed and embargo-filtering enabled
2026-01-15 14:32:19 INFO     Submission 42209 skipped: Embargoed and embargo-filtering enabled
2026-01-15 14:32:19 INFO     Submission 42209 skipped: Embargoed and embargo-filtering enabled
2026-01-15 14:32:19 INFO     Submission 42170 already scheduled for Azure-SAP-BYOS-Incidents on x86_64
2026-01-15 14:32:19 INFO     Submission 42209 skipped: Embargoed and embargo-filtering enabled
2026-01-15 14:32:19 INFO     Submission 42170 already scheduled for Azure-SAP-PAYG-Incidents on x86_64
2026-01-15 14:32:19 INFO     Submission 42209 skipped: Embargoed and embargo-filtering enabled
2026-01-15 14:32:19 INFO     Submission 42170 already scheduled for EC2-SAP-BYOS-Incidents on x86_64
2026-01-15 14:32:19 INFO     Submission 42209 skipped: Embargoed and embargo-filtering enabled
2026-01-15 14:32:19 INFO     Submission 42170 already scheduled for EC2-SAP-PAYG-Incidents on x86_64
2026-01-15 14:32:19 INFO     Submission 42209 skipped: Embargoed and embargo-filtering enabled
2026-01-15 14:32:19 INFO     Submission 42170 already scheduled for GCE-SAP-BYOS-Incidents on x86_64
2026-01-15 14:32:19 INFO     Submission 42209 skipped: Embargoed and embargo-filtering enabled
2026-01-15 14:32:19 INFO     Submission 42170 already scheduled for GCE-SAP-PAYG-Incidents on x86_64
2026-01-15 14:32:19 INFO     Submission 42209 skipped: Embargoed and embargo-filtering enabled
2026-01-15 14:32:19 INFO     Submission 41692 already scheduled for Server-DVD-SAP-Incidents on x86_64
2026-01-15 14:32:19 INFO     Submission 42131 already scheduled for Server-DVD-SAP-Incidents on x86_64
2026-01-15 14:32:19 INFO     Submission 42185 already scheduled for Server-DVD-SAP-Incidents on x86_64
2026-01-15 14:32:19 INFO     Submission 42187 already scheduled for Server-DVD-SAP-Incidents on x86_64
2026-01-15 14:32:19 INFO     Submission 42188 already scheduled for Server-DVD-SAP-Incidents on x86_64
2026-01-15 14:32:19 INFO     Submission 42193 already scheduled for Server-DVD-SAP-Incidents on x86_64
2026-01-15 14:32:19 INFO     Submission 42205 already scheduled for Server-DVD-SAP-Incidents on x86_64
2026-01-15 14:32:19 INFO     Submission 42208 already scheduled for Server-DVD-SAP-Incidents on x86_64
2026-01-15 14:32:20 INFO     Submission 42209 already scheduled for Server-DVD-SAP-Incidents on x86_64
2026-01-15 14:32:20 INFO     Submission 42212 already scheduled for Server-DVD-SAP-Incidents on x86_64
2026-01-15 14:32:20 INFO     Submission 42213 already scheduled for Server-DVD-SAP-Incidents on x86_64
2026-01-15 14:32:20 INFO     Submission 42222 already scheduled for Server-DVD-SAP-Incidents on x86_64
2026-01-15 14:32:20 INFO     Submission 42223 already scheduled for Server-DVD-SAP-Incidents on x86_64
2026-01-15 14:32:20 INFO     Submission 41692 already scheduled for Server-DVD-SAP-Incidents-Install on x86_64
2026-01-15 14:32:20 INFO     Submission 42131 already scheduled for Server-DVD-SAP-Incidents-Install on x86_64
2026-01-15 14:32:20 INFO     Submission 42185 already scheduled for Server-DVD-SAP-Incidents-Install on x86_64
2026-01-15 14:32:20 INFO     Submission 42187 already scheduled for Server-DVD-SAP-Incidents-Install on x86_64
2026-01-15 14:32:20 INFO     Submission 42188 already scheduled for Server-DVD-SAP-Incidents-Install on x86_64
2026-01-15 14:32:20 INFO     Submission 42193 already scheduled for Server-DVD-SAP-Incidents-Install on x86_64
2026-01-15 14:32:20 INFO     Submission 42205 already scheduled for Server-DVD-SAP-Incidents-Install on x86_64
2026-01-15 14:32:20 INFO     Submission 42208 already scheduled for Server-DVD-SAP-Incidents-Install on x86_64
2026-01-15 14:32:20 INFO     Submission 42209 already scheduled for Server-DVD-SAP-Incidents-Install on x86_64
2026-01-15 14:32:20 INFO     Submission 42212 already scheduled for Server-DVD-SAP-Incidents-Install on x86_64
2026-01-15 14:32:20 INFO     Submission 42213 already scheduled for Server-DVD-SAP-Incidents-Install on x86_64
2026-01-15 14:32:20 INFO     Submission 42222 already scheduled for Server-DVD-SAP-Incidents-Install on x86_64
2026-01-15 14:32:20 INFO     Submission 42223 already scheduled for Server-DVD-SAP-Incidents-Install on x86_64
2026-01-15 14:32:20 INFO     Submission 41692 already scheduled for Server-DVD-SAP-Incidents-Install on ppc64le
2026-01-15 14:32:20 INFO     Submission 42131 already scheduled for Server-DVD-SAP-Incidents-Install on ppc64le
2026-01-15 14:32:20 INFO     Submission 42185 already scheduled for Server-DVD-SAP-Incidents-Install on ppc64le
2026-01-15 14:32:20 INFO     Submission 42187 already scheduled for Server-DVD-SAP-Incidents-Install on ppc64le
2026-01-15 14:32:20 INFO     Submission 42188 already scheduled for Server-DVD-SAP-Incidents-Install on ppc64le
2026-01-15 14:32:20 INFO     Submission 42193 already scheduled for Server-DVD-SAP-Incidents-Install on ppc64le
2026-01-15 14:32:20 INFO     Submission 42205 already scheduled for Server-DVD-SAP-Incidents-Install on ppc64le
2026-01-15 14:32:20 INFO     Submission 42209 already scheduled for Server-DVD-SAP-Incidents-Install on ppc64le
2026-01-15 14:32:20 INFO     Submission 42212 already scheduled for Server-DVD-SAP-Incidents-Install on ppc64le
2026-01-15 14:32:20 INFO     Submission 42213 already scheduled for Server-DVD-SAP-Incidents-Install on ppc64le
2026-01-15 14:32:20 INFO     Submission 42222 already scheduled for Server-DVD-SAP-Incidents-Install on ppc64le
2026-01-15 14:32:20 INFO     Submission 41692 already scheduled for Server-DVD-SAP-Incidents-saptune on x86_64
2026-01-15 14:32:20 INFO     Submission 41692 already scheduled for Azure-SAP-BYOS-Incidents-saptune on x86_64
2026-01-15 14:32:20 INFO     Submission 42209 skipped: Embargoed and embargo-filtering enabled
2026-01-15 14:32:20 INFO     Submission 41692 already scheduled for Azure-SAP-PAYG-Incidents-saptune on x86_64
2026-01-15 14:32:20 INFO     Submission 42209 skipped: Embargoed and embargo-filtering enabled
2026-01-15 14:32:20 INFO     Submission 41692 already scheduled for EC2-SAP-BYOS-Incidents-saptune on x86_64
2026-01-15 14:32:20 INFO     Submission 42209 skipped: Embargoed and embargo-filtering enabled
2026-01-15 14:32:20 INFO     Submission 41692 already scheduled for EC2-SAP-PAYG-Incidents-saptune on x86_64
2026-01-15 14:32:20 INFO     Submission 42209 skipped: Embargoed and embargo-filtering enabled
2026-01-15 14:32:20 INFO     Submission 41692 already scheduled for GCE-SAP-BYOS-Incidents-saptune on x86_64
2026-01-15 14:32:20 INFO     Submission 42209 skipped: Embargoed and embargo-filtering enabled
2026-01-15 14:32:20 INFO     Submission 41692 already scheduled for GCE-SAP-PAYG-Incidents-saptune on x86_64
2026-01-15 14:32:20 INFO     Submission 42209 skipped: Embargoed and embargo-filtering enabled
2026-01-15 14:32:20 INFO     Submission 41692 already scheduled for Azure-SAP-BYOS-Incidents on x86_64
2026-01-15 14:32:20 INFO     Submission 42209 skipped: Embargoed and embargo-filtering enabled
2026-01-15 14:32:20 INFO     Submission 41692 already scheduled for Azure-SAP-PAYG-Incidents on x86_64
2026-01-15 14:32:20 INFO     Submission 42209 skipped: Embargoed and embargo-filtering enabled
2026-01-15 14:32:20 INFO     Submission 41692 already scheduled for EC2-SAP-BYOS-Incidents on x86_64
2026-01-15 14:32:20 INFO     Submission 42209 skipped: Embargoed and embargo-filtering enabled
2026-01-15 14:32:20 INFO     Submission 41692 already scheduled for EC2-SAP-PAYG-Incidents on x86_64
2026-01-15 14:32:20 INFO     Submission 42209 skipped: Embargoed and embargo-filtering enabled
2026-01-15 14:32:20 INFO     Submission 41692 already scheduled for GCE-SAP-BYOS-Incidents on x86_64
2026-01-15 14:32:20 INFO     Submission 42209 skipped: Embargoed and embargo-filtering enabled
2026-01-15 14:32:20 INFO     Submission 41692 already scheduled for GCE-SAP-PAYG-Incidents on x86_64
2026-01-15 14:32:20 INFO     Submission 42209 skipped: Embargoed and embargo-filtering enabled
2026-01-15 14:32:20 INFO     Submission 41692 already scheduled for Server-DVD-SAP-Incidents on x86_64
2026-01-15 14:32:20 INFO     Submission 42027 already scheduled for Server-DVD-SAP-Incidents on x86_64
2026-01-15 14:32:20 INFO     Submission 42086 already scheduled for Server-DVD-SAP-Incidents on x86_64
2026-01-15 14:32:20 INFO     Submission 42100 already scheduled for Server-DVD-SAP-Incidents on x86_64
2026-01-15 14:32:20 INFO     Submission 42118 already scheduled for Server-DVD-SAP-Incidents on x86_64
2026-01-15 14:32:20 INFO     Submission 42126 already scheduled for Server-DVD-SAP-Incidents on x86_64
2026-01-15 14:32:20 INFO     Submission 42127 already scheduled for Server-DVD-SAP-Incidents on x86_64
2026-01-15 14:32:20 INFO     Submission 42131 already scheduled for Server-DVD-SAP-Incidents on x86_64
2026-01-15 14:32:20 INFO     Submission 42171 already scheduled for Server-DVD-SAP-Incidents on x86_64
2026-01-15 14:32:20 INFO     Submission 42172 already scheduled for Server-DVD-SAP-Incidents on x86_64
2026-01-15 14:32:20 INFO     Submission 42178 already scheduled for Server-DVD-SAP-Incidents on x86_64
2026-01-15 14:32:20 INFO     Submission 42182 already scheduled for Server-DVD-SAP-Incidents on x86_64
2026-01-15 14:32:20 INFO     Submission 42185 already scheduled for Server-DVD-SAP-Incidents on x86_64
2026-01-15 14:32:20 INFO     Submission 42187 already scheduled for Server-DVD-SAP-Incidents on x86_64
2026-01-15 14:32:20 INFO     Submission 42188 already scheduled for Server-DVD-SAP-Incidents on x86_64
2026-01-15 14:32:20 INFO     Submission 42193 already scheduled for Server-DVD-SAP-Incidents on x86_64
2026-01-15 14:32:20 INFO     Submission 42197 already scheduled for Server-DVD-SAP-Incidents on x86_64
2026-01-15 14:32:20 INFO     Submission 42205 already scheduled for Server-DVD-SAP-Incidents on x86_64
2026-01-15 14:32:20 INFO     Submission 42206 already scheduled for Server-DVD-SAP-Incidents on x86_64
2026-01-15 14:32:20 INFO     Submission 42207 already scheduled for Server-DVD-SAP-Incidents on x86_64
2026-01-15 14:32:20 INFO     Submission 42208 already scheduled for Server-DVD-SAP-Incidents on x86_64
2026-01-15 14:32:20 INFO     Submission 42212 already scheduled for Server-DVD-SAP-Incidents on x86_64
2026-01-15 14:32:20 INFO     Submission 42213 already scheduled for Server-DVD-SAP-Incidents on x86_64
2026-01-15 14:32:20 INFO     Submission 42214 already scheduled for Server-DVD-SAP-Incidents on x86_64
2026-01-15 14:32:20 INFO     Submission 42216 already scheduled for Server-DVD-SAP-Incidents on x86_64
2026-01-15 14:32:20 INFO     Submission 42218 already scheduled for Server-DVD-SAP-Incidents on x86_64
2026-01-15 14:32:20 INFO     Submission 42220 already scheduled for Server-DVD-SAP-Incidents on x86_64
2026-01-15 14:32:20 INFO     Submission 42221 already scheduled for Server-DVD-SAP-Incidents on x86_64
2026-01-15 14:32:20 INFO     Submission 42222 already scheduled for Server-DVD-SAP-Incidents on x86_64
2026-01-15 14:32:20 INFO     Submission 42223 already scheduled for Server-DVD-SAP-Incidents on x86_64
2026-01-15 14:32:20 INFO     Submission 42224 already scheduled for Server-DVD-SAP-Incidents on x86_64
2026-01-15 14:32:20 INFO     Submission 41692 already scheduled for Server-DVD-SAP-Incidents-Install on x86_64
2026-01-15 14:32:20 INFO     Submission 42027 already scheduled for Server-DVD-SAP-Incidents-Install on x86_64
2026-01-15 14:32:20 INFO     Submission 42086 already scheduled for Server-DVD-SAP-Incidents-Install on x86_64
2026-01-15 14:32:20 INFO     Submission 42100 already scheduled for Server-DVD-SAP-Incidents-Install on x86_64
2026-01-15 14:32:20 INFO     Submission 42118 already scheduled for Server-DVD-SAP-Incidents-Install on x86_64
2026-01-15 14:32:20 INFO     Submission 42126 already scheduled for Server-DVD-SAP-Incidents-Install on x86_64
2026-01-15 14:32:20 INFO     Submission 42127 already scheduled for Server-DVD-SAP-Incidents-Install on x86_64
2026-01-15 14:32:20 INFO     Submission 42131 already scheduled for Server-DVD-SAP-Incidents-Install on x86_64
2026-01-15 14:32:20 INFO     Submission 42171 already scheduled for Server-DVD-SAP-Incidents-Install on x86_64
2026-01-15 14:32:20 INFO     Submission 42172 already scheduled for Server-DVD-SAP-Incidents-Install on x86_64
2026-01-15 14:32:20 INFO     Submission 42178 already scheduled for Server-DVD-SAP-Incidents-Install on x86_64
2026-01-15 14:32:20 INFO     Submission 42182 already scheduled for Server-DVD-SAP-Incidents-Install on x86_64
2026-01-15 14:32:20 INFO     Submission 42185 already scheduled for Server-DVD-SAP-Incidents-Install on x86_64
2026-01-15 14:32:20 INFO     Submission 42187 already scheduled for Server-DVD-SAP-Incidents-Install on x86_64
2026-01-15 14:32:20 INFO     Submission 42188 already scheduled for Server-DVD-SAP-Incidents-Install on x86_64
2026-01-15 14:32:20 INFO     Submission 42193 already scheduled for Server-DVD-SAP-Incidents-Install on x86_64
2026-01-15 14:32:20 INFO     Submission 42197 already scheduled for Server-DVD-SAP-Incidents-Install on x86_64
2026-01-15 14:32:20 INFO     Submission 42205 already scheduled for Server-DVD-SAP-Incidents-Install on x86_64
2026-01-15 14:32:20 INFO     Submission 42206 already scheduled for Server-DVD-SAP-Incidents-Install on x86_64
2026-01-15 14:32:20 INFO     Submission 42207 already scheduled for Server-DVD-SAP-Incidents-Install on x86_64
2026-01-15 14:32:20 INFO     Submission 42208 already scheduled for Server-DVD-SAP-Incidents-Install on x86_64
2026-01-15 14:32:20 INFO     Submission 42212 already scheduled for Server-DVD-SAP-Incidents-Install on x86_64
2026-01-15 14:32:20 INFO     Submission 42213 already scheduled for Server-DVD-SAP-Incidents-Install on x86_64
2026-01-15 14:32:20 INFO     Submission 42214 already scheduled for Server-DVD-SAP-Incidents-Install on x86_64
2026-01-15 14:32:20 INFO     Submission 42216 already scheduled for Server-DVD-SAP-Incidents-Install on x86_64
2026-01-15 14:32:20 INFO     Submission 42218 already scheduled for Server-DVD-SAP-Incidents-Install on x86_64
2026-01-15 14:32:20 INFO     Submission 42220 already scheduled for Server-DVD-SAP-Incidents-Install on x86_64
2026-01-15 14:32:20 INFO     Submission 42221 already scheduled for Server-DVD-SAP-Incidents-Install on x86_64
2026-01-15 14:32:20 INFO     Submission 42222 already scheduled for Server-DVD-SAP-Incidents-Install on x86_64
2026-01-15 14:32:20 INFO     Submission 42223 already scheduled for Server-DVD-SAP-Incidents-Install on x86_64
2026-01-15 14:32:20 INFO     Submission 42224 already scheduled for Server-DVD-SAP-Incidents-Install on x86_64
2026-01-15 14:32:20 INFO     Submission 41692 already scheduled for Server-DVD-SAP-Incidents-Install on ppc64le
2026-01-15 14:32:20 INFO     Submission 42027 already scheduled for Server-DVD-SAP-Incidents-Install on ppc64le
2026-01-15 14:32:20 INFO     Submission 42086 already scheduled for Server-DVD-SAP-Incidents-Install on ppc64le
2026-01-15 14:32:20 INFO     Submission 42100 already scheduled for Server-DVD-SAP-Incidents-Install on ppc64le
2026-01-15 14:32:20 INFO     Submission 42118 already scheduled for Server-DVD-SAP-Incidents-Install on ppc64le
2026-01-15 14:32:20 INFO     Submission 42126 already scheduled for Server-DVD-SAP-Incidents-Install on ppc64le
2026-01-15 14:32:20 INFO     Submission 42127 already scheduled for Server-DVD-SAP-Incidents-Install on ppc64le
2026-01-15 14:32:20 INFO     Submission 42131 already scheduled for Server-DVD-SAP-Incidents-Install on ppc64le
2026-01-15 14:32:20 INFO     Submission 42171 already scheduled for Server-DVD-SAP-Incidents-Install on ppc64le
2026-01-15 14:32:20 INFO     Submission 42172 already scheduled for Server-DVD-SAP-Incidents-Install on ppc64le
2026-01-15 14:32:20 INFO     Submission 42178 already scheduled for Server-DVD-SAP-Incidents-Install on ppc64le
2026-01-15 14:32:20 INFO     Submission 42182 already scheduled for Server-DVD-SAP-Incidents-Install on ppc64le
2026-01-15 14:32:20 INFO     Submission 42185 already scheduled for Server-DVD-SAP-Incidents-Install on ppc64le
2026-01-15 14:32:20 INFO     Submission 42187 already scheduled for Server-DVD-SAP-Incidents-Install on ppc64le
2026-01-15 14:32:20 INFO     Submission 42188 already scheduled for Server-DVD-SAP-Incidents-Install on ppc64le
2026-01-15 14:32:20 INFO     Submission 42193 already scheduled for Server-DVD-SAP-Incidents-Install on ppc64le
2026-01-15 14:32:20 INFO     Submission 42197 already scheduled for Server-DVD-SAP-Incidents-Install on ppc64le
2026-01-15 14:32:20 INFO     Submission 42205 already scheduled for Server-DVD-SAP-Incidents-Install on ppc64le
2026-01-15 14:32:20 INFO     Submission 42206 already scheduled for Server-DVD-SAP-Incidents-Install on ppc64le
2026-01-15 14:32:20 INFO     Submission 42207 already scheduled for Server-DVD-SAP-Incidents-Install on ppc64le
2026-01-15 14:32:20 INFO     Submission 42212 already scheduled for Server-DVD-SAP-Incidents-Install on ppc64le
2026-01-15 14:32:20 INFO     Submission 42213 already scheduled for Server-DVD-SAP-Incidents-Install on ppc64le
2026-01-15 14:32:20 INFO     Submission 42214 already scheduled for Server-DVD-SAP-Incidents-Install on ppc64le
2026-01-15 14:32:20 INFO     Submission 42216 already scheduled for Server-DVD-SAP-Incidents-Install on ppc64le
2026-01-15 14:32:20 INFO     Submission 42218 already scheduled for Server-DVD-SAP-Incidents-Install on ppc64le
2026-01-15 14:32:20 INFO     Submission 42220 already scheduled for Server-DVD-SAP-Incidents-Install on ppc64le
2026-01-15 14:32:20 INFO     Submission 42221 already scheduled for Server-DVD-SAP-Incidents-Install on ppc64le
2026-01-15 14:32:20 INFO     Submission 42222 already scheduled for Server-DVD-SAP-Incidents-Install on ppc64le
2026-01-15 14:32:20 INFO     Submission 41692 already scheduled for Server-DVD-SAP-Incidents-saptune on x86_64
2026-01-15 14:32:20 INFO     Submission 41692 already scheduled for Azure-SAP-BYOS-Incidents-saptune on x86_64
2026-01-15 14:32:20 INFO     Submission 42209 skipped: Embargoed and embargo-filtering enabled
2026-01-15 14:32:20 INFO     Submission 41692 already scheduled for Azure-SAP-PAYG-Incidents-saptune on x86_64
2026-01-15 14:32:20 INFO     Submission 42209 skipped: Embargoed and embargo-filtering enabled
2026-01-15 14:32:20 INFO     Submission 41692 already scheduled for EC2-SAP-BYOS-Incidents-saptune on x86_64
2026-01-15 14:32:20 INFO     Submission 42209 skipped: Embargoed and embargo-filtering enabled
2026-01-15 14:32:20 INFO     Submission 41692 already scheduled for EC2-SAP-PAYG-Incidents-saptune on x86_64
2026-01-15 14:32:20 INFO     Submission 42209 skipped: Embargoed and embargo-filtering enabled
2026-01-15 14:32:20 INFO     Submission 41692 already scheduled for GCE-SAP-BYOS-Incidents-saptune on x86_64
2026-01-15 14:32:20 INFO     Submission 42209 skipped: Embargoed and embargo-filtering enabled
2026-01-15 14:32:20 INFO     Submission 41692 already scheduled for GCE-SAP-PAYG-Incidents-saptune on x86_64
2026-01-15 14:32:20 INFO     Submission 42209 skipped: Embargoed and embargo-filtering enabled
2026-01-15 14:32:20 INFO     Submission 41692 already scheduled for Azure-SAP-BYOS-Incidents on x86_64
2026-01-15 14:32:20 INFO     Submission 42171 already scheduled for Azure-SAP-BYOS-Incidents on x86_64
2026-01-15 14:32:20 INFO     Submission 42209 skipped: Embargoed and embargo-filtering enabled
2026-01-15 14:32:20 INFO     Submission 41692 already scheduled for Azure-SAP-PAYG-Incidents on x86_64
2026-01-15 14:32:20 INFO     Submission 42171 already scheduled for Azure-SAP-PAYG-Incidents on x86_64
2026-01-15 14:32:20 INFO     Submission 42209 skipped: Embargoed and embargo-filtering enabled
2026-01-15 14:32:21 INFO     Submission 41692 already scheduled for EC2-SAP-BYOS-Incidents on x86_64
2026-01-15 14:32:21 INFO     Submission 42171 already scheduled for EC2-SAP-BYOS-Incidents on x86_64
2026-01-15 14:32:21 INFO     Submission 42209 skipped: Embargoed and embargo-filtering enabled
2026-01-15 14:32:21 INFO     Submission 41692 already scheduled for EC2-SAP-PAYG-Incidents on x86_64
2026-01-15 14:32:21 INFO     Submission 42171 already scheduled for EC2-SAP-PAYG-Incidents on x86_64
2026-01-15 14:32:21 INFO     Submission 42209 skipped: Embargoed and embargo-filtering enabled
2026-01-15 14:32:21 INFO     Submission 41692 already scheduled for GCE-SAP-BYOS-Incidents on x86_64
2026-01-15 14:32:21 INFO     Submission 42171 already scheduled for GCE-SAP-BYOS-Incidents on x86_64
2026-01-15 14:32:21 INFO     Submission 42209 skipped: Embargoed and embargo-filtering enabled
2026-01-15 14:32:21 INFO     Submission 41692 already scheduled for GCE-SAP-PAYG-Incidents on x86_64
2026-01-15 14:32:21 INFO     Submission 42171 already scheduled for GCE-SAP-PAYG-Incidents on x86_64
2026-01-15 14:32:21 INFO     Submission 42209 skipped: Embargoed and embargo-filtering enabled
2026-01-15 14:32:21 INFO     Submission skipped: RepoHash metadata not found at http://download.suse.de/ibs/SUSE:/SLFO:/1.2:/PullRequest:/450:/SLES/product/repo/SLES-SAP-16.0-s390x/repodata/repomd.xml
2026-01-15 14:32:21 INFO     Submission skipped: RepoHash metadata not found at http://download.suse.de/ibs/SUSE:/SLFO:/1.2:/PullRequest:/450:/SL-Micro/product/repo/SLES-SAP-16.0-aarch64/repodata/repomd.xml
2026-01-15 14:32:21 INFO     Submission skipped: RepoHash metadata not found at http://download.suse.de/ibs/SUSE:/SLFO:/1.2:/PullRequest:/450:/SL-Micro/product/repo/SLES-SAP-16.0-ppc64le/repodata/repomd.xml
2026-01-15 14:32:21 INFO     Submission skipped: RepoHash metadata not found at http://download.suse.de/ibs/SUSE:/SLFO:/1.2:/PullRequest:/450:/SL-Micro/product/repo/SLES-SAP-16.0-s390x/repodata/repomd.xml
2026-01-15 14:32:21 INFO     Submission skipped: RepoHash metadata not found at http://download.suse.de/ibs/SUSE:/SLFO:/1.2:/PullRequest:/450:/SL-Micro/product/repo/SLES-SAP-16.0-x86_64/repodata/repomd.xml
2026-01-15 14:32:21 INFO     Submission skipped: RepoHash metadata not found at http://download.suse.de/ibs/SUSE:/SLFO:/1.2:/PullRequest:/450:/SLES/product/repo/SLES-SAP-16.0-aarch64/repodata/repomd.xml
2026-01-15 14:32:21 INFO     Submission skipped: RepoHash metadata not found at http://download.suse.de/ibs/SUSE:/SLFO:/1.2:/PullRequest:/468:/SL-Micro/product/repo/SLES-SAP-16.0-s390x/repodata/repomd.xml
2026-01-15 14:32:21 INFO     Submission skipped: RepoHash metadata not found at http://download.suse.de/ibs/SUSE:/SLFO:/1.2:/PullRequest:/468:/SL-Micro/product/repo/SLES-SAP-16.0-ppc64le/repodata/repomd.xml
2026-01-15 14:32:21 INFO     Submission skipped: RepoHash metadata not found at http://download.suse.de/ibs/SUSE:/SLFO:/1.2:/PullRequest:/468:/SL-Micro/product/repo/SLES-SAP-16.0-aarch64/repodata/repomd.xml
2026-01-15 14:32:21 INFO     Submission skipped: RepoHash metadata not found at http://download.suse.de/ibs/SUSE:/SLFO:/1.2:/PullRequest:/468:/SL-Micro/product/repo/SLES-SAP-16.0-x86_64/repodata/repomd.xml
2026-01-15 14:32:21 INFO     Submission skipped: RepoHash metadata not found at http://download.suse.de/ibs/SUSE:/SLFO:/1.2:/PullRequest:/468:/SLES/product/repo/SLES-SAP-16.0-aarch64/repodata/repomd.xml
2026-01-15 14:32:21 INFO     Submission skipped: RepoHash metadata not found at http://download.suse.de/ibs/SUSE:/SLFO:/1.2:/PullRequest:/468:/SLES/product/repo/SLES-SAP-16.0-s390x/repodata/repomd.xml
2026-01-15 14:32:21 INFO     Submission skipped: RepoHash metadata not found at http://download.suse.de/ibs/SUSE:/SLFO:/1.2:/PullRequest:/506:/SLES/product/repo/SLES-SAP-16.0-aarch64/repodata/repomd.xml
2026-01-15 14:32:21 INFO     Submission skipped: RepoHash metadata not found at http://download.suse.de/ibs/SUSE:/SLFO:/1.2:/PullRequest:/506:/SLES/product/repo/SLES-SAP-16.0-s390x/repodata/repomd.xml
2026-01-15 14:32:21 INFO     Submission skipped: RepoHash metadata not found at http://download.suse.de/ibs/SUSE:/SLFO:/1.2:/PullRequest:/506:/SL-Micro/product/repo/SLES-SAP-16.0-s390x/repodata/repomd.xml
2026-01-15 14:32:21 INFO     Submission skipped: RepoHash metadata not found at http://download.suse.de/ibs/SUSE:/SLFO:/1.2:/PullRequest:/506:/SL-Micro/product/repo/SLES-SAP-16.0-x86_64/repodata/repomd.xml
2026-01-15 14:32:21 INFO     Submission skipped: RepoHash metadata not found at http://download.suse.de/ibs/SUSE:/SLFO:/1.2:/PullRequest:/506:/SL-Micro/product/repo/SLES-SAP-16.0-aarch64/repodata/repomd.xml
2026-01-15 14:32:21 INFO     Submission skipped: RepoHash metadata not found at http://download.suse.de/ibs/SUSE:/SLFO:/1.2:/PullRequest:/506:/SL-Micro/product/repo/SLES-SAP-16.0-ppc64le/repodata/repomd.xml
2026-01-15 14:32:21 INFO     Submission skipped: RepoHash metadata not found at http://download.suse.de/ibs/SUSE:/SLFO:/1.2:/PullRequest:/516:/SLES/product/repo/SLES-SAP-16.0-aarch64/repodata/repomd.xml
2026-01-15 14:32:21 INFO     Submission skipped: RepoHash metadata not found at http://download.suse.de/ibs/SUSE:/SLFO:/1.2:/PullRequest:/516:/SLES/product/repo/SLES-SAP-16.0-s390x/repodata/repomd.xml
2026-01-15 14:32:21 INFO     Submission skipped: RepoHash metadata not found at http://download.suse.de/ibs/SUSE:/SLFO:/1.2:/PullRequest:/516:/SL-Micro/product/repo/SLES-SAP-16.0-aarch64/repodata/repomd.xml
2026-01-15 14:32:21 INFO     Submission skipped: RepoHash metadata not found at http://download.suse.de/ibs/SUSE:/SLFO:/1.2:/PullRequest:/516:/SL-Micro/product/repo/SLES-SAP-16.0-s390x/repodata/repomd.xml
2026-01-15 14:32:21 INFO     Submission skipped: RepoHash metadata not found at http://download.suse.de/ibs/SUSE:/SLFO:/1.2:/PullRequest:/516:/SL-Micro/product/repo/SLES-SAP-16.0-x86_64/repodata/repomd.xml
2026-01-15 14:32:21 INFO     Submission skipped: RepoHash metadata not found at http://download.suse.de/ibs/SUSE:/SLFO:/1.2:/PullRequest:/516:/SL-Micro/product/repo/SLES-SAP-16.0-ppc64le/repodata/repomd.xml
2026-01-15 14:32:21 INFO     Submission skipped: RepoHash metadata not found at http://download.suse.de/ibs/SUSE:/SLFO:/1.2:/PullRequest:/544:/SLES/product/repo/SLES-SAP-16.0-s390x/repodata/repomd.xml
2026-01-15 14:32:21 INFO     Submission skipped: RepoHash metadata not found at http://download.suse.de/ibs/SUSE:/SLFO:/1.2:/PullRequest:/544:/SLES/product/repo/SLES-SAP-16.0-aarch64/repodata/repomd.xml
2026-01-15 14:32:21 INFO     Submission skipped: RepoHash metadata not found at http://download.suse.de/ibs/SUSE:/SLFO:/1.2:/PullRequest:/544:/SL-Micro/product/repo/SLES-SAP-16.0-x86_64/repodata/repomd.xml
2026-01-15 14:32:21 INFO     Submission skipped: RepoHash metadata not found at http://download.suse.de/ibs/SUSE:/SLFO:/1.2:/PullRequest:/544:/SL-Micro/product/repo/SLES-SAP-16.0-ppc64le/repodata/repomd.xml
2026-01-15 14:32:21 INFO     Submission skipped: RepoHash metadata not found at http://download.suse.de/ibs/SUSE:/SLFO:/1.2:/PullRequest:/544:/SL-Micro/product/repo/SLES-SAP-16.0-s390x/repodata/repomd.xml
2026-01-15 14:32:21 INFO     Submission skipped: RepoHash metadata not found at http://download.suse.de/ibs/SUSE:/SLFO:/1.2:/PullRequest:/544:/SL-Micro/product/repo/SLES-SAP-16.0-aarch64/repodata/repomd.xml
2026-01-15 14:32:21 INFO     Submission skipped: RepoHash metadata not found at http://download.suse.de/ibs/SUSE:/SLFO:/1.2:/PullRequest:/564:/SLES/product/repo/SLES-SAP-16.0-s390x/repodata/repomd.xml
2026-01-15 14:32:21 INFO     Submission skipped: RepoHash metadata not found at http://download.suse.de/ibs/SUSE:/SLFO:/1.2:/PullRequest:/564:/SL-Micro/product/repo/SLES-SAP-16.0-aarch64/repodata/repomd.xml
2026-01-15 14:32:21 INFO     Submission skipped: RepoHash metadata not found at http://download.suse.de/ibs/SUSE:/SLFO:/1.2:/PullRequest:/564:/SL-Micro/product/repo/SLES-SAP-16.0-x86_64/repodata/repomd.xml
2026-01-15 14:32:21 INFO     Submission skipped: RepoHash metadata not found at http://download.suse.de/ibs/SUSE:/SLFO:/1.2:/PullRequest:/564:/SL-Micro/product/repo/SLES-SAP-16.0-ppc64le/repodata/repomd.xml
2026-01-15 14:32:21 INFO     Submission skipped: RepoHash metadata not found at http://download.suse.de/ibs/SUSE:/SLFO:/1.2:/PullRequest:/564:/SL-Micro/product/repo/SLES-SAP-16.0-s390x/repodata/repomd.xml
2026-01-15 14:32:21 INFO     Submission skipped: RepoHash metadata not found at http://download.suse.de/ibs/SUSE:/SLFO:/1.2:/PullRequest:/564:/SLES/product/repo/SLES-SAP-16.0-aarch64/repodata/repomd.xml
2026-01-15 14:32:21 INFO     Submission skipped: RepoHash metadata not found at http://download.suse.de/ibs/SUSE:/SLFO:/1.2:/PullRequest:/601:/SLES/product/repo/SLES-SAP-16.0-s390x/repodata/repomd.xml
2026-01-15 14:32:21 INFO     Submission skipped: RepoHash metadata not found at http://download.suse.de/ibs/SUSE:/SLFO:/1.2:/PullRequest:/601:/SLES/product/repo/SLES-SAP-16.0-aarch64/repodata/repomd.xml
2026-01-15 14:32:21 INFO     Submission skipped: RepoHash metadata not found at http://download.suse.de/ibs/SUSE:/SLFO:/1.2:/PullRequest:/601:/SL-Micro/product/repo/SLES-SAP-16.0-x86_64/repodata/repomd.xml
2026-01-15 14:32:21 INFO     Submission skipped: RepoHash metadata not found at http://download.suse.de/ibs/SUSE:/SLFO:/1.2:/PullRequest:/601:/SL-Micro/product/repo/SLES-SAP-16.0-ppc64le/repodata/repomd.xml
2026-01-15 14:32:21 INFO     Submission skipped: RepoHash metadata not found at http://download.suse.de/ibs/SUSE:/SLFO:/1.2:/PullRequest:/601:/SL-Micro/product/repo/SLES-SAP-16.0-s390x/repodata/repomd.xml
2026-01-15 14:32:21 INFO     Submission skipped: RepoHash metadata not found at http://download.suse.de/ibs/SUSE:/SLFO:/1.2:/PullRequest:/601:/SL-Micro/product/repo/SLES-SAP-16.0-aarch64/repodata/repomd.xml
2026-01-15 14:32:21 INFO     Submission skipped: RepoHash metadata not found at http://download.suse.de/ibs/SUSE:/SLFO:/1.2:/PullRequest:/608:/SLES/product/repo/SLES-SAP-16.0-s390x/repodata/repomd.xml
2026-01-15 14:32:21 INFO     Submission skipped: RepoHash metadata not found at http://download.suse.de/ibs/SUSE:/SLFO:/1.2:/PullRequest:/608:/SLES/product/repo/SLES-SAP-16.0-aarch64/repodata/repomd.xml
2026-01-15 14:32:21 INFO     Submission skipped: RepoHash metadata not found at http://download.suse.de/ibs/SUSE:/SLFO:/1.2:/PullRequest:/608:/SL-Micro/product/repo/SLES-SAP-16.0-aarch64/repodata/repomd.xml
2026-01-15 14:32:21 INFO     Submission skipped: RepoHash metadata not found at http://download.suse.de/ibs/SUSE:/SLFO:/1.2:/PullRequest:/608:/SL-Micro/product/repo/SLES-SAP-16.0-s390x/repodata/repomd.xml
2026-01-15 14:32:21 INFO     Submission skipped: RepoHash metadata not found at http://download.suse.de/ibs/SUSE:/SLFO:/1.2:/PullRequest:/608:/SL-Micro/product/repo/SLES-SAP-16.0-x86_64/repodata/repomd.xml
2026-01-15 14:32:21 INFO     Submission skipped: RepoHash metadata not found at http://download.suse.de/ibs/SUSE:/SLFO:/1.2:/PullRequest:/608:/SL-Micro/product/repo/SLES-SAP-16.0-ppc64le/repodata/repomd.xml
2026-01-15 14:32:21 INFO     Submission skipped: RepoHash metadata not found at http://download.suse.de/ibs/SUSE:/SLFO:/1.2:/PullRequest:/629:/SLES/product/repo/SLES-SAP-16.0-s390x/repodata/repomd.xml
2026-01-15 14:32:21 INFO     Submission skipped: RepoHash metadata not found at http://download.suse.de/ibs/SUSE:/SLFO:/1.2:/PullRequest:/629:/SL-Micro/product/repo/SLES-SAP-16.0-s390x/repodata/repomd.xml
2026-01-15 14:32:21 INFO     Submission skipped: RepoHash metadata not found at http://download.suse.de/ibs/SUSE:/SLFO:/1.2:/PullRequest:/629:/SL-Micro/product/repo/SLES-SAP-16.0-x86_64/repodata/repomd.xml
2026-01-15 14:32:21 INFO     Submission skipped: RepoHash metadata not found at http://download.suse.de/ibs/SUSE:/SLFO:/1.2:/PullRequest:/629:/SL-Micro/product/repo/SLES-SAP-16.0-aarch64/repodata/repomd.xml
2026-01-15 14:32:21 INFO     Submission skipped: RepoHash metadata not found at http://download.suse.de/ibs/SUSE:/SLFO:/1.2:/PullRequest:/629:/SL-Micro/product/repo/SLES-SAP-16.0-ppc64le/repodata/repomd.xml
2026-01-15 14:32:21 INFO     Submission skipped: RepoHash metadata not found at http://download.suse.de/ibs/SUSE:/SLFO:/1.2:/PullRequest:/629:/SLES/product/repo/SLES-SAP-16.0-aarch64/repodata/repomd.xml
2026-01-15 14:32:21 INFO     Submission skipped: RepoHash metadata not found at http://download.suse.de/ibs/SUSE:/SLFO:/1.2:/PullRequest:/630:/SL-Micro/product/repo/SLES-SAP-16.0-ppc64le/repodata/repomd.xml
2026-01-15 14:32:21 INFO     Submission skipped: RepoHash metadata not found at http://download.suse.de/ibs/SUSE:/SLFO:/1.2:/PullRequest:/630:/SLES/product/repo/SLES-SAP-16.0-aarch64/repodata/repomd.xml
2026-01-15 14:32:21 INFO     Submission skipped: RepoHash metadata not found at http://download.suse.de/ibs/SUSE:/SLFO:/1.2:/PullRequest:/630:/SLES/product/repo/SLES-SAP-16.0-s390x/repodata/repomd.xml
2026-01-15 14:32:21 INFO     Submission skipped: RepoHash metadata not found at http://download.suse.de/ibs/SUSE:/SLFO:/1.2:/PullRequest:/630:/SL-Micro/product/repo/SLES-SAP-16.0-s390x/repodata/repomd.xml
2026-01-15 14:32:21 INFO     Submission skipped: RepoHash metadata not found at http://download.suse.de/ibs/SUSE:/SLFO:/1.2:/PullRequest:/630:/SL-Micro/product/repo/SLES-SAP-16.0-x86_64/repodata/repomd.xml
2026-01-15 14:32:21 INFO     Submission skipped: RepoHash metadata not found at http://download.suse.de/ibs/SUSE:/SLFO:/1.2:/PullRequest:/630:/SL-Micro/product/repo/SLES-SAP-16.0-aarch64/repodata/repomd.xml
2026-01-15 14:32:21 INFO     Submission skipped: RepoHash metadata not found at http://download.suse.de/ibs/SUSE:/SLFO:/1.2:/PullRequest:/633:/SLES/product/repo/SLES-SAP-16.0-s390x/repodata/repomd.xml
2026-01-15 14:32:21 INFO     Submission skipped: RepoHash metadata not found at http://download.suse.de/ibs/SUSE:/SLFO:/1.2:/PullRequest:/633:/SL-Micro/product/repo/SLES-SAP-16.0-aarch64/repodata/repomd.xml
2026-01-15 14:32:21 INFO     Submission skipped: RepoHash metadata not found at http://download.suse.de/ibs/SUSE:/SLFO:/1.2:/PullRequest:/633:/SL-Micro/product/repo/SLES-SAP-16.0-x86_64/repodata/repomd.xml
2026-01-15 14:32:21 INFO     Submission skipped: RepoHash metadata not found at http://download.suse.de/ibs/SUSE:/SLFO:/1.2:/PullRequest:/633:/SL-Micro/product/repo/SLES-SAP-16.0-s390x/repodata/repomd.xml
2026-01-15 14:32:21 INFO     Submission skipped: RepoHash metadata not found at http://download.suse.de/ibs/SUSE:/SLFO:/1.2:/PullRequest:/633:/SL-Micro/product/repo/SLES-SAP-16.0-ppc64le/repodata/repomd.xml
2026-01-15 14:32:21 INFO     Submission skipped: RepoHash metadata not found at http://download.suse.de/ibs/SUSE:/SLFO:/1.2:/PullRequest:/633:/SLES/product/repo/SLES-SAP-16.0-aarch64/repodata/repomd.xml
2026-01-15 14:32:21 INFO     Submission skipped: RepoHash metadata not found at http://download.suse.de/ibs/SUSE:/SLFO:/1.2:/PullRequest:/648:/SL-Micro/product/repo/SLES-SAP-16.0-aarch64/repodata/repomd.xml
2026-01-15 14:32:21 INFO     Submission skipped: RepoHash metadata not found at http://download.suse.de/ibs/SUSE:/SLFO:/1.2:/PullRequest:/648:/SLES/product/repo/SLES-SAP-16.0-s390x/repodata/repomd.xml
2026-01-15 14:32:21 INFO     Submission skipped: RepoHash metadata not found at http://download.suse.de/ibs/SUSE:/SLFO:/1.2:/PullRequest:/648:/SLES/product/repo/SLES-SAP-16.0-aarch64/repodata/repomd.xml
2026-01-15 14:32:21 INFO     Submission skipped: RepoHash metadata not found at http://download.suse.de/ibs/SUSE:/SLFO:/1.2:/PullRequest:/648:/SL-Micro/product/repo/SLES-SAP-16.0-s390x/repodata/repomd.xml
2026-01-15 14:32:21 INFO     Submission skipped: RepoHash metadata not found at http://download.suse.de/ibs/SUSE:/SLFO:/1.2:/PullRequest:/648:/SL-Micro/product/repo/SLES-SAP-16.0-ppc64le/repodata/repomd.xml
2026-01-15 14:32:21 INFO     Submission skipped: RepoHash metadata not found at http://download.suse.de/ibs/SUSE:/SLFO:/1.2:/PullRequest:/648:/SL-Micro/product/repo/SLES-SAP-16.0-x86_64/repodata/repomd.xml
2026-01-15 14:32:21 INFO     Submission skipped: RepoHash metadata not found at http://download.suse.de/ibs/SUSE:/SLFO:/1.2:/PullRequest:/660:/SLES/product/repo/SLES-SAP-16.0-s390x/repodata/repomd.xml
2026-01-15 14:32:21 INFO     Submission skipped: RepoHash metadata not found at http://download.suse.de/ibs/SUSE:/SLFO:/1.2:/PullRequest:/660:/SL-Micro/product/repo/SLES-SAP-16.0-s390x/repodata/repomd.xml
2026-01-15 14:32:21 INFO     Submission skipped: RepoHash metadata not found at http://download.suse.de/ibs/SUSE:/SLFO:/1.2:/PullRequest:/660:/SL-Micro/product/repo/SLES-SAP-16.0-x86_64/repodata/repomd.xml
2026-01-15 14:32:21 INFO     Submission skipped: RepoHash metadata not found at http://download.suse.de/ibs/SUSE:/SLFO:/1.2:/PullRequest:/660:/SL-Micro/product/repo/SLES-SAP-16.0-aarch64/repodata/repomd.xml
2026-01-15 14:32:21 INFO     Submission skipped: RepoHash metadata not found at http://download.suse.de/ibs/SUSE:/SLFO:/1.2:/PullRequest:/660:/SL-Micro/product/repo/SLES-SAP-16.0-ppc64le/repodata/repomd.xml
2026-01-15 14:32:21 INFO     Submission skipped: RepoHash metadata not found at http://download.suse.de/ibs/SUSE:/SLFO:/1.2:/PullRequest:/660:/SLES/product/repo/SLES-SAP-16.0-aarch64/repodata/repomd.xml
2026-01-15 14:32:21 INFO     Submission skipped: RepoHash metadata not found at http://download.suse.de/ibs/SUSE:/SLFO:/1.2:/PullRequest:/677:/SLES/product/repo/SLES-SAP-16.0-s390x/repodata/repomd.xml
2026-01-15 14:32:21 INFO     Submission skipped: RepoHash metadata not found at http://download.suse.de/ibs/SUSE:/SLFO:/1.2:/PullRequest:/677:/SLES/product/repo/SLES-SAP-16.0-aarch64/repodata/repomd.xml
2026-01-15 14:32:21 INFO     Submission skipped: RepoHash metadata not found at http://download.suse.de/ibs/SUSE:/SLFO:/1.2:/PullRequest:/677:/SL-Micro/product/repo/SLES-SAP-16.0-s390x/repodata/repomd.xml
2026-01-15 14:32:21 INFO     Submission skipped: RepoHash metadata not found at http://download.suse.de/ibs/SUSE:/SLFO:/1.2:/PullRequest:/677:/SL-Micro/product/repo/SLES-SAP-16.0-x86_64/repodata/repomd.xml
2026-01-15 14:32:21 INFO     Submission skipped: RepoHash metadata not found at http://download.suse.de/ibs/SUSE:/SLFO:/1.2:/PullRequest:/677:/SL-Micro/product/repo/SLES-SAP-16.0-ppc64le/repodata/repomd.xml
2026-01-15 14:32:21 INFO     Submission skipped: RepoHash metadata not found at http://download.suse.de/ibs/SUSE:/SLFO:/1.2:/PullRequest:/677:/SL-Micro/product/repo/SLES-SAP-16.0-aarch64/repodata/repomd.xml
2026-01-15 14:32:21 INFO     Submission skipped: RepoHash metadata not found at http://download.suse.de/ibs/SUSE:/SLFO:/1.2:/PullRequest:/680:/SLES/product/repo/SLES-SAP-16.0-aarch64/repodata/repomd.xml
2026-01-15 14:32:21 INFO     Submission skipped: RepoHash metadata not found at http://download.suse.de/ibs/SUSE:/SLFO:/1.2:/PullRequest:/680:/SL-Micro/product/repo/SLES-SAP-16.0-s390x/repodata/repomd.xml
2026-01-15 14:32:21 INFO     Submission skipped: RepoHash metadata not found at http://download.suse.de/ibs/SUSE:/SLFO:/1.2:/PullRequest:/680:/SL-Micro/product/repo/SLES-SAP-16.0-x86_64/repodata/repomd.xml
2026-01-15 14:32:21 INFO     Submission skipped: RepoHash metadata not found at http://download.suse.de/ibs/SUSE:/SLFO:/1.2:/PullRequest:/680:/SL-Micro/product/repo/SLES-SAP-16.0-aarch64/repodata/repomd.xml
2026-01-15 14:32:21 INFO     Submission skipped: RepoHash metadata not found at http://download.suse.de/ibs/SUSE:/SLFO:/1.2:/PullRequest:/680:/SL-Micro/product/repo/SLES-SAP-16.0-ppc64le/repodata/repomd.xml
2026-01-15 14:32:21 INFO     Submission skipped: RepoHash metadata not found at http://download.suse.de/ibs/SUSE:/SLFO:/1.2:/PullRequest:/680:/SLES/product/repo/SLES-SAP-16.0-s390x/repodata/repomd.xml
2026-01-15 14:32:21 INFO     Submission skipped: RepoHash metadata not found at http://download.suse.de/ibs/SUSE:/SLFO:/1.2:/PullRequest:/681:/SLES/product/repo/SLES-SAP-16.0-s390x/repodata/repomd.xml
2026-01-15 14:32:21 INFO     Submission skipped: RepoHash metadata not found at http://download.suse.de/ibs/SUSE:/SLFO:/1.2:/PullRequest:/681:/SLES/product/repo/SLES-SAP-16.0-aarch64/repodata/repomd.xml
2026-01-15 14:32:21 INFO     Submission skipped: RepoHash metadata not found at http://download.suse.de/ibs/SUSE:/SLFO:/1.2:/PullRequest:/681:/SL-Micro/product/repo/SLES-SAP-16.0-ppc64le/repodata/repomd.xml
2026-01-15 14:32:21 INFO     Submission skipped: RepoHash metadata not found at http://download.suse.de/ibs/SUSE:/SLFO:/1.2:/PullRequest:/681:/SL-Micro/product/repo/SLES-SAP-16.0-x86_64/repodata/repomd.xml
2026-01-15 14:32:21 INFO     Submission skipped: RepoHash metadata not found at http://download.suse.de/ibs/SUSE:/SLFO:/1.2:/PullRequest:/681:/SL-Micro/product/repo/SLES-SAP-16.0-s390x/repodata/repomd.xml
2026-01-15 14:32:21 INFO     Submission skipped: RepoHash metadata not found at http://download.suse.de/ibs/SUSE:/SLFO:/1.2:/PullRequest:/681:/SL-Micro/product/repo/SLES-SAP-16.0-aarch64/repodata/repomd.xml
2026-01-15 14:32:21 INFO     Submission skipped: RepoHash metadata not found at http://download.suse.de/ibs/SUSE:/SLFO:/1.2:/PullRequest:/686:/SLES/product/repo/SLES-SAP-16.0-s390x/repodata/repomd.xml
2026-01-15 14:32:21 INFO     Submission skipped: RepoHash metadata not found at http://download.suse.de/ibs/SUSE:/SLFO:/1.2:/PullRequest:/686:/SLES/product/repo/SLES-SAP-16.0-aarch64/repodata/repomd.xml
2026-01-15 14:32:21 INFO     Submission skipped: RepoHash metadata not found at http://download.suse.de/ibs/SUSE:/SLFO:/1.2:/PullRequest:/686:/SL-Micro/product/repo/SLES-SAP-16.0-aarch64/repodata/repomd.xml
2026-01-15 14:32:21 INFO     Submission skipped: RepoHash metadata not found at http://download.suse.de/ibs/SUSE:/SLFO:/1.2:/PullRequest:/686:/SL-Micro/product/repo/SLES-SAP-16.0-ppc64le/repodata/repomd.xml
2026-01-15 14:32:21 INFO     Submission skipped: RepoHash metadata not found at http://download.suse.de/ibs/SUSE:/SLFO:/1.2:/PullRequest:/686:/SL-Micro/product/repo/SLES-SAP-16.0-s390x/repodata/repomd.xml
2026-01-15 14:32:21 INFO     Submission skipped: RepoHash metadata not found at http://download.suse.de/ibs/SUSE:/SLFO:/1.2:/PullRequest:/686:/SL-Micro/product/repo/SLES-SAP-16.0-x86_64/repodata/repomd.xml
2026-01-15 14:32:21 INFO     Submission skipped: RepoHash metadata not found at http://download.suse.de/ibs/SUSE:/SLFO:/1.2:/PullRequest:/687:/SLES/product/repo/SLES-SAP-16.0-aarch64/repodata/repomd.xml
2026-01-15 14:32:21 INFO     Submission skipped: RepoHash metadata not found at http://download.suse.de/ibs/SUSE:/SLFO:/1.2:/PullRequest:/687:/SL-Micro/product/repo/SLES-SAP-16.0-x86_64/repodata/repomd.xml
2026-01-15 14:32:21 INFO     Submission skipped: RepoHash metadata not found at http://download.suse.de/ibs/SUSE:/SLFO:/1.2:/PullRequest:/687:/SL-Micro/product/repo/SLES-SAP-16.0-ppc64le/repodata/repomd.xml
2026-01-15 14:32:21 INFO     Submission skipped: RepoHash metadata not found at http://download.suse.de/ibs/SUSE:/SLFO:/1.2:/PullRequest:/687:/SL-Micro/product/repo/SLES-SAP-16.0-s390x/repodata/repomd.xml
2026-01-15 14:32:21 INFO     Submission skipped: RepoHash metadata not found at http://download.suse.de/ibs/SUSE:/SLFO:/1.2:/PullRequest:/687:/SL-Micro/product/repo/SLES-SAP-16.0-aarch64/repodata/repomd.xml
2026-01-15 14:32:21 INFO     Submission skipped: RepoHash metadata not found at http://download.suse.de/ibs/SUSE:/SLFO:/1.2:/PullRequest:/687:/SLES/product/repo/SLES-SAP-16.0-s390x/repodata/repomd.xml
2026-01-15 14:32:21 INFO     Submission skipped: RepoHash metadata not found at http://download.suse.de/ibs/SUSE:/SLFO:/1.2:/PullRequest:/689:/SL-Micro/product/repo/SLES-SAP-16.0-x86_64/repodata/repomd.xml
2026-01-15 14:32:21 INFO     Submission skipped: RepoHash metadata not found at http://download.suse.de/ibs/SUSE:/SLFO:/1.2:/PullRequest:/689:/SLES/product/repo/SLES-SAP-16.0-s390x/repodata/repomd.xml
2026-01-15 14:32:21 INFO     Submission skipped: RepoHash metadata not found at http://download.suse.de/ibs/SUSE:/SLFO:/1.2:/PullRequest:/689:/SLES/product/repo/SLES-SAP-16.0-aarch64/repodata/repomd.xml
2026-01-15 14:32:21 INFO     Submission skipped: RepoHash metadata not found at http://download.suse.de/ibs/SUSE:/SLFO:/1.2:/PullRequest:/689:/SL-Micro/product/repo/SLES-SAP-16.0-ppc64le/repodata/repomd.xml
2026-01-15 14:32:21 INFO     Submission skipped: RepoHash metadata not found at http://download.suse.de/ibs/SUSE:/SLFO:/1.2:/PullRequest:/689:/SL-Micro/product/repo/SLES-SAP-16.0-s390x/repodata/repomd.xml
2026-01-15 14:32:21 INFO     Submission skipped: RepoHash metadata not found at http://download.suse.de/ibs/SUSE:/SLFO:/1.2:/PullRequest:/689:/SL-Micro/product/repo/SLES-SAP-16.0-aarch64/repodata/repomd.xml
2026-01-15 14:32:21 INFO     Submission skipped: RepoHash metadata not found at http://download.suse.de/ibs/SUSE:/SLFO:/1.2:/PullRequest:/695:/SL-Micro/product/repo/SLES-SAP-16.0-x86_64/repodata/repomd.xml
2026-01-15 14:32:21 INFO     Submission skipped: RepoHash metadata not found at http://download.suse.de/ibs/SUSE:/SLFO:/1.2:/PullRequest:/695:/SLES/product/repo/SLES-SAP-16.0-aarch64/repodata/repomd.xml
2026-01-15 14:32:21 INFO     Submission skipped: RepoHash metadata not found at http://download.suse.de/ibs/SUSE:/SLFO:/1.2:/PullRequest:/695:/SL-Micro/product/repo/SLES-SAP-16.0-aarch64/repodata/repomd.xml
2026-01-15 14:32:21 INFO     Submission skipped: RepoHash metadata not found at http://download.suse.de/ibs/SUSE:/SLFO:/1.2:/PullRequest:/695:/SLES/product/repo/SLES-SAP-16.0-s390x/repodata/repomd.xml
2026-01-15 14:32:21 INFO     Submission skipped: RepoHash metadata not found at http://download.suse.de/ibs/SUSE:/SLFO:/1.2:/PullRequest:/695:/SL-Micro/product/repo/SLES-SAP-16.0-s390x/repodata/repomd.xml
2026-01-15 14:32:21 INFO     Submission skipped: RepoHash metadata not found at http://download.suse.de/ibs/SUSE:/SLFO:/1.2:/PullRequest:/695:/SL-Micro/product/repo/SLES-SAP-16.0-ppc64le/repodata/repomd.xml
2026-01-15 14:32:21 INFO     Submission skipped: RepoHash metadata not found at http://download.suse.de/ibs/SUSE:/SLFO:/1.2:/PullRequest:/698:/SL-Micro/product/repo/SLES-SAP-16.0-aarch64/repodata/repomd.xml
2026-01-15 14:32:21 INFO     Submission skipped: RepoHash metadata not found at http://download.suse.de/ibs/SUSE:/SLFO:/1.2:/PullRequest:/698:/SL-Micro/product/repo/SLES-SAP-16.0-x86_64/repodata/repomd.xml
2026-01-15 14:32:21 INFO     Submission skipped: RepoHash metadata not found at http://download.suse.de/ibs/SUSE:/SLFO:/1.2:/PullRequest:/698:/SLES/product/repo/SLES-SAP-16.0-aarch64/repodata/repomd.xml
2026-01-15 14:32:21 INFO     Submission skipped: RepoHash metadata not found at http://download.suse.de/ibs/SUSE:/SLFO:/1.2:/PullRequest:/698:/SLES/product/repo/SLES-SAP-16.0-s390x/repodata/repomd.xml
2026-01-15 14:32:21 INFO     Submission skipped: RepoHash metadata not found at http://download.suse.de/ibs/SUSE:/SLFO:/1.2:/PullRequest:/698:/SL-Micro/product/repo/SLES-SAP-16.0-ppc64le/repodata/repomd.xml
2026-01-15 14:32:21 INFO     Submission skipped: RepoHash metadata not found at http://download.suse.de/ibs/SUSE:/SLFO:/1.2:/PullRequest:/698:/SL-Micro/product/repo/SLES-SAP-16.0-s390x/repodata/repomd.xml
2026-01-15 14:32:21 INFO     Submission skipped: RepoHash metadata not found at http://download.suse.de/ibs/SUSE:/SLFO:/1.2:/PullRequest:/699:/SLES/product/repo/SLES-SAP-16.0-aarch64/repodata/repomd.xml
2026-01-15 14:32:21 INFO     Submission skipped: RepoHash metadata not found at http://download.suse.de/ibs/SUSE:/SLFO:/1.2:/PullRequest:/699:/SL-Micro/product/repo/SLES-SAP-16.0-aarch64/repodata/repomd.xml
2026-01-15 14:32:21 INFO     Submission skipped: RepoHash metadata not found at http://download.suse.de/ibs/SUSE:/SLFO:/1.2:/PullRequest:/699:/SL-Micro/product/repo/SLES-SAP-16.0-x86_64/repodata/repomd.xml
2026-01-15 14:32:21 INFO     Submission skipped: RepoHash metadata not found at http://download.suse.de/ibs/SUSE:/SLFO:/1.2:/PullRequest:/699:/SLES/product/repo/SLES-SAP-16.0-s390x/repodata/repomd.xml
2026-01-15 14:32:21 INFO     Submission skipped: RepoHash metadata not found at http://download.suse.de/ibs/SUSE:/SLFO:/1.2:/PullRequest:/699:/SL-Micro/product/repo/SLES-SAP-16.0-s390x/repodata/repomd.xml
2026-01-15 14:32:21 INFO     Submission skipped: RepoHash metadata not found at http://download.suse.de/ibs/SUSE:/SLFO:/1.2:/PullRequest:/699:/SL-Micro/product/repo/SLES-SAP-16.0-ppc64le/repodata/repomd.xml
2026-01-15 14:32:21 INFO     Submission skipped: RepoHash metadata not found at http://download.suse.de/ibs/SUSE:/SLFO:/1.2:/PullRequest:/702:/SLES/product/repo/SLES-SAP-16.0-s390x/repodata/repomd.xml
2026-01-15 14:32:21 INFO     Submission skipped: RepoHash metadata not found at http://download.suse.de/ibs/SUSE:/SLFO:/1.2:/PullRequest:/702:/SL-Micro/product/repo/SLES-SAP-16.0-aarch64/repodata/repomd.xml
2026-01-15 14:32:21 INFO     Submission skipped: RepoHash metadata not found at http://download.suse.de/ibs/SUSE:/SLFO:/1.2:/PullRequest:/702:/SL-Micro/product/repo/SLES-SAP-16.0-ppc64le/repodata/repomd.xml
2026-01-15 14:32:21 INFO     Submission skipped: RepoHash metadata not found at http://download.suse.de/ibs/SUSE:/SLFO:/1.2:/PullRequest:/702:/SL-Micro/product/repo/SLES-SAP-16.0-x86_64/repodata/repomd.xml
2026-01-15 14:32:21 INFO     Submission skipped: RepoHash metadata not found at http://download.suse.de/ibs/SUSE:/SLFO:/1.2:/PullRequest:/702:/SL-Micro/product/repo/SLES-SAP-16.0-s390x/repodata/repomd.xml
2026-01-15 14:32:21 INFO     Submission skipped: RepoHash metadata not found at http://download.suse.de/ibs/SUSE:/SLFO:/1.2:/PullRequest:/702:/SLES/product/repo/SLES-SAP-16.0-aarch64/repodata/repomd.xml
2026-01-15 14:32:21 INFO     Submission skipped: RepoHash metadata not found at http://download.suse.de/ibs/SUSE:/SLFO:/1.2:/PullRequest:/707:/SLES/product/repo/SLES-SAP-16.0-s390x/repodata/repomd.xml
2026-01-15 14:32:21 INFO     Submission skipped: RepoHash metadata not found at http://download.suse.de/ibs/SUSE:/SLFO:/1.2:/PullRequest:/707:/SLES/product/repo/SLES-SAP-16.0-aarch64/repodata/repomd.xml
2026-01-15 14:32:22 INFO     Submission skipped: RepoHash metadata not found at http://download.suse.de/ibs/SUSE:/SLFO:/1.2:/PullRequest:/707:/SL-Micro/product/repo/SLES-SAP-16.0-x86_64/repodata/repomd.xml
2026-01-15 14:32:22 INFO     Submission skipped: RepoHash metadata not found at http://download.suse.de/ibs/SUSE:/SLFO:/1.2:/PullRequest:/707:/SL-Micro/product/repo/SLES-SAP-16.0-aarch64/repodata/repomd.xml
2026-01-15 14:32:22 INFO     Submission skipped: RepoHash metadata not found at http://download.suse.de/ibs/SUSE:/SLFO:/1.2:/PullRequest:/707:/SL-Micro/product/repo/SLES-SAP-16.0-s390x/repodata/repomd.xml
2026-01-15 14:32:22 INFO     Submission skipped: RepoHash metadata not found at http://download.suse.de/ibs/SUSE:/SLFO:/1.2:/PullRequest:/707:/SL-Micro/product/repo/SLES-SAP-16.0-ppc64le/repodata/repomd.xml
2026-01-15 14:32:22 INFO     Submission skipped: RepoHash metadata not found at http://download.suse.de/ibs/SUSE:/SLFO:/1.2:/PullRequest:/710:/SLES/product/repo/SLES-SAP-16.0-aarch64/repodata/repomd.xml
2026-01-15 14:32:22 INFO     Submission skipped: RepoHash metadata not found at http://download.suse.de/ibs/SUSE:/SLFO:/1.2:/PullRequest:/710:/SL-Micro/product/repo/SLES-SAP-16.0-s390x/repodata/repomd.xml
2026-01-15 14:32:22 INFO     Submission skipped: RepoHash metadata not found at http://download.suse.de/ibs/SUSE:/SLFO:/1.2:/PullRequest:/710:/SL-Micro/product/repo/SLES-SAP-16.0-aarch64/repodata/repomd.xml
2026-01-15 14:32:22 INFO     Submission skipped: RepoHash metadata not found at http://download.suse.de/ibs/SUSE:/SLFO:/1.2:/PullRequest:/710:/SL-Micro/product/repo/SLES-SAP-16.0-ppc64le/repodata/repomd.xml
2026-01-15 14:32:22 INFO     Submission skipped: RepoHash metadata not found at http://download.suse.de/ibs/SUSE:/SLFO:/1.2:/PullRequest:/710:/SL-Micro/product/repo/SLES-SAP-16.0-x86_64/repodata/repomd.xml
2026-01-15 14:32:22 INFO     Submission skipped: RepoHash metadata not found at http://download.suse.de/ibs/SUSE:/SLFO:/1.2:/PullRequest:/710:/SLES/product/repo/SLES-SAP-16.0-s390x/repodata/repomd.xml
2026-01-15 14:32:22 INFO     Submission skipped: RepoHash metadata not found at http://download.suse.de/ibs/SUSE:/SLFO:/1.2:/PullRequest:/713:/SL-Micro/product/repo/SLES-SAP-16.0-ppc64le/repodata/repomd.xml
2026-01-15 14:32:22 INFO     Submission skipped: RepoHash metadata not found at http://download.suse.de/ibs/SUSE:/SLFO:/1.2:/PullRequest:/713:/SLES/product/repo/SLES-SAP-16.0-aarch64/repodata/repomd.xml
2026-01-15 14:32:22 INFO     Submission skipped: RepoHash metadata not found at http://download.suse.de/ibs/SUSE:/SLFO:/1.2:/PullRequest:/713:/SLES/product/repo/SLES-SAP-16.0-s390x/repodata/repomd.xml
2026-01-15 14:32:22 INFO     Submission skipped: RepoHash metadata not found at http://download.suse.de/ibs/SUSE:/SLFO:/1.2:/PullRequest:/713:/SL-Micro/product/repo/SLES-SAP-16.0-aarch64/repodata/repomd.xml
2026-01-15 14:32:22 INFO     Submission skipped: RepoHash metadata not found at http://download.suse.de/ibs/SUSE:/SLFO:/1.2:/PullRequest:/713:/SL-Micro/product/repo/SLES-SAP-16.0-s390x/repodata/repomd.xml
2026-01-15 14:32:22 INFO     Submission skipped: RepoHash metadata not found at http://download.suse.de/ibs/SUSE:/SLFO:/1.2:/PullRequest:/713:/SL-Micro/product/repo/SLES-SAP-16.0-x86_64/repodata/repomd.xml
2026-01-15 14:32:22 INFO     Submission skipped: RepoHash metadata not found at http://download.suse.de/ibs/SUSE:/SLFO:/1.2:/PullRequest:/720:/SLES/product/repo/SLES-SAP-16.0-aarch64/repodata/repomd.xml
2026-01-15 14:32:22 INFO     Submission skipped: RepoHash metadata not found at http://download.suse.de/ibs/SUSE:/SLFO:/1.2:/PullRequest:/720:/SL-Micro/product/repo/SLES-SAP-16.0-x86_64/repodata/repomd.xml
2026-01-15 14:32:22 INFO     Submission skipped: RepoHash metadata not found at http://download.suse.de/ibs/SUSE:/SLFO:/1.2:/PullRequest:/720:/SLES/product/repo/SLES-SAP-16.0-s390x/repodata/repomd.xml
2026-01-15 14:32:22 INFO     Submission skipped: RepoHash metadata not found at http://download.suse.de/ibs/SUSE:/SLFO:/1.2:/PullRequest:/720:/SL-Micro/product/repo/SLES-SAP-16.0-ppc64le/repodata/repomd.xml
2026-01-15 14:32:22 INFO     Submission skipped: RepoHash metadata not found at http://download.suse.de/ibs/SUSE:/SLFO:/1.2:/PullRequest:/720:/SL-Micro/product/repo/SLES-SAP-16.0-s390x/repodata/repomd.xml
2026-01-15 14:32:22 INFO     Submission skipped: RepoHash metadata not found at http://download.suse.de/ibs/SUSE:/SLFO:/1.2:/PullRequest:/720:/SL-Micro/product/repo/SLES-SAP-16.0-aarch64/repodata/repomd.xml
2026-01-15 14:32:22 INFO     Submission skipped: RepoHash metadata not found at http://download.suse.de/ibs/SUSE:/SLFO:/1.2:/PullRequest:/722:/SL-Micro/product/repo/SLES-SAP-16.0-ppc64le/repodata/repomd.xml
2026-01-15 14:32:22 INFO     Submission skipped: RepoHash metadata not found at http://download.suse.de/ibs/SUSE:/SLFO:/1.2:/PullRequest:/722:/SLES/product/repo/SLES-SAP-16.0-aarch64/repodata/repomd.xml
2026-01-15 14:32:22 INFO     Submission skipped: RepoHash metadata not found at http://download.suse.de/ibs/SUSE:/SLFO:/1.2:/PullRequest:/722:/SL-Micro/product/repo/SLES-SAP-16.0-x86_64/repodata/repomd.xml
2026-01-15 14:32:22 INFO     Submission skipped: RepoHash metadata not found at http://download.suse.de/ibs/SUSE:/SLFO:/1.2:/PullRequest:/722:/SLES/product/repo/SLES-SAP-16.0-s390x/repodata/repomd.xml
2026-01-15 14:32:22 INFO     Submission skipped: RepoHash metadata not found at http://download.suse.de/ibs/SUSE:/SLFO:/1.2:/PullRequest:/722:/SL-Micro/product/repo/SLES-SAP-16.0-s390x/repodata/repomd.xml
2026-01-15 14:32:22 INFO     Submission skipped: RepoHash metadata not found at http://download.suse.de/ibs/SUSE:/SLFO:/1.2:/PullRequest:/722:/SL-Micro/product/repo/SLES-SAP-16.0-aarch64/repodata/repomd.xml
2026-01-15 14:32:22 INFO     Submission skipped: RepoHash metadata not found at http://download.suse.de/ibs/SUSE:/SLFO:/1.2:/PullRequest:/839:/SL-Micro/product/repo/SLES-SAP-16.0-ppc64le/repodata/repomd.xml
2026-01-15 14:32:22 INFO     Submission skipped: RepoHash metadata not found at http://download.suse.de/ibs/SUSE:/SLFO:/1.2:/PullRequest:/839:/SLES/product/repo/SLES-SAP-16.0-s390x/repodata/repomd.xml
2026-01-15 14:32:22 INFO     Submission skipped: RepoHash metadata not found at http://download.suse.de/ibs/SUSE:/SLFO:/1.2:/PullRequest:/839:/SLES/product/repo/SLES-SAP-16.0-aarch64/repodata/repomd.xml
2026-01-15 14:32:22 INFO     Submission skipped: RepoHash metadata not found at http://download.suse.de/ibs/SUSE:/SLFO:/1.2:/PullRequest:/839:/SL-Micro/product/repo/SLES-SAP-16.0-s390x/repodata/repomd.xml
2026-01-15 14:32:22 INFO     Submission skipped: RepoHash metadata not found at http://download.suse.de/ibs/SUSE:/SLFO:/1.2:/PullRequest:/839:/SL-Micro/product/repo/SLES-SAP-16.0-x86_64/repodata/repomd.xml
2026-01-15 14:32:22 INFO     Submission skipped: RepoHash metadata not found at http://download.suse.de/ibs/SUSE:/SLFO:/1.2:/PullRequest:/839:/SL-Micro/product/repo/SLES-SAP-16.0-aarch64/repodata/repomd.xml
2026-01-15 14:32:22 INFO     Submission skipped: RepoHash metadata not found at http://download.suse.de/ibs/SUSE:/SLFO:/1.2:/PullRequest:/842:/SL-Micro/product/repo/SLES-SAP-16.0-ppc64le/repodata/repomd.xml
2026-01-15 14:32:22 INFO     Submission skipped: RepoHash metadata not found at http://download.suse.de/ibs/SUSE:/SLFO:/1.2:/PullRequest:/842:/SL-Micro/product/repo/SLES-SAP-16.0-aarch64/repodata/repomd.xml
2026-01-15 14:32:22 INFO     Submission skipped: RepoHash metadata not found at http://download.suse.de/ibs/SUSE:/SLFO:/1.2:/PullRequest:/842:/SL-Micro/product/repo/SLES-SAP-16.0-x86_64/repodata/repomd.xml
2026-01-15 14:32:22 INFO     Submission skipped: RepoHash metadata not found at http://download.suse.de/ibs/SUSE:/SLFO:/1.2:/PullRequest:/842:/SL-Micro/product/repo/SLES-SAP-16.0-s390x/repodata/repomd.xml
2026-01-15 14:32:22 INFO     Submission skipped: RepoHash metadata not found at http://download.suse.de/ibs/SUSE:/SLFO:/1.2:/PullRequest:/842:/SLES/product/repo/SLES-SAP-16.0-aarch64/repodata/repomd.xml
2026-01-15 14:32:22 INFO     Submission skipped: RepoHash metadata not found at http://download.suse.de/ibs/SUSE:/SLFO:/1.2:/PullRequest:/842:/SLES/product/repo/SLES-SAP-16.0-s390x/repodata/repomd.xml
2026-01-15 14:32:22 INFO     Submission skipped: RepoHash metadata not found at http://download.suse.de/ibs/SUSE:/SLFO:/1.2:/PullRequest:/843:/SLES/product/repo/SLES-SAP-16.0-s390x/repodata/repomd.xml
2026-01-15 14:32:22 INFO     Submission skipped: RepoHash metadata not found at http://download.suse.de/ibs/SUSE:/SLFO:/1.2:/PullRequest:/843:/SLES/product/repo/SLES-SAP-16.0-aarch64/repodata/repomd.xml
2026-01-15 14:32:22 INFO     Submission skipped: RepoHash metadata not found at http://download.suse.de/ibs/SUSE:/SLFO:/1.2:/PullRequest:/843:/SL-Micro/product/repo/SLES-SAP-16.0-aarch64/repodata/repomd.xml
2026-01-15 14:32:22 INFO     Submission skipped: RepoHash metadata not found at http://download.suse.de/ibs/SUSE:/SLFO:/1.2:/PullRequest:/843:/SL-Micro/product/repo/SLES-SAP-16.0-s390x/repodata/repomd.xml
2026-01-15 14:32:22 INFO     Submission skipped: RepoHash metadata not found at http://download.suse.de/ibs/SUSE:/SLFO:/1.2:/PullRequest:/843:/SL-Micro/product/repo/SLES-SAP-16.0-x86_64/repodata/repomd.xml
2026-01-15 14:32:22 INFO     Submission skipped: RepoHash metadata not found at http://download.suse.de/ibs/SUSE:/SLFO:/1.2:/PullRequest:/843:/SL-Micro/product/repo/SLES-SAP-16.0-ppc64le/repodata/repomd.xml
2026-01-15 14:32:22 INFO     Submission skipped: RepoHash metadata not found at http://download.suse.de/ibs/SUSE:/SLFO:/1.2:/PullRequest:/847:/SL-Micro/product/repo/SLES-SAP-16.0-ppc64le/repodata/repomd.xml
2026-01-15 14:32:22 INFO     Submission skipped: RepoHash metadata not found at http://download.suse.de/ibs/SUSE:/SLFO:/1.2:/PullRequest:/847:/SL-Micro/product/repo/SLES-SAP-16.0-aarch64/repodata/repomd.xml
2026-01-15 14:32:22 INFO     Submission skipped: RepoHash metadata not found at http://download.suse.de/ibs/SUSE:/SLFO:/1.2:/PullRequest:/847:/SL-Micro/product/repo/SLES-SAP-16.0-s390x/repodata/repomd.xml
2026-01-15 14:32:22 INFO     Submission skipped: RepoHash metadata not found at http://download.suse.de/ibs/SUSE:/SLFO:/1.2:/PullRequest:/847:/SL-Micro/product/repo/SLES-SAP-16.0-x86_64/repodata/repomd.xml
2026-01-15 14:32:22 INFO     Submission skipped: RepoHash metadata not found at http://download.suse.de/ibs/SUSE:/SLFO:/1.2:/PullRequest:/847:/SLES/product/repo/SLES-SAP-16.0-s390x/repodata/repomd.xml
2026-01-15 14:32:22 INFO     Submission skipped: RepoHash metadata not found at http://download.suse.de/ibs/SUSE:/SLFO:/1.2:/PullRequest:/847:/SLES/product/repo/SLES-SAP-16.0-aarch64/repodata/repomd.xml
2026-01-15 14:32:22 INFO     Submission skipped: RepoHash metadata not found at http://download.suse.de/ibs/SUSE:/SLFO:/1.2:/PullRequest:/848:/SLES/product/repo/SLES-SAP-16.0-aarch64/repodata/repomd.xml
2026-01-15 14:32:22 INFO     Submission skipped: RepoHash metadata not found at http://download.suse.de/ibs/SUSE:/SLFO:/1.2:/PullRequest:/848:/SLES/product/repo/SLES-SAP-16.0-s390x/repodata/repomd.xml
2026-01-15 14:32:22 INFO     Submission skipped: RepoHash metadata not found at http://download.suse.de/ibs/SUSE:/SLFO:/1.2:/PullRequest:/848:/SL-Micro/product/repo/SLES-SAP-16.0-ppc64le/repodata/repomd.xml
2026-01-15 14:32:22 INFO     Submission skipped: RepoHash metadata not found at http://download.suse.de/ibs/SUSE:/SLFO:/1.2:/PullRequest:/848:/SL-Micro/product/repo/SLES-SAP-16.0-s390x/repodata/repomd.xml
2026-01-15 14:32:22 INFO     Submission skipped: RepoHash metadata not found at http://download.suse.de/ibs/SUSE:/SLFO:/1.2:/PullRequest:/848:/SL-Micro/product/repo/SLES-SAP-16.0-aarch64/repodata/repomd.xml
2026-01-15 14:32:22 INFO     Submission skipped: RepoHash metadata not found at http://download.suse.de/ibs/SUSE:/SLFO:/1.2:/PullRequest:/848:/SL-Micro/product/repo/SLES-SAP-16.0-x86_64/repodata/repomd.xml
2026-01-15 14:32:22 INFO     Submission skipped: RepoHash metadata not found at http://download.suse.de/ibs/SUSE:/SLFO:/1.2:/PullRequest:/850:/SLES/product/repo/SLES-SAP-16.0-s390x/repodata/repomd.xml
2026-01-15 14:32:22 INFO     Submission skipped: RepoHash metadata not found at http://download.suse.de/ibs/SUSE:/SLFO:/1.2:/PullRequest:/850:/SLES/product/repo/SLES-SAP-16.0-aarch64/repodata/repomd.xml
2026-01-15 14:32:22 INFO     Submission skipped: RepoHash metadata not found at http://download.suse.de/ibs/SUSE:/SLFO:/1.2:/PullRequest:/850:/SL-Micro/product/repo/SLES-SAP-16.0-aarch64/repodata/repomd.xml
2026-01-15 14:32:22 INFO     Submission skipped: RepoHash metadata not found at http://download.suse.de/ibs/SUSE:/SLFO:/1.2:/PullRequest:/850:/SL-Micro/product/repo/SLES-SAP-16.0-s390x/repodata/repomd.xml
2026-01-15 14:32:22 INFO     Submission skipped: RepoHash metadata not found at http://download.suse.de/ibs/SUSE:/SLFO:/1.2:/PullRequest:/850:/SL-Micro/product/repo/SLES-SAP-16.0-ppc64le/repodata/repomd.xml
2026-01-15 14:32:22 INFO     Submission skipped: RepoHash metadata not found at http://download.suse.de/ibs/SUSE:/SLFO:/1.2:/PullRequest:/850:/SL-Micro/product/repo/SLES-SAP-16.0-x86_64/repodata/repomd.xml
2026-01-15 14:32:22 INFO     Submission skipped: RepoHash metadata not found at http://download.suse.de/ibs/SUSE:/SLFO:/1.2:/PullRequest:/855:/SL-Micro/product/repo/SLES-SAP-16.0-ppc64le/repodata/repomd.xml
2026-01-15 14:32:22 INFO     Submission skipped: RepoHash metadata not found at http://download.suse.de/ibs/SUSE:/SLFO:/1.2:/PullRequest:/855:/SLES/product/repo/SLES-SAP-16.0-aarch64/repodata/repomd.xml
2026-01-15 14:32:22 INFO     Submission skipped: RepoHash metadata not found at http://download.suse.de/ibs/SUSE:/SLFO:/1.2:/PullRequest:/855:/SLES/product/repo/SLES-SAP-16.0-s390x/repodata/repomd.xml
2026-01-15 14:32:22 INFO     Submission skipped: RepoHash metadata not found at http://download.suse.de/ibs/SUSE:/SLFO:/1.2:/PullRequest:/855:/SL-Micro/product/repo/SLES-SAP-16.0-x86_64/repodata/repomd.xml
2026-01-15 14:32:22 INFO     Submission skipped: RepoHash metadata not found at http://download.suse.de/ibs/SUSE:/SLFO:/1.2:/PullRequest:/855:/SL-Micro/product/repo/SLES-SAP-16.0-s390x/repodata/repomd.xml
2026-01-15 14:32:22 INFO     Submission skipped: RepoHash metadata not found at http://download.suse.de/ibs/SUSE:/SLFO:/1.2:/PullRequest:/855:/SL-Micro/product/repo/SLES-SAP-16.0-aarch64/repodata/repomd.xml
2026-01-15 14:32:22 INFO     Submission skipped: RepoHash metadata not found at http://download.suse.de/ibs/SUSE:/SLFO:/1.2:/PullRequest:/863:/SL-Micro/product/repo/SLES-SAP-16.0-s390x/repodata/repomd.xml
2026-01-15 14:32:22 INFO     Submission skipped: RepoHash metadata not found at http://download.suse.de/ibs/SUSE:/SLFO:/1.2:/PullRequest:/863:/SLES/product/repo/SLES-SAP-16.0-s390x/repodata/repomd.xml
2026-01-15 14:32:22 INFO     Submission skipped: RepoHash metadata not found at http://download.suse.de/ibs/SUSE:/SLFO:/1.2:/PullRequest:/863:/SLES/product/repo/SLES-SAP-16.0-aarch64/repodata/repomd.xml
2026-01-15 14:32:22 INFO     Submission skipped: RepoHash metadata not found at http://download.suse.de/ibs/SUSE:/SLFO:/1.2:/PullRequest:/863:/SL-Micro/product/repo/SLES-SAP-16.0-aarch64/repodata/repomd.xml
2026-01-15 14:32:22 INFO     Submission skipped: RepoHash metadata not found at http://download.suse.de/ibs/SUSE:/SLFO:/1.2:/PullRequest:/863:/SL-Micro/product/repo/SLES-SAP-16.0-ppc64le/repodata/repomd.xml
2026-01-15 14:32:22 INFO     Submission skipped: RepoHash metadata not found at http://download.suse.de/ibs/SUSE:/SLFO:/1.2:/PullRequest:/863:/SL-Micro/product/repo/SLES-SAP-16.0-x86_64/repodata/repomd.xml
2026-01-15 14:32:22 INFO     Submission skipped: RepoHash metadata not found at http://download.suse.de/ibs/SUSE:/SLFO:/1.2:/PullRequest:/870:/SLES/product/repo/SLES-SAP-16.0-aarch64/repodata/repomd.xml
2026-01-15 14:32:22 INFO     Submission skipped: RepoHash metadata not found at http://download.suse.de/ibs/SUSE:/SLFO:/1.2:/PullRequest:/870:/SL-Micro/product/repo/SLES-SAP-16.0-s390x/repodata/repomd.xml
2026-01-15 14:32:22 INFO     Submission skipped: RepoHash metadata not found at http://download.suse.de/ibs/SUSE:/SLFO:/1.2:/PullRequest:/870:/SL-Micro/product/repo/SLES-SAP-16.0-aarch64/repodata/repomd.xml
2026-01-15 14:32:22 INFO     Submission skipped: RepoHash metadata not found at http://download.suse.de/ibs/SUSE:/SLFO:/1.2:/PullRequest:/870:/SL-Micro/product/repo/SLES-SAP-16.0-ppc64le/repodata/repomd.xml
2026-01-15 14:32:22 INFO     Submission skipped: RepoHash metadata not found at http://download.suse.de/ibs/SUSE:/SLFO:/1.2:/PullRequest:/870:/SL-Micro/product/repo/SLES-SAP-16.0-x86_64/repodata/repomd.xml
2026-01-15 14:32:22 INFO     Submission skipped: RepoHash metadata not found at http://download.suse.de/ibs/SUSE:/SLFO:/1.2:/PullRequest:/870:/SLES/product/repo/SLES-SAP-16.0-s390x/repodata/repomd.xml
2026-01-15 14:32:22 INFO     Submission skipped: RepoHash metadata not found at http://download.suse.de/ibs/SUSE:/SLFO:/1.2:/PullRequest:/884:/SLES/product/repo/SLES-SAP-16.0-aarch64/repodata/repomd.xml
2026-01-15 14:32:22 INFO     Submission skipped: RepoHash metadata not found at http://download.suse.de/ibs/SUSE:/SLFO:/1.2:/PullRequest:/884:/SL-Micro/product/repo/SLES-SAP-16.0-aarch64/repodata/repomd.xml
2026-01-15 14:32:22 INFO     Submission skipped: RepoHash metadata not found at http://download.suse.de/ibs/SUSE:/SLFO:/1.2:/PullRequest:/884:/SL-Micro/product/repo/SLES-SAP-16.0-x86_64/repodata/repomd.xml
2026-01-15 14:32:22 INFO     Submission skipped: RepoHash metadata not found at http://download.suse.de/ibs/SUSE:/SLFO:/1.2:/PullRequest:/884:/SL-Micro/product/repo/SLES-SAP-16.0-ppc64le/repodata/repomd.xml
2026-01-15 14:32:22 INFO     Submission skipped: RepoHash metadata not found at http://download.suse.de/ibs/SUSE:/SLFO:/1.2:/PullRequest:/884:/SLES/product/repo/SLES-SAP-16.0-s390x/repodata/repomd.xml
2026-01-15 14:32:22 INFO     Submission skipped: RepoHash metadata not found at http://download.suse.de/ibs/SUSE:/SLFO:/1.2:/PullRequest:/884:/SL-Micro/product/repo/SLES-SAP-16.0-s390x/repodata/repomd.xml
2026-01-15 14:32:22 INFO     Submission skipped: RepoHash metadata not found at http://download.suse.de/ibs/SUSE:/SLFO:/1.2:/PullRequest:/913:/SL-Micro/product/repo/SLES-SAP-16.0-x86_64/repodata/repomd.xml
2026-01-15 14:32:22 INFO     Submission skipped: RepoHash metadata not found at http://download.suse.de/ibs/SUSE:/SLFO:/1.2:/PullRequest:/913:/SL-Micro/product/repo/SLES-SAP-16.0-aarch64/repodata/repomd.xml
2026-01-15 14:32:22 INFO     Submission skipped: RepoHash metadata not found at http://download.suse.de/ibs/SUSE:/SLFO:/1.2:/PullRequest:/913:/SL-Micro/product/repo/SLES-SAP-16.0-s390x/repodata/repomd.xml
2026-01-15 14:32:22 INFO     Submission skipped: RepoHash metadata not found at http://download.suse.de/ibs/SUSE:/SLFO:/1.2:/PullRequest:/913:/SL-Micro/product/repo/SLES-SAP-16.0-ppc64le/repodata/repomd.xml
2026-01-15 14:32:22 INFO     Submission skipped: RepoHash metadata not found at http://download.suse.de/ibs/SUSE:/SLFO:/1.2:/PullRequest:/913:/SLES/product/repo/SLES-SAP-16.0-s390x/repodata/repomd.xml
2026-01-15 14:32:22 INFO     Submission skipped: RepoHash metadata not found at http://download.suse.de/ibs/SUSE:/SLFO:/1.2:/PullRequest:/913:/SLES/product/repo/SLES-SAP-16.0-aarch64/repodata/repomd.xml
2026-01-15 14:32:22 INFO     Submission skipped: RepoHash metadata not found at http://download.suse.de/ibs/SUSE:/SLFO:/1.2:/PullRequest:/917:/SL-Micro/product/repo/SLES-SAP-16.0-x86_64/repodata/repomd.xml
2026-01-15 14:32:22 INFO     Submission skipped: RepoHash metadata not found at http://download.suse.de/ibs/SUSE:/SLFO:/1.2:/PullRequest:/917:/SLES/product/repo/SLES-SAP-16.0-aarch64/repodata/repomd.xml
2026-01-15 14:32:22 INFO     Submission skipped: RepoHash metadata not found at http://download.suse.de/ibs/SUSE:/SLFO:/1.2:/PullRequest:/917:/SL-Micro/product/repo/SLES-SAP-16.0-s390x/repodata/repomd.xml
2026-01-15 14:32:22 INFO     Submission skipped: RepoHash metadata not found at http://download.suse.de/ibs/SUSE:/SLFO:/1.2:/PullRequest:/917:/SL-Micro/product/repo/SLES-SAP-16.0-aarch64/repodata/repomd.xml
2026-01-15 14:32:22 INFO     Submission skipped: RepoHash metadata not found at http://download.suse.de/ibs/SUSE:/SLFO:/1.2:/PullRequest:/917:/SLES/product/repo/SLES-SAP-16.0-s390x/repodata/repomd.xml
2026-01-15 14:32:22 INFO     Submission skipped: RepoHash metadata not found at http://download.suse.de/ibs/SUSE:/SLFO:/1.2:/PullRequest:/917:/SL-Micro/product/repo/SLES-SAP-16.0-ppc64le/repodata/repomd.xml
2026-01-15 14:32:22 INFO     Submission skipped: RepoHash metadata not found at http://download.suse.de/ibs/SUSE:/SLFO:/1.2:/PullRequest:/945:/SLES/product/repo/SLES-SAP-16.0-aarch64/repodata/repomd.xml
2026-01-15 14:32:22 INFO     Submission skipped: RepoHash metadata not found at http://download.suse.de/ibs/SUSE:/SLFO:/1.2:/PullRequest:/945:/SLES/product/repo/SLES-SAP-16.0-s390x/repodata/repomd.xml
2026-01-15 14:32:22 INFO     Submission skipped: RepoHash metadata not found at http://download.suse.de/ibs/SUSE:/SLFO:/1.2:/PullRequest:/945:/SL-Micro/product/repo/SLES-SAP-16.0-s390x/repodata/repomd.xml
2026-01-15 14:32:22 INFO     Submission skipped: RepoHash metadata not found at http://download.suse.de/ibs/SUSE:/SLFO:/1.2:/PullRequest:/945:/SL-Micro/product/repo/SLES-SAP-16.0-x86_64/repodata/repomd.xml
2026-01-15 14:32:22 INFO     Submission skipped: RepoHash metadata not found at http://download.suse.de/ibs/SUSE:/SLFO:/1.2:/PullRequest:/945:/SL-Micro/product/repo/SLES-SAP-16.0-aarch64/repodata/repomd.xml
2026-01-15 14:32:22 INFO     Submission skipped: RepoHash metadata not found at http://download.suse.de/ibs/SUSE:/SLFO:/1.2:/PullRequest:/945:/SL-Micro/product/repo/SLES-SAP-16.0-ppc64le/repodata/repomd.xml
2026-01-15 14:32:22 INFO     Submission skipped: RepoHash metadata not found at http://download.suse.de/ibs/SUSE:/SLFO:/1.2:/PullRequest:/951:/SL-Micro/product/repo/SLES-SAP-16.0-s390x/repodata/repomd.xml
2026-01-15 14:32:22 INFO     Submission skipped: RepoHash metadata not found at http://download.suse.de/ibs/SUSE:/SLFO:/1.2:/PullRequest:/951:/SLES/product/repo/SLES-SAP-16.0-s390x/repodata/repomd.xml
2026-01-15 14:32:22 INFO     Submission skipped: RepoHash metadata not found at http://download.suse.de/ibs/SUSE:/SLFO:/1.2:/PullRequest:/951:/SLES/product/repo/SLES-SAP-16.0-aarch64/repodata/repomd.xml
2026-01-15 14:32:22 INFO     Submission skipped: RepoHash metadata not found at http://download.suse.de/ibs/SUSE:/SLFO:/1.2:/PullRequest:/951:/SL-Micro/product/repo/SLES-SAP-16.0-x86_64/repodata/repomd.xml
2026-01-15 14:32:22 INFO     Submission skipped: RepoHash metadata not found at http://download.suse.de/ibs/SUSE:/SLFO:/1.2:/PullRequest:/951:/SL-Micro/product/repo/SLES-SAP-16.0-aarch64/repodata/repomd.xml
2026-01-15 14:32:22 INFO     Submission skipped: RepoHash metadata not found at http://download.suse.de/ibs/SUSE:/SLFO:/1.2:/PullRequest:/951:/SL-Micro/product/repo/SLES-SAP-16.0-ppc64le/repodata/repomd.xml
2026-01-15 14:32:22 INFO     Submission skipped: RepoHash metadata not found at http://download.suse.de/ibs/SUSE:/SLFO:/1.2:/PullRequest:/955:/SL-Micro/product/repo/SLES-SAP-16.0-ppc64le/repodata/repomd.xml
2026-01-15 14:32:22 INFO     Submission skipped: RepoHash metadata not found at http://download.suse.de/ibs/SUSE:/SLFO:/1.2:/PullRequest:/955:/SL-Micro/product/repo/SLES-SAP-16.0-aarch64/repodata/repomd.xml
2026-01-15 14:32:22 INFO     Submission skipped: RepoHash metadata not found at http://download.suse.de/ibs/SUSE:/SLFO:/1.2:/PullRequest:/955:/SL-Micro/product/repo/SLES-SAP-16.0-s390x/repodata/repomd.xml
2026-01-15 14:32:22 INFO     Submission skipped: RepoHash metadata not found at http://download.suse.de/ibs/SUSE:/SLFO:/1.2:/PullRequest:/955:/SLES/product/repo/SLES-SAP-16.0-s390x/repodata/repomd.xml
2026-01-15 14:32:22 INFO     Submission skipped: RepoHash metadata not found at http://download.suse.de/ibs/SUSE:/SLFO:/1.2:/PullRequest:/955:/SLES/product/repo/SLES-SAP-16.0-aarch64/repodata/repomd.xml
2026-01-15 14:32:22 INFO     Submission skipped: RepoHash metadata not found at http://download.suse.de/ibs/SUSE:/SLFO:/1.2:/PullRequest:/955:/SL-Micro/product/repo/SLES-SAP-16.0-x86_64/repodata/repomd.xml
2026-01-15 14:32:22 INFO     Submission skipped: RepoHash metadata not found at http://download.suse.de/ibs/SUSE:/SLFO:/1.2:/PullRequest:/976:/SL-Micro/product/repo/SLES-SAP-16.0-ppc64le/repodata/repomd.xml
2026-01-15 14:32:22 INFO     Submission skipped: RepoHash metadata not found at http://download.suse.de/ibs/SUSE:/SLFO:/1.2:/PullRequest:/976:/SLES/product/repo/SLES-SAP-16.0-aarch64/repodata/repomd.xml
2026-01-15 14:32:22 INFO     Submission skipped: RepoHash metadata not found at http://download.suse.de/ibs/SUSE:/SLFO:/1.2:/PullRequest:/976:/SLES/product/repo/SLES-SAP-16.0-s390x/repodata/repomd.xml
2026-01-15 14:32:22 INFO     Submission skipped: RepoHash metadata not found at http://download.suse.de/ibs/SUSE:/SLFO:/1.2:/PullRequest:/976:/SL-Micro/product/repo/SLES-SAP-16.0-x86_64/repodata/repomd.xml
2026-01-15 14:32:22 INFO     Submission skipped: RepoHash metadata not found at http://download.suse.de/ibs/SUSE:/SLFO:/1.2:/PullRequest:/976:/SL-Micro/product/repo/SLES-SAP-16.0-aarch64/repodata/repomd.xml
2026-01-15 14:32:22 INFO     Submission skipped: RepoHash metadata not found at http://download.suse.de/ibs/SUSE:/SLFO:/1.2:/PullRequest:/976:/SL-Micro/product/repo/SLES-SAP-16.0-s390x/repodata/repomd.xml
2026-01-15 14:32:22 INFO     Submission skipped: RepoHash metadata not found at http://download.suse.de/ibs/SUSE:/SLFO:/1.2:/PullRequest:/998:/SL-Micro/product/repo/SLES-SAP-16.0-s390x/repodata/repomd.xml
2026-01-15 14:32:22 INFO     Submission skipped: RepoHash metadata not found at http://download.suse.de/ibs/SUSE:/SLFO:/1.2:/PullRequest:/998:/SLES/product/repo/SLES-SAP-16.0-s390x/repodata/repomd.xml
2026-01-15 14:32:22 INFO     Submission skipped: RepoHash metadata not found at http://download.suse.de/ibs/SUSE:/SLFO:/1.2:/PullRequest:/998:/SLES/product/repo/SLES-SAP-16.0-aarch64/repodata/repomd.xml
2026-01-15 14:32:22 INFO     Submission skipped: RepoHash metadata not found at http://download.suse.de/ibs/SUSE:/SLFO:/1.2:/PullRequest:/998:/SL-Micro/product/repo/SLES-SAP-16.0-ppc64le/repodata/repomd.xml
2026-01-15 14:32:22 INFO     Submission skipped: RepoHash metadata not found at http://download.suse.de/ibs/SUSE:/SLFO:/1.2:/PullRequest:/998:/SL-Micro/product/repo/SLES-SAP-16.0-aarch64/repodata/repomd.xml
2026-01-15 14:32:22 INFO     Submission skipped: RepoHash metadata not found at http://download.suse.de/ibs/SUSE:/SLFO:/1.2:/PullRequest:/998:/SL-Micro/product/repo/SLES-SAP-16.0-x86_64/repodata/repomd.xml
2026-01-15 14:32:22 INFO     Submission skipped: RepoHash metadata not found at http://download.suse.de/ibs/SUSE:/SLFO:/1.2:/PullRequest:/1016:/SL-Micro/product/repo/SLES-SAP-16.0-s390x/repodata/repomd.xml
2026-01-15 14:32:22 INFO     Submission skipped: RepoHash metadata not found at http://download.suse.de/ibs/SUSE:/SLFO:/1.2:/PullRequest:/1016:/SL-Micro/product/repo/SLES-SAP-16.0-ppc64le/repodata/repomd.xml
2026-01-15 14:32:22 INFO     Submission skipped: RepoHash metadata not found at http://download.suse.de/ibs/SUSE:/SLFO:/1.2:/PullRequest:/1016:/SL-Micro/product/repo/SLES-SAP-16.0-aarch64/repodata/repomd.xml
2026-01-15 14:32:22 INFO     Submission skipped: RepoHash metadata not found at http://download.suse.de/ibs/SUSE:/SLFO:/1.2:/PullRequest:/1016:/SL-Micro/product/repo/SLES-SAP-16.0-x86_64/repodata/repomd.xml
2026-01-15 14:32:22 INFO     Submission skipped: RepoHash metadata not found at http://download.suse.de/ibs/SUSE:/SLFO:/1.2:/PullRequest:/1016:/SLES/product/repo/SLES-SAP-16.0-aarch64/repodata/repomd.xml
2026-01-15 14:32:22 INFO     Submission skipped: RepoHash metadata not found at http://download.suse.de/ibs/SUSE:/SLFO:/1.2:/PullRequest:/1016:/SLES/product/repo/SLES-SAP-16.0-s390x/repodata/repomd.xml
2026-01-15 14:32:22 INFO     Submission skipped: RepoHash metadata not found at http://download.suse.de/ibs/SUSE:/SLFO:/1.2:/PullRequest:/1045:/SL-Micro/product/repo/SLES-SAP-16.0-aarch64/repodata/repomd.xml
2026-01-15 14:32:22 INFO     Submission skipped: RepoHash metadata not found at http://download.suse.de/ibs/SUSE:/SLFO:/1.2:/PullRequest:/1045:/SL-Micro/product/repo/SLES-SAP-16.0-x86_64/repodata/repomd.xml
2026-01-15 14:32:22 INFO     Submission skipped: RepoHash metadata not found at http://download.suse.de/ibs/SUSE:/SLFO:/1.2:/PullRequest:/1045:/SL-Micro/product/repo/SLES-SAP-16.0-s390x/repodata/repomd.xml
2026-01-15 14:32:22 INFO     Submission skipped: RepoHash metadata not found at http://download.suse.de/ibs/SUSE:/SLFO:/1.2:/PullRequest:/1045:/SL-Micro/product/repo/SLES-SAP-16.0-ppc64le/repodata/repomd.xml
2026-01-15 14:32:22 INFO     Submission skipped: RepoHash metadata not found at http://download.suse.de/ibs/SUSE:/SLFO:/1.2:/PullRequest:/1045:/SLES/product/repo/SLES-SAP-16.0-s390x/repodata/repomd.xml
2026-01-15 14:32:22 INFO     Submission skipped: RepoHash metadata not found at http://download.suse.de/ibs/SUSE:/SLFO:/1.2:/PullRequest:/1045:/SLES/product/repo/SLES-SAP-16.0-aarch64/repodata/repomd.xml
2026-01-15 14:32:22 INFO     Submission skipped: RepoHash metadata not found at http://download.suse.de/ibs/SUSE:/SLFO:/1.2:/PullRequest:/1101:/SL-Micro/product/repo/SLES-SAP-16.0-aarch64/repodata/repomd.xml
2026-01-15 14:32:22 INFO     Submission skipped: RepoHash metadata not found at http://download.suse.de/ibs/SUSE:/SLFO:/1.2:/PullRequest:/1101:/SLES/product/repo/SLES-SAP-16.0-aarch64/repodata/repomd.xml
2026-01-15 14:32:22 INFO     Submission skipped: RepoHash metadata not found at http://download.suse.de/ibs/SUSE:/SLFO:/1.2:/PullRequest:/1101:/SL-Micro/product/repo/SLES-SAP-16.0-x86_64/repodata/repomd.xml
2026-01-15 14:32:22 INFO     Submission skipped: RepoHash metadata not found at http://download.suse.de/ibs/SUSE:/SLFO:/1.2:/PullRequest:/1101:/SLES/product/repo/SLES-SAP-16.0-s390x/repodata/repomd.xml
2026-01-15 14:32:22 INFO     Submission skipped: RepoHash metadata not found at http://download.suse.de/ibs/SUSE:/SLFO:/1.2:/PullRequest:/1101:/SL-Micro/product/repo/SLES-SAP-16.0-ppc64le/repodata/repomd.xml
2026-01-15 14:32:22 INFO     Submission skipped: RepoHash metadata not found at http://download.suse.de/ibs/SUSE:/SLFO:/1.2:/PullRequest:/1101:/SL-Micro/product/repo/SLES-SAP-16.0-s390x/repodata/repomd.xml
2026-01-15 14:32:22 INFO     Submission skipped: RepoHash metadata not found at http://download.suse.de/ibs/SUSE:/SLFO:/1.2:/PullRequest:/1109:/SLES/product/repo/SLES-SAP-16.0-s390x/repodata/repomd.xml
2026-01-15 14:32:22 INFO     Submission skipped: RepoHash metadata not found at http://download.suse.de/ibs/SUSE:/SLFO:/1.2:/PullRequest:/1109:/SL-Micro/product/repo/SLES-SAP-16.0-ppc64le/repodata/repomd.xml
2026-01-15 14:32:22 INFO     Submission skipped: RepoHash metadata not found at http://download.suse.de/ibs/SUSE:/SLFO:/1.2:/PullRequest:/1109:/SL-Micro/product/repo/SLES-SAP-16.0-s390x/repodata/repomd.xml
2026-01-15 14:32:22 INFO     Submission skipped: RepoHash metadata not found at http://download.suse.de/ibs/SUSE:/SLFO:/1.2:/PullRequest:/1109:/SL-Micro/product/repo/SLES-SAP-16.0-aarch64/repodata/repomd.xml
2026-01-15 14:32:22 INFO     Submission skipped: RepoHash metadata not found at http://download.suse.de/ibs/SUSE:/SLFO:/1.2:/PullRequest:/1109:/SL-Micro/product/repo/SLES-SAP-16.0-x86_64/repodata/repomd.xml
2026-01-15 14:32:22 INFO     Submission skipped: RepoHash metadata not found at http://download.suse.de/ibs/SUSE:/SLFO:/1.2:/PullRequest:/1109:/SLES/product/repo/SLES-SAP-16.0-aarch64/repodata/repomd.xml
2026-01-15 14:32:22 INFO     Submission skipped: RepoHash metadata not found at http://download.suse.de/ibs/SUSE:/SLFO:/1.2:/PullRequest:/1119:/SL-Micro/product/repo/SLES-SAP-16.0-ppc64le/repodata/repomd.xml
2026-01-15 14:32:22 INFO     Submission skipped: RepoHash metadata not found at http://download.suse.de/ibs/SUSE:/SLFO:/1.2:/PullRequest:/1119:/SLES/product/repo/SLES-SAP-16.0-aarch64/repodata/repomd.xml
2026-01-15 14:32:22 INFO     Submission skipped: RepoHash metadata not found at http://download.suse.de/ibs/SUSE:/SLFO:/1.2:/PullRequest:/1119:/SLES/product/repo/SLES-SAP-16.0-s390x/repodata/repomd.xml
2026-01-15 14:32:22 INFO     Submission skipped: RepoHash metadata not found at http://download.suse.de/ibs/SUSE:/SLFO:/1.2:/PullRequest:/1119:/SL-Micro/product/repo/SLES-SAP-16.0-s390x/repodata/repomd.xml
2026-01-15 14:32:22 INFO     Submission skipped: RepoHash metadata not found at http://download.suse.de/ibs/SUSE:/SLFO:/1.2:/PullRequest:/1119:/SL-Micro/product/repo/SLES-SAP-16.0-x86_64/repodata/repomd.xml
2026-01-15 14:32:22 INFO     Submission skipped: RepoHash metadata not found at http://download.suse.de/ibs/SUSE:/SLFO:/1.2:/PullRequest:/1119:/SL-Micro/product/repo/SLES-SAP-16.0-aarch64/repodata/repomd.xml
2026-01-15 14:32:22 INFO     Submission skipped: RepoHash metadata not found at http://download.suse.de/ibs/SUSE:/SLFO:/1.2:/PullRequest:/1155:/SL-Micro/product/repo/SLES-SAP-16.0-s390x/repodata/repomd.xml
2026-01-15 14:32:22 INFO     Submission skipped: RepoHash metadata not found at http://download.suse.de/ibs/SUSE:/SLFO:/1.2:/PullRequest:/1155:/SL-Micro/product/repo/SLES-SAP-16.0-ppc64le/repodata/repomd.xml
2026-01-15 14:32:22 INFO     Submission skipped: RepoHash metadata not found at http://download.suse.de/ibs/SUSE:/SLFO:/1.2:/PullRequest:/1155:/SLES/product/repo/SLES-SAP-16.0-s390x/repodata/repomd.xml
2026-01-15 14:32:22 INFO     Submission skipped: RepoHash metadata not found at http://download.suse.de/ibs/SUSE:/SLFO:/1.2:/PullRequest:/1155:/SLES/product/repo/SLES-SAP-16.0-aarch64/repodata/repomd.xml
2026-01-15 14:32:22 INFO     Submission skipped: RepoHash metadata not found at http://download.suse.de/ibs/SUSE:/SLFO:/1.2:/PullRequest:/1155:/SL-Micro/product/repo/SLES-SAP-16.0-x86_64/repodata/repomd.xml
2026-01-15 14:32:22 INFO     Submission skipped: RepoHash metadata not found at http://download.suse.de/ibs/SUSE:/SLFO:/1.2:/PullRequest:/1155:/SL-Micro/product/repo/SLES-SAP-16.0-aarch64/repodata/repomd.xml
2026-01-15 14:32:22 INFO     Submission skipped: RepoHash metadata not found at http://download.suse.de/ibs/SUSE:/SLFO:/1.2:/PullRequest:/1156:/SLES/product/repo/SLES-SAP-16.0-aarch64/repodata/repomd.xml
2026-01-15 14:32:22 INFO     Submission skipped: RepoHash metadata not found at http://download.suse.de/ibs/SUSE:/SLFO:/1.2:/PullRequest:/1156:/SLES/product/repo/SLES-SAP-16.0-s390x/repodata/repomd.xml
2026-01-15 14:32:22 INFO     Submission skipped: RepoHash metadata not found at http://download.suse.de/ibs/SUSE:/SLFO:/1.2:/PullRequest:/1156:/SL-Micro/product/repo/SLES-SAP-16.0-ppc64le/repodata/repomd.xml
2026-01-15 14:32:22 INFO     Submission skipped: RepoHash metadata not found at http://download.suse.de/ibs/SUSE:/SLFO:/1.2:/PullRequest:/1156:/SL-Micro/product/repo/SLES-SAP-16.0-aarch64/repodata/repomd.xml
2026-01-15 14:32:22 INFO     Submission skipped: RepoHash metadata not found at http://download.suse.de/ibs/SUSE:/SLFO:/1.2:/PullRequest:/1156:/SL-Micro/product/repo/SLES-SAP-16.0-x86_64/repodata/repomd.xml
2026-01-15 14:32:22 INFO     Submission skipped: RepoHash metadata not found at http://download.suse.de/ibs/SUSE:/SLFO:/1.2:/PullRequest:/1156:/SL-Micro/product/repo/SLES-SAP-16.0-s390x/repodata/repomd.xml
2026-01-15 14:32:22 INFO     Submission skipped: RepoHash metadata not found at http://download.suse.de/ibs/SUSE:/SLFO:/1.2:/PullRequest:/1158:/SL-Micro/product/repo/SLES-SAP-16.0-aarch64/repodata/repomd.xml
2026-01-15 14:32:22 INFO     Submission skipped: RepoHash metadata not found at http://download.suse.de/ibs/SUSE:/SLFO:/1.2:/PullRequest:/1158:/SLES/product/repo/SLES-SAP-16.0-aarch64/repodata/repomd.xml
2026-01-15 14:32:23 INFO     Submission skipped: RepoHash metadata not found at http://download.suse.de/ibs/SUSE:/SLFO:/1.2:/PullRequest:/1158:/SLES/product/repo/SLES-SAP-16.0-s390x/repodata/repomd.xml
2026-01-15 14:32:23 INFO     Submission skipped: RepoHash metadata not found at http://download.suse.de/ibs/SUSE:/SLFO:/1.2:/PullRequest:/1158:/SL-Micro/product/repo/SLES-SAP-16.0-s390x/repodata/repomd.xml
2026-01-15 14:32:23 INFO     Submission skipped: RepoHash metadata not found at http://download.suse.de/ibs/SUSE:/SLFO:/1.2:/PullRequest:/1158:/SL-Micro/product/repo/SLES-SAP-16.0-x86_64/repodata/repomd.xml
2026-01-15 14:32:23 INFO     Submission skipped: RepoHash metadata not found at http://download.suse.de/ibs/SUSE:/SLFO:/1.2:/PullRequest:/1158:/SL-Micro/product/repo/SLES-SAP-16.0-ppc64le/repodata/repomd.xml
2026-01-15 14:32:23 INFO     Submission skipped: RepoHash metadata not found at http://download.suse.de/ibs/SUSE:/SLFO:/1.2:/PullRequest:/1205:/SLES/product/repo/SLES-SAP-16.0-aarch64/repodata/repomd.xml
2026-01-15 14:32:23 INFO     Submission skipped: RepoHash metadata not found at http://download.suse.de/ibs/SUSE:/SLFO:/1.2:/PullRequest:/1205:/SLES/product/repo/SLES-SAP-16.0-s390x/repodata/repomd.xml
2026-01-15 14:32:23 INFO     Submission skipped: RepoHash metadata not found at http://download.suse.de/ibs/SUSE:/SLFO:/1.2:/PullRequest:/1205:/SL-Micro/product/repo/SLES-SAP-16.0-aarch64/repodata/repomd.xml
2026-01-15 14:32:23 INFO     Submission skipped: RepoHash metadata not found at http://download.suse.de/ibs/SUSE:/SLFO:/1.2:/PullRequest:/1205:/SL-Micro/product/repo/SLES-SAP-16.0-s390x/repodata/repomd.xml
2026-01-15 14:32:23 INFO     Submission skipped: RepoHash metadata not found at http://download.suse.de/ibs/SUSE:/SLFO:/1.2:/PullRequest:/1205:/SL-Micro/product/repo/SLES-SAP-16.0-x86_64/repodata/repomd.xml
2026-01-15 14:32:23 INFO     Submission skipped: RepoHash metadata not found at http://download.suse.de/ibs/SUSE:/SLFO:/1.2:/PullRequest:/1205:/SL-Micro/product/repo/SLES-SAP-16.0-ppc64le/repodata/repomd.xml
2026-01-15 14:32:23 INFO     Submission skipped: RepoHash metadata not found at http://download.suse.de/ibs/SUSE:/SLFO:/1.2:/PullRequest:/1214:/SL-Micro/product/repo/SLES-SAP-16.0-ppc64le/repodata/repomd.xml
2026-01-15 14:32:23 INFO     Submission skipped: RepoHash metadata not found at http://download.suse.de/ibs/SUSE:/SLFO:/1.2:/PullRequest:/1214:/SL-Micro/product/repo/SLES-SAP-16.0-x86_64/repodata/repomd.xml
2026-01-15 14:32:23 INFO     Submission skipped: RepoHash metadata not found at http://download.suse.de/ibs/SUSE:/SLFO:/1.2:/PullRequest:/1214:/SL-Micro/product/repo/SLES-SAP-16.0-s390x/repodata/repomd.xml
2026-01-15 14:32:23 INFO     Submission skipped: RepoHash metadata not found at http://download.suse.de/ibs/SUSE:/SLFO:/1.2:/PullRequest:/1214:/SL-Micro/product/repo/SLES-SAP-16.0-aarch64/repodata/repomd.xml
2026-01-15 14:32:23 INFO     Submission skipped: RepoHash metadata not found at http://download.suse.de/ibs/SUSE:/SLFO:/1.2:/PullRequest:/1214:/SLES/product/repo/SLES-SAP-16.0-s390x/repodata/repomd.xml
2026-01-15 14:32:23 INFO     Submission skipped: RepoHash metadata not found at http://download.suse.de/ibs/SUSE:/SLFO:/1.2:/PullRequest:/1214:/SLES/product/repo/SLES-SAP-16.0-aarch64/repodata/repomd.xml
2026-01-15 14:32:23 INFO     Submission skipped: RepoHash metadata not found at http://download.suse.de/ibs/SUSE:/SLFO:/1.2:/PullRequest:/1217:/SL-Micro/product/repo/SLES-SAP-16.0-x86_64/repodata/repomd.xml
2026-01-15 14:32:23 INFO     Submission skipped: RepoHash metadata not found at http://download.suse.de/ibs/SUSE:/SLFO:/1.2:/PullRequest:/1217:/SL-Micro/product/repo/SLES-SAP-16.0-ppc64le/repodata/repomd.xml
2026-01-15 14:32:23 INFO     Submission skipped: RepoHash metadata not found at http://download.suse.de/ibs/SUSE:/SLFO:/1.2:/PullRequest:/1217:/SL-Micro/product/repo/SLES-SAP-16.0-s390x/repodata/repomd.xml
2026-01-15 14:32:23 INFO     Submission skipped: RepoHash metadata not found at http://download.suse.de/ibs/SUSE:/SLFO:/1.2:/PullRequest:/1217:/SL-Micro/product/repo/SLES-SAP-16.0-aarch64/repodata/repomd.xml
2026-01-15 14:32:23 INFO     Submission skipped: RepoHash metadata not found at http://download.suse.de/ibs/SUSE:/SLFO:/1.2:/PullRequest:/1217:/SLES/product/repo/SLES-SAP-16.0-aarch64/repodata/repomd.xml
2026-01-15 14:32:23 INFO     Submission skipped: RepoHash metadata not found at http://download.suse.de/ibs/SUSE:/SLFO:/1.2:/PullRequest:/1217:/SLES/product/repo/SLES-SAP-16.0-s390x/repodata/repomd.xml
2026-01-15 14:32:23 INFO     Submission skipped: RepoHash metadata not found at http://download.suse.de/ibs/SUSE:/SLFO:/1.2:/PullRequest:/1240:/SL-Micro/product/repo/SLES-SAP-16.0-ppc64le/repodata/repomd.xml
2026-01-15 14:32:23 INFO     Submission skipped: RepoHash metadata not found at http://download.suse.de/ibs/SUSE:/SLFO:/1.2:/PullRequest:/1240:/SLES/product/repo/SLES-SAP-16.0-s390x/repodata/repomd.xml
2026-01-15 14:32:23 INFO     Submission skipped: RepoHash metadata not found at http://download.suse.de/ibs/SUSE:/SLFO:/1.2:/PullRequest:/1240:/SLES/product/repo/SLES-SAP-16.0-aarch64/repodata/repomd.xml
2026-01-15 14:32:23 INFO     Submission skipped: RepoHash metadata not found at http://download.suse.de/ibs/SUSE:/SLFO:/1.2:/PullRequest:/1240:/SL-Micro/product/repo/SLES-SAP-16.0-aarch64/repodata/repomd.xml
2026-01-15 14:32:23 INFO     Submission skipped: RepoHash metadata not found at http://download.suse.de/ibs/SUSE:/SLFO:/1.2:/PullRequest:/1240:/SL-Micro/product/repo/SLES-SAP-16.0-x86_64/repodata/repomd.xml
2026-01-15 14:32:23 INFO     Submission skipped: RepoHash metadata not found at http://download.suse.de/ibs/SUSE:/SLFO:/1.2:/PullRequest:/1240:/SL-Micro/product/repo/SLES-SAP-16.0-s390x/repodata/repomd.xml
2026-01-15 14:32:23 INFO     Submission skipped: RepoHash metadata not found at http://download.suse.de/ibs/SUSE:/SLFO:/1.2:/PullRequest:/1244:/SLES/product/repo/SLES-SAP-16.0-s390x/repodata/repomd.xml
2026-01-15 14:32:23 INFO     Submission skipped: RepoHash metadata not found at http://download.suse.de/ibs/SUSE:/SLFO:/1.2:/PullRequest:/1244:/SL-Micro/product/repo/SLES-SAP-16.0-x86_64/repodata/repomd.xml
2026-01-15 14:32:23 INFO     Submission skipped: RepoHash metadata not found at http://download.suse.de/ibs/SUSE:/SLFO:/1.2:/PullRequest:/1244:/SL-Micro/product/repo/SLES-SAP-16.0-ppc64le/repodata/repomd.xml
2026-01-15 14:32:23 INFO     Submission skipped: RepoHash metadata not found at http://download.suse.de/ibs/SUSE:/SLFO:/1.2:/PullRequest:/1244:/SL-Micro/product/repo/SLES-SAP-16.0-aarch64/repodata/repomd.xml
2026-01-15 14:32:23 INFO     Submission skipped: RepoHash metadata not found at http://download.suse.de/ibs/SUSE:/SLFO:/1.2:/PullRequest:/1244:/SL-Micro/product/repo/SLES-SAP-16.0-s390x/repodata/repomd.xml
2026-01-15 14:32:23 INFO     Submission skipped: RepoHash metadata not found at http://download.suse.de/ibs/SUSE:/SLFO:/1.2:/PullRequest:/1244:/SLES/product/repo/SLES-SAP-16.0-aarch64/repodata/repomd.xml
2026-01-15 14:32:23 INFO     Submission skipped: RepoHash metadata not found at http://download.suse.de/ibs/SUSE:/SLFO:/1.2:/PullRequest:/1252:/SL-Micro/product/repo/SLES-SAP-16.0-ppc64le/repodata/repomd.xml
2026-01-15 14:32:23 INFO     Submission skipped: RepoHash metadata not found at http://download.suse.de/ibs/SUSE:/SLFO:/1.2:/PullRequest:/1252:/SL-Micro/product/repo/SLES-SAP-16.0-x86_64/repodata/repomd.xml
2026-01-15 14:32:23 INFO     Submission skipped: RepoHash metadata not found at http://download.suse.de/ibs/SUSE:/SLFO:/1.2:/PullRequest:/1252:/SLES/product/repo/SLES-SAP-16.0-s390x/repodata/repomd.xml
2026-01-15 14:32:23 INFO     Submission skipped: RepoHash metadata not found at http://download.suse.de/ibs/SUSE:/SLFO:/1.2:/PullRequest:/1252:/SLES/product/repo/SLES-SAP-16.0-aarch64/repodata/repomd.xml
2026-01-15 14:32:23 INFO     Submission skipped: RepoHash metadata not found at http://download.suse.de/ibs/SUSE:/SLFO:/1.2:/PullRequest:/1252:/SL-Micro/product/repo/SLES-SAP-16.0-aarch64/repodata/repomd.xml
2026-01-15 14:32:23 INFO     Submission skipped: RepoHash metadata not found at http://download.suse.de/ibs/SUSE:/SLFO:/1.2:/PullRequest:/1252:/SL-Micro/product/repo/SLES-SAP-16.0-s390x/repodata/repomd.xml
2026-01-15 14:32:23 INFO     Submission skipped: RepoHash metadata not found at http://download.suse.de/ibs/SUSE:/SLFO:/1.2:/PullRequest:/1259:/SLES/product/repo/SLES-SAP-16.0-s390x/repodata/repomd.xml
2026-01-15 14:32:23 INFO     Submission skipped: RepoHash metadata not found at http://download.suse.de/ibs/SUSE:/SLFO:/1.2:/PullRequest:/1259:/SL-Micro/product/repo/SLES-SAP-16.0-x86_64/repodata/repomd.xml
2026-01-15 14:32:23 INFO     Submission skipped: RepoHash metadata not found at http://download.suse.de/ibs/SUSE:/SLFO:/1.2:/PullRequest:/1259:/SL-Micro/product/repo/SLES-SAP-16.0-aarch64/repodata/repomd.xml
2026-01-15 14:32:23 INFO     Submission skipped: RepoHash metadata not found at http://download.suse.de/ibs/SUSE:/SLFO:/1.2:/PullRequest:/1259:/SL-Micro/product/repo/SLES-SAP-16.0-s390x/repodata/repomd.xml
2026-01-15 14:32:23 INFO     Submission skipped: RepoHash metadata not found at http://download.suse.de/ibs/SUSE:/SLFO:/1.2:/PullRequest:/1259:/SL-Micro/product/repo/SLES-SAP-16.0-ppc64le/repodata/repomd.xml
2026-01-15 14:32:23 INFO     Submission skipped: RepoHash metadata not found at http://download.suse.de/ibs/SUSE:/SLFO:/1.2:/PullRequest:/1259:/SLES/product/repo/SLES-SAP-16.0-aarch64/repodata/repomd.xml
2026-01-15 14:32:23 INFO     Submission skipped: RepoHash metadata not found at http://download.suse.de/ibs/SUSE:/SLFO:/1.2:/PullRequest:/1262:/SL-Micro/product/repo/SLES-SAP-16.0-aarch64/repodata/repomd.xml
2026-01-15 14:32:23 INFO     Submission skipped: RepoHash metadata not found at http://download.suse.de/ibs/SUSE:/SLFO:/1.2:/PullRequest:/1262:/SL-Micro/product/repo/SLES-SAP-16.0-s390x/repodata/repomd.xml
2026-01-15 14:32:23 INFO     Submission skipped: RepoHash metadata not found at http://download.suse.de/ibs/SUSE:/SLFO:/1.2:/PullRequest:/1262:/SL-Micro/product/repo/SLES-SAP-16.0-ppc64le/repodata/repomd.xml
2026-01-15 14:32:23 INFO     Submission skipped: RepoHash metadata not found at http://download.suse.de/ibs/SUSE:/SLFO:/1.2:/PullRequest:/1262:/SLES/product/repo/SLES-SAP-16.0-aarch64/repodata/repomd.xml
2026-01-15 14:32:23 INFO     Submission skipped: RepoHash metadata not found at http://download.suse.de/ibs/SUSE:/SLFO:/1.2:/PullRequest:/1262:/SLES/product/repo/SLES-SAP-16.0-s390x/repodata/repomd.xml
2026-01-15 14:32:23 INFO     Submission skipped: RepoHash metadata not found at http://download.suse.de/ibs/SUSE:/SLFO:/1.2:/PullRequest:/1262:/SL-Micro/product/repo/SLES-SAP-16.0-x86_64/repodata/repomd.xml
2026-01-15 14:32:23 INFO     Submission skipped: RepoHash metadata not found at http://download.suse.de/ibs/SUSE:/SLFO:/1.2:/PullRequest:/1263:/SLES/product/repo/SLES-SAP-16.0-aarch64/repodata/repomd.xml
2026-01-15 14:32:23 INFO     Submission skipped: RepoHash metadata not found at http://download.suse.de/ibs/SUSE:/SLFO:/1.2:/PullRequest:/1263:/SLES/product/repo/SLES-SAP-16.0-s390x/repodata/repomd.xml
2026-01-15 14:32:23 INFO     Submission skipped: RepoHash metadata not found at http://download.suse.de/ibs/SUSE:/SLFO:/1.2:/PullRequest:/1263:/SL-Micro/product/repo/SLES-SAP-16.0-s390x/repodata/repomd.xml
2026-01-15 14:32:23 INFO     Submission skipped: RepoHash metadata not found at http://download.suse.de/ibs/SUSE:/SLFO:/1.2:/PullRequest:/1263:/SL-Micro/product/repo/SLES-SAP-16.0-x86_64/repodata/repomd.xml
2026-01-15 14:32:23 INFO     Submission skipped: RepoHash metadata not found at http://download.suse.de/ibs/SUSE:/SLFO:/1.2:/PullRequest:/1263:/SL-Micro/product/repo/SLES-SAP-16.0-aarch64/repodata/repomd.xml
2026-01-15 14:32:23 INFO     Submission skipped: RepoHash metadata not found at http://download.suse.de/ibs/SUSE:/SLFO:/1.2:/PullRequest:/1263:/SL-Micro/product/repo/SLES-SAP-16.0-ppc64le/repodata/repomd.xml
2026-01-15 14:32:23 INFO     Submission skipped: RepoHash metadata not found at http://download.suse.de/ibs/SUSE:/SLFO:/1.2:/PullRequest:/1264:/SLES/product/repo/SLES-SAP-16.0-s390x/repodata/repomd.xml
2026-01-15 14:32:23 INFO     Submission skipped: RepoHash metadata not found at http://download.suse.de/ibs/SUSE:/SLFO:/1.2:/PullRequest:/1264:/SLES/product/repo/SLES-SAP-16.0-aarch64/repodata/repomd.xml
2026-01-15 14:32:23 INFO     Submission skipped: RepoHash metadata not found at http://download.suse.de/ibs/SUSE:/SLFO:/1.2:/PullRequest:/1264:/SL-Micro/product/repo/SLES-SAP-16.0-ppc64le/repodata/repomd.xml
2026-01-15 14:32:23 INFO     Submission skipped: RepoHash metadata not found at http://download.suse.de/ibs/SUSE:/SLFO:/1.2:/PullRequest:/1264:/SL-Micro/product/repo/SLES-SAP-16.0-x86_64/repodata/repomd.xml
2026-01-15 14:32:23 INFO     Submission skipped: RepoHash metadata not found at http://download.suse.de/ibs/SUSE:/SLFO:/1.2:/PullRequest:/1264:/SL-Micro/product/repo/SLES-SAP-16.0-s390x/repodata/repomd.xml
2026-01-15 14:32:23 INFO     Submission skipped: RepoHash metadata not found at http://download.suse.de/ibs/SUSE:/SLFO:/1.2:/PullRequest:/1264:/SL-Micro/product/repo/SLES-SAP-16.0-aarch64/repodata/repomd.xml
2026-01-15 14:32:23 INFO     Submission skipped: RepoHash metadata not found at http://download.suse.de/ibs/SUSE:/SLFO:/1.2:/PullRequest:/1265:/SL-Micro/product/repo/SLES-SAP-16.0-ppc64le/repodata/repomd.xml
2026-01-15 14:32:23 INFO     Submission skipped: RepoHash metadata not found at http://download.suse.de/ibs/SUSE:/SLFO:/1.2:/PullRequest:/1265:/SL-Micro/product/repo/SLES-SAP-16.0-aarch64/repodata/repomd.xml
2026-01-15 14:32:23 INFO     Submission skipped: RepoHash metadata not found at http://download.suse.de/ibs/SUSE:/SLFO:/1.2:/PullRequest:/1265:/SL-Micro/product/repo/SLES-SAP-16.0-s390x/repodata/repomd.xml
2026-01-15 14:32:23 INFO     Submission skipped: RepoHash metadata not found at http://download.suse.de/ibs/SUSE:/SLFO:/1.2:/PullRequest:/1265:/SL-Micro/product/repo/SLES-SAP-16.0-x86_64/repodata/repomd.xml
2026-01-15 14:32:23 INFO     Submission skipped: RepoHash metadata not found at http://download.suse.de/ibs/SUSE:/SLFO:/1.2:/PullRequest:/1265:/SLES/product/repo/SLES-SAP-16.0-aarch64/repodata/repomd.xml
2026-01-15 14:32:23 INFO     Submission skipped: RepoHash metadata not found at http://download.suse.de/ibs/SUSE:/SLFO:/1.2:/PullRequest:/1265:/SLES/product/repo/SLES-SAP-16.0-s390x/repodata/repomd.xml
2026-01-15 14:32:23 INFO     Submission skipped: RepoHash metadata not found at http://download.suse.de/ibs/SUSE:/SLFO:/1.2:/PullRequest:/1266:/SL-Micro/product/repo/SLES-SAP-16.0-ppc64le/repodata/repomd.xml
2026-01-15 14:32:23 INFO     Submission skipped: RepoHash metadata not found at http://download.suse.de/ibs/SUSE:/SLFO:/1.2:/PullRequest:/1266:/SL-Micro/product/repo/SLES-SAP-16.0-aarch64/repodata/repomd.xml
2026-01-15 14:32:23 INFO     Submission skipped: RepoHash metadata not found at http://download.suse.de/ibs/SUSE:/SLFO:/1.2:/PullRequest:/1266:/SL-Micro/product/repo/SLES-SAP-16.0-s390x/repodata/repomd.xml
2026-01-15 14:32:23 INFO     Submission skipped: RepoHash metadata not found at http://download.suse.de/ibs/SUSE:/SLFO:/1.2:/PullRequest:/1266:/SL-Micro/product/repo/SLES-SAP-16.0-x86_64/repodata/repomd.xml
2026-01-15 14:32:23 INFO     Submission skipped: RepoHash metadata not found at http://download.suse.de/ibs/SUSE:/SLFO:/1.2:/PullRequest:/1266:/SLES/product/repo/SLES-SAP-16.0-aarch64/repodata/repomd.xml
2026-01-15 14:32:23 INFO     Submission skipped: RepoHash metadata not found at http://download.suse.de/ibs/SUSE:/SLFO:/1.2:/PullRequest:/1266:/SLES/product/repo/SLES-SAP-16.0-s390x/repodata/repomd.xml
2026-01-15 14:32:23 INFO     Submission skipped: RepoHash metadata not found at http://download.suse.de/ibs/SUSE:/SLFO:/1.2:/PullRequest:/1267:/SLES/product/repo/SLES-SAP-16.0-aarch64/repodata/repomd.xml
2026-01-15 14:32:23 INFO     Submission skipped: RepoHash metadata not found at http://download.suse.de/ibs/SUSE:/SLFO:/1.2:/PullRequest:/1267:/SLES/product/repo/SLES-SAP-16.0-s390x/repodata/repomd.xml
2026-01-15 14:32:23 INFO     Submission skipped: RepoHash metadata not found at http://download.suse.de/ibs/SUSE:/SLFO:/1.2:/PullRequest:/1267:/SL-Micro/product/repo/SLES-SAP-16.0-ppc64le/repodata/repomd.xml
2026-01-15 14:32:23 INFO     Submission skipped: RepoHash metadata not found at http://download.suse.de/ibs/SUSE:/SLFO:/1.2:/PullRequest:/1267:/SL-Micro/product/repo/SLES-SAP-16.0-s390x/repodata/repomd.xml
2026-01-15 14:32:23 INFO     Submission skipped: RepoHash metadata not found at http://download.suse.de/ibs/SUSE:/SLFO:/1.2:/PullRequest:/1267:/SL-Micro/product/repo/SLES-SAP-16.0-x86_64/repodata/repomd.xml
2026-01-15 14:32:23 INFO     Submission skipped: RepoHash metadata not found at http://download.suse.de/ibs/SUSE:/SLFO:/1.2:/PullRequest:/1267:/SL-Micro/product/repo/SLES-SAP-16.0-aarch64/repodata/repomd.xml
2026-01-15 14:32:23 INFO     Submission skipped: RepoHash metadata not found at http://download.suse.de/ibs/SUSE:/SLFO:/1.2:/PullRequest:/1268:/SL-Micro/product/repo/SLES-SAP-16.0-aarch64/repodata/repomd.xml
2026-01-15 14:32:23 INFO     Submission skipped: RepoHash metadata not found at http://download.suse.de/ibs/SUSE:/SLFO:/1.2:/PullRequest:/1268:/SL-Micro/product/repo/SLES-SAP-16.0-x86_64/repodata/repomd.xml
2026-01-15 14:32:23 INFO     Submission skipped: RepoHash metadata not found at http://download.suse.de/ibs/SUSE:/SLFO:/1.2:/PullRequest:/1268:/SL-Micro/product/repo/SLES-SAP-16.0-ppc64le/repodata/repomd.xml
2026-01-15 14:32:23 INFO     Submission skipped: RepoHash metadata not found at http://download.suse.de/ibs/SUSE:/SLFO:/1.2:/PullRequest:/1268:/SLES/product/repo/SLES-SAP-16.0-aarch64/repodata/repomd.xml
2026-01-15 14:32:23 INFO     Submission skipped: RepoHash metadata not found at http://download.suse.de/ibs/SUSE:/SLFO:/1.2:/PullRequest:/1268:/SLES/product/repo/SLES-SAP-16.0-s390x/repodata/repomd.xml
2026-01-15 14:32:23 INFO     Submission skipped: RepoHash metadata not found at http://download.suse.de/ibs/SUSE:/SLFO:/1.2:/PullRequest:/1268:/SL-Micro/product/repo/SLES-SAP-16.0-s390x/repodata/repomd.xml
2026-01-15 14:32:23 INFO     Submission skipped: RepoHash metadata not found at http://download.suse.de/ibs/SUSE:/SLFO:/1.2:/PullRequest:/1269:/SL-Micro/product/repo/SLES-SAP-16.0-ppc64le/repodata/repomd.xml
2026-01-15 14:32:23 INFO     Submission skipped: RepoHash metadata not found at http://download.suse.de/ibs/SUSE:/SLFO:/1.2:/PullRequest:/1269:/SLES/product/repo/SLES-SAP-16.0-s390x/repodata/repomd.xml
2026-01-15 14:32:23 INFO     Submission skipped: RepoHash metadata not found at http://download.suse.de/ibs/SUSE:/SLFO:/1.2:/PullRequest:/1269:/SL-Micro/product/repo/SLES-SAP-16.0-s390x/repodata/repomd.xml
2026-01-15 14:32:23 INFO     Submission skipped: RepoHash metadata not found at http://download.suse.de/ibs/SUSE:/SLFO:/1.2:/PullRequest:/1269:/SL-Micro/product/repo/SLES-SAP-16.0-aarch64/repodata/repomd.xml
2026-01-15 14:32:23 INFO     Submission skipped: RepoHash metadata not found at http://download.suse.de/ibs/SUSE:/SLFO:/1.2:/PullRequest:/1269:/SL-Micro/product/repo/SLES-SAP-16.0-x86_64/repodata/repomd.xml
2026-01-15 14:32:23 INFO     Submission skipped: RepoHash metadata not found at http://download.suse.de/ibs/SUSE:/SLFO:/1.2:/PullRequest:/1269:/SLES/product/repo/SLES-SAP-16.0-aarch64/repodata/repomd.xml
2026-01-15 14:32:23 INFO     Submission skipped: RepoHash metadata not found at http://download.suse.de/ibs/SUSE:/SLFO:/1.2:/PullRequest:/1292:/SLES/product/repo/SLES-SAP-16.0-aarch64/repodata/repomd.xml
2026-01-15 14:32:23 INFO     Submission skipped: RepoHash metadata not found at http://download.suse.de/ibs/SUSE:/SLFO:/1.2:/PullRequest:/1292:/SLES/product/repo/SLES-SAP-16.0-s390x/repodata/repomd.xml
2026-01-15 14:32:23 INFO     Submission skipped: RepoHash metadata not found at http://download.suse.de/ibs/SUSE:/SLFO:/1.2:/PullRequest:/1292:/SL-Micro/product/repo/SLES-SAP-16.0-s390x/repodata/repomd.xml
2026-01-15 14:32:23 INFO     Submission skipped: RepoHash metadata not found at http://download.suse.de/ibs/SUSE:/SLFO:/1.2:/PullRequest:/1292:/SL-Micro/product/repo/SLES-SAP-16.0-x86_64/repodata/repomd.xml
2026-01-15 14:32:23 INFO     Submission skipped: RepoHash metadata not found at http://download.suse.de/ibs/SUSE:/SLFO:/1.2:/PullRequest:/1292:/SL-Micro/product/repo/SLES-SAP-16.0-aarch64/repodata/repomd.xml
2026-01-15 14:32:23 INFO     Submission skipped: RepoHash metadata not found at http://download.suse.de/ibs/SUSE:/SLFO:/1.2:/PullRequest:/1292:/SL-Micro/product/repo/SLES-SAP-16.0-ppc64le/repodata/repomd.xml
2026-01-15 14:32:23 INFO     Submission skipped: RepoHash metadata not found at http://download.suse.de/ibs/SUSE:/SLFO:/1.2:/PullRequest:/1293:/SL-Micro/product/repo/SLES-SAP-16.0-ppc64le/repodata/repomd.xml
2026-01-15 14:32:23 INFO     Submission skipped: RepoHash metadata not found at http://download.suse.de/ibs/SUSE:/SLFO:/1.2:/PullRequest:/1293:/SLES/product/repo/SLES-SAP-16.0-aarch64/repodata/repomd.xml
2026-01-15 14:32:23 INFO     Submission skipped: RepoHash metadata not found at http://download.suse.de/ibs/SUSE:/SLFO:/1.2:/PullRequest:/1293:/SLES/product/repo/SLES-SAP-16.0-s390x/repodata/repomd.xml
2026-01-15 14:32:23 INFO     Submission skipped: RepoHash metadata not found at http://download.suse.de/ibs/SUSE:/SLFO:/1.2:/PullRequest:/1293:/SL-Micro/product/repo/SLES-SAP-16.0-x86_64/repodata/repomd.xml
2026-01-15 14:32:23 INFO     Submission skipped: RepoHash metadata not found at http://download.suse.de/ibs/SUSE:/SLFO:/1.2:/PullRequest:/1293:/SL-Micro/product/repo/SLES-SAP-16.0-s390x/repodata/repomd.xml
2026-01-15 14:32:23 INFO     Submission skipped: RepoHash metadata not found at http://download.suse.de/ibs/SUSE:/SLFO:/1.2:/PullRequest:/1293:/SL-Micro/product/repo/SLES-SAP-16.0-aarch64/repodata/repomd.xml
2026-01-15 14:32:23 INFO     Submission skipped: RepoHash metadata not found at http://download.suse.de/ibs/SUSE:/SLFO:/1.2:/PullRequest:/1300:/SL-Micro/product/repo/SLES-SAP-16.0-s390x/repodata/repomd.xml
2026-01-15 14:32:23 INFO     Submission skipped: RepoHash metadata not found at http://download.suse.de/ibs/SUSE:/SLFO:/1.2:/PullRequest:/1300:/SL-Micro/product/repo/SLES-SAP-16.0-x86_64/repodata/repomd.xml
2026-01-15 14:32:23 INFO     Submission skipped: RepoHash metadata not found at http://download.suse.de/ibs/SUSE:/SLFO:/1.2:/PullRequest:/1300:/SL-Micro/product/repo/SLES-SAP-16.0-aarch64/repodata/repomd.xml
2026-01-15 14:32:23 INFO     Submission skipped: RepoHash metadata not found at http://download.suse.de/ibs/SUSE:/SLFO:/1.2:/PullRequest:/1300:/SL-Micro/product/repo/SLES-SAP-16.0-ppc64le/repodata/repomd.xml
2026-01-15 14:32:23 INFO     Submission skipped: RepoHash metadata not found at http://download.suse.de/ibs/SUSE:/SLFO:/1.2:/PullRequest:/1300:/SLES/product/repo/SLES-SAP-16.0-s390x/repodata/repomd.xml
2026-01-15 14:32:23 INFO     Submission skipped: RepoHash metadata not found at http://download.suse.de/ibs/SUSE:/SLFO:/1.2:/PullRequest:/1300:/SLES/product/repo/SLES-SAP-16.0-aarch64/repodata/repomd.xml
2026-01-15 14:32:23 INFO     Submission skipped: RepoHash metadata not found at http://download.suse.de/ibs/SUSE:/SLFO:/1.2:/PullRequest:/1302:/SL-Micro/product/repo/SLES-SAP-16.0-ppc64le/repodata/repomd.xml
2026-01-15 14:32:23 INFO     Submission skipped: RepoHash metadata not found at http://download.suse.de/ibs/SUSE:/SLFO:/1.2:/PullRequest:/1302:/SL-Micro/product/repo/SLES-SAP-16.0-x86_64/repodata/repomd.xml
2026-01-15 14:32:23 INFO     Submission skipped: RepoHash metadata not found at http://download.suse.de/ibs/SUSE:/SLFO:/1.2:/PullRequest:/1302:/SL-Micro/product/repo/SLES-SAP-16.0-aarch64/repodata/repomd.xml
2026-01-15 14:32:23 INFO     Submission skipped: RepoHash metadata not found at http://download.suse.de/ibs/SUSE:/SLFO:/1.2:/PullRequest:/1302:/SL-Micro/product/repo/SLES-SAP-16.0-s390x/repodata/repomd.xml
2026-01-15 14:32:23 INFO     Submission skipped: RepoHash metadata not found at http://download.suse.de/ibs/SUSE:/SLFO:/1.2:/PullRequest:/1302:/SLES/product/repo/SLES-SAP-16.0-aarch64/repodata/repomd.xml
2026-01-15 14:32:23 INFO     Submission skipped: RepoHash metadata not found at http://download.suse.de/ibs/SUSE:/SLFO:/1.2:/PullRequest:/1302:/SLES/product/repo/SLES-SAP-16.0-s390x/repodata/repomd.xml
2026-01-15 14:32:23 INFO     Submission skipped: RepoHash metadata not found at http://download.suse.de/ibs/SUSE:/SLFO:/1.2:/PullRequest:/1303:/SL-Micro/product/repo/SLES-SAP-16.0-s390x/repodata/repomd.xml
2026-01-15 14:32:23 INFO     Submission skipped: RepoHash metadata not found at http://download.suse.de/ibs/SUSE:/SLFO:/1.2:/PullRequest:/1303:/SLES/product/repo/SLES-SAP-16.0-s390x/repodata/repomd.xml
2026-01-15 14:32:23 INFO     Submission skipped: RepoHash metadata not found at http://download.suse.de/ibs/SUSE:/SLFO:/1.2:/PullRequest:/1303:/SL-Micro/product/repo/SLES-SAP-16.0-x86_64/repodata/repomd.xml
2026-01-15 14:32:23 INFO     Submission skipped: RepoHash metadata not found at http://download.suse.de/ibs/SUSE:/SLFO:/1.2:/PullRequest:/1303:/SL-Micro/product/repo/SLES-SAP-16.0-aarch64/repodata/repomd.xml
2026-01-15 14:32:23 INFO     Submission skipped: RepoHash metadata not found at http://download.suse.de/ibs/SUSE:/SLFO:/1.2:/PullRequest:/1303:/SL-Micro/product/repo/SLES-SAP-16.0-ppc64le/repodata/repomd.xml
2026-01-15 14:32:23 INFO     Submission skipped: RepoHash metadata not found at http://download.suse.de/ibs/SUSE:/SLFO:/1.2:/PullRequest:/1303:/SLES/product/repo/SLES-SAP-16.0-aarch64/repodata/repomd.xml
2026-01-15 14:32:23 INFO     Submission skipped: RepoHash metadata not found at http://download.suse.de/ibs/SUSE:/SLFO:/1.2:/PullRequest:/1317:/SLES/product/repo/SLES-SAP-16.0-s390x/repodata/repomd.xml
2026-01-15 14:32:23 INFO     Submission skipped: RepoHash metadata not found at http://download.suse.de/ibs/SUSE:/SLFO:/1.2:/PullRequest:/1317:/SLES/product/repo/SLES-SAP-16.0-aarch64/repodata/repomd.xml
2026-01-15 14:32:23 INFO     Submission skipped: RepoHash metadata not found at http://download.suse.de/ibs/SUSE:/SLFO:/1.2:/PullRequest:/1317:/SL-Micro/product/repo/SLES-SAP-16.0-ppc64le/repodata/repomd.xml
2026-01-15 14:32:23 INFO     Submission skipped: RepoHash metadata not found at http://download.suse.de/ibs/SUSE:/SLFO:/1.2:/PullRequest:/1317:/SL-Micro/product/repo/SLES-SAP-16.0-s390x/repodata/repomd.xml
2026-01-15 14:32:23 INFO     Submission skipped: RepoHash metadata not found at http://download.suse.de/ibs/SUSE:/SLFO:/1.2:/PullRequest:/1317:/SL-Micro/product/repo/SLES-SAP-16.0-aarch64/repodata/repomd.xml
2026-01-15 14:32:23 INFO     Submission skipped: RepoHash metadata not found at http://download.suse.de/ibs/SUSE:/SLFO:/1.2:/PullRequest:/1317:/SL-Micro/product/repo/SLES-SAP-16.0-x86_64/repodata/repomd.xml
2026-01-15 14:32:23 INFO     Submission skipped: RepoHash metadata not found at http://download.suse.de/ibs/SUSE:/SLFO:/1.2:/PullRequest:/1318:/SL-Micro/product/repo/SLES-SAP-16.0-s390x/repodata/repomd.xml
2026-01-15 14:32:23 INFO     Submission skipped: RepoHash metadata not found at http://download.suse.de/ibs/SUSE:/SLFO:/1.2:/PullRequest:/1318:/SLES/product/repo/SLES-SAP-16.0-aarch64/repodata/repomd.xml
2026-01-15 14:32:23 INFO     Submission skipped: RepoHash metadata not found at http://download.suse.de/ibs/SUSE:/SLFO:/1.2:/PullRequest:/1318:/SLES/product/repo/SLES-SAP-16.0-s390x/repodata/repomd.xml
2026-01-15 14:32:23 INFO     Submission skipped: RepoHash metadata not found at http://download.suse.de/ibs/SUSE:/SLFO:/1.2:/PullRequest:/1318:/SL-Micro/product/repo/SLES-SAP-16.0-x86_64/repodata/repomd.xml
2026-01-15 14:32:23 INFO     Submission skipped: RepoHash metadata not found at http://download.suse.de/ibs/SUSE:/SLFO:/1.2:/PullRequest:/1318:/SL-Micro/product/repo/SLES-SAP-16.0-ppc64le/repodata/repomd.xml
2026-01-15 14:32:23 INFO     Submission skipped: RepoHash metadata not found at http://download.suse.de/ibs/SUSE:/SLFO:/1.2:/PullRequest:/1318:/SL-Micro/product/repo/SLES-SAP-16.0-aarch64/repodata/repomd.xml
2026-01-15 14:32:23 INFO     Submission skipped: RepoHash metadata not found at http://download.suse.de/ibs/SUSE:/SLFO:/1.2:/PullRequest:/1336:/SLES/product/repo/SLES-SAP-16.0-aarch64/repodata/repomd.xml
2026-01-15 14:32:23 INFO     Submission skipped: RepoHash metadata not found at http://download.suse.de/ibs/SUSE:/SLFO:/1.2:/PullRequest:/1336:/SL-Micro/product/repo/SLES-SAP-16.0-aarch64/repodata/repomd.xml
2026-01-15 14:32:23 INFO     Submission skipped: RepoHash metadata not found at http://download.suse.de/ibs/SUSE:/SLFO:/1.2:/PullRequest:/1336:/SL-Micro/product/repo/SLES-SAP-16.0-x86_64/repodata/repomd.xml
2026-01-15 14:32:23 INFO     Submission skipped: RepoHash metadata not found at http://download.suse.de/ibs/SUSE:/SLFO:/1.2:/PullRequest:/1336:/SL-Micro/product/repo/SLES-SAP-16.0-s390x/repodata/repomd.xml
2026-01-15 14:32:23 INFO     Submission skipped: RepoHash metadata not found at http://download.suse.de/ibs/SUSE:/SLFO:/1.2:/PullRequest:/1336:/SL-Micro/product/repo/SLES-SAP-16.0-ppc64le/repodata/repomd.xml
2026-01-15 14:32:23 INFO     Submission skipped: RepoHash metadata not found at http://download.suse.de/ibs/SUSE:/SLFO:/1.2:/PullRequest:/1336:/SLES/product/repo/SLES-SAP-16.0-s390x/repodata/repomd.xml
2026-01-15 14:32:23 INFO     Submission skipped: RepoHash metadata not found at http://download.suse.de/ibs/SUSE:/SLFO:/1.2:/PullRequest:/1338:/SLES/product/repo/SLES-SAP-16.0-aarch64/repodata/repomd.xml
2026-01-15 14:32:23 INFO     Submission skipped: RepoHash metadata not found at http://download.suse.de/ibs/SUSE:/SLFO:/1.2:/PullRequest:/1338:/SL-Micro/product/repo/SLES-SAP-16.0-s390x/repodata/repomd.xml
2026-01-15 14:32:23 INFO     Submission skipped: RepoHash metadata not found at http://download.suse.de/ibs/SUSE:/SLFO:/1.2:/PullRequest:/1338:/SL-Micro/product/repo/SLES-SAP-16.0-ppc64le/repodata/repomd.xml
2026-01-15 14:32:23 INFO     Submission skipped: RepoHash metadata not found at http://download.suse.de/ibs/SUSE:/SLFO:/1.2:/PullRequest:/1338:/SL-Micro/product/repo/SLES-SAP-16.0-x86_64/repodata/repomd.xml
2026-01-15 14:32:23 INFO     Submission skipped: RepoHash metadata not found at http://download.suse.de/ibs/SUSE:/SLFO:/1.2:/PullRequest:/1338:/SLES/product/repo/SLES-SAP-16.0-s390x/repodata/repomd.xml
2026-01-15 14:32:23 INFO     Submission skipped: RepoHash metadata not found at http://download.suse.de/ibs/SUSE:/SLFO:/1.2:/PullRequest:/1338:/SL-Micro/product/repo/SLES-SAP-16.0-aarch64/repodata/repomd.xml
2026-01-15 14:32:23 INFO     Submission skipped: RepoHash metadata not found at http://download.suse.de/ibs/SUSE:/SLFO:/1.2:/PullRequest:/1344:/SL-Micro/product/repo/SLES-SAP-16.0-ppc64le/repodata/repomd.xml
2026-01-15 14:32:23 INFO     Submission skipped: RepoHash metadata not found at http://download.suse.de/ibs/SUSE:/SLFO:/1.2:/PullRequest:/1344:/SL-Micro/product/repo/SLES-SAP-16.0-s390x/repodata/repomd.xml
2026-01-15 14:32:23 INFO     Submission skipped: RepoHash metadata not found at http://download.suse.de/ibs/SUSE:/SLFO:/1.2:/PullRequest:/1344:/SL-Micro/product/repo/SLES-SAP-16.0-aarch64/repodata/repomd.xml
2026-01-15 14:32:23 INFO     Submission skipped: RepoHash metadata not found at http://download.suse.de/ibs/SUSE:/SLFO:/1.2:/PullRequest:/1344:/SLES/product/repo/SLES-SAP-16.0-s390x/repodata/repomd.xml
2026-01-15 14:32:23 INFO     Submission skipped: RepoHash metadata not found at http://download.suse.de/ibs/SUSE:/SLFO:/1.2:/PullRequest:/1344:/SLES/product/repo/SLES-SAP-16.0-aarch64/repodata/repomd.xml
2026-01-15 14:32:23 INFO     Submission skipped: RepoHash metadata not found at http://download.suse.de/ibs/SUSE:/SLFO:/1.2:/PullRequest:/1344:/SL-Micro/product/repo/SLES-SAP-16.0-x86_64/repodata/repomd.xml
2026-01-15 14:32:23 INFO     Submission skipped: RepoHash metadata not found at http://download.suse.de/ibs/SUSE:/SLFO:/1.2:/PullRequest:/1345:/SL-Micro/product/repo/SLES-SAP-16.0-ppc64le/repodata/repomd.xml
2026-01-15 14:32:23 INFO     Submission skipped: RepoHash metadata not found at http://download.suse.de/ibs/SUSE:/SLFO:/1.2:/PullRequest:/1345:/SLES/product/repo/SLES-SAP-16.0-s390x/repodata/repomd.xml
2026-01-15 14:32:23 INFO     Submission skipped: RepoHash metadata not found at http://download.suse.de/ibs/SUSE:/SLFO:/1.2:/PullRequest:/1345:/SLES/product/repo/SLES-SAP-16.0-aarch64/repodata/repomd.xml
2026-01-15 14:32:23 INFO     Submission skipped: RepoHash metadata not found at http://download.suse.de/ibs/SUSE:/SLFO:/1.2:/PullRequest:/1345:/SL-Micro/product/repo/SLES-SAP-16.0-s390x/repodata/repomd.xml
2026-01-15 14:32:23 INFO     Submission skipped: RepoHash metadata not found at http://download.suse.de/ibs/SUSE:/SLFO:/1.2:/PullRequest:/1345:/SL-Micro/product/repo/SLES-SAP-16.0-x86_64/repodata/repomd.xml
2026-01-15 14:32:23 INFO     Submission skipped: RepoHash metadata not found at http://download.suse.de/ibs/SUSE:/SLFO:/1.2:/PullRequest:/1345:/SL-Micro/product/repo/SLES-SAP-16.0-aarch64/repodata/repomd.xml
2026-01-15 14:32:23 INFO     Submission skipped: RepoHash metadata not found at http://download.suse.de/ibs/SUSE:/SLFO:/1.2:/PullRequest:/1353:/SLES/product/repo/SLES-SAP-16.0-s390x/repodata/repomd.xml
2026-01-15 14:32:23 INFO     Submission skipped: RepoHash metadata not found at http://download.suse.de/ibs/SUSE:/SLFO:/1.2:/PullRequest:/1353:/SLES/product/repo/SLES-SAP-16.0-aarch64/repodata/repomd.xml
2026-01-15 14:32:23 INFO     Submission skipped: RepoHash metadata not found at http://download.suse.de/ibs/SUSE:/SLFO:/1.2:/PullRequest:/1353:/SL-Micro/product/repo/SLES-SAP-16.0-aarch64/repodata/repomd.xml
2026-01-15 14:32:23 INFO     Submission skipped: RepoHash metadata not found at http://download.suse.de/ibs/SUSE:/SLFO:/1.2:/PullRequest:/1353:/SL-Micro/product/repo/SLES-SAP-16.0-ppc64le/repodata/repomd.xml
2026-01-15 14:32:23 INFO     Submission skipped: RepoHash metadata not found at http://download.suse.de/ibs/SUSE:/SLFO:/1.2:/PullRequest:/1353:/SL-Micro/product/repo/SLES-SAP-16.0-x86_64/repodata/repomd.xml
2026-01-15 14:32:23 INFO     Submission skipped: RepoHash metadata not found at http://download.suse.de/ibs/SUSE:/SLFO:/1.2:/PullRequest:/1353:/SL-Micro/product/repo/SLES-SAP-16.0-s390x/repodata/repomd.xml
2026-01-15 14:32:23 INFO     Submission skipped: RepoHash metadata not found at http://download.suse.de/ibs/SUSE:/SLFO:/1.2:/PullRequest:/1357:/SL-Micro/product/repo/SLES-SAP-16.0-x86_64/repodata/repomd.xml
2026-01-15 14:32:23 INFO     Submission skipped: RepoHash metadata not found at http://download.suse.de/ibs/SUSE:/SLFO:/1.2:/PullRequest:/1357:/SL-Micro/product/repo/SLES-SAP-16.0-s390x/repodata/repomd.xml
2026-01-15 14:32:23 INFO     Submission skipped: RepoHash metadata not found at http://download.suse.de/ibs/SUSE:/SLFO:/1.2:/PullRequest:/1357:/SL-Micro/product/repo/SLES-SAP-16.0-aarch64/repodata/repomd.xml
2026-01-15 14:32:23 INFO     Submission skipped: RepoHash metadata not found at http://download.suse.de/ibs/SUSE:/SLFO:/1.2:/PullRequest:/1357:/SLES/product/repo/SLES-SAP-16.0-aarch64/repodata/repomd.xml
2026-01-15 14:32:23 INFO     Submission skipped: RepoHash metadata not found at http://download.suse.de/ibs/SUSE:/SLFO:/1.2:/PullRequest:/1357:/SLES/product/repo/SLES-SAP-16.0-s390x/repodata/repomd.xml
2026-01-15 14:32:24 INFO     Submission skipped: RepoHash metadata not found at http://download.suse.de/ibs/SUSE:/SLFO:/1.2:/PullRequest:/1357:/SL-Micro/product/repo/SLES-SAP-16.0-ppc64le/repodata/repomd.xml
2026-01-15 14:32:24 INFO     Submission skipped: RepoHash metadata not found at http://download.suse.de/ibs/SUSE:/SLFO:/1.2:/PullRequest:/1376:/SL-Micro/product/repo/SLES-SAP-16.0-s390x/repodata/repomd.xml
2026-01-15 14:32:24 INFO     Submission skipped: RepoHash metadata not found at http://download.suse.de/ibs/SUSE:/SLFO:/1.2:/PullRequest:/1376:/SL-Micro/product/repo/SLES-SAP-16.0-ppc64le/repodata/repomd.xml
2026-01-15 14:32:24 INFO     Submission skipped: RepoHash metadata not found at http://download.suse.de/ibs/SUSE:/SLFO:/1.2:/PullRequest:/1376:/SL-Micro/product/repo/SLES-SAP-16.0-x86_64/repodata/repomd.xml
2026-01-15 14:32:24 INFO     Submission skipped: RepoHash metadata not found at http://download.suse.de/ibs/SUSE:/SLFO:/1.2:/PullRequest:/1376:/SL-Micro/product/repo/SLES-SAP-16.0-aarch64/repodata/repomd.xml
2026-01-15 14:32:24 INFO     Submission skipped: RepoHash metadata not found at http://download.suse.de/ibs/SUSE:/SLFO:/1.2:/PullRequest:/1376:/SLES/product/repo/SLES-SAP-16.0-aarch64/repodata/repomd.xml
2026-01-15 14:32:24 INFO     Submission skipped: RepoHash metadata not found at http://download.suse.de/ibs/SUSE:/SLFO:/1.2:/PullRequest:/1376:/SLES/product/repo/SLES-SAP-16.0-s390x/repodata/repomd.xml
2026-01-15 14:32:24 INFO     Submission skipped: RepoHash metadata not found at http://download.suse.de/ibs/SUSE:/SLFO:/1.2:/PullRequest:/1380:/SLES/product/repo/SLES-SAP-16.0-s390x/repodata/repomd.xml
2026-01-15 14:32:24 INFO     Submission skipped: RepoHash metadata not found at http://download.suse.de/ibs/SUSE:/SLFO:/1.2:/PullRequest:/1380:/SL-Micro/product/repo/SLES-SAP-16.0-s390x/repodata/repomd.xml
2026-01-15 14:32:24 INFO     Submission skipped: RepoHash metadata not found at http://download.suse.de/ibs/SUSE:/SLFO:/1.2:/PullRequest:/1380:/SL-Micro/product/repo/SLES-SAP-16.0-aarch64/repodata/repomd.xml
2026-01-15 14:32:24 INFO     Submission skipped: RepoHash metadata not found at http://download.suse.de/ibs/SUSE:/SLFO:/1.2:/PullRequest:/1380:/SL-Micro/product/repo/SLES-SAP-16.0-x86_64/repodata/repomd.xml
2026-01-15 14:32:24 INFO     Submission skipped: RepoHash metadata not found at http://download.suse.de/ibs/SUSE:/SLFO:/1.2:/PullRequest:/1380:/SL-Micro/product/repo/SLES-SAP-16.0-ppc64le/repodata/repomd.xml
2026-01-15 14:32:24 INFO     Submission skipped: RepoHash metadata not found at http://download.suse.de/ibs/SUSE:/SLFO:/1.2:/PullRequest:/1380:/SLES/product/repo/SLES-SAP-16.0-aarch64/repodata/repomd.xml
2026-01-15 14:32:24 INFO     Submission skipped: RepoHash metadata not found at http://download.suse.de/ibs/SUSE:/SLFO:/1.2:/PullRequest:/1381:/SLES/product/repo/SLES-SAP-16.0-aarch64/repodata/repomd.xml
2026-01-15 14:32:24 INFO     Submission skipped: RepoHash metadata not found at http://download.suse.de/ibs/SUSE:/SLFO:/1.2:/PullRequest:/1381:/SLES/product/repo/SLES-SAP-16.0-s390x/repodata/repomd.xml
2026-01-15 14:32:24 INFO     Submission skipped: RepoHash metadata not found at http://download.suse.de/ibs/SUSE:/SLFO:/1.2:/PullRequest:/1381:/SL-Micro/product/repo/SLES-SAP-16.0-s390x/repodata/repomd.xml
2026-01-15 14:32:24 INFO     Submission skipped: RepoHash metadata not found at http://download.suse.de/ibs/SUSE:/SLFO:/1.2:/PullRequest:/1381:/SL-Micro/product/repo/SLES-SAP-16.0-ppc64le/repodata/repomd.xml
2026-01-15 14:32:24 INFO     Submission skipped: RepoHash metadata not found at http://download.suse.de/ibs/SUSE:/SLFO:/1.2:/PullRequest:/1381:/SL-Micro/product/repo/SLES-SAP-16.0-x86_64/repodata/repomd.xml
2026-01-15 14:32:24 INFO     Submission skipped: RepoHash metadata not found at http://download.suse.de/ibs/SUSE:/SLFO:/1.2:/PullRequest:/1381:/SL-Micro/product/repo/SLES-SAP-16.0-aarch64/repodata/repomd.xml
2026-01-15 14:32:24 INFO     Submission skipped: RepoHash metadata not found at http://download.suse.de/ibs/SUSE:/SLFO:/1.2:/PullRequest:/1382:/SLES/product/repo/SLES-SAP-16.0-aarch64/repodata/repomd.xml
2026-01-15 14:32:24 INFO     Submission skipped: RepoHash metadata not found at http://download.suse.de/ibs/SUSE:/SLFO:/1.2:/PullRequest:/1382:/SL-Micro/product/repo/SLES-SAP-16.0-s390x/repodata/repomd.xml
2026-01-15 14:32:24 INFO     Submission skipped: RepoHash metadata not found at http://download.suse.de/ibs/SUSE:/SLFO:/1.2:/PullRequest:/1382:/SL-Micro/product/repo/SLES-SAP-16.0-ppc64le/repodata/repomd.xml
2026-01-15 14:32:24 INFO     Submission skipped: RepoHash metadata not found at http://download.suse.de/ibs/SUSE:/SLFO:/1.2:/PullRequest:/1382:/SLES/product/repo/SLES-SAP-16.0-s390x/repodata/repomd.xml
2026-01-15 14:32:24 INFO     Submission skipped: RepoHash metadata not found at http://download.suse.de/ibs/SUSE:/SLFO:/1.2:/PullRequest:/1382:/SL-Micro/product/repo/SLES-SAP-16.0-aarch64/repodata/repomd.xml
2026-01-15 14:32:24 INFO     Submission skipped: RepoHash metadata not found at http://download.suse.de/ibs/SUSE:/SLFO:/1.2:/PullRequest:/1382:/SL-Micro/product/repo/SLES-SAP-16.0-x86_64/repodata/repomd.xml
2026-01-15 14:32:24 INFO     Submission skipped: RepoHash metadata not found at http://download.suse.de/ibs/SUSE:/SLFO:/1.2:/PullRequest:/1383:/SL-Micro/product/repo/SLES-SAP-16.0-s390x/repodata/repomd.xml
2026-01-15 14:32:24 INFO     Submission skipped: RepoHash metadata not found at http://download.suse.de/ibs/SUSE:/SLFO:/1.2:/PullRequest:/1383:/SL-Micro/product/repo/SLES-SAP-16.0-x86_64/repodata/repomd.xml
2026-01-15 14:32:24 INFO     Submission skipped: RepoHash metadata not found at http://download.suse.de/ibs/SUSE:/SLFO:/1.2:/PullRequest:/1383:/SL-Micro/product/repo/SLES-SAP-16.0-aarch64/repodata/repomd.xml
2026-01-15 14:32:24 INFO     Submission skipped: RepoHash metadata not found at http://download.suse.de/ibs/SUSE:/SLFO:/1.2:/PullRequest:/1383:/SLES/product/repo/SLES-SAP-16.0-aarch64/repodata/repomd.xml
2026-01-15 14:32:24 INFO     Submission skipped: RepoHash metadata not found at http://download.suse.de/ibs/SUSE:/SLFO:/1.2:/PullRequest:/1383:/SLES/product/repo/SLES-SAP-16.0-s390x/repodata/repomd.xml
2026-01-15 14:32:24 INFO     Submission skipped: RepoHash metadata not found at http://download.suse.de/ibs/SUSE:/SLFO:/1.2:/PullRequest:/1383:/SL-Micro/product/repo/SLES-SAP-16.0-ppc64le/repodata/repomd.xml
2026-01-15 14:32:24 INFO     Submission skipped: RepoHash metadata not found at http://download.suse.de/ibs/SUSE:/SLFO:/1.2:/PullRequest:/1384:/SLES/product/repo/SLES-SAP-16.0-s390x/repodata/repomd.xml
2026-01-15 14:32:24 INFO     Submission skipped: RepoHash metadata not found at http://download.suse.de/ibs/SUSE:/SLFO:/1.2:/PullRequest:/1384:/SLES/product/repo/SLES-SAP-16.0-aarch64/repodata/repomd.xml
2026-01-15 14:32:24 INFO     Submission skipped: RepoHash metadata not found at http://download.suse.de/ibs/SUSE:/SLFO:/1.2:/PullRequest:/1384:/SL-Micro/product/repo/SLES-SAP-16.0-ppc64le/repodata/repomd.xml
2026-01-15 14:32:24 INFO     Submission skipped: RepoHash metadata not found at http://download.suse.de/ibs/SUSE:/SLFO:/1.2:/PullRequest:/1384:/SL-Micro/product/repo/SLES-SAP-16.0-s390x/repodata/repomd.xml
2026-01-15 14:32:24 INFO     Submission skipped: RepoHash metadata not found at http://download.suse.de/ibs/SUSE:/SLFO:/1.2:/PullRequest:/1384:/SL-Micro/product/repo/SLES-SAP-16.0-x86_64/repodata/repomd.xml
2026-01-15 14:32:24 INFO     Submission skipped: RepoHash metadata not found at http://download.suse.de/ibs/SUSE:/SLFO:/1.2:/PullRequest:/1384:/SL-Micro/product/repo/SLES-SAP-16.0-aarch64/repodata/repomd.xml
2026-01-15 14:32:24 INFO     Submission skipped: RepoHash metadata not found at http://download.suse.de/ibs/SUSE:/SLFO:/1.2:/PullRequest:/1385:/SL-Micro/product/repo/SLES-SAP-16.0-s390x/repodata/repomd.xml
2026-01-15 14:32:24 INFO     Submission skipped: RepoHash metadata not found at http://download.suse.de/ibs/SUSE:/SLFO:/1.2:/PullRequest:/1385:/SL-Micro/product/repo/SLES-SAP-16.0-ppc64le/repodata/repomd.xml
2026-01-15 14:32:24 INFO     Submission skipped: RepoHash metadata not found at http://download.suse.de/ibs/SUSE:/SLFO:/1.2:/PullRequest:/1385:/SL-Micro/product/repo/SLES-SAP-16.0-aarch64/repodata/repomd.xml
2026-01-15 14:32:24 INFO     Submission skipped: RepoHash metadata not found at http://download.suse.de/ibs/SUSE:/SLFO:/1.2:/PullRequest:/1385:/SL-Micro/product/repo/SLES-SAP-16.0-x86_64/repodata/repomd.xml
2026-01-15 14:32:24 INFO     Submission skipped: RepoHash metadata not found at http://download.suse.de/ibs/SUSE:/SLFO:/1.2:/PullRequest:/1385:/SLES/product/repo/SLES-SAP-16.0-s390x/repodata/repomd.xml
2026-01-15 14:32:24 INFO     Submission skipped: RepoHash metadata not found at http://download.suse.de/ibs/SUSE:/SLFO:/1.2:/PullRequest:/1385:/SLES/product/repo/SLES-SAP-16.0-aarch64/repodata/repomd.xml
2026-01-15 14:32:24 INFO     Submission skipped: RepoHash metadata not found at http://download.suse.de/ibs/SUSE:/SLFO:/1.2:/PullRequest:/1387:/SL-Micro/product/repo/SLES-SAP-16.0-s390x/repodata/repomd.xml
2026-01-15 14:32:24 INFO     Submission skipped: RepoHash metadata not found at http://download.suse.de/ibs/SUSE:/SLFO:/1.2:/PullRequest:/1387:/SLES/product/repo/SLES-SAP-16.0-s390x/repodata/repomd.xml
2026-01-15 14:32:24 INFO     Submission skipped: RepoHash metadata not found at http://download.suse.de/ibs/SUSE:/SLFO:/1.2:/PullRequest:/1387:/SL-Micro/product/repo/SLES-SAP-16.0-aarch64/repodata/repomd.xml
2026-01-15 14:32:24 INFO     Submission skipped: RepoHash metadata not found at http://download.suse.de/ibs/SUSE:/SLFO:/1.2:/PullRequest:/1387:/SL-Micro/product/repo/SLES-SAP-16.0-x86_64/repodata/repomd.xml
2026-01-15 14:32:24 INFO     Submission skipped: RepoHash metadata not found at http://download.suse.de/ibs/SUSE:/SLFO:/1.2:/PullRequest:/1387:/SL-Micro/product/repo/SLES-SAP-16.0-ppc64le/repodata/repomd.xml
2026-01-15 14:32:24 INFO     Submission skipped: RepoHash metadata not found at http://download.suse.de/ibs/SUSE:/SLFO:/1.2:/PullRequest:/1387:/SLES/product/repo/SLES-SAP-16.0-aarch64/repodata/repomd.xml
2026-01-15 14:32:24 INFO     Submission skipped: RepoHash metadata not found at http://download.suse.de/ibs/SUSE:/SLFO:/1.2:/PullRequest:/1390:/SL-Micro/product/repo/SLES-SAP-16.0-x86_64/repodata/repomd.xml
2026-01-15 14:32:24 INFO     Submission skipped: RepoHash metadata not found at http://download.suse.de/ibs/SUSE:/SLFO:/1.2:/PullRequest:/1390:/SL-Micro/product/repo/SLES-SAP-16.0-aarch64/repodata/repomd.xml
2026-01-15 14:32:24 INFO     Submission skipped: RepoHash metadata not found at http://download.suse.de/ibs/SUSE:/SLFO:/1.2:/PullRequest:/1390:/SL-Micro/product/repo/SLES-SAP-16.0-ppc64le/repodata/repomd.xml
2026-01-15 14:32:24 INFO     Submission skipped: RepoHash metadata not found at http://download.suse.de/ibs/SUSE:/SLFO:/1.2:/PullRequest:/1390:/SL-Micro/product/repo/SLES-SAP-16.0-s390x/repodata/repomd.xml
2026-01-15 14:32:24 INFO     Submission skipped: RepoHash metadata not found at http://download.suse.de/ibs/SUSE:/SLFO:/1.2:/PullRequest:/1390:/SLES/product/repo/SLES-SAP-16.0-s390x/repodata/repomd.xml
2026-01-15 14:32:24 INFO     Submission skipped: RepoHash metadata not found at http://download.suse.de/ibs/SUSE:/SLFO:/1.2:/PullRequest:/1390:/SLES/product/repo/SLES-SAP-16.0-aarch64/repodata/repomd.xml
2026-01-15 14:32:24 INFO     Submission skipped: RepoHash metadata not found at http://download.suse.de/ibs/SUSE:/SLFO:/1.2:/PullRequest:/1391:/SL-Micro/product/repo/SLES-SAP-16.0-x86_64/repodata/repomd.xml
2026-01-15 14:32:24 INFO     Submission skipped: RepoHash metadata not found at http://download.suse.de/ibs/SUSE:/SLFO:/1.2:/PullRequest:/1391:/SL-Micro/product/repo/SLES-SAP-16.0-aarch64/repodata/repomd.xml
2026-01-15 14:32:24 INFO     Submission skipped: RepoHash metadata not found at http://download.suse.de/ibs/SUSE:/SLFO:/1.2:/PullRequest:/1391:/SL-Micro/product/repo/SLES-SAP-16.0-s390x/repodata/repomd.xml
2026-01-15 14:32:24 INFO     Submission skipped: RepoHash metadata not found at http://download.suse.de/ibs/SUSE:/SLFO:/1.2:/PullRequest:/1391:/SL-Micro/product/repo/SLES-SAP-16.0-ppc64le/repodata/repomd.xml
2026-01-15 14:32:24 INFO     Submission skipped: RepoHash metadata not found at http://download.suse.de/ibs/SUSE:/SLFO:/1.2:/PullRequest:/1391:/SLES/product/repo/SLES-SAP-16.0-aarch64/repodata/repomd.xml
2026-01-15 14:32:24 INFO     Submission skipped: RepoHash metadata not found at http://download.suse.de/ibs/SUSE:/SLFO:/1.2:/PullRequest:/1391:/SLES/product/repo/SLES-SAP-16.0-s390x/repodata/repomd.xml
2026-01-15 14:32:24 INFO     Submission skipped: RepoHash metadata not found at http://download.suse.de/ibs/SUSE:/SLFO:/1.2:/PullRequest:/1410:/SL-Micro/product/repo/SLES-SAP-16.0-aarch64/repodata/repomd.xml
2026-01-15 14:32:24 INFO     Submission skipped: RepoHash metadata not found at http://download.suse.de/ibs/SUSE:/SLFO:/1.2:/PullRequest:/1410:/SL-Micro/product/repo/SLES-SAP-16.0-ppc64le/repodata/repomd.xml
2026-01-15 14:32:24 INFO     Submission skipped: RepoHash metadata not found at http://download.suse.de/ibs/SUSE:/SLFO:/1.2:/PullRequest:/1410:/SL-Micro/product/repo/SLES-SAP-16.0-s390x/repodata/repomd.xml
2026-01-15 14:32:24 INFO     Submission skipped: RepoHash metadata not found at http://download.suse.de/ibs/SUSE:/SLFO:/1.2:/PullRequest:/1410:/SL-Micro/product/repo/SLES-SAP-16.0-x86_64/repodata/repomd.xml
2026-01-15 14:32:24 INFO     Submission skipped: RepoHash metadata not found at http://download.suse.de/ibs/SUSE:/SLFO:/1.2:/PullRequest:/1410:/SLES/product/repo/SLES-SAP-16.0-s390x/repodata/repomd.xml
2026-01-15 14:32:24 INFO     Submission skipped: RepoHash metadata not found at http://download.suse.de/ibs/SUSE:/SLFO:/1.2:/PullRequest:/1410:/SLES/product/repo/SLES-SAP-16.0-aarch64/repodata/repomd.xml
2026-01-15 14:32:24 INFO     Submission skipped: RepoHash metadata not found at http://download.suse.de/ibs/SUSE:/SLFO:/1.2:/PullRequest:/1417:/SLES/product/repo/SLES-SAP-16.0-s390x/repodata/repomd.xml
2026-01-15 14:32:24 INFO     Submission skipped: RepoHash metadata not found at http://download.suse.de/ibs/SUSE:/SLFO:/1.2:/PullRequest:/1417:/SLES/product/repo/SLES-SAP-16.0-aarch64/repodata/repomd.xml
2026-01-15 14:32:24 INFO     Submission skipped: RepoHash metadata not found at http://download.suse.de/ibs/SUSE:/SLFO:/1.2:/PullRequest:/1417:/SL-Micro/product/repo/SLES-SAP-16.0-s390x/repodata/repomd.xml
2026-01-15 14:32:24 INFO     Submission skipped: RepoHash metadata not found at http://download.suse.de/ibs/SUSE:/SLFO:/1.2:/PullRequest:/1417:/SL-Micro/product/repo/SLES-SAP-16.0-x86_64/repodata/repomd.xml
2026-01-15 14:32:24 INFO     Submission skipped: RepoHash metadata not found at http://download.suse.de/ibs/SUSE:/SLFO:/1.2:/PullRequest:/1417:/SL-Micro/product/repo/SLES-SAP-16.0-ppc64le/repodata/repomd.xml
2026-01-15 14:32:24 INFO     Submission skipped: RepoHash metadata not found at http://download.suse.de/ibs/SUSE:/SLFO:/1.2:/PullRequest:/1417:/SL-Micro/product/repo/SLES-SAP-16.0-aarch64/repodata/repomd.xml
2026-01-15 14:32:24 INFO     Submission skipped: RepoHash metadata not found at http://download.suse.de/ibs/SUSE:/SLFO:/1.2:/PullRequest:/1427:/SLES/product/repo/SLES-SAP-16.0-s390x/repodata/repomd.xml
2026-01-15 14:32:24 INFO     Submission skipped: RepoHash metadata not found at http://download.suse.de/ibs/SUSE:/SLFO:/1.2:/PullRequest:/1427:/SLES/product/repo/SLES-SAP-16.0-aarch64/repodata/repomd.xml
2026-01-15 14:32:24 INFO     Submission skipped: RepoHash metadata not found at http://download.suse.de/ibs/SUSE:/SLFO:/1.2:/PullRequest:/1427:/SL-Micro/product/repo/SLES-SAP-16.0-ppc64le/repodata/repomd.xml
2026-01-15 14:32:24 INFO     Submission skipped: RepoHash metadata not found at http://download.suse.de/ibs/SUSE:/SLFO:/1.2:/PullRequest:/1427:/SL-Micro/product/repo/SLES-SAP-16.0-x86_64/repodata/repomd.xml
2026-01-15 14:32:24 INFO     Submission skipped: RepoHash metadata not found at http://download.suse.de/ibs/SUSE:/SLFO:/1.2:/PullRequest:/1427:/SL-Micro/product/repo/SLES-SAP-16.0-aarch64/repodata/repomd.xml
2026-01-15 14:32:24 INFO     Submission skipped: RepoHash metadata not found at http://download.suse.de/ibs/SUSE:/SLFO:/1.2:/PullRequest:/1427:/SL-Micro/product/repo/SLES-SAP-16.0-s390x/repodata/repomd.xml
2026-01-15 14:32:24 INFO     Submission skipped: RepoHash metadata not found at http://download.suse.de/ibs/SUSE:/SLFO:/1.2:/PullRequest:/1432:/SL-Micro/product/repo/SLES-SAP-16.0-aarch64/repodata/repomd.xml
2026-01-15 14:32:24 INFO     Submission skipped: RepoHash metadata not found at http://download.suse.de/ibs/SUSE:/SLFO:/1.2:/PullRequest:/1432:/SL-Micro/product/repo/SLES-SAP-16.0-ppc64le/repodata/repomd.xml
2026-01-15 14:32:24 INFO     Submission skipped: RepoHash metadata not found at http://download.suse.de/ibs/SUSE:/SLFO:/1.2:/PullRequest:/1432:/SL-Micro/product/repo/SLES-SAP-16.0-x86_64/repodata/repomd.xml
2026-01-15 14:32:24 INFO     Submission skipped: RepoHash metadata not found at http://download.suse.de/ibs/SUSE:/SLFO:/1.2:/PullRequest:/1432:/SLES/product/repo/SLES-SAP-16.0-aarch64/repodata/repomd.xml
2026-01-15 14:32:24 INFO     Submission skipped: RepoHash metadata not found at http://download.suse.de/ibs/SUSE:/SLFO:/1.2:/PullRequest:/1432:/SLES/product/repo/SLES-SAP-16.0-s390x/repodata/repomd.xml
2026-01-15 14:32:24 INFO     Submission skipped: RepoHash metadata not found at http://download.suse.de/ibs/SUSE:/SLFO:/1.2:/PullRequest:/1432:/SL-Micro/product/repo/SLES-SAP-16.0-s390x/repodata/repomd.xml
2026-01-15 14:32:24 INFO     Submission skipped: RepoHash metadata not found at http://download.suse.de/ibs/SUSE:/SLFO:/1.2:/PullRequest:/1433:/SL-Micro/product/repo/SLES-SAP-16.0-ppc64le/repodata/repomd.xml
2026-01-15 14:32:24 INFO     Submission skipped: RepoHash metadata not found at http://download.suse.de/ibs/SUSE:/SLFO:/1.2:/PullRequest:/1433:/SL-Micro/product/repo/SLES-SAP-16.0-x86_64/repodata/repomd.xml
2026-01-15 14:32:24 INFO     Submission skipped: RepoHash metadata not found at http://download.suse.de/ibs/SUSE:/SLFO:/1.2:/PullRequest:/1433:/SLES/product/repo/SLES-SAP-16.0-aarch64/repodata/repomd.xml
2026-01-15 14:32:24 INFO     Submission skipped: RepoHash metadata not found at http://download.suse.de/ibs/SUSE:/SLFO:/1.2:/PullRequest:/1433:/SL-Micro/product/repo/SLES-SAP-16.0-aarch64/repodata/repomd.xml
2026-01-15 14:32:24 INFO     Submission skipped: RepoHash metadata not found at http://download.suse.de/ibs/SUSE:/SLFO:/1.2:/PullRequest:/1433:/SL-Micro/product/repo/SLES-SAP-16.0-s390x/repodata/repomd.xml
2026-01-15 14:32:24 INFO     Submission skipped: RepoHash metadata not found at http://download.suse.de/ibs/SUSE:/SLFO:/1.2:/PullRequest:/1433:/SLES/product/repo/SLES-SAP-16.0-s390x/repodata/repomd.xml
2026-01-15 14:32:24 INFO     Submission skipped: RepoHash metadata not found at http://download.suse.de/ibs/SUSE:/SLFO:/1.2:/PullRequest:/1434:/SLES/product/repo/SLES-SAP-16.0-s390x/repodata/repomd.xml
2026-01-15 14:32:24 INFO     Submission skipped: RepoHash metadata not found at http://download.suse.de/ibs/SUSE:/SLFO:/1.2:/PullRequest:/1434:/SL-Micro/product/repo/SLES-SAP-16.0-s390x/repodata/repomd.xml
2026-01-15 14:32:24 INFO     Submission skipped: RepoHash metadata not found at http://download.suse.de/ibs/SUSE:/SLFO:/1.2:/PullRequest:/1434:/SL-Micro/product/repo/SLES-SAP-16.0-ppc64le/repodata/repomd.xml
2026-01-15 14:32:24 INFO     Submission skipped: RepoHash metadata not found at http://download.suse.de/ibs/SUSE:/SLFO:/1.2:/PullRequest:/1434:/SL-Micro/product/repo/SLES-SAP-16.0-aarch64/repodata/repomd.xml
2026-01-15 14:32:24 INFO     Submission skipped: RepoHash metadata not found at http://download.suse.de/ibs/SUSE:/SLFO:/1.2:/PullRequest:/1434:/SLES/product/repo/SLES-SAP-16.0-aarch64/repodata/repomd.xml
2026-01-15 14:32:24 INFO     Submission skipped: RepoHash metadata not found at http://download.suse.de/ibs/SUSE:/SLFO:/1.2:/PullRequest:/1434:/SL-Micro/product/repo/SLES-SAP-16.0-x86_64/repodata/repomd.xml
2026-01-15 14:32:24 INFO     Submission skipped: RepoHash metadata not found at http://download.suse.de/ibs/SUSE:/SLFO:/1.2:/PullRequest:/1435:/SL-Micro/product/repo/SLES-SAP-16.0-s390x/repodata/repomd.xml
2026-01-15 14:32:24 INFO     Submission skipped: RepoHash metadata not found at http://download.suse.de/ibs/SUSE:/SLFO:/1.2:/PullRequest:/1435:/SL-Micro/product/repo/SLES-SAP-16.0-ppc64le/repodata/repomd.xml
2026-01-15 14:32:24 INFO     Submission skipped: RepoHash metadata not found at http://download.suse.de/ibs/SUSE:/SLFO:/1.2:/PullRequest:/1435:/SL-Micro/product/repo/SLES-SAP-16.0-aarch64/repodata/repomd.xml
2026-01-15 14:32:24 INFO     Submission skipped: RepoHash metadata not found at http://download.suse.de/ibs/SUSE:/SLFO:/1.2:/PullRequest:/1435:/SL-Micro/product/repo/SLES-SAP-16.0-x86_64/repodata/repomd.xml
2026-01-15 14:32:24 INFO     Submission skipped: RepoHash metadata not found at http://download.suse.de/ibs/SUSE:/SLFO:/1.2:/PullRequest:/1435:/SLES/product/repo/SLES-SAP-16.0-aarch64/repodata/repomd.xml
2026-01-15 14:32:24 INFO     Submission skipped: RepoHash metadata not found at http://download.suse.de/ibs/SUSE:/SLFO:/1.2:/PullRequest:/1435:/SLES/product/repo/SLES-SAP-16.0-s390x/repodata/repomd.xml
2026-01-15 14:32:24 INFO     Submission skipped: RepoHash metadata not found at http://download.suse.de/ibs/SUSE:/SLFO:/1.2:/PullRequest:/1438:/SL-Micro/product/repo/SLES-SAP-16.0-ppc64le/repodata/repomd.xml
2026-01-15 14:32:24 INFO     Submission skipped: RepoHash metadata not found at http://download.suse.de/ibs/SUSE:/SLFO:/1.2:/PullRequest:/1438:/SL-Micro/product/repo/SLES-SAP-16.0-s390x/repodata/repomd.xml
2026-01-15 14:32:24 INFO     Submission skipped: RepoHash metadata not found at http://download.suse.de/ibs/SUSE:/SLFO:/1.2:/PullRequest:/1438:/SL-Micro/product/repo/SLES-SAP-16.0-aarch64/repodata/repomd.xml
2026-01-15 14:32:24 INFO     Submission skipped: RepoHash metadata not found at http://download.suse.de/ibs/SUSE:/SLFO:/1.2:/PullRequest:/1438:/SLES/product/repo/SLES-SAP-16.0-aarch64/repodata/repomd.xml
2026-01-15 14:32:24 INFO     Submission skipped: RepoHash metadata not found at http://download.suse.de/ibs/SUSE:/SLFO:/1.2:/PullRequest:/1438:/SLES/product/repo/SLES-SAP-16.0-s390x/repodata/repomd.xml
2026-01-15 14:32:24 INFO     Submission skipped: RepoHash metadata not found at http://download.suse.de/ibs/SUSE:/SLFO:/1.2:/PullRequest:/1438:/SL-Micro/product/repo/SLES-SAP-16.0-x86_64/repodata/repomd.xml
2026-01-15 14:32:24 INFO     Submission skipped: RepoHash metadata not found at http://download.suse.de/ibs/SUSE:/SLFO:/1.2:/PullRequest:/1444:/SL-Micro/product/repo/SLES-SAP-16.0-s390x/repodata/repomd.xml
2026-01-15 14:32:24 INFO     Submission skipped: RepoHash metadata not found at http://download.suse.de/ibs/SUSE:/SLFO:/1.2:/PullRequest:/1444:/SLES/product/repo/SLES-SAP-16.0-s390x/repodata/repomd.xml
2026-01-15 14:32:24 INFO     Submission skipped: RepoHash metadata not found at http://download.suse.de/ibs/SUSE:/SLFO:/1.2:/PullRequest:/1444:/SL-Micro/product/repo/SLES-SAP-16.0-ppc64le/repodata/repomd.xml
2026-01-15 14:32:24 INFO     Submission skipped: RepoHash metadata not found at http://download.suse.de/ibs/SUSE:/SLFO:/1.2:/PullRequest:/1444:/SL-Micro/product/repo/SLES-SAP-16.0-x86_64/repodata/repomd.xml
2026-01-15 14:32:24 INFO     Submission skipped: RepoHash metadata not found at http://download.suse.de/ibs/SUSE:/SLFO:/1.2:/PullRequest:/1444:/SL-Micro/product/repo/SLES-SAP-16.0-aarch64/repodata/repomd.xml
2026-01-15 14:32:24 INFO     Submission skipped: RepoHash metadata not found at http://download.suse.de/ibs/SUSE:/SLFO:/1.2:/PullRequest:/1444:/SLES/product/repo/SLES-SAP-16.0-aarch64/repodata/repomd.xml
2026-01-15 14:32:24 INFO     Submission skipped: RepoHash metadata not found at http://download.suse.de/ibs/SUSE:/SLFO:/1.2:/PullRequest:/1445:/SL-Micro/product/repo/SLES-SAP-16.0-ppc64le/repodata/repomd.xml
2026-01-15 14:32:24 INFO     Submission skipped: RepoHash metadata not found at http://download.suse.de/ibs/SUSE:/SLFO:/1.2:/PullRequest:/1445:/SL-Micro/product/repo/SLES-SAP-16.0-s390x/repodata/repomd.xml
2026-01-15 14:32:24 INFO     Submission skipped: RepoHash metadata not found at http://download.suse.de/ibs/SUSE:/SLFO:/1.2:/PullRequest:/1445:/SL-Micro/product/repo/SLES-SAP-16.0-aarch64/repodata/repomd.xml
2026-01-15 14:32:24 INFO     Submission skipped: RepoHash metadata not found at http://download.suse.de/ibs/SUSE:/SLFO:/1.2:/PullRequest:/1445:/SLES/product/repo/SLES-SAP-16.0-s390x/repodata/repomd.xml
2026-01-15 14:32:24 INFO     Submission skipped: RepoHash metadata not found at http://download.suse.de/ibs/SUSE:/SLFO:/1.2:/PullRequest:/1445:/SLES/product/repo/SLES-SAP-16.0-aarch64/repodata/repomd.xml
2026-01-15 14:32:24 INFO     Submission skipped: RepoHash metadata not found at http://download.suse.de/ibs/SUSE:/SLFO:/1.2:/PullRequest:/1445:/SL-Micro/product/repo/SLES-SAP-16.0-x86_64/repodata/repomd.xml
2026-01-15 14:32:24 INFO     Submission skipped: RepoHash metadata not found at http://download.suse.de/ibs/SUSE:/SLFO:/1.2:/PullRequest:/1453:/SL-Micro/product/repo/SLES-SAP-16.0-s390x/repodata/repomd.xml
2026-01-15 14:32:24 INFO     Submission skipped: RepoHash metadata not found at http://download.suse.de/ibs/SUSE:/SLFO:/1.2:/PullRequest:/1453:/SLES/product/repo/SLES-SAP-16.0-aarch64/repodata/repomd.xml
2026-01-15 14:32:24 INFO     Submission skipped: RepoHash metadata not found at http://download.suse.de/ibs/SUSE:/SLFO:/1.2:/PullRequest:/1453:/SLES/product/repo/SLES-SAP-16.0-s390x/repodata/repomd.xml
2026-01-15 14:32:24 INFO     Submission skipped: RepoHash metadata not found at http://download.suse.de/ibs/SUSE:/SLFO:/1.2:/PullRequest:/1453:/SL-Micro/product/repo/SLES-SAP-16.0-x86_64/repodata/repomd.xml
2026-01-15 14:32:24 INFO     Submission skipped: RepoHash metadata not found at http://download.suse.de/ibs/SUSE:/SLFO:/1.2:/PullRequest:/1453:/SL-Micro/product/repo/SLES-SAP-16.0-aarch64/repodata/repomd.xml
2026-01-15 14:32:24 INFO     Submission skipped: RepoHash metadata not found at http://download.suse.de/ibs/SUSE:/SLFO:/1.2:/PullRequest:/1453:/SL-Micro/product/repo/SLES-SAP-16.0-ppc64le/repodata/repomd.xml
2026-01-15 14:32:24 INFO     Submission skipped: RepoHash metadata not found at http://download.suse.de/ibs/SUSE:/SLFO:/1.2:/PullRequest:/1454:/SLES/product/repo/SLES-SAP-16.0-s390x/repodata/repomd.xml
2026-01-15 14:32:24 INFO     Submission skipped: RepoHash metadata not found at http://download.suse.de/ibs/SUSE:/SLFO:/1.2:/PullRequest:/1454:/SL-Micro/product/repo/SLES-SAP-16.0-s390x/repodata/repomd.xml
2026-01-15 14:32:24 INFO     Submission skipped: RepoHash metadata not found at http://download.suse.de/ibs/SUSE:/SLFO:/1.2:/PullRequest:/1454:/SL-Micro/product/repo/SLES-SAP-16.0-aarch64/repodata/repomd.xml
2026-01-15 14:32:24 INFO     Submission skipped: RepoHash metadata not found at http://download.suse.de/ibs/SUSE:/SLFO:/1.2:/PullRequest:/1454:/SL-Micro/product/repo/SLES-SAP-16.0-ppc64le/repodata/repomd.xml
2026-01-15 14:32:24 INFO     Submission skipped: RepoHash metadata not found at http://download.suse.de/ibs/SUSE:/SLFO:/1.2:/PullRequest:/1454:/SL-Micro/product/repo/SLES-SAP-16.0-x86_64/repodata/repomd.xml
2026-01-15 14:32:24 INFO     Submission skipped: RepoHash metadata not found at http://download.suse.de/ibs/SUSE:/SLFO:/1.2:/PullRequest:/1454:/SLES/product/repo/SLES-SAP-16.0-aarch64/repodata/repomd.xml
2026-01-15 14:32:24 INFO     Submission skipped: RepoHash metadata not found at http://download.suse.de/ibs/SUSE:/SLFO:/1.2:/PullRequest:/1459:/SL-Micro/product/repo/SLES-SAP-16.0-s390x/repodata/repomd.xml
2026-01-15 14:32:24 INFO     Submission skipped: RepoHash metadata not found at http://download.suse.de/ibs/SUSE:/SLFO:/1.2:/PullRequest:/1459:/SLES/product/repo/SLES-SAP-16.0-s390x/repodata/repomd.xml
2026-01-15 14:32:24 INFO     Submission skipped: RepoHash metadata not found at http://download.suse.de/ibs/SUSE:/SLFO:/1.2:/PullRequest:/1459:/SL-Micro/product/repo/SLES-SAP-16.0-ppc64le/repodata/repomd.xml
2026-01-15 14:32:24 INFO     Submission skipped: RepoHash metadata not found at http://download.suse.de/ibs/SUSE:/SLFO:/1.2:/PullRequest:/1459:/SL-Micro/product/repo/SLES-SAP-16.0-x86_64/repodata/repomd.xml
2026-01-15 14:32:24 INFO     Submission skipped: RepoHash metadata not found at http://download.suse.de/ibs/SUSE:/SLFO:/1.2:/PullRequest:/1459:/SL-Micro/product/repo/SLES-SAP-16.0-aarch64/repodata/repomd.xml
2026-01-15 14:32:24 INFO     Submission skipped: RepoHash metadata not found at http://download.suse.de/ibs/SUSE:/SLFO:/1.2:/PullRequest:/1459:/SLES/product/repo/SLES-SAP-16.0-aarch64/repodata/repomd.xml
2026-01-15 14:32:24 INFO     Submission skipped: RepoHash metadata not found at http://download.suse.de/ibs/SUSE:/SLFO:/1.2:/PullRequest:/1476:/SL-Micro/product/repo/SLES-SAP-16.0-s390x/repodata/repomd.xml
2026-01-15 14:32:24 INFO     Submission skipped: RepoHash metadata not found at http://download.suse.de/ibs/SUSE:/SLFO:/1.2:/PullRequest:/1476:/SLES/product/repo/SLES-SAP-16.0-aarch64/repodata/repomd.xml
2026-01-15 14:32:24 INFO     Submission skipped: RepoHash metadata not found at http://download.suse.de/ibs/SUSE:/SLFO:/1.2:/PullRequest:/1476:/SLES/product/repo/SLES-SAP-16.0-s390x/repodata/repomd.xml
2026-01-15 14:32:24 INFO     Submission skipped: RepoHash metadata not found at http://download.suse.de/ibs/SUSE:/SLFO:/1.2:/PullRequest:/1476:/SL-Micro/product/repo/SLES-SAP-16.0-x86_64/repodata/repomd.xml
2026-01-15 14:32:24 INFO     Submission skipped: RepoHash metadata not found at http://download.suse.de/ibs/SUSE:/SLFO:/1.2:/PullRequest:/1476:/SL-Micro/product/repo/SLES-SAP-16.0-ppc64le/repodata/repomd.xml
2026-01-15 14:32:24 INFO     Submission skipped: RepoHash metadata not found at http://download.suse.de/ibs/SUSE:/SLFO:/1.2:/PullRequest:/1476:/SL-Micro/product/repo/SLES-SAP-16.0-aarch64/repodata/repomd.xml
2026-01-15 14:32:24 INFO     Submission skipped: RepoHash metadata not found at http://download.suse.de/ibs/SUSE:/SLFO:/1.2:/PullRequest:/1482:/SLES/product/repo/SLES-SAP-16.0-aarch64/repodata/repomd.xml
2026-01-15 14:32:24 INFO     Submission skipped: RepoHash metadata not found at http://download.suse.de/ibs/SUSE:/SLFO:/1.2:/PullRequest:/1482:/SL-Micro/product/repo/SLES-SAP-16.0-aarch64/repodata/repomd.xml
2026-01-15 14:32:24 INFO     Submission skipped: RepoHash metadata not found at http://download.suse.de/ibs/SUSE:/SLFO:/1.2:/PullRequest:/1482:/SL-Micro/product/repo/SLES-SAP-16.0-x86_64/repodata/repomd.xml
2026-01-15 14:32:24 INFO     Submission skipped: RepoHash metadata not found at http://download.suse.de/ibs/SUSE:/SLFO:/1.2:/PullRequest:/1482:/SLES/product/repo/SLES-SAP-16.0-s390x/repodata/repomd.xml
2026-01-15 14:32:24 INFO     Submission skipped: RepoHash metadata not found at http://download.suse.de/ibs/SUSE:/SLFO:/1.2:/PullRequest:/1482:/SL-Micro/product/repo/SLES-SAP-16.0-s390x/repodata/repomd.xml
2026-01-15 14:32:24 INFO     Submission skipped: RepoHash metadata not found at http://download.suse.de/ibs/SUSE:/SLFO:/1.2:/PullRequest:/1482:/SL-Micro/product/repo/SLES-SAP-16.0-ppc64le/repodata/repomd.xml
2026-01-15 14:32:24 INFO     Submission skipped: RepoHash metadata not found at http://download.suse.de/ibs/SUSE:/SLFO:/1.2:/PullRequest:/1483:/SL-Micro/product/repo/SLES-SAP-16.0-s390x/repodata/repomd.xml
2026-01-15 14:32:24 INFO     Submission skipped: RepoHash metadata not found at http://download.suse.de/ibs/SUSE:/SLFO:/1.2:/PullRequest:/1483:/SLES/product/repo/SLES-SAP-16.0-aarch64/repodata/repomd.xml
2026-01-15 14:32:24 INFO     Submission skipped: RepoHash metadata not found at http://download.suse.de/ibs/SUSE:/SLFO:/1.2:/PullRequest:/1483:/SLES/product/repo/SLES-SAP-16.0-s390x/repodata/repomd.xml
2026-01-15 14:32:24 INFO     Submission skipped: RepoHash metadata not found at http://download.suse.de/ibs/SUSE:/SLFO:/1.2:/PullRequest:/1483:/SL-Micro/product/repo/SLES-SAP-16.0-aarch64/repodata/repomd.xml
2026-01-15 14:32:24 INFO     Submission skipped: RepoHash metadata not found at http://download.suse.de/ibs/SUSE:/SLFO:/1.2:/PullRequest:/1483:/SL-Micro/product/repo/SLES-SAP-16.0-x86_64/repodata/repomd.xml
2026-01-15 14:32:24 INFO     Submission skipped: RepoHash metadata not found at http://download.suse.de/ibs/SUSE:/SLFO:/1.2:/PullRequest:/1483:/SL-Micro/product/repo/SLES-SAP-16.0-ppc64le/repodata/repomd.xml
2026-01-15 14:32:24 INFO     Submission skipped: RepoHash metadata not found at http://download.suse.de/ibs/SUSE:/SLFO:/1.2:/PullRequest:/1486:/SLES/product/repo/SLES-SAP-16.0-aarch64/repodata/repomd.xml
2026-01-15 14:32:24 INFO     Submission skipped: RepoHash metadata not found at http://download.suse.de/ibs/SUSE:/SLFO:/1.2:/PullRequest:/1486:/SL-Micro/product/repo/SLES-SAP-16.0-aarch64/repodata/repomd.xml
2026-01-15 14:32:24 INFO     Submission skipped: RepoHash metadata not found at http://download.suse.de/ibs/SUSE:/SLFO:/1.2:/PullRequest:/1486:/SL-Micro/product/repo/SLES-SAP-16.0-x86_64/repodata/repomd.xml
2026-01-15 14:32:24 INFO     Submission skipped: RepoHash metadata not found at http://download.suse.de/ibs/SUSE:/SLFO:/1.2:/PullRequest:/1486:/SLES/product/repo/SLES-SAP-16.0-s390x/repodata/repomd.xml
2026-01-15 14:32:24 INFO     Submission skipped: RepoHash metadata not found at http://download.suse.de/ibs/SUSE:/SLFO:/1.2:/PullRequest:/1486:/SL-Micro/product/repo/SLES-SAP-16.0-s390x/repodata/repomd.xml
2026-01-15 14:32:24 INFO     Submission skipped: RepoHash metadata not found at http://download.suse.de/ibs/SUSE:/SLFO:/1.2:/PullRequest:/1486:/SL-Micro/product/repo/SLES-SAP-16.0-ppc64le/repodata/repomd.xml
2026-01-15 14:32:24 INFO     Submission skipped: RepoHash metadata not found at http://download.suse.de/ibs/SUSE:/SLFO:/1.2:/PullRequest:/1512:/SL-Micro/product/repo/SLES-SAP-16.0-ppc64le/repodata/repomd.xml
2026-01-15 14:32:24 INFO     Submission skipped: RepoHash metadata not found at http://download.suse.de/ibs/SUSE:/SLFO:/1.2:/PullRequest:/1512:/SL-Micro/product/repo/SLES-SAP-16.0-x86_64/repodata/repomd.xml
2026-01-15 14:32:24 INFO     Submission skipped: RepoHash metadata not found at http://download.suse.de/ibs/SUSE:/SLFO:/1.2:/PullRequest:/1512:/SLES/product/repo/SLES-SAP-16.0-aarch64/repodata/repomd.xml
2026-01-15 14:32:24 INFO     Submission skipped: RepoHash metadata not found at http://download.suse.de/ibs/SUSE:/SLFO:/1.2:/PullRequest:/1512:/SL-Micro/product/repo/SLES-SAP-16.0-s390x/repodata/repomd.xml
2026-01-15 14:32:24 INFO     Submission skipped: RepoHash metadata not found at http://download.suse.de/ibs/SUSE:/SLFO:/1.2:/PullRequest:/1512:/SLES/product/repo/SLES-SAP-16.0-s390x/repodata/repomd.xml
2026-01-15 14:32:24 INFO     Submission skipped: RepoHash metadata not found at http://download.suse.de/ibs/SUSE:/SLFO:/1.2:/PullRequest:/1512:/SL-Micro/product/repo/SLES-SAP-16.0-aarch64/repodata/repomd.xml
2026-01-15 14:32:24 INFO     Submission skipped: RepoHash metadata not found at http://download.suse.de/ibs/SUSE:/SLFO:/1.2:/PullRequest:/1537:/SL-Micro/product/repo/SLES-SAP-16.0-s390x/repodata/repomd.xml
2026-01-15 14:32:25 INFO     Submission skipped: RepoHash metadata not found at http://download.suse.de/ibs/SUSE:/SLFO:/1.2:/PullRequest:/1537:/SL-Micro/product/repo/SLES-SAP-16.0-aarch64/repodata/repomd.xml
2026-01-15 14:32:25 INFO     Submission skipped: RepoHash metadata not found at http://download.suse.de/ibs/SUSE:/SLFO:/1.2:/PullRequest:/1537:/SLES/product/repo/SLES-SAP-16.0-s390x/repodata/repomd.xml
2026-01-15 14:32:25 INFO     Submission skipped: RepoHash metadata not found at http://download.suse.de/ibs/SUSE:/SLFO:/1.2:/PullRequest:/1537:/SL-Micro/product/repo/SLES-SAP-16.0-ppc64le/repodata/repomd.xml
2026-01-15 14:32:25 INFO     Submission skipped: RepoHash metadata not found at http://download.suse.de/ibs/SUSE:/SLFO:/1.2:/PullRequest:/1537:/SL-Micro/product/repo/SLES-SAP-16.0-x86_64/repodata/repomd.xml
2026-01-15 14:32:25 INFO     Submission skipped: RepoHash metadata not found at http://download.suse.de/ibs/SUSE:/SLFO:/1.2:/PullRequest:/1537:/SLES/product/repo/SLES-SAP-16.0-aarch64/repodata/repomd.xml
2026-01-15 14:32:25 INFO     Submission skipped: RepoHash metadata not found at http://download.suse.de/ibs/SUSE:/SLFO:/1.2:/PullRequest:/1538:/SL-Micro/product/repo/SLES-SAP-16.0-x86_64/repodata/repomd.xml
2026-01-15 14:32:25 INFO     Submission skipped: RepoHash metadata not found at http://download.suse.de/ibs/SUSE:/SLFO:/1.2:/PullRequest:/1538:/SL-Micro/product/repo/SLES-SAP-16.0-s390x/repodata/repomd.xml
2026-01-15 14:32:25 INFO     Submission skipped: RepoHash metadata not found at http://download.suse.de/ibs/SUSE:/SLFO:/1.2:/PullRequest:/1538:/SL-Micro/product/repo/SLES-SAP-16.0-ppc64le/repodata/repomd.xml
2026-01-15 14:32:25 INFO     Submission skipped: RepoHash metadata not found at http://download.suse.de/ibs/SUSE:/SLFO:/1.2:/PullRequest:/1538:/SL-Micro/product/repo/SLES-SAP-16.0-aarch64/repodata/repomd.xml
2026-01-15 14:32:25 INFO     Submission skipped: RepoHash metadata not found at http://download.suse.de/ibs/SUSE:/SLFO:/1.2:/PullRequest:/1538:/SLES/product/repo/SLES-SAP-16.0-s390x/repodata/repomd.xml
2026-01-15 14:32:25 INFO     Submission skipped: RepoHash metadata not found at http://download.suse.de/ibs/SUSE:/SLFO:/1.2:/PullRequest:/1538:/SLES/product/repo/SLES-SAP-16.0-aarch64/repodata/repomd.xml
2026-01-15 14:32:25 INFO     Submission skipped: RepoHash metadata not found at http://download.suse.de/ibs/SUSE:/SLFO:/1.2:/PullRequest:/1543:/SL-Micro/product/repo/SLES-SAP-16.0-aarch64/repodata/repomd.xml
2026-01-15 14:32:25 INFO     Submission skipped: RepoHash metadata not found at http://download.suse.de/ibs/SUSE:/SLFO:/1.2:/PullRequest:/1543:/SLES/product/repo/SLES-SAP-16.0-s390x/repodata/repomd.xml
2026-01-15 14:32:25 INFO     Submission skipped: RepoHash metadata not found at http://download.suse.de/ibs/SUSE:/SLFO:/1.2:/PullRequest:/1543:/SL-Micro/product/repo/SLES-SAP-16.0-s390x/repodata/repomd.xml
2026-01-15 14:32:25 INFO     Submission skipped: RepoHash metadata not found at http://download.suse.de/ibs/SUSE:/SLFO:/1.2:/PullRequest:/1543:/SLES/product/repo/SLES-SAP-16.0-aarch64/repodata/repomd.xml
2026-01-15 14:32:25 INFO     Submission skipped: RepoHash metadata not found at http://download.suse.de/ibs/SUSE:/SLFO:/1.2:/PullRequest:/1543:/SL-Micro/product/repo/SLES-SAP-16.0-ppc64le/repodata/repomd.xml
2026-01-15 14:32:25 INFO     Submission skipped: RepoHash metadata not found at http://download.suse.de/ibs/SUSE:/SLFO:/1.2:/PullRequest:/1543:/SL-Micro/product/repo/SLES-SAP-16.0-x86_64/repodata/repomd.xml
2026-01-15 14:32:25 INFO     Submission skipped: RepoHash metadata not found at http://download.suse.de/ibs/SUSE:/SLFO:/1.2:/PullRequest:/1544:/SL-Micro/product/repo/SLES-SAP-16.0-ppc64le/repodata/repomd.xml
2026-01-15 14:32:25 INFO     Submission skipped: RepoHash metadata not found at http://download.suse.de/ibs/SUSE:/SLFO:/1.2:/PullRequest:/1544:/SLES/product/repo/SLES-SAP-16.0-aarch64/repodata/repomd.xml
2026-01-15 14:32:25 INFO     Submission skipped: RepoHash metadata not found at http://download.suse.de/ibs/SUSE:/SLFO:/1.2:/PullRequest:/1544:/SL-Micro/product/repo/SLES-SAP-16.0-x86_64/repodata/repomd.xml
2026-01-15 14:32:25 INFO     Submission skipped: RepoHash metadata not found at http://download.suse.de/ibs/SUSE:/SLFO:/1.2:/PullRequest:/1544:/SL-Micro/product/repo/SLES-SAP-16.0-aarch64/repodata/repomd.xml
2026-01-15 14:32:25 INFO     Submission skipped: RepoHash metadata not found at http://download.suse.de/ibs/SUSE:/SLFO:/1.2:/PullRequest:/1544:/SL-Micro/product/repo/SLES-SAP-16.0-s390x/repodata/repomd.xml
2026-01-15 14:32:25 INFO     Submission skipped: RepoHash metadata not found at http://download.suse.de/ibs/SUSE:/SLFO:/1.2:/PullRequest:/1544:/SLES/product/repo/SLES-SAP-16.0-s390x/repodata/repomd.xml
2026-01-15 14:32:25 INFO     Submission skipped: RepoHash metadata not found at http://download.suse.de/ibs/SUSE:/SLFO:/1.2:/PullRequest:/1546:/SLES/product/repo/SLES-SAP-16.0-aarch64/repodata/repomd.xml
2026-01-15 14:32:25 INFO     Submission skipped: RepoHash metadata not found at http://download.suse.de/ibs/SUSE:/SLFO:/1.2:/PullRequest:/1546:/SL-Micro/product/repo/SLES-SAP-16.0-x86_64/repodata/repomd.xml
2026-01-15 14:32:25 INFO     Submission skipped: RepoHash metadata not found at http://download.suse.de/ibs/SUSE:/SLFO:/1.2:/PullRequest:/1546:/SL-Micro/product/repo/SLES-SAP-16.0-s390x/repodata/repomd.xml
2026-01-15 14:32:25 INFO     Submission skipped: RepoHash metadata not found at http://download.suse.de/ibs/SUSE:/SLFO:/1.2:/PullRequest:/1546:/SL-Micro/product/repo/SLES-SAP-16.0-ppc64le/repodata/repomd.xml
2026-01-15 14:32:25 INFO     Submission skipped: RepoHash metadata not found at http://download.suse.de/ibs/SUSE:/SLFO:/1.2:/PullRequest:/1546:/SL-Micro/product/repo/SLES-SAP-16.0-aarch64/repodata/repomd.xml
2026-01-15 14:32:25 INFO     Submission skipped: RepoHash metadata not found at http://download.suse.de/ibs/SUSE:/SLFO:/1.2:/PullRequest:/1546:/SLES/product/repo/SLES-SAP-16.0-s390x/repodata/repomd.xml
2026-01-15 14:32:25 INFO     Submission skipped: RepoHash metadata not found at http://download.suse.de/ibs/SUSE:/SLFO:/1.2:/PullRequest:/1554:/SLES/product/repo/SLES-SAP-16.0-aarch64/repodata/repomd.xml
2026-01-15 14:32:25 INFO     Submission skipped: RepoHash metadata not found at http://download.suse.de/ibs/SUSE:/SLFO:/1.2:/PullRequest:/1554:/SL-Micro/product/repo/SLES-SAP-16.0-ppc64le/repodata/repomd.xml
2026-01-15 14:32:25 INFO     Submission skipped: RepoHash metadata not found at http://download.suse.de/ibs/SUSE:/SLFO:/1.2:/PullRequest:/1554:/SL-Micro/product/repo/SLES-SAP-16.0-x86_64/repodata/repomd.xml
2026-01-15 14:32:25 INFO     Submission skipped: RepoHash metadata not found at http://download.suse.de/ibs/SUSE:/SLFO:/1.2:/PullRequest:/1554:/SL-Micro/product/repo/SLES-SAP-16.0-aarch64/repodata/repomd.xml
2026-01-15 14:32:25 INFO     Submission skipped: RepoHash metadata not found at http://download.suse.de/ibs/SUSE:/SLFO:/1.2:/PullRequest:/1554:/SLES/product/repo/SLES-SAP-16.0-s390x/repodata/repomd.xml
2026-01-15 14:32:25 INFO     Submission skipped: RepoHash metadata not found at http://download.suse.de/ibs/SUSE:/SLFO:/1.2:/PullRequest:/1554:/SL-Micro/product/repo/SLES-SAP-16.0-s390x/repodata/repomd.xml
2026-01-15 14:32:25 INFO     Submission skipped: RepoHash metadata not found at http://download.suse.de/ibs/SUSE:/SLFO:/1.2:/PullRequest:/1557:/SLES/product/repo/SLES-SAP-16.0-aarch64/repodata/repomd.xml
2026-01-15 14:32:25 INFO     Submission skipped: RepoHash metadata not found at http://download.suse.de/ibs/SUSE:/SLFO:/1.2:/PullRequest:/1557:/SLES/product/repo/SLES-SAP-16.0-s390x/repodata/repomd.xml
2026-01-15 14:32:25 INFO     Submission skipped: RepoHash metadata not found at http://download.suse.de/ibs/SUSE:/SLFO:/1.2:/PullRequest:/1557:/SL-Micro/product/repo/SLES-SAP-16.0-ppc64le/repodata/repomd.xml
2026-01-15 14:32:25 INFO     Submission skipped: RepoHash metadata not found at http://download.suse.de/ibs/SUSE:/SLFO:/1.2:/PullRequest:/1557:/SL-Micro/product/repo/SLES-SAP-16.0-aarch64/repodata/repomd.xml
2026-01-15 14:32:25 INFO     Submission skipped: RepoHash metadata not found at http://download.suse.de/ibs/SUSE:/SLFO:/1.2:/PullRequest:/1557:/SL-Micro/product/repo/SLES-SAP-16.0-x86_64/repodata/repomd.xml
2026-01-15 14:32:25 INFO     Submission skipped: RepoHash metadata not found at http://download.suse.de/ibs/SUSE:/SLFO:/1.2:/PullRequest:/1557:/SL-Micro/product/repo/SLES-SAP-16.0-s390x/repodata/repomd.xml
2026-01-15 14:32:25 INFO     Submission skipped: RepoHash metadata not found at http://download.suse.de/ibs/SUSE:/SLFO:/1.2:/PullRequest:/1572:/SL-Micro/product/repo/SLES-SAP-16.0-aarch64/repodata/repomd.xml
2026-01-15 14:32:25 INFO     Submission skipped: RepoHash metadata not found at http://download.suse.de/ibs/SUSE:/SLFO:/1.2:/PullRequest:/1572:/SL-Micro/product/repo/SLES-SAP-16.0-ppc64le/repodata/repomd.xml
2026-01-15 14:32:25 INFO     Submission skipped: RepoHash metadata not found at http://download.suse.de/ibs/SUSE:/SLFO:/1.2:/PullRequest:/1572:/SL-Micro/product/repo/SLES-SAP-16.0-s390x/repodata/repomd.xml
2026-01-15 14:32:25 INFO     Submission skipped: RepoHash metadata not found at http://download.suse.de/ibs/SUSE:/SLFO:/1.2:/PullRequest:/1572:/SL-Micro/product/repo/SLES-SAP-16.0-x86_64/repodata/repomd.xml
2026-01-15 14:32:25 INFO     Submission skipped: RepoHash metadata not found at http://download.suse.de/ibs/SUSE:/SLFO:/1.2:/PullRequest:/1572:/SLES/product/repo/SLES-SAP-16.0-aarch64/repodata/repomd.xml
2026-01-15 14:32:25 INFO     Submission skipped: RepoHash metadata not found at http://download.suse.de/ibs/SUSE:/SLFO:/1.2:/PullRequest:/1572:/SLES/product/repo/SLES-SAP-16.0-s390x/repodata/repomd.xml
2026-01-15 14:32:25 INFO     Submission skipped: RepoHash metadata not found at http://download.suse.de/ibs/SUSE:/SLFO:/1.2:/PullRequest:/1576:/SLES/product/repo/SLES-SAP-16.0-s390x/repodata/repomd.xml
2026-01-15 14:32:25 INFO     Submission skipped: RepoHash metadata not found at http://download.suse.de/ibs/SUSE:/SLFO:/1.2:/PullRequest:/1576:/SLES/product/repo/SLES-SAP-16.0-aarch64/repodata/repomd.xml
2026-01-15 14:32:25 INFO     Submission skipped: RepoHash metadata not found at http://download.suse.de/ibs/SUSE:/SLFO:/1.2:/PullRequest:/1576:/SL-Micro/product/repo/SLES-SAP-16.0-x86_64/repodata/repomd.xml
2026-01-15 14:32:25 INFO     Submission skipped: RepoHash metadata not found at http://download.suse.de/ibs/SUSE:/SLFO:/1.2:/PullRequest:/1576:/SL-Micro/product/repo/SLES-SAP-16.0-s390x/repodata/repomd.xml
2026-01-15 14:32:25 INFO     Submission skipped: RepoHash metadata not found at http://download.suse.de/ibs/SUSE:/SLFO:/1.2:/PullRequest:/1576:/SL-Micro/product/repo/SLES-SAP-16.0-ppc64le/repodata/repomd.xml
2026-01-15 14:32:25 INFO     Submission skipped: RepoHash metadata not found at http://download.suse.de/ibs/SUSE:/SLFO:/1.2:/PullRequest:/1576:/SL-Micro/product/repo/SLES-SAP-16.0-aarch64/repodata/repomd.xml
2026-01-15 14:32:25 INFO     Submission skipped: RepoHash metadata not found at http://download.suse.de/ibs/SUSE:/SLFO:/1.2:/PullRequest:/1577:/SL-Micro/product/repo/SLES-SAP-16.0-x86_64/repodata/repomd.xml
2026-01-15 14:32:25 INFO     Submission skipped: RepoHash metadata not found at http://download.suse.de/ibs/SUSE:/SLFO:/1.2:/PullRequest:/1577:/SL-Micro/product/repo/SLES-SAP-16.0-s390x/repodata/repomd.xml
2026-01-15 14:32:25 INFO     Submission skipped: RepoHash metadata not found at http://download.suse.de/ibs/SUSE:/SLFO:/1.2:/PullRequest:/1577:/SL-Micro/product/repo/SLES-SAP-16.0-ppc64le/repodata/repomd.xml
2026-01-15 14:32:25 INFO     Submission skipped: RepoHash metadata not found at http://download.suse.de/ibs/SUSE:/SLFO:/1.2:/PullRequest:/1577:/SL-Micro/product/repo/SLES-SAP-16.0-aarch64/repodata/repomd.xml
2026-01-15 14:32:25 INFO     Submission skipped: RepoHash metadata not found at http://download.suse.de/ibs/SUSE:/SLFO:/1.2:/PullRequest:/1577:/SLES/product/repo/SLES-SAP-16.0-s390x/repodata/repomd.xml
2026-01-15 14:32:25 INFO     Submission skipped: RepoHash metadata not found at http://download.suse.de/ibs/SUSE:/SLFO:/1.2:/PullRequest:/1577:/SLES/product/repo/SLES-SAP-16.0-aarch64/repodata/repomd.xml
2026-01-15 14:32:25 INFO     Submission skipped: RepoHash metadata not found at http://download.suse.de/ibs/SUSE:/SLFO:/1.2:/PullRequest:/1578:/SL-Micro/product/repo/SLES-SAP-16.0-aarch64/repodata/repomd.xml
2026-01-15 14:32:25 INFO     Submission skipped: RepoHash metadata not found at http://download.suse.de/ibs/SUSE:/SLFO:/1.2:/PullRequest:/1578:/SL-Micro/product/repo/SLES-SAP-16.0-ppc64le/repodata/repomd.xml
2026-01-15 14:32:25 INFO     Submission skipped: RepoHash metadata not found at http://download.suse.de/ibs/SUSE:/SLFO:/1.2:/PullRequest:/1578:/SL-Micro/product/repo/SLES-SAP-16.0-s390x/repodata/repomd.xml
2026-01-15 14:32:25 INFO     Submission skipped: RepoHash metadata not found at http://download.suse.de/ibs/SUSE:/SLFO:/1.2:/PullRequest:/1578:/SL-Micro/product/repo/SLES-SAP-16.0-x86_64/repodata/repomd.xml
2026-01-15 14:32:25 INFO     Submission skipped: RepoHash metadata not found at http://download.suse.de/ibs/SUSE:/SLFO:/1.2:/PullRequest:/1578:/SLES/product/repo/SLES-SAP-16.0-aarch64/repodata/repomd.xml
2026-01-15 14:32:25 INFO     Submission skipped: RepoHash metadata not found at http://download.suse.de/ibs/SUSE:/SLFO:/1.2:/PullRequest:/1578:/SLES/product/repo/SLES-SAP-16.0-s390x/repodata/repomd.xml
2026-01-15 14:32:25 INFO     Submission skipped: RepoHash metadata not found at http://download.suse.de/ibs/SUSE:/SLFO:/1.2:/PullRequest:/1579:/SLES/product/repo/SLES-SAP-16.0-aarch64/repodata/repomd.xml
2026-01-15 14:32:25 INFO     Submission skipped: RepoHash metadata not found at http://download.suse.de/ibs/SUSE:/SLFO:/1.2:/PullRequest:/1579:/SL-Micro/product/repo/SLES-SAP-16.0-aarch64/repodata/repomd.xml
2026-01-15 14:32:25 INFO     Submission skipped: RepoHash metadata not found at http://download.suse.de/ibs/SUSE:/SLFO:/1.2:/PullRequest:/1579:/SL-Micro/product/repo/SLES-SAP-16.0-ppc64le/repodata/repomd.xml
2026-01-15 14:32:25 INFO     Submission skipped: RepoHash metadata not found at http://download.suse.de/ibs/SUSE:/SLFO:/1.2:/PullRequest:/1579:/SL-Micro/product/repo/SLES-SAP-16.0-s390x/repodata/repomd.xml
2026-01-15 14:32:25 INFO     Submission skipped: RepoHash metadata not found at http://download.suse.de/ibs/SUSE:/SLFO:/1.2:/PullRequest:/1579:/SL-Micro/product/repo/SLES-SAP-16.0-x86_64/repodata/repomd.xml
2026-01-15 14:32:25 INFO     Submission skipped: RepoHash metadata not found at http://download.suse.de/ibs/SUSE:/SLFO:/1.2:/PullRequest:/1579:/SLES/product/repo/SLES-SAP-16.0-s390x/repodata/repomd.xml
2026-01-15 14:32:25 INFO     Submission skipped: RepoHash metadata not found at http://download.suse.de/ibs/SUSE:/SLFO:/1.2:/PullRequest:/1586:/SLES/product/repo/SLES-SAP-16.0-s390x/repodata/repomd.xml
2026-01-15 14:32:25 INFO     Submission skipped: RepoHash metadata not found at http://download.suse.de/ibs/SUSE:/SLFO:/1.2:/PullRequest:/1586:/SL-Micro/product/repo/SLES-SAP-16.0-aarch64/repodata/repomd.xml
2026-01-15 14:32:25 INFO     Submission skipped: RepoHash metadata not found at http://download.suse.de/ibs/SUSE:/SLFO:/1.2:/PullRequest:/1586:/SL-Micro/product/repo/SLES-SAP-16.0-ppc64le/repodata/repomd.xml
2026-01-15 14:32:25 INFO     Submission skipped: RepoHash metadata not found at http://download.suse.de/ibs/SUSE:/SLFO:/1.2:/PullRequest:/1586:/SL-Micro/product/repo/SLES-SAP-16.0-s390x/repodata/repomd.xml
2026-01-15 14:32:25 INFO     Submission skipped: RepoHash metadata not found at http://download.suse.de/ibs/SUSE:/SLFO:/1.2:/PullRequest:/1586:/SL-Micro/product/repo/SLES-SAP-16.0-x86_64/repodata/repomd.xml
2026-01-15 14:32:25 INFO     Submission skipped: RepoHash metadata not found at http://download.suse.de/ibs/SUSE:/SLFO:/1.2:/PullRequest:/1586:/SLES/product/repo/SLES-SAP-16.0-aarch64/repodata/repomd.xml
2026-01-15 14:32:25 INFO     Submission skipped: RepoHash metadata not found at http://download.suse.de/ibs/SUSE:/SLFO:/1.2:/PullRequest:/1589:/SL-Micro/product/repo/SLES-SAP-16.0-ppc64le/repodata/repomd.xml
2026-01-15 14:32:25 INFO     Submission skipped: RepoHash metadata not found at http://download.suse.de/ibs/SUSE:/SLFO:/1.2:/PullRequest:/1589:/SL-Micro/product/repo/SLES-SAP-16.0-aarch64/repodata/repomd.xml
2026-01-15 14:32:25 INFO     Submission skipped: RepoHash metadata not found at http://download.suse.de/ibs/SUSE:/SLFO:/1.2:/PullRequest:/1589:/SLES/product/repo/SLES-SAP-16.0-s390x/repodata/repomd.xml
2026-01-15 14:32:25 INFO     Submission skipped: RepoHash metadata not found at http://download.suse.de/ibs/SUSE:/SLFO:/1.2:/PullRequest:/1589:/SLES/product/repo/SLES-SAP-16.0-aarch64/repodata/repomd.xml
2026-01-15 14:32:25 INFO     Submission skipped: RepoHash metadata not found at http://download.suse.de/ibs/SUSE:/SLFO:/1.2:/PullRequest:/1589:/SL-Micro/product/repo/SLES-SAP-16.0-x86_64/repodata/repomd.xml
2026-01-15 14:32:25 INFO     Submission skipped: RepoHash metadata not found at http://download.suse.de/ibs/SUSE:/SLFO:/1.2:/PullRequest:/1589:/SL-Micro/product/repo/SLES-SAP-16.0-s390x/repodata/repomd.xml
2026-01-15 14:32:25 INFO     Submission skipped: RepoHash metadata not found at http://download.suse.de/ibs/SUSE:/SLFO:/1.2:/PullRequest:/1595:/SL-Micro/product/repo/SLES-SAP-16.0-x86_64/repodata/repomd.xml
2026-01-15 14:32:25 INFO     Submission skipped: RepoHash metadata not found at http://download.suse.de/ibs/SUSE:/SLFO:/1.2:/PullRequest:/1595:/SL-Micro/product/repo/SLES-SAP-16.0-aarch64/repodata/repomd.xml
2026-01-15 14:32:25 INFO     Submission skipped: RepoHash metadata not found at http://download.suse.de/ibs/SUSE:/SLFO:/1.2:/PullRequest:/1595:/SL-Micro/product/repo/SLES-SAP-16.0-ppc64le/repodata/repomd.xml
2026-01-15 14:32:25 INFO     Submission skipped: RepoHash metadata not found at http://download.suse.de/ibs/SUSE:/SLFO:/1.2:/PullRequest:/1595:/SL-Micro/product/repo/SLES-SAP-16.0-s390x/repodata/repomd.xml
2026-01-15 14:32:25 INFO     Submission skipped: RepoHash metadata not found at http://download.suse.de/ibs/SUSE:/SLFO:/1.2:/PullRequest:/1595:/SLES/product/repo/SLES-SAP-16.0-s390x/repodata/repomd.xml
2026-01-15 14:32:25 INFO     Submission skipped: RepoHash metadata not found at http://download.suse.de/ibs/SUSE:/SLFO:/1.2:/PullRequest:/1595:/SLES/product/repo/SLES-SAP-16.0-aarch64/repodata/repomd.xml
2026-01-15 14:32:25 INFO     Submission skipped: RepoHash metadata not found at http://download.suse.de/ibs/SUSE:/SLFO:/1.2:/PullRequest:/1602:/SL-Micro/product/repo/SLES-SAP-16.0-ppc64le/repodata/repomd.xml
2026-01-15 14:32:25 INFO     Submission skipped: RepoHash metadata not found at http://download.suse.de/ibs/SUSE:/SLFO:/1.2:/PullRequest:/1602:/SL-Micro/product/repo/SLES-SAP-16.0-aarch64/repodata/repomd.xml
2026-01-15 14:32:25 INFO     Submission skipped: RepoHash metadata not found at http://download.suse.de/ibs/SUSE:/SLFO:/1.2:/PullRequest:/1602:/SL-Micro/product/repo/SLES-SAP-16.0-s390x/repodata/repomd.xml
2026-01-15 14:32:25 INFO     Submission skipped: RepoHash metadata not found at http://download.suse.de/ibs/SUSE:/SLFO:/1.2:/PullRequest:/1602:/SL-Micro/product/repo/SLES-SAP-16.0-x86_64/repodata/repomd.xml
2026-01-15 14:32:25 INFO     Submission skipped: RepoHash metadata not found at http://download.suse.de/ibs/SUSE:/SLFO:/1.2:/PullRequest:/1602:/SLES/product/repo/SLES-SAP-16.0-aarch64/repodata/repomd.xml
2026-01-15 14:32:25 INFO     Submission skipped: RepoHash metadata not found at http://download.suse.de/ibs/SUSE:/SLFO:/1.2:/PullRequest:/1602:/SLES/product/repo/SLES-SAP-16.0-s390x/repodata/repomd.xml
2026-01-15 14:32:25 INFO     Submission skipped: RepoHash metadata not found at http://download.suse.de/ibs/SUSE:/SLFO:/1.2:/PullRequest:/1603:/SLES/product/repo/SLES-SAP-16.0-s390x/repodata/repomd.xml
2026-01-15 14:32:25 INFO     Submission skipped: RepoHash metadata not found at http://download.suse.de/ibs/SUSE:/SLFO:/1.2:/PullRequest:/1603:/SL-Micro/product/repo/SLES-SAP-16.0-aarch64/repodata/repomd.xml
2026-01-15 14:32:25 INFO     Submission skipped: RepoHash metadata not found at http://download.suse.de/ibs/SUSE:/SLFO:/1.2:/PullRequest:/1603:/SL-Micro/product/repo/SLES-SAP-16.0-ppc64le/repodata/repomd.xml
2026-01-15 14:32:25 INFO     Submission skipped: RepoHash metadata not found at http://download.suse.de/ibs/SUSE:/SLFO:/1.2:/PullRequest:/1603:/SL-Micro/product/repo/SLES-SAP-16.0-s390x/repodata/repomd.xml
2026-01-15 14:32:25 INFO     Submission skipped: RepoHash metadata not found at http://download.suse.de/ibs/SUSE:/SLFO:/1.2:/PullRequest:/1603:/SL-Micro/product/repo/SLES-SAP-16.0-x86_64/repodata/repomd.xml
2026-01-15 14:32:25 INFO     Submission skipped: RepoHash metadata not found at http://download.suse.de/ibs/SUSE:/SLFO:/1.2:/PullRequest:/1603:/SLES/product/repo/SLES-SAP-16.0-aarch64/repodata/repomd.xml
2026-01-15 14:32:25 INFO     Submission skipped: RepoHash metadata not found at http://download.suse.de/ibs/SUSE:/SLFO:/1.2:/PullRequest:/1604:/SL-Micro/product/repo/SLES-SAP-16.0-aarch64/repodata/repomd.xml
2026-01-15 14:32:25 INFO     Submission skipped: RepoHash metadata not found at http://download.suse.de/ibs/SUSE:/SLFO:/1.2:/PullRequest:/1604:/SL-Micro/product/repo/SLES-SAP-16.0-ppc64le/repodata/repomd.xml
2026-01-15 14:32:25 INFO     Submission skipped: RepoHash metadata not found at http://download.suse.de/ibs/SUSE:/SLFO:/1.2:/PullRequest:/1604:/SL-Micro/product/repo/SLES-SAP-16.0-s390x/repodata/repomd.xml
2026-01-15 14:32:25 INFO     Submission skipped: RepoHash metadata not found at http://download.suse.de/ibs/SUSE:/SLFO:/1.2:/PullRequest:/1604:/SL-Micro/product/repo/SLES-SAP-16.0-x86_64/repodata/repomd.xml
2026-01-15 14:32:25 INFO     Submission skipped: RepoHash metadata not found at http://download.suse.de/ibs/SUSE:/SLFO:/1.2:/PullRequest:/1604:/SLES/product/repo/SLES-SAP-16.0-aarch64/repodata/repomd.xml
2026-01-15 14:32:25 INFO     Submission skipped: RepoHash metadata not found at http://download.suse.de/ibs/SUSE:/SLFO:/1.2:/PullRequest:/1604:/SLES/product/repo/SLES-SAP-16.0-s390x/repodata/repomd.xml
2026-01-15 14:32:25 INFO     Submission skipped: RepoHash metadata not found at http://download.suse.de/ibs/SUSE:/SLFO:/1.2:/PullRequest:/1605:/SL-Micro/product/repo/SLES-SAP-16.0-x86_64/repodata/repomd.xml
2026-01-15 14:32:25 INFO     Submission skipped: RepoHash metadata not found at http://download.suse.de/ibs/SUSE:/SLFO:/1.2:/PullRequest:/1605:/SL-Micro/product/repo/SLES-SAP-16.0-s390x/repodata/repomd.xml
2026-01-15 14:32:25 INFO     Submission skipped: RepoHash metadata not found at http://download.suse.de/ibs/SUSE:/SLFO:/1.2:/PullRequest:/1605:/SL-Micro/product/repo/SLES-SAP-16.0-ppc64le/repodata/repomd.xml
2026-01-15 14:32:25 INFO     Submission skipped: RepoHash metadata not found at http://download.suse.de/ibs/SUSE:/SLFO:/1.2:/PullRequest:/1605:/SL-Micro/product/repo/SLES-SAP-16.0-aarch64/repodata/repomd.xml
2026-01-15 14:32:25 INFO     Submission skipped: RepoHash metadata not found at http://download.suse.de/ibs/SUSE:/SLFO:/1.2:/PullRequest:/1605:/SLES/product/repo/SLES-SAP-16.0-s390x/repodata/repomd.xml
2026-01-15 14:32:25 INFO     Submission skipped: RepoHash metadata not found at http://download.suse.de/ibs/SUSE:/SLFO:/1.2:/PullRequest:/1605:/SLES/product/repo/SLES-SAP-16.0-aarch64/repodata/repomd.xml
2026-01-15 14:32:25 INFO     Submission skipped: RepoHash metadata not found at http://download.suse.de/ibs/SUSE:/SLFO:/1.2:/PullRequest:/1606:/SL-Micro/product/repo/SLES-SAP-16.0-ppc64le/repodata/repomd.xml
2026-01-15 14:32:25 INFO     Submission skipped: RepoHash metadata not found at http://download.suse.de/ibs/SUSE:/SLFO:/1.2:/PullRequest:/1606:/SL-Micro/product/repo/SLES-SAP-16.0-s390x/repodata/repomd.xml
2026-01-15 14:32:25 INFO     Submission skipped: RepoHash metadata not found at http://download.suse.de/ibs/SUSE:/SLFO:/1.2:/PullRequest:/1606:/SL-Micro/product/repo/SLES-SAP-16.0-x86_64/repodata/repomd.xml
2026-01-15 14:32:25 INFO     Submission skipped: RepoHash metadata not found at http://download.suse.de/ibs/SUSE:/SLFO:/1.2:/PullRequest:/1606:/SLES/product/repo/SLES-SAP-16.0-aarch64/repodata/repomd.xml
2026-01-15 14:32:25 INFO     Submission skipped: RepoHash metadata not found at http://download.suse.de/ibs/SUSE:/SLFO:/1.2:/PullRequest:/1606:/SLES/product/repo/SLES-SAP-16.0-s390x/repodata/repomd.xml
2026-01-15 14:32:25 INFO     Submission skipped: RepoHash metadata not found at http://download.suse.de/ibs/SUSE:/SLFO:/1.2:/PullRequest:/1606:/SL-Micro/product/repo/SLES-SAP-16.0-aarch64/repodata/repomd.xml
2026-01-15 14:32:25 INFO     Submission skipped: RepoHash metadata not found at http://download.suse.de/ibs/SUSE:/SLFO:/1.2:/PullRequest:/1607:/SLES/product/repo/SLES-SAP-16.0-s390x/repodata/repomd.xml
2026-01-15 14:32:25 INFO     Submission skipped: RepoHash metadata not found at http://download.suse.de/ibs/SUSE:/SLFO:/1.2:/PullRequest:/1607:/SLES/product/repo/SLES-SAP-16.0-aarch64/repodata/repomd.xml
2026-01-15 14:32:25 INFO     Submission skipped: RepoHash metadata not found at http://download.suse.de/ibs/SUSE:/SLFO:/1.2:/PullRequest:/1607:/SL-Micro/product/repo/SLES-SAP-16.0-x86_64/repodata/repomd.xml
2026-01-15 14:32:25 INFO     Submission skipped: RepoHash metadata not found at http://download.suse.de/ibs/SUSE:/SLFO:/1.2:/PullRequest:/1607:/SL-Micro/product/repo/SLES-SAP-16.0-s390x/repodata/repomd.xml
2026-01-15 14:32:25 INFO     Submission skipped: RepoHash metadata not found at http://download.suse.de/ibs/SUSE:/SLFO:/1.2:/PullRequest:/1607:/SL-Micro/product/repo/SLES-SAP-16.0-ppc64le/repodata/repomd.xml
2026-01-15 14:32:25 INFO     Submission skipped: RepoHash metadata not found at http://download.suse.de/ibs/SUSE:/SLFO:/1.2:/PullRequest:/1607:/SL-Micro/product/repo/SLES-SAP-16.0-aarch64/repodata/repomd.xml
2026-01-15 14:32:25 INFO     Submission skipped: RepoHash metadata not found at http://download.suse.de/ibs/SUSE:/SLFO:/1.2:/PullRequest:/1608:/SL-Micro/product/repo/SLES-SAP-16.0-ppc64le/repodata/repomd.xml
2026-01-15 14:32:25 INFO     Submission skipped: RepoHash metadata not found at http://download.suse.de/ibs/SUSE:/SLFO:/1.2:/PullRequest:/1608:/SL-Micro/product/repo/SLES-SAP-16.0-aarch64/repodata/repomd.xml
2026-01-15 14:32:25 INFO     Submission skipped: RepoHash metadata not found at http://download.suse.de/ibs/SUSE:/SLFO:/1.2:/PullRequest:/1608:/SLES/product/repo/SLES-SAP-16.0-aarch64/repodata/repomd.xml
2026-01-15 14:32:25 INFO     Submission skipped: RepoHash metadata not found at http://download.suse.de/ibs/SUSE:/SLFO:/1.2:/PullRequest:/1608:/SLES/product/repo/SLES-SAP-16.0-s390x/repodata/repomd.xml
2026-01-15 14:32:25 INFO     Submission skipped: RepoHash metadata not found at http://download.suse.de/ibs/SUSE:/SLFO:/1.2:/PullRequest:/1608:/SL-Micro/product/repo/SLES-SAP-16.0-x86_64/repodata/repomd.xml
2026-01-15 14:32:25 INFO     Submission skipped: RepoHash metadata not found at http://download.suse.de/ibs/SUSE:/SLFO:/1.2:/PullRequest:/1608:/SL-Micro/product/repo/SLES-SAP-16.0-s390x/repodata/repomd.xml
2026-01-15 14:32:25 INFO     Submission skipped: RepoHash metadata not found at http://download.suse.de/ibs/SUSE:/SLFO:/1.2:/PullRequest:/1610:/SL-Micro/product/repo/SLES-SAP-16.0-ppc64le/repodata/repomd.xml
2026-01-15 14:32:25 INFO     Submission skipped: RepoHash metadata not found at http://download.suse.de/ibs/SUSE:/SLFO:/1.2:/PullRequest:/1610:/SL-Micro/product/repo/SLES-SAP-16.0-x86_64/repodata/repomd.xml
2026-01-15 14:32:25 INFO     Submission skipped: RepoHash metadata not found at http://download.suse.de/ibs/SUSE:/SLFO:/1.2:/PullRequest:/1610:/SLES/product/repo/SLES-SAP-16.0-s390x/repodata/repomd.xml
2026-01-15 14:32:25 INFO     Submission skipped: RepoHash metadata not found at http://download.suse.de/ibs/SUSE:/SLFO:/1.2:/PullRequest:/1610:/SLES/product/repo/SLES-SAP-16.0-aarch64/repodata/repomd.xml
2026-01-15 14:32:25 INFO     Submission skipped: RepoHash metadata not found at http://download.suse.de/ibs/SUSE:/SLFO:/1.2:/PullRequest:/1610:/SL-Micro/product/repo/SLES-SAP-16.0-aarch64/repodata/repomd.xml
2026-01-15 14:32:25 INFO     Submission skipped: RepoHash metadata not found at http://download.suse.de/ibs/SUSE:/SLFO:/1.2:/PullRequest:/1610:/SL-Micro/product/repo/SLES-SAP-16.0-s390x/repodata/repomd.xml
2026-01-15 14:32:25 INFO     Submission skipped: RepoHash metadata not found at http://download.suse.de/ibs/SUSE:/SLFO:/1.2:/PullRequest:/1611:/SL-Micro/product/repo/SLES-SAP-16.0-aarch64/repodata/repomd.xml
2026-01-15 14:32:25 INFO     Submission skipped: RepoHash metadata not found at http://download.suse.de/ibs/SUSE:/SLFO:/1.2:/PullRequest:/1611:/SL-Micro/product/repo/SLES-SAP-16.0-ppc64le/repodata/repomd.xml
2026-01-15 14:32:25 INFO     Submission skipped: RepoHash metadata not found at http://download.suse.de/ibs/SUSE:/SLFO:/1.2:/PullRequest:/1611:/SL-Micro/product/repo/SLES-SAP-16.0-s390x/repodata/repomd.xml
2026-01-15 14:32:25 INFO     Submission skipped: RepoHash metadata not found at http://download.suse.de/ibs/SUSE:/SLFO:/1.2:/PullRequest:/1611:/SL-Micro/product/repo/SLES-SAP-16.0-x86_64/repodata/repomd.xml
2026-01-15 14:32:25 INFO     Submission skipped: RepoHash metadata not found at http://download.suse.de/ibs/SUSE:/SLFO:/1.2:/PullRequest:/1611:/SLES/product/repo/SLES-SAP-16.0-aarch64/repodata/repomd.xml
2026-01-15 14:32:25 INFO     Submission skipped: RepoHash metadata not found at http://download.suse.de/ibs/SUSE:/SLFO:/1.2:/PullRequest:/1611:/SLES/product/repo/SLES-SAP-16.0-s390x/repodata/repomd.xml
2026-01-15 14:32:25 INFO     Submission skipped: RepoHash metadata not found at http://download.suse.de/ibs/SUSE:/SLFO:/1.2:/PullRequest:/1622:/SLES/product/repo/SLES-SAP-16.0-aarch64/repodata/repomd.xml
2026-01-15 14:32:25 INFO     Submission skipped: RepoHash metadata not found at http://download.suse.de/ibs/SUSE:/SLFO:/1.2:/PullRequest:/1622:/SL-Micro/product/repo/SLES-SAP-16.0-x86_64/repodata/repomd.xml
2026-01-15 14:32:25 INFO     Submission skipped: RepoHash metadata not found at http://download.suse.de/ibs/SUSE:/SLFO:/1.2:/PullRequest:/1622:/SL-Micro/product/repo/SLES-SAP-16.0-s390x/repodata/repomd.xml
2026-01-15 14:32:25 INFO     Submission skipped: RepoHash metadata not found at http://download.suse.de/ibs/SUSE:/SLFO:/1.2:/PullRequest:/1622:/SL-Micro/product/repo/SLES-SAP-16.0-ppc64le/repodata/repomd.xml
2026-01-15 14:32:25 INFO     Submission skipped: RepoHash metadata not found at http://download.suse.de/ibs/SUSE:/SLFO:/1.2:/PullRequest:/1622:/SL-Micro/product/repo/SLES-SAP-16.0-aarch64/repodata/repomd.xml
2026-01-15 14:32:25 INFO     Submission skipped: RepoHash metadata not found at http://download.suse.de/ibs/SUSE:/SLFO:/1.2:/PullRequest:/1622:/SLES/product/repo/SLES-SAP-16.0-s390x/repodata/repomd.xml
2026-01-15 14:32:25 INFO     Submission skipped: RepoHash metadata not found at http://download.suse.de/ibs/SUSE:/SLFO:/1.2:/PullRequest:/1623:/SLES/product/repo/SLES-SAP-16.0-s390x/repodata/repomd.xml
2026-01-15 14:32:25 INFO     Submission skipped: RepoHash metadata not found at http://download.suse.de/ibs/SUSE:/SLFO:/1.2:/PullRequest:/1623:/SL-Micro/product/repo/SLES-SAP-16.0-aarch64/repodata/repomd.xml
2026-01-15 14:32:25 INFO     Submission skipped: RepoHash metadata not found at http://download.suse.de/ibs/SUSE:/SLFO:/1.2:/PullRequest:/1623:/SL-Micro/product/repo/SLES-SAP-16.0-ppc64le/repodata/repomd.xml
2026-01-15 14:32:25 INFO     Submission skipped: RepoHash metadata not found at http://download.suse.de/ibs/SUSE:/SLFO:/1.2:/PullRequest:/1623:/SL-Micro/product/repo/SLES-SAP-16.0-x86_64/repodata/repomd.xml
2026-01-15 14:32:25 INFO     Submission skipped: RepoHash metadata not found at http://download.suse.de/ibs/SUSE:/SLFO:/1.2:/PullRequest:/1623:/SL-Micro/product/repo/SLES-SAP-16.0-s390x/repodata/repomd.xml
2026-01-15 14:32:25 INFO     Submission skipped: RepoHash metadata not found at http://download.suse.de/ibs/SUSE:/SLFO:/1.2:/PullRequest:/1623:/SLES/product/repo/SLES-SAP-16.0-aarch64/repodata/repomd.xml
2026-01-15 14:32:25 INFO     Submission skipped: RepoHash metadata not found at http://download.suse.de/ibs/SUSE:/SLFO:/1.2:/PullRequest:/1625:/SL-Micro/product/repo/SLES-SAP-16.0-s390x/repodata/repomd.xml
2026-01-15 14:32:25 INFO     Submission skipped: RepoHash metadata not found at http://download.suse.de/ibs/SUSE:/SLFO:/1.2:/PullRequest:/1625:/SL-Micro/product/repo/SLES-SAP-16.0-aarch64/repodata/repomd.xml
2026-01-15 14:32:25 INFO     Submission skipped: RepoHash metadata not found at http://download.suse.de/ibs/SUSE:/SLFO:/1.2:/PullRequest:/1625:/SLES/product/repo/SLES-SAP-16.0-s390x/repodata/repomd.xml
2026-01-15 14:32:25 INFO     Submission skipped: RepoHash metadata not found at http://download.suse.de/ibs/SUSE:/SLFO:/1.2:/PullRequest:/1625:/SLES/product/repo/SLES-SAP-16.0-aarch64/repodata/repomd.xml
2026-01-15 14:32:25 INFO     Submission skipped: RepoHash metadata not found at http://download.suse.de/ibs/SUSE:/SLFO:/1.2:/PullRequest:/1625:/SL-Micro/product/repo/SLES-SAP-16.0-x86_64/repodata/repomd.xml
2026-01-15 14:32:25 INFO     Submission skipped: RepoHash metadata not found at http://download.suse.de/ibs/SUSE:/SLFO:/1.2:/PullRequest:/1625:/SL-Micro/product/repo/SLES-SAP-16.0-ppc64le/repodata/repomd.xml
2026-01-15 14:32:25 INFO     Submission skipped: RepoHash metadata not found at http://download.suse.de/ibs/SUSE:/SLFO:/1.2:/PullRequest:/1626:/SL-Micro/product/repo/SLES-SAP-16.0-aarch64/repodata/repomd.xml
2026-01-15 14:32:25 INFO     Submission skipped: RepoHash metadata not found at http://download.suse.de/ibs/SUSE:/SLFO:/1.2:/PullRequest:/1626:/SLES/product/repo/SLES-SAP-16.0-aarch64/repodata/repomd.xml
2026-01-15 14:32:25 INFO     Submission skipped: RepoHash metadata not found at http://download.suse.de/ibs/SUSE:/SLFO:/1.2:/PullRequest:/1626:/SLES/product/repo/SLES-SAP-16.0-s390x/repodata/repomd.xml
2026-01-15 14:32:25 INFO     Submission skipped: RepoHash metadata not found at http://download.suse.de/ibs/SUSE:/SLFO:/1.2:/PullRequest:/1626:/SL-Micro/product/repo/SLES-SAP-16.0-s390x/repodata/repomd.xml
2026-01-15 14:32:25 INFO     Submission skipped: RepoHash metadata not found at http://download.suse.de/ibs/SUSE:/SLFO:/1.2:/PullRequest:/1626:/SL-Micro/product/repo/SLES-SAP-16.0-ppc64le/repodata/repomd.xml
2026-01-15 14:32:25 INFO     Submission skipped: RepoHash metadata not found at http://download.suse.de/ibs/SUSE:/SLFO:/1.2:/PullRequest:/1626:/SL-Micro/product/repo/SLES-SAP-16.0-x86_64/repodata/repomd.xml
2026-01-15 14:32:25 INFO     Submission skipped: RepoHash metadata not found at http://download.suse.de/ibs/SUSE:/SLFO:/1.2:/PullRequest:/1635:/SLES/product/repo/SLES-SAP-16.0-aarch64/repodata/repomd.xml
2026-01-15 14:32:25 INFO     Submission skipped: RepoHash metadata not found at http://download.suse.de/ibs/SUSE:/SLFO:/1.2:/PullRequest:/1635:/SLES/product/repo/SLES-SAP-16.0-s390x/repodata/repomd.xml
2026-01-15 14:32:25 INFO     Submission skipped: RepoHash metadata not found at http://download.suse.de/ibs/SUSE:/SLFO:/1.2:/PullRequest:/1635:/SL-Micro/product/repo/SLES-SAP-16.0-aarch64/repodata/repomd.xml
2026-01-15 14:32:25 INFO     Submission skipped: RepoHash metadata not found at http://download.suse.de/ibs/SUSE:/SLFO:/1.2:/PullRequest:/1635:/SL-Micro/product/repo/SLES-SAP-16.0-ppc64le/repodata/repomd.xml
2026-01-15 14:32:25 INFO     Submission skipped: RepoHash metadata not found at http://download.suse.de/ibs/SUSE:/SLFO:/1.2:/PullRequest:/1635:/SL-Micro/product/repo/SLES-SAP-16.0-s390x/repodata/repomd.xml
2026-01-15 14:32:25 INFO     Submission skipped: RepoHash metadata not found at http://download.suse.de/ibs/SUSE:/SLFO:/1.2:/PullRequest:/1635:/SL-Micro/product/repo/SLES-SAP-16.0-x86_64/repodata/repomd.xml
2026-01-15 14:32:27 INFO     Submission skipped: RepoHash metadata not found at http://download.suse.de/ibs/SUSE:/Maintenance:/42123/SUSE_Updates_MultiLinuxManagerTools-Beta_Debian-12_x86_64/repodata/repomd.xml
2026-01-15 14:32:27 INFO     Submission skipped: RepoHash metadata not found at http://download.suse.de/ibs/SUSE:/Maintenance:/42123/SUSE_Updates_MultiLinuxManagerTools-Beta_Debian-12_aarch64/repodata/repomd.xml
2026-01-15 14:32:27 INFO     Submission skipped: RepoHash metadata not found at http://download.suse.de/ibs/SUSE:/Maintenance:/42124/SUSE_Updates_MultiLinuxManagerTools-Beta_Ubuntu-22.04_x86_64/repodata/repomd.xml
2026-01-15 14:32:27 INFO     Submission skipped: RepoHash metadata not found at http://download.suse.de/ibs/SUSE:/Maintenance:/42125/SUSE_Updates_MultiLinuxManagerTools-Beta_Ubuntu-24.04_x86_64/repodata/repomd.xml
2026-01-15 14:32:30 INFO     Submission 951 already scheduled for Online-SAP-Updates-Staging on x86_64
2026-01-15 14:32:30 INFO     Submission 1385 already scheduled for Online-SAP-Updates-Staging on x86_64
2026-01-15 14:32:30 INFO     Submission 1432 already scheduled for Online-SAP-Updates-Staging on x86_64
2026-01-15 14:32:30 INFO     Submission 1433 already scheduled for Online-SAP-Updates-Staging on x86_64
2026-01-15 14:32:30 INFO     Submission 1434 already scheduled for Online-SAP-Updates-Staging on x86_64
2026-01-15 14:32:30 INFO     Submission 1438 already scheduled for Online-SAP-Updates-Staging on x86_64
2026-01-15 14:32:30 INFO     Submission 1444 already scheduled for Online-SAP-Updates-Staging on x86_64
2026-01-15 14:32:30 INFO     Submission 1445 already scheduled for Online-SAP-Updates-Staging on x86_64
2026-01-15 14:32:30 INFO     Submission 1453 already scheduled for Online-SAP-Updates-Staging on x86_64
2026-01-15 14:32:30 INFO     Submission 1454 already scheduled for Online-SAP-Updates-Staging on x86_64
2026-01-15 14:32:30 INFO     Submission 1459 already scheduled for Online-SAP-Updates-Staging on x86_64
2026-01-15 14:32:30 INFO     Submission 1476 already scheduled for Online-SAP-Updates-Staging on x86_64
2026-01-15 14:32:30 INFO     Submission 1482 already scheduled for Online-SAP-Updates-Staging on x86_64
2026-01-15 14:32:30 INFO     Submission 1483 already scheduled for Online-SAP-Updates-Staging on x86_64
2026-01-15 14:32:30 INFO     Submission 1486 already scheduled for Online-SAP-Updates-Staging on x86_64
2026-01-15 14:32:30 INFO     Submission 1512 already scheduled for Online-SAP-Updates-Staging on x86_64
2026-01-15 14:32:30 INFO     Submission 1537 already scheduled for Online-SAP-Updates-Staging on x86_64
2026-01-15 14:32:30 INFO     Submission 1538 already scheduled for Online-SAP-Updates-Staging on x86_64
2026-01-15 14:32:30 INFO     Submission 1543 already scheduled for Online-SAP-Updates-Staging on x86_64
2026-01-15 14:32:30 INFO     Submission 1544 already scheduled for Online-SAP-Updates-Staging on x86_64
2026-01-15 14:32:30 INFO     Submission 1546 already scheduled for Online-SAP-Updates-Staging on x86_64
2026-01-15 14:32:30 INFO     Submission 1554 already scheduled for Online-SAP-Updates-Staging on x86_64
2026-01-15 14:32:30 INFO     Submission 1557 already scheduled for Online-SAP-Updates-Staging on x86_64
2026-01-15 14:32:30 INFO     Submission 1572 already scheduled for Online-SAP-Updates-Staging on x86_64
2026-01-15 14:32:30 INFO     Submission 1578 already scheduled for Online-SAP-Updates-Staging on x86_64
2026-01-15 14:32:30 INFO     Submission 1589 already scheduled for Online-SAP-Updates-Staging on x86_64
2026-01-15 14:32:30 INFO     Submission 1595 already scheduled for Online-SAP-Updates-Staging on x86_64
2026-01-15 14:32:30 INFO     Submission 1602 already scheduled for Online-SAP-Updates-Staging on x86_64
2026-01-15 14:32:30 INFO     Submission 1604 already scheduled for Online-SAP-Updates-Staging on x86_64
2026-01-15 14:32:30 INFO     Submission 1606 already scheduled for Online-SAP-Updates-Staging on x86_64
2026-01-15 14:32:30 INFO     Submission 1607 already scheduled for Online-SAP-Updates-Staging on x86_64
2026-01-15 14:32:30 INFO     Submission 1610 already scheduled for Online-SAP-Updates-Staging on x86_64
2026-01-15 14:32:30 INFO     Submission 1611 already scheduled for Online-SAP-Updates-Staging on x86_64
2026-01-15 14:32:30 INFO     Submission 1622 already scheduled for Online-SAP-Updates-Staging on x86_64
2026-01-15 14:32:30 INFO     Submission 1623 already scheduled for Online-SAP-Updates-Staging on x86_64
2026-01-15 14:32:30 INFO     Submission 1625 already scheduled for Online-SAP-Updates-Staging on x86_64
2026-01-15 14:32:30 INFO     Submission 1626 already scheduled for Online-SAP-Updates-Staging on x86_64
2026-01-15 14:32:30 INFO     Submission 1635 already scheduled for Online-SAP-Updates-Staging on x86_64
2026-01-15 14:32:30 INFO     Submission 951 already scheduled for Online-SAP-Updates-Staging on ppc64le
2026-01-15 14:32:30 INFO     Submission 1385 already scheduled for Online-SAP-Updates-Staging on ppc64le
2026-01-15 14:32:30 INFO     Submission 1432 already scheduled for Online-SAP-Updates-Staging on ppc64le
2026-01-15 14:32:30 INFO     Submission 1433 already scheduled for Online-SAP-Updates-Staging on ppc64le
2026-01-15 14:32:30 INFO     Submission 1434 already scheduled for Online-SAP-Updates-Staging on ppc64le
2026-01-15 14:32:30 INFO     Submission 1438 already scheduled for Online-SAP-Updates-Staging on ppc64le
2026-01-15 14:32:30 INFO     Submission 1444 already scheduled for Online-SAP-Updates-Staging on ppc64le
2026-01-15 14:32:30 INFO     Submission 1445 already scheduled for Online-SAP-Updates-Staging on ppc64le
2026-01-15 14:32:30 INFO     Submission 1453 already scheduled for Online-SAP-Updates-Staging on ppc64le
2026-01-15 14:32:30 INFO     Submission 1454 already scheduled for Online-SAP-Updates-Staging on ppc64le
2026-01-15 14:32:30 INFO     Submission 1459 already scheduled for Online-SAP-Updates-Staging on ppc64le
2026-01-15 14:32:30 INFO     Submission 1476 already scheduled for Online-SAP-Updates-Staging on ppc64le
2026-01-15 14:32:30 INFO     Submission 1482 already scheduled for Online-SAP-Updates-Staging on ppc64le
2026-01-15 14:32:30 INFO     Submission 1483 already scheduled for Online-SAP-Updates-Staging on ppc64le
2026-01-15 14:32:30 INFO     Submission 1486 already scheduled for Online-SAP-Updates-Staging on ppc64le
2026-01-15 14:32:30 INFO     Submission 1512 already scheduled for Online-SAP-Updates-Staging on ppc64le
2026-01-15 14:32:30 INFO     Submission 1537 already scheduled for Online-SAP-Updates-Staging on ppc64le
2026-01-15 14:32:30 INFO     Submission 1538 already scheduled for Online-SAP-Updates-Staging on ppc64le
2026-01-15 14:32:30 INFO     Submission 1543 already scheduled for Online-SAP-Updates-Staging on ppc64le
2026-01-15 14:32:30 INFO     Submission 1544 already scheduled for Online-SAP-Updates-Staging on ppc64le
2026-01-15 14:32:30 INFO     Submission 1546 already scheduled for Online-SAP-Updates-Staging on ppc64le
2026-01-15 14:32:30 INFO     Submission 1554 already scheduled for Online-SAP-Updates-Staging on ppc64le
2026-01-15 14:32:30 INFO     Submission 1557 already scheduled for Online-SAP-Updates-Staging on ppc64le
2026-01-15 14:32:30 INFO     Submission 1572 already scheduled for Online-SAP-Updates-Staging on ppc64le
2026-01-15 14:32:30 INFO     Submission 1578 already scheduled for Online-SAP-Updates-Staging on ppc64le
2026-01-15 14:32:30 INFO     Submission 1589 already scheduled for Online-SAP-Updates-Staging on ppc64le
2026-01-15 14:32:30 INFO     Submission 1595 already scheduled for Online-SAP-Updates-Staging on ppc64le
2026-01-15 14:32:30 INFO     Submission 1602 already scheduled for Online-SAP-Updates-Staging on ppc64le
2026-01-15 14:32:30 INFO     Submission 1604 already scheduled for Online-SAP-Updates-Staging on ppc64le
2026-01-15 14:32:30 INFO     Submission 1606 already scheduled for Online-SAP-Updates-Staging on ppc64le
2026-01-15 14:32:30 INFO     Submission 1607 already scheduled for Online-SAP-Updates-Staging on ppc64le
2026-01-15 14:32:30 INFO     Submission 1610 already scheduled for Online-SAP-Updates-Staging on ppc64le
2026-01-15 14:32:30 INFO     Submission 1611 already scheduled for Online-SAP-Updates-Staging on ppc64le
2026-01-15 14:32:30 INFO     Submission 1622 already scheduled for Online-SAP-Updates-Staging on ppc64le
2026-01-15 14:32:30 INFO     Submission 1623 already scheduled for Online-SAP-Updates-Staging on ppc64le
2026-01-15 14:32:30 INFO     Submission 1625 already scheduled for Online-SAP-Updates-Staging on ppc64le
2026-01-15 14:32:30 INFO     Submission 1626 already scheduled for Online-SAP-Updates-Staging on ppc64le
2026-01-15 14:32:30 INFO     Submission 1635 already scheduled for Online-SAP-Updates-Staging on ppc64le
2026-01-15 14:32:30 INFO     Submission 1438 already scheduled for Online-SAP-Updates-Staging-saptune on x86_64
2026-01-15 14:32:30 INFO     Submission 1543 already scheduled for Online-SAP-Updates-Staging-saptune on x86_64
2026-01-15 14:32:30 INFO     Submission 1544 already scheduled for Online-SAP-Updates-Staging-saptune on x86_64
2026-01-15 14:32:30 INFO     Submission 1572 already scheduled for Online-SAP-Updates-Staging-saptune on x86_64
2026-01-15 14:32:30 INFO     Submission 1604 already scheduled for Online-SAP-Updates-Staging-saptune on x86_64
2026-01-15 14:32:30 INFO     Submission 1610 already scheduled for Online-SAP-Updates-Staging-saptune on x86_64
2026-01-15 14:32:30 INFO     Submission 1611 already scheduled for Online-SAP-Updates-Staging-saptune on x86_64
2026-01-15 14:32:30 INFO     Submission 1635 already scheduled for Online-SAP-Updates-Staging-saptune on x86_64
2026-01-15 14:32:30 INFO     Submission 1438 already scheduled for Online-SAP-Updates-Staging-saptune on ppc64le
2026-01-15 14:32:30 INFO     Submission 1543 already scheduled for Online-SAP-Updates-Staging-saptune on ppc64le
2026-01-15 14:32:30 INFO     Submission 1544 already scheduled for Online-SAP-Updates-Staging-saptune on ppc64le
2026-01-15 14:32:30 INFO     Submission 1572 already scheduled for Online-SAP-Updates-Staging-saptune on ppc64le
2026-01-15 14:32:30 INFO     Submission 1604 already scheduled for Online-SAP-Updates-Staging-saptune on ppc64le
2026-01-15 14:32:30 INFO     Submission 1610 already scheduled for Online-SAP-Updates-Staging-saptune on ppc64le
2026-01-15 14:32:30 INFO     Submission 1611 already scheduled for Online-SAP-Updates-Staging-saptune on ppc64le
2026-01-15 14:32:30 INFO     Submission 1635 already scheduled for Online-SAP-Updates-Staging-saptune on ppc64le
2026-01-15 14:32:30 INFO     Submission 1438 already scheduled for Online-SAP-Updates-Staging-cluster on x86_64
2026-01-15 14:32:30 INFO     Submission 1543 already scheduled for Online-SAP-Updates-Staging-cluster on x86_64
2026-01-15 14:32:30 INFO     Submission 1544 already scheduled for Online-SAP-Updates-Staging-cluster on x86_64
2026-01-15 14:32:30 INFO     Submission 1572 already scheduled for Online-SAP-Updates-Staging-cluster on x86_64
2026-01-15 14:32:30 INFO     Submission 1604 already scheduled for Online-SAP-Updates-Staging-cluster on x86_64
2026-01-15 14:32:30 INFO     Submission 1610 already scheduled for Online-SAP-Updates-Staging-cluster on x86_64
2026-01-15 14:32:30 INFO     Submission 1611 already scheduled for Online-SAP-Updates-Staging-cluster on x86_64
2026-01-15 14:32:30 INFO     Submission 1635 already scheduled for Online-SAP-Updates-Staging-cluster on x86_64
2026-01-15 14:32:30 INFO     Submission 1438 already scheduled for Online-SAP-Updates-Staging-cluster on ppc64le
2026-01-15 14:32:30 INFO     Submission 1543 already scheduled for Online-SAP-Updates-Staging-cluster on ppc64le
2026-01-15 14:32:30 INFO     Submission 1544 already scheduled for Online-SAP-Updates-Staging-cluster on ppc64le
2026-01-15 14:32:30 INFO     Submission 1572 already scheduled for Online-SAP-Updates-Staging-cluster on ppc64le
2026-01-15 14:32:30 INFO     Submission 1604 already scheduled for Online-SAP-Updates-Staging-cluster on ppc64le
2026-01-15 14:32:30 INFO     Submission 1610 already scheduled for Online-SAP-Updates-Staging-cluster on ppc64le
2026-01-15 14:32:30 INFO     Submission 1611 already scheduled for Online-SAP-Updates-Staging-cluster on ppc64le
2026-01-15 14:32:30 INFO     Submission 1635 already scheduled for Online-SAP-Updates-Staging-cluster on ppc64le
2026-01-15 14:32:30 INFO     Submission 951 already scheduled for Server-DVD-SAP-Staging-Install on x86_64
2026-01-15 14:32:30 INFO     Submission 1385 already scheduled for Server-DVD-SAP-Staging-Install on x86_64
2026-01-15 14:32:30 INFO     Submission 1432 already scheduled for Server-DVD-SAP-Staging-Install on x86_64
2026-01-15 14:32:30 INFO     Submission 1433 already scheduled for Server-DVD-SAP-Staging-Install on x86_64
2026-01-15 14:32:30 INFO     Submission 1434 already scheduled for Server-DVD-SAP-Staging-Install on x86_64
2026-01-15 14:32:30 INFO     Submission 1438 already scheduled for Server-DVD-SAP-Staging-Install on x86_64
2026-01-15 14:32:30 INFO     Submission 1444 already scheduled for Server-DVD-SAP-Staging-Install on x86_64
2026-01-15 14:32:30 INFO     Submission 1445 already scheduled for Server-DVD-SAP-Staging-Install on x86_64
2026-01-15 14:32:30 INFO     Submission 1453 already scheduled for Server-DVD-SAP-Staging-Install on x86_64
2026-01-15 14:32:30 INFO     Submission 1454 already scheduled for Server-DVD-SAP-Staging-Install on x86_64
2026-01-15 14:32:30 INFO     Submission 1459 already scheduled for Server-DVD-SAP-Staging-Install on x86_64
2026-01-15 14:32:30 INFO     Submission 1476 already scheduled for Server-DVD-SAP-Staging-Install on x86_64
2026-01-15 14:32:30 INFO     Submission 1482 already scheduled for Server-DVD-SAP-Staging-Install on x86_64
2026-01-15 14:32:30 INFO     Submission 1483 already scheduled for Server-DVD-SAP-Staging-Install on x86_64
2026-01-15 14:32:30 INFO     Submission 1486 already scheduled for Server-DVD-SAP-Staging-Install on x86_64
2026-01-15 14:32:30 INFO     Submission 1512 already scheduled for Server-DVD-SAP-Staging-Install on x86_64
2026-01-15 14:32:30 INFO     Submission 1537 already scheduled for Server-DVD-SAP-Staging-Install on x86_64
2026-01-15 14:32:30 INFO     Submission 1538 already scheduled for Server-DVD-SAP-Staging-Install on x86_64
2026-01-15 14:32:30 INFO     Submission 1543 already scheduled for Server-DVD-SAP-Staging-Install on x86_64
2026-01-15 14:32:30 INFO     Submission 1544 already scheduled for Server-DVD-SAP-Staging-Install on x86_64
2026-01-15 14:32:30 INFO     Submission 1546 already scheduled for Server-DVD-SAP-Staging-Install on x86_64
2026-01-15 14:32:30 INFO     Submission 1554 already scheduled for Server-DVD-SAP-Staging-Install on x86_64
2026-01-15 14:32:30 INFO     Submission 1557 already scheduled for Server-DVD-SAP-Staging-Install on x86_64
2026-01-15 14:32:30 INFO     Submission 1572 already scheduled for Server-DVD-SAP-Staging-Install on x86_64
2026-01-15 14:32:30 INFO     Submission 1578 already scheduled for Server-DVD-SAP-Staging-Install on x86_64
2026-01-15 14:32:30 INFO     Submission 1589 already scheduled for Server-DVD-SAP-Staging-Install on x86_64
2026-01-15 14:32:30 INFO     Submission 1595 already scheduled for Server-DVD-SAP-Staging-Install on x86_64
2026-01-15 14:32:30 INFO     Submission 1602 already scheduled for Server-DVD-SAP-Staging-Install on x86_64
2026-01-15 14:32:30 INFO     Submission 1604 already scheduled for Server-DVD-SAP-Staging-Install on x86_64
2026-01-15 14:32:30 INFO     Submission 1606 already scheduled for Server-DVD-SAP-Staging-Install on x86_64
2026-01-15 14:32:30 INFO     Submission 1607 already scheduled for Server-DVD-SAP-Staging-Install on x86_64
2026-01-15 14:32:30 INFO     Submission 1610 already scheduled for Server-DVD-SAP-Staging-Install on x86_64
2026-01-15 14:32:30 INFO     Submission 1611 already scheduled for Server-DVD-SAP-Staging-Install on x86_64
2026-01-15 14:32:30 INFO     Submission 1622 already scheduled for Server-DVD-SAP-Staging-Install on x86_64
2026-01-15 14:32:30 INFO     Submission 1623 already scheduled for Server-DVD-SAP-Staging-Install on x86_64
2026-01-15 14:32:30 INFO     Submission 1625 already scheduled for Server-DVD-SAP-Staging-Install on x86_64
2026-01-15 14:32:30 INFO     Submission 1626 already scheduled for Server-DVD-SAP-Staging-Install on x86_64
2026-01-15 14:32:30 INFO     Submission 1635 already scheduled for Server-DVD-SAP-Staging-Install on x86_64
2026-01-15 14:32:30 INFO     Submission 951 already scheduled for Server-DVD-SAP-Staging-Install on ppc64le
2026-01-15 14:32:30 INFO     Submission 1385 already scheduled for Server-DVD-SAP-Staging-Install on ppc64le
2026-01-15 14:32:30 INFO     Submission 1432 already scheduled for Server-DVD-SAP-Staging-Install on ppc64le
2026-01-15 14:32:30 INFO     Submission 1433 already scheduled for Server-DVD-SAP-Staging-Install on ppc64le
2026-01-15 14:32:30 INFO     Submission 1434 already scheduled for Server-DVD-SAP-Staging-Install on ppc64le
2026-01-15 14:32:30 INFO     Submission 1438 already scheduled for Server-DVD-SAP-Staging-Install on ppc64le
2026-01-15 14:32:30 INFO     Submission 1444 already scheduled for Server-DVD-SAP-Staging-Install on ppc64le
2026-01-15 14:32:30 INFO     Submission 1445 already scheduled for Server-DVD-SAP-Staging-Install on ppc64le
2026-01-15 14:32:30 INFO     Submission 1453 already scheduled for Server-DVD-SAP-Staging-Install on ppc64le
2026-01-15 14:32:31 INFO     Submission 1454 already scheduled for Server-DVD-SAP-Staging-Install on ppc64le
2026-01-15 14:32:31 INFO     Submission 1459 already scheduled for Server-DVD-SAP-Staging-Install on ppc64le
2026-01-15 14:32:31 INFO     Submission 1476 already scheduled for Server-DVD-SAP-Staging-Install on ppc64le
2026-01-15 14:32:31 INFO     Submission 1482 already scheduled for Server-DVD-SAP-Staging-Install on ppc64le
2026-01-15 14:32:31 INFO     Submission 1483 already scheduled for Server-DVD-SAP-Staging-Install on ppc64le
2026-01-15 14:32:31 INFO     Submission 1486 already scheduled for Server-DVD-SAP-Staging-Install on ppc64le
2026-01-15 14:32:31 INFO     Submission 1512 already scheduled for Server-DVD-SAP-Staging-Install on ppc64le
2026-01-15 14:32:31 INFO     Submission 1537 already scheduled for Server-DVD-SAP-Staging-Install on ppc64le
2026-01-15 14:32:31 INFO     Submission 1538 already scheduled for Server-DVD-SAP-Staging-Install on ppc64le
2026-01-15 14:32:31 INFO     Submission 1543 already scheduled for Server-DVD-SAP-Staging-Install on ppc64le
2026-01-15 14:32:31 INFO     Submission 1544 already scheduled for Server-DVD-SAP-Staging-Install on ppc64le
2026-01-15 14:32:31 INFO     Submission 1546 already scheduled for Server-DVD-SAP-Staging-Install on ppc64le
2026-01-15 14:32:31 INFO     Submission 1554 already scheduled for Server-DVD-SAP-Staging-Install on ppc64le
2026-01-15 14:32:31 INFO     Submission 1557 already scheduled for Server-DVD-SAP-Staging-Install on ppc64le
2026-01-15 14:32:31 INFO     Submission 1572 already scheduled for Server-DVD-SAP-Staging-Install on ppc64le
2026-01-15 14:32:31 INFO     Submission 1578 already scheduled for Server-DVD-SAP-Staging-Install on ppc64le
2026-01-15 14:32:31 INFO     Submission 1589 already scheduled for Server-DVD-SAP-Staging-Install on ppc64le
2026-01-15 14:32:31 INFO     Submission 1595 already scheduled for Server-DVD-SAP-Staging-Install on ppc64le
2026-01-15 14:32:31 INFO     Submission 1602 already scheduled for Server-DVD-SAP-Staging-Install on ppc64le
2026-01-15 14:32:31 INFO     Submission 1604 already scheduled for Server-DVD-SAP-Staging-Install on ppc64le
2026-01-15 14:32:31 INFO     Submission 1606 already scheduled for Server-DVD-SAP-Staging-Install on ppc64le
2026-01-15 14:32:31 INFO     Submission 1607 already scheduled for Server-DVD-SAP-Staging-Install on ppc64le
2026-01-15 14:32:31 INFO     Submission 1610 already scheduled for Server-DVD-SAP-Staging-Install on ppc64le
2026-01-15 14:32:31 INFO     Submission 1611 already scheduled for Server-DVD-SAP-Staging-Install on ppc64le
2026-01-15 14:32:31 INFO     Submission 1622 already scheduled for Server-DVD-SAP-Staging-Install on ppc64le
2026-01-15 14:32:31 INFO     Submission 1623 already scheduled for Server-DVD-SAP-Staging-Install on ppc64le
2026-01-15 14:32:31 INFO     Submission 1625 already scheduled for Server-DVD-SAP-Staging-Install on ppc64le
2026-01-15 14:32:31 INFO     Submission 1626 already scheduled for Server-DVD-SAP-Staging-Install on ppc64le
2026-01-15 14:32:31 INFO     Submission 1635 already scheduled for Server-DVD-SAP-Staging-Install on ppc64le
2026-01-15 14:32:37 INFO     Submission skipped: RepoHash metadata not found at http://download.suse.de/ibs/SUSE:/Maintenance:/42123/SUSE_Updates_MultiLinuxManagerTools-Beta_Debian-12_x86_64/repodata/repomd.xml
2026-01-15 14:32:37 INFO     Submission skipped: RepoHash metadata not found at http://download.suse.de/ibs/SUSE:/Maintenance:/42123/SUSE_Updates_MultiLinuxManagerTools-Beta_Debian-12_aarch64/repodata/repomd.xml
2026-01-15 14:32:37 INFO     Submission skipped: RepoHash metadata not found at http://download.suse.de/ibs/SUSE:/Maintenance:/42124/SUSE_Updates_MultiLinuxManagerTools-Beta_Ubuntu-22.04_x86_64/repodata/repomd.xml
2026-01-15 14:32:37 INFO     Submission skipped: RepoHash metadata not found at http://download.suse.de/ibs/SUSE:/Maintenance:/42125/SUSE_Updates_MultiLinuxManagerTools-Beta_Ubuntu-24.04_x86_64/repodata/repomd.xml
2026-01-15 14:32:40 INFO     Submission 41692 already scheduled for Desktop-DVD-Incidents on x86_64
2026-01-15 14:32:40 INFO     Submission 42027 already scheduled for Desktop-DVD-Incidents on x86_64
2026-01-15 14:32:40 INFO     Submission 42086 already scheduled for Desktop-DVD-Incidents on x86_64
2026-01-15 14:32:40 INFO     Submission 42100 already scheduled for Desktop-DVD-Incidents on x86_64
2026-01-15 14:32:40 INFO     Submission 42118 already scheduled for Desktop-DVD-Incidents on x86_64
2026-01-15 14:32:40 INFO     Submission 42126 already scheduled for Desktop-DVD-Incidents on x86_64
2026-01-15 14:32:40 INFO     Submission 42127 already scheduled for Desktop-DVD-Incidents on x86_64
2026-01-15 14:32:40 INFO     Submission 42131 already scheduled for Desktop-DVD-Incidents on x86_64
2026-01-15 14:32:40 INFO     Submission 42171 already scheduled for Desktop-DVD-Incidents on x86_64
2026-01-15 14:32:40 INFO     Submission 42172 already scheduled for Desktop-DVD-Incidents on x86_64
2026-01-15 14:32:40 INFO     Submission 42178 already scheduled for Desktop-DVD-Incidents on x86_64
2026-01-15 14:32:40 INFO     Submission 42182 already scheduled for Desktop-DVD-Incidents on x86_64
2026-01-15 14:32:40 INFO     Submission 42185 already scheduled for Desktop-DVD-Incidents on x86_64
2026-01-15 14:32:40 INFO     Submission 42187 already scheduled for Desktop-DVD-Incidents on x86_64
2026-01-15 14:32:40 INFO     Submission 42193 already scheduled for Desktop-DVD-Incidents on x86_64
2026-01-15 14:32:40 INFO     Submission 42195 already scheduled for Desktop-DVD-Incidents on x86_64
2026-01-15 14:32:40 INFO     Submission 42197 already scheduled for Desktop-DVD-Incidents on x86_64
2026-01-15 14:32:40 INFO     Submission 42205 already scheduled for Desktop-DVD-Incidents on x86_64
2026-01-15 14:32:40 INFO     Submission 42206 already scheduled for Desktop-DVD-Incidents on x86_64
2026-01-15 14:32:40 INFO     Submission 42207 already scheduled for Desktop-DVD-Incidents on x86_64
2026-01-15 14:32:40 INFO     Submission 42209 already scheduled for Desktop-DVD-Incidents on x86_64
2026-01-15 14:32:40 INFO     Submission 42212 already scheduled for Desktop-DVD-Incidents on x86_64
2026-01-15 14:32:40 INFO     Submission 42213 already scheduled for Desktop-DVD-Incidents on x86_64
2026-01-15 14:32:40 INFO     Submission 42214 already scheduled for Desktop-DVD-Incidents on x86_64
2026-01-15 14:32:40 INFO     Submission 42216 already scheduled for Desktop-DVD-Incidents on x86_64
2026-01-15 14:32:40 INFO     Submission 42218 already scheduled for Desktop-DVD-Incidents on x86_64
2026-01-15 14:32:40 INFO     Submission 42220 already scheduled for Desktop-DVD-Incidents on x86_64
2026-01-15 14:32:40 INFO     Submission 42221 already scheduled for Desktop-DVD-Incidents on x86_64
2026-01-15 14:32:40 INFO     Submission 42222 already scheduled for Desktop-DVD-Incidents on x86_64
2026-01-15 14:32:40 INFO     Submission 42224 already scheduled for Desktop-DVD-Incidents on x86_64
2026-01-15 14:32:40 INFO     Submission 41692 already scheduled for Desktop-DVD-Incidents-Install on x86_64
2026-01-15 14:32:40 INFO     Submission 42027 already scheduled for Desktop-DVD-Incidents-Install on x86_64
2026-01-15 14:32:40 INFO     Submission 42086 already scheduled for Desktop-DVD-Incidents-Install on x86_64
2026-01-15 14:32:40 INFO     Submission 42100 already scheduled for Desktop-DVD-Incidents-Install on x86_64
2026-01-15 14:32:40 INFO     Submission 42118 already scheduled for Desktop-DVD-Incidents-Install on x86_64
2026-01-15 14:32:40 INFO     Submission 42126 already scheduled for Desktop-DVD-Incidents-Install on x86_64
2026-01-15 14:32:40 INFO     Submission 42127 already scheduled for Desktop-DVD-Incidents-Install on x86_64
2026-01-15 14:32:40 INFO     Submission 42131 already scheduled for Desktop-DVD-Incidents-Install on x86_64
2026-01-15 14:32:40 INFO     Submission 42171 already scheduled for Desktop-DVD-Incidents-Install on x86_64
2026-01-15 14:32:40 INFO     Submission 42172 already scheduled for Desktop-DVD-Incidents-Install on x86_64
2026-01-15 14:32:40 INFO     Submission 42178 already scheduled for Desktop-DVD-Incidents-Install on x86_64
2026-01-15 14:32:40 INFO     Submission 42182 already scheduled for Desktop-DVD-Incidents-Install on x86_64
2026-01-15 14:32:40 INFO     Submission 42185 already scheduled for Desktop-DVD-Incidents-Install on x86_64
2026-01-15 14:32:40 INFO     Submission 42187 already scheduled for Desktop-DVD-Incidents-Install on x86_64
2026-01-15 14:32:40 INFO     Submission 42193 already scheduled for Desktop-DVD-Incidents-Install on x86_64
2026-01-15 14:32:40 INFO     Submission 42195 already scheduled for Desktop-DVD-Incidents-Install on x86_64
2026-01-15 14:32:40 INFO     Submission 42197 already scheduled for Desktop-DVD-Incidents-Install on x86_64
2026-01-15 14:32:40 INFO     Submission 42205 already scheduled for Desktop-DVD-Incidents-Install on x86_64
2026-01-15 14:32:40 INFO     Submission 42206 already scheduled for Desktop-DVD-Incidents-Install on x86_64
2026-01-15 14:32:40 INFO     Submission 42207 already scheduled for Desktop-DVD-Incidents-Install on x86_64
2026-01-15 14:32:40 INFO     Submission 42209 already scheduled for Desktop-DVD-Incidents-Install on x86_64
2026-01-15 14:32:40 INFO     Submission 42212 already scheduled for Desktop-DVD-Incidents-Install on x86_64
2026-01-15 14:32:40 INFO     Submission 42213 already scheduled for Desktop-DVD-Incidents-Install on x86_64
2026-01-15 14:32:40 INFO     Submission 42214 already scheduled for Desktop-DVD-Incidents-Install on x86_64
2026-01-15 14:32:40 INFO     Submission 42216 already scheduled for Desktop-DVD-Incidents-Install on x86_64
2026-01-15 14:32:40 INFO     Submission 42218 already scheduled for Desktop-DVD-Incidents-Install on x86_64
2026-01-15 14:32:40 INFO     Submission 42220 already scheduled for Desktop-DVD-Incidents-Install on x86_64
2026-01-15 14:32:40 INFO     Submission 42221 already scheduled for Desktop-DVD-Incidents-Install on x86_64
2026-01-15 14:32:40 INFO     Submission 42222 already scheduled for Desktop-DVD-Incidents-Install on x86_64
2026-01-15 14:32:40 INFO     Submission 42224 already scheduled for Desktop-DVD-Incidents-Install on x86_64
2026-01-15 14:32:40 INFO     Submission 42087 already scheduled for Server-DVD-Incidents-TERADATA on x86_64
2026-01-15 14:32:40 INFO     Submission 42177 already scheduled for Server-DVD-Incidents-TERADATA on x86_64
2026-01-15 14:32:40 INFO     Submission 42189 already scheduled for Server-DVD-Incidents-TERADATA on x86_64
2026-01-15 14:32:40 INFO     Submission 42190 already scheduled for Server-DVD-Incidents-TERADATA on x86_64
2026-01-15 14:32:40 INFO     Submission 42203 already scheduled for Server-DVD-Incidents-TERADATA on x86_64
2026-01-15 14:32:40 INFO     Submission 42087 already scheduled for Server-DVD-Incidents-Install-TERADATA on x86_64
2026-01-15 14:32:40 INFO     Submission 42177 already scheduled for Server-DVD-Incidents-Install-TERADATA on x86_64
2026-01-15 14:32:40 INFO     Submission 42189 already scheduled for Server-DVD-Incidents-Install-TERADATA on x86_64
2026-01-15 14:32:40 INFO     Submission 42190 already scheduled for Server-DVD-Incidents-Install-TERADATA on x86_64
2026-01-15 14:32:40 INFO     Submission 42203 already scheduled for Server-DVD-Incidents-Install-TERADATA on x86_64
2026-01-15 14:32:40 INFO     Submission 42203 already scheduled for Server-DVD-Incidents-Minimal-TERADATA on x86_64
2026-01-15 14:32:40 INFO     Submission 42085 already scheduled for Server-DVD-Incidents-LTSS-ES on x86_64
2026-01-15 14:32:40 INFO     Submission 42179 already scheduled for Server-DVD-Incidents-LTSS-ES on x86_64
2026-01-15 14:32:40 INFO     Submission 42191 already scheduled for Server-DVD-Incidents-LTSS-ES on x86_64
2026-01-15 14:32:40 INFO     Submission 42202 already scheduled for Server-DVD-Incidents-LTSS-ES on x86_64
2026-01-15 14:32:40 INFO     Submission 42219 already scheduled for Server-DVD-Incidents-LTSS-ES on x86_64
2026-01-15 14:32:40 INFO     Submission 42085 already scheduled for Server-DVD-Incidents-Install-LTSS-ES on x86_64
2026-01-15 14:32:40 INFO     Submission 42179 already scheduled for Server-DVD-Incidents-Install-LTSS-ES on x86_64
2026-01-15 14:32:40 INFO     Submission 42191 already scheduled for Server-DVD-Incidents-Install-LTSS-ES on x86_64
2026-01-15 14:32:40 INFO     Submission 42202 already scheduled for Server-DVD-Incidents-Install-LTSS-ES on x86_64
2026-01-15 14:32:40 INFO     Submission 42219 already scheduled for Server-DVD-Incidents-Install-LTSS-ES on x86_64
2026-01-15 14:32:40 INFO     Submission 42085 already scheduled for Server-DVD-Incidents-VIRT-Core-ES on x86_64
2026-01-15 14:32:40 INFO     Submission 42191 already scheduled for Server-DVD-Incidents on x86_64
2026-01-15 14:32:40 INFO     Submission 42219 already scheduled for Server-DVD-Incidents on x86_64
2026-01-15 14:32:40 INFO     Submission 38246 already scheduled for Server-DVD-Incidents-Install on x86_64
2026-01-15 14:32:40 INFO     Submission 42177 already scheduled for Server-DVD-Incidents-Install on x86_64
2026-01-15 14:32:40 INFO     Submission 42191 already scheduled for Server-DVD-Incidents-Install on x86_64
2026-01-15 14:32:40 INFO     Submission 42219 already scheduled for Server-DVD-Incidents-Install on x86_64
2026-01-15 14:32:40 INFO     Submission 38246 already scheduled for Server-DVD-Incidents-Install on ppc64le
2026-01-15 14:32:40 INFO     Submission 42177 already scheduled for Server-DVD-Incidents-Install on ppc64le
2026-01-15 14:32:40 INFO     Submission 42191 already scheduled for Server-DVD-Incidents-Install on ppc64le
2026-01-15 14:32:40 INFO     Submission 42219 already scheduled for Server-DVD-Incidents-Install on ppc64le
2026-01-15 14:32:40 INFO     Submission 38246 already scheduled for Server-DVD-Incidents-Install on aarch64
2026-01-15 14:32:40 INFO     Submission 42177 already scheduled for Server-DVD-Incidents-Install on aarch64
2026-01-15 14:32:40 INFO     Submission 42191 already scheduled for Server-DVD-Incidents-Install on aarch64
2026-01-15 14:32:40 INFO     Submission 42219 already scheduled for Server-DVD-Incidents-Install on aarch64
2026-01-15 14:32:40 INFO     Submission 38246 already scheduled for Server-DVD-Incidents-Install on s390x
2026-01-15 14:32:40 INFO     Submission 42177 already scheduled for Server-DVD-Incidents-Install on s390x
2026-01-15 14:32:40 INFO     Submission 42191 already scheduled for Server-DVD-Incidents-Install on s390x
2026-01-15 14:32:40 INFO     Submission 42170 already scheduled for Server-DVD-HPC-Incidents on x86_64
2026-01-15 14:32:40 INFO     Submission 42170 already scheduled for Server-DVD-HPC-Incidents on aarch64
2026-01-15 14:32:40 INFO     Submission 42108 already scheduled for Server-DVD-Incidents on x86_64
2026-01-15 14:32:40 INFO     Submission 42131 already scheduled for Server-DVD-Incidents on x86_64
2026-01-15 14:32:40 INFO     Submission 42170 already scheduled for Server-DVD-Incidents on x86_64
2026-01-15 14:32:40 INFO     Submission 42184 already scheduled for Server-DVD-Incidents on x86_64
2026-01-15 14:32:40 INFO     Submission 42187 already scheduled for Server-DVD-Incidents on x86_64
2026-01-15 14:32:40 INFO     Submission 42192 already scheduled for Server-DVD-Incidents on x86_64
2026-01-15 14:32:40 INFO     Submission 42204 already scheduled for Server-DVD-Incidents on x86_64
2026-01-15 14:32:41 INFO     Submission 42205 already scheduled for Server-DVD-Incidents on x86_64
2026-01-15 14:32:41 INFO     Submission 42209 already scheduled for Server-DVD-Incidents on x86_64
2026-01-15 14:32:41 INFO     Submission 42211 already scheduled for Server-DVD-Incidents on x86_64
2026-01-15 14:32:41 INFO     Submission 42222 already scheduled for Server-DVD-Incidents on x86_64
2026-01-15 14:32:41 INFO     Submission 42108 already scheduled for Server-DVD-Incidents-Install on x86_64
2026-01-15 14:32:41 INFO     Submission 42131 already scheduled for Server-DVD-Incidents-Install on x86_64
2026-01-15 14:32:41 INFO     Submission 42170 already scheduled for Server-DVD-Incidents-Install on x86_64
2026-01-15 14:32:41 INFO     Submission 42184 already scheduled for Server-DVD-Incidents-Install on x86_64
2026-01-15 14:32:41 INFO     Submission 42187 already scheduled for Server-DVD-Incidents-Install on x86_64
2026-01-15 14:32:41 INFO     Submission 42188 already scheduled for Server-DVD-Incidents-Install on x86_64
2026-01-15 14:32:41 INFO     Submission 42192 already scheduled for Server-DVD-Incidents-Install on x86_64
2026-01-15 14:32:41 INFO     Submission 42204 already scheduled for Server-DVD-Incidents-Install on x86_64
2026-01-15 14:32:41 INFO     Submission 42205 already scheduled for Server-DVD-Incidents-Install on x86_64
2026-01-15 14:32:41 INFO     Submission 42209 already scheduled for Server-DVD-Incidents-Install on x86_64
2026-01-15 14:32:41 INFO     Submission 42211 already scheduled for Server-DVD-Incidents-Install on x86_64
2026-01-15 14:32:41 INFO     Submission 42218 already scheduled for Server-DVD-Incidents-Install on x86_64
2026-01-15 14:32:41 INFO     Submission 42222 already scheduled for Server-DVD-Incidents-Install on x86_64
2026-01-15 14:32:41 INFO     Submission 42131 already scheduled for Server-DVD-Incidents-Install on ppc64le
2026-01-15 14:32:41 INFO     Submission 42170 already scheduled for Server-DVD-Incidents-Install on ppc64le
2026-01-15 14:32:41 INFO     Submission 42184 already scheduled for Server-DVD-Incidents-Install on ppc64le
2026-01-15 14:32:41 INFO     Submission 42187 already scheduled for Server-DVD-Incidents-Install on ppc64le
2026-01-15 14:32:41 INFO     Submission 42188 already scheduled for Server-DVD-Incidents-Install on ppc64le
2026-01-15 14:32:41 INFO     Submission 42192 already scheduled for Server-DVD-Incidents-Install on ppc64le
2026-01-15 14:32:41 INFO     Submission 42204 already scheduled for Server-DVD-Incidents-Install on ppc64le
2026-01-15 14:32:41 INFO     Submission 42205 already scheduled for Server-DVD-Incidents-Install on ppc64le
2026-01-15 14:32:41 INFO     Submission 42209 already scheduled for Server-DVD-Incidents-Install on ppc64le
2026-01-15 14:32:41 INFO     Submission 42211 already scheduled for Server-DVD-Incidents-Install on ppc64le
2026-01-15 14:32:41 INFO     Submission 42218 already scheduled for Server-DVD-Incidents-Install on ppc64le
2026-01-15 14:32:41 INFO     Submission 42222 already scheduled for Server-DVD-Incidents-Install on ppc64le
2026-01-15 14:32:41 INFO     Submission 42108 already scheduled for Server-DVD-Incidents-Install on aarch64
2026-01-15 14:32:41 INFO     Submission 42131 already scheduled for Server-DVD-Incidents-Install on aarch64
2026-01-15 14:32:41 INFO     Submission 42170 already scheduled for Server-DVD-Incidents-Install on aarch64
2026-01-15 14:32:41 INFO     Submission 42184 already scheduled for Server-DVD-Incidents-Install on aarch64
2026-01-15 14:32:41 INFO     Submission 42187 already scheduled for Server-DVD-Incidents-Install on aarch64
2026-01-15 14:32:41 INFO     Submission 42188 already scheduled for Server-DVD-Incidents-Install on aarch64
2026-01-15 14:32:41 INFO     Submission 42192 already scheduled for Server-DVD-Incidents-Install on aarch64
2026-01-15 14:32:41 INFO     Submission 42204 already scheduled for Server-DVD-Incidents-Install on aarch64
2026-01-15 14:32:41 INFO     Submission 42205 already scheduled for Server-DVD-Incidents-Install on aarch64
2026-01-15 14:32:41 INFO     Submission 42209 already scheduled for Server-DVD-Incidents-Install on aarch64
2026-01-15 14:32:41 INFO     Submission 42211 already scheduled for Server-DVD-Incidents-Install on aarch64
2026-01-15 14:32:41 INFO     Submission 42218 already scheduled for Server-DVD-Incidents-Install on aarch64
2026-01-15 14:32:41 INFO     Submission 42222 already scheduled for Server-DVD-Incidents-Install on aarch64
2026-01-15 14:32:41 INFO     Submission 42131 already scheduled for Server-DVD-Incidents-Install on s390x
2026-01-15 14:32:41 INFO     Submission 42170 already scheduled for Server-DVD-Incidents-Install on s390x
2026-01-15 14:32:41 INFO     Submission 42184 already scheduled for Server-DVD-Incidents-Install on s390x
2026-01-15 14:32:41 INFO     Submission 42187 already scheduled for Server-DVD-Incidents-Install on s390x
2026-01-15 14:32:41 INFO     Submission 42188 already scheduled for Server-DVD-Incidents-Install on s390x
2026-01-15 14:32:41 INFO     Submission 42192 already scheduled for Server-DVD-Incidents-Install on s390x
2026-01-15 14:32:41 INFO     Submission 42204 already scheduled for Server-DVD-Incidents-Install on s390x
2026-01-15 14:32:41 INFO     Submission 42205 already scheduled for Server-DVD-Incidents-Install on s390x
2026-01-15 14:32:41 INFO     Submission 42209 already scheduled for Server-DVD-Incidents-Install on s390x
2026-01-15 14:32:41 INFO     Submission 42211 already scheduled for Server-DVD-Incidents-Install on s390x
2026-01-15 14:32:41 INFO     Submission 42218 already scheduled for Server-DVD-Incidents-Install on s390x
2026-01-15 14:32:41 INFO     Submission 42222 already scheduled for Server-DVD-Incidents-Install on s390x
2026-01-15 14:32:41 INFO     Submission 42184 already scheduled for Server-DVD-Incidents-Minimal on x86_64
2026-01-15 14:32:41 INFO     Submission 42184 already scheduled for Server-DVD-Incidents-Minimal on s390x
2026-01-15 14:32:41 INFO     Submission 42184 already scheduled for Server-DVD-Incidents-Minimal on ppc64le
2026-01-15 14:32:41 INFO     Submission 42184 already scheduled for Server-DVD-Incidents-Minimal on aarch64
2026-01-15 14:32:41 INFO     Submission 42083 already scheduled for Server-DVD-Incidents-TERADATA on x86_64
2026-01-15 14:32:41 INFO     Submission 42091 already scheduled for Server-DVD-Incidents-TERADATA on x86_64
2026-01-15 14:32:41 INFO     Submission 42099 already scheduled for Server-DVD-Incidents-TERADATA on x86_64
2026-01-15 14:32:41 INFO     Submission 42100 already scheduled for Server-DVD-Incidents-TERADATA on x86_64
2026-01-15 14:32:41 INFO     Submission 42108 already scheduled for Server-DVD-Incidents-TERADATA on x86_64
2026-01-15 14:32:41 INFO     Submission 42113 already scheduled for Server-DVD-Incidents-TERADATA on x86_64
2026-01-15 14:32:41 INFO     Submission 42118 already scheduled for Server-DVD-Incidents-TERADATA on x86_64
2026-01-15 14:32:41 INFO     Submission 42121 already scheduled for Server-DVD-Incidents-TERADATA on x86_64
2026-01-15 14:32:41 INFO     Submission 42126 already scheduled for Server-DVD-Incidents-TERADATA on x86_64
2026-01-15 14:32:41 INFO     Submission 42131 already scheduled for Server-DVD-Incidents-TERADATA on x86_64
2026-01-15 14:32:41 INFO     Submission 42170 already scheduled for Server-DVD-Incidents-TERADATA on x86_64
2026-01-15 14:32:41 INFO     Submission 42178 already scheduled for Server-DVD-Incidents-TERADATA on x86_64
2026-01-15 14:32:41 INFO     Submission 42182 already scheduled for Server-DVD-Incidents-TERADATA on x86_64
2026-01-15 14:32:41 INFO     Submission 42184 already scheduled for Server-DVD-Incidents-TERADATA on x86_64
2026-01-15 14:32:41 INFO     Submission 42187 already scheduled for Server-DVD-Incidents-TERADATA on x86_64
2026-01-15 14:32:41 INFO     Submission 42188 already scheduled for Server-DVD-Incidents-TERADATA on x86_64
2026-01-15 14:32:41 INFO     Submission 42192 already scheduled for Server-DVD-Incidents-TERADATA on x86_64
2026-01-15 14:32:41 INFO     Submission 42196 already scheduled for Server-DVD-Incidents-TERADATA on x86_64
2026-01-15 14:32:41 INFO     Submission 42200 already scheduled for Server-DVD-Incidents-TERADATA on x86_64
2026-01-15 14:32:41 INFO     Submission 42204 already scheduled for Server-DVD-Incidents-TERADATA on x86_64
2026-01-15 14:32:41 INFO     Submission 42205 already scheduled for Server-DVD-Incidents-TERADATA on x86_64
2026-01-15 14:32:41 INFO     Submission 42209 already scheduled for Server-DVD-Incidents-TERADATA on x86_64
2026-01-15 14:32:41 INFO     Submission 42211 already scheduled for Server-DVD-Incidents-TERADATA on x86_64
2026-01-15 14:32:41 INFO     Submission 42216 already scheduled for Server-DVD-Incidents-TERADATA on x86_64
2026-01-15 14:32:41 INFO     Submission 42218 already scheduled for Server-DVD-Incidents-TERADATA on x86_64
2026-01-15 14:32:41 INFO     Submission 42221 already scheduled for Server-DVD-Incidents-TERADATA on x86_64
2026-01-15 14:32:41 INFO     Submission 42222 already scheduled for Server-DVD-Incidents-TERADATA on x86_64
2026-01-15 14:32:41 INFO     Submission 42083 already scheduled for Server-DVD-Incidents-Install-TERADATA on x86_64
2026-01-15 14:32:41 INFO     Submission 42091 already scheduled for Server-DVD-Incidents-Install-TERADATA on x86_64
2026-01-15 14:32:41 INFO     Submission 42099 already scheduled for Server-DVD-Incidents-Install-TERADATA on x86_64
2026-01-15 14:32:41 INFO     Submission 42100 already scheduled for Server-DVD-Incidents-Install-TERADATA on x86_64
2026-01-15 14:32:41 INFO     Submission 42108 already scheduled for Server-DVD-Incidents-Install-TERADATA on x86_64
2026-01-15 14:32:41 INFO     Submission 42113 already scheduled for Server-DVD-Incidents-Install-TERADATA on x86_64
2026-01-15 14:32:41 INFO     Submission 42118 already scheduled for Server-DVD-Incidents-Install-TERADATA on x86_64
2026-01-15 14:32:41 INFO     Submission 42121 already scheduled for Server-DVD-Incidents-Install-TERADATA on x86_64
2026-01-15 14:32:41 INFO     Submission 42126 already scheduled for Server-DVD-Incidents-Install-TERADATA on x86_64
2026-01-15 14:32:41 INFO     Submission 42131 already scheduled for Server-DVD-Incidents-Install-TERADATA on x86_64
2026-01-15 14:32:41 INFO     Submission 42170 already scheduled for Server-DVD-Incidents-Install-TERADATA on x86_64
2026-01-15 14:32:41 INFO     Submission 42178 already scheduled for Server-DVD-Incidents-Install-TERADATA on x86_64
2026-01-15 14:32:41 INFO     Submission 42182 already scheduled for Server-DVD-Incidents-Install-TERADATA on x86_64
2026-01-15 14:32:41 INFO     Submission 42184 already scheduled for Server-DVD-Incidents-Install-TERADATA on x86_64
2026-01-15 14:32:41 INFO     Submission 42187 already scheduled for Server-DVD-Incidents-Install-TERADATA on x86_64
2026-01-15 14:32:41 INFO     Submission 42188 already scheduled for Server-DVD-Incidents-Install-TERADATA on x86_64
2026-01-15 14:32:41 INFO     Submission 42192 already scheduled for Server-DVD-Incidents-Install-TERADATA on x86_64
2026-01-15 14:32:41 INFO     Submission 42196 already scheduled for Server-DVD-Incidents-Install-TERADATA on x86_64
2026-01-15 14:32:41 INFO     Submission 42200 already scheduled for Server-DVD-Incidents-Install-TERADATA on x86_64
2026-01-15 14:32:41 INFO     Submission 42204 already scheduled for Server-DVD-Incidents-Install-TERADATA on x86_64
2026-01-15 14:32:41 INFO     Submission 42205 already scheduled for Server-DVD-Incidents-Install-TERADATA on x86_64
2026-01-15 14:32:41 INFO     Submission 42209 already scheduled for Server-DVD-Incidents-Install-TERADATA on x86_64
2026-01-15 14:32:41 INFO     Submission 42211 already scheduled for Server-DVD-Incidents-Install-TERADATA on x86_64
2026-01-15 14:32:41 INFO     Submission 42216 already scheduled for Server-DVD-Incidents-Install-TERADATA on x86_64
2026-01-15 14:32:41 INFO     Submission 42218 already scheduled for Server-DVD-Incidents-Install-TERADATA on x86_64
2026-01-15 14:32:41 INFO     Submission 42221 already scheduled for Server-DVD-Incidents-Install-TERADATA on x86_64
2026-01-15 14:32:41 INFO     Submission 42222 already scheduled for Server-DVD-Incidents-Install-TERADATA on x86_64
2026-01-15 14:32:41 INFO     Submission 42184 already scheduled for Server-DVD-Incidents-Minimal-TERADATA on x86_64
2026-01-15 14:32:41 INFO     Submission 42200 already scheduled for Server-DVD-Incidents-Minimal-TERADATA on x86_64
2026-01-15 14:32:41 INFO     Submission 42083 already scheduled for Server-DVD-Incidents-VIRT-Core-TERADATA on x86_64
2026-01-15 14:32:41 INFO     Submission 42109 already scheduled for Server-DVD-Incidents on x86_64
2026-01-15 14:32:41 INFO     Submission 42131 already scheduled for Server-DVD-Incidents on x86_64
2026-01-15 14:32:41 INFO     Submission 42170 already scheduled for Server-DVD-Incidents on x86_64
2026-01-15 14:32:41 INFO     Submission 42184 already scheduled for Server-DVD-Incidents on x86_64
2026-01-15 14:32:41 INFO     Submission 42187 already scheduled for Server-DVD-Incidents on x86_64
2026-01-15 14:32:41 INFO     Submission 42192 already scheduled for Server-DVD-Incidents on x86_64
2026-01-15 14:32:41 INFO     Submission 42205 already scheduled for Server-DVD-Incidents on x86_64
2026-01-15 14:32:41 INFO     Submission 42209 already scheduled for Server-DVD-Incidents on x86_64
2026-01-15 14:32:41 INFO     Submission 42222 already scheduled for Server-DVD-Incidents on x86_64
2026-01-15 14:32:41 INFO     Submission 42109 already scheduled for Server-DVD-Incidents-Install on x86_64
2026-01-15 14:32:41 INFO     Submission 42131 already scheduled for Server-DVD-Incidents-Install on x86_64
2026-01-15 14:32:41 INFO     Submission 42170 already scheduled for Server-DVD-Incidents-Install on x86_64
2026-01-15 14:32:41 INFO     Submission 42184 already scheduled for Server-DVD-Incidents-Install on x86_64
2026-01-15 14:32:41 INFO     Submission 42187 already scheduled for Server-DVD-Incidents-Install on x86_64
2026-01-15 14:32:41 INFO     Submission 42188 already scheduled for Server-DVD-Incidents-Install on x86_64
2026-01-15 14:32:41 INFO     Submission 42192 already scheduled for Server-DVD-Incidents-Install on x86_64
2026-01-15 14:32:41 INFO     Submission 42205 already scheduled for Server-DVD-Incidents-Install on x86_64
2026-01-15 14:32:41 INFO     Submission 42208 already scheduled for Server-DVD-Incidents-Install on x86_64
2026-01-15 14:32:41 INFO     Submission 42209 already scheduled for Server-DVD-Incidents-Install on x86_64
2026-01-15 14:32:41 INFO     Submission 42222 already scheduled for Server-DVD-Incidents-Install on x86_64
2026-01-15 14:32:41 INFO     Submission 42131 already scheduled for Server-DVD-Incidents-Install on ppc64le
2026-01-15 14:32:41 INFO     Submission 42170 already scheduled for Server-DVD-Incidents-Install on ppc64le
2026-01-15 14:32:41 INFO     Submission 42184 already scheduled for Server-DVD-Incidents-Install on ppc64le
2026-01-15 14:32:41 INFO     Submission 42187 already scheduled for Server-DVD-Incidents-Install on ppc64le
2026-01-15 14:32:41 INFO     Submission 42188 already scheduled for Server-DVD-Incidents-Install on ppc64le
2026-01-15 14:32:41 INFO     Submission 42192 already scheduled for Server-DVD-Incidents-Install on ppc64le
2026-01-15 14:32:41 INFO     Submission 42205 already scheduled for Server-DVD-Incidents-Install on ppc64le
2026-01-15 14:32:41 INFO     Submission 42209 already scheduled for Server-DVD-Incidents-Install on ppc64le
2026-01-15 14:32:41 INFO     Submission 42222 already scheduled for Server-DVD-Incidents-Install on ppc64le
2026-01-15 14:32:41 INFO     Submission 42109 already scheduled for Server-DVD-Incidents-Install on aarch64
2026-01-15 14:32:41 INFO     Submission 42131 already scheduled for Server-DVD-Incidents-Install on aarch64
2026-01-15 14:32:41 INFO     Submission 42170 already scheduled for Server-DVD-Incidents-Install on aarch64
2026-01-15 14:32:41 INFO     Submission 42184 already scheduled for Server-DVD-Incidents-Install on aarch64
2026-01-15 14:32:41 INFO     Submission 42187 already scheduled for Server-DVD-Incidents-Install on aarch64
2026-01-15 14:32:41 INFO     Submission 42188 already scheduled for Server-DVD-Incidents-Install on aarch64
2026-01-15 14:32:41 INFO     Submission 42192 already scheduled for Server-DVD-Incidents-Install on aarch64
2026-01-15 14:32:41 INFO     Submission 42205 already scheduled for Server-DVD-Incidents-Install on aarch64
2026-01-15 14:32:41 INFO     Submission 42208 already scheduled for Server-DVD-Incidents-Install on aarch64
2026-01-15 14:32:41 INFO     Submission 42209 already scheduled for Server-DVD-Incidents-Install on aarch64
2026-01-15 14:32:41 INFO     Submission 42222 already scheduled for Server-DVD-Incidents-Install on aarch64
2026-01-15 14:32:41 INFO     Submission 42131 already scheduled for Server-DVD-Incidents-Install on s390x
2026-01-15 14:32:41 INFO     Submission 42170 already scheduled for Server-DVD-Incidents-Install on s390x
2026-01-15 14:32:41 INFO     Submission 42184 already scheduled for Server-DVD-Incidents-Install on s390x
2026-01-15 14:32:41 INFO     Submission 42187 already scheduled for Server-DVD-Incidents-Install on s390x
2026-01-15 14:32:41 INFO     Submission 42188 already scheduled for Server-DVD-Incidents-Install on s390x
2026-01-15 14:32:41 INFO     Submission 42192 already scheduled for Server-DVD-Incidents-Install on s390x
2026-01-15 14:32:41 INFO     Submission 42205 already scheduled for Server-DVD-Incidents-Install on s390x
2026-01-15 14:32:41 INFO     Submission 42209 already scheduled for Server-DVD-Incidents-Install on s390x
2026-01-15 14:32:41 INFO     Submission 42222 already scheduled for Server-DVD-Incidents-Install on s390x
2026-01-15 14:32:42 INFO     Submission 42184 already scheduled for Server-DVD-Incidents-Minimal on x86_64
2026-01-15 14:32:42 INFO     Submission 42184 already scheduled for Server-DVD-Incidents-Minimal on s390x
2026-01-15 14:32:42 INFO     Submission 42184 already scheduled for Server-DVD-Incidents-Minimal on ppc64le
2026-01-15 14:32:42 INFO     Submission 42184 already scheduled for Server-DVD-Incidents-Minimal on aarch64
2026-01-15 14:32:42 INFO     Submission 41445 already scheduled for Server-DVD-Incidents on x86_64
2026-01-15 14:32:42 INFO     Submission 41692 already scheduled for Server-DVD-Incidents on x86_64
2026-01-15 14:32:42 INFO     Submission 42131 already scheduled for Server-DVD-Incidents on x86_64
2026-01-15 14:32:42 INFO     Submission 42185 already scheduled for Server-DVD-Incidents on x86_64
2026-01-15 14:32:42 INFO     Submission 42187 already scheduled for Server-DVD-Incidents on x86_64
2026-01-15 14:32:42 INFO     Submission 42193 already scheduled for Server-DVD-Incidents on x86_64
2026-01-15 14:32:42 INFO     Submission 42205 already scheduled for Server-DVD-Incidents on x86_64
2026-01-15 14:32:42 INFO     Submission 42209 already scheduled for Server-DVD-Incidents on x86_64
2026-01-15 14:32:42 INFO     Submission 42212 already scheduled for Server-DVD-Incidents on x86_64
2026-01-15 14:32:42 INFO     Submission 42213 already scheduled for Server-DVD-Incidents on x86_64
2026-01-15 14:32:42 INFO     Submission 42222 already scheduled for Server-DVD-Incidents on x86_64
2026-01-15 14:32:42 INFO     Submission 41445 already scheduled for Server-DVD-Incidents-Install on x86_64
2026-01-15 14:32:42 INFO     Submission 41692 already scheduled for Server-DVD-Incidents-Install on x86_64
2026-01-15 14:32:42 INFO     Submission 42131 already scheduled for Server-DVD-Incidents-Install on x86_64
2026-01-15 14:32:42 INFO     Submission 42185 already scheduled for Server-DVD-Incidents-Install on x86_64
2026-01-15 14:32:42 INFO     Submission 42187 already scheduled for Server-DVD-Incidents-Install on x86_64
2026-01-15 14:32:42 INFO     Submission 42188 already scheduled for Server-DVD-Incidents-Install on x86_64
2026-01-15 14:32:42 INFO     Submission 42193 already scheduled for Server-DVD-Incidents-Install on x86_64
2026-01-15 14:32:42 INFO     Submission 42205 already scheduled for Server-DVD-Incidents-Install on x86_64
2026-01-15 14:32:42 INFO     Submission 42208 already scheduled for Server-DVD-Incidents-Install on x86_64
2026-01-15 14:32:42 INFO     Submission 42209 already scheduled for Server-DVD-Incidents-Install on x86_64
2026-01-15 14:32:42 INFO     Submission 42212 already scheduled for Server-DVD-Incidents-Install on x86_64
2026-01-15 14:32:42 INFO     Submission 42213 already scheduled for Server-DVD-Incidents-Install on x86_64
2026-01-15 14:32:42 INFO     Submission 42222 already scheduled for Server-DVD-Incidents-Install on x86_64
2026-01-15 14:32:42 INFO     Submission 42223 already scheduled for Server-DVD-Incidents-Install on x86_64
2026-01-15 14:32:42 INFO     Submission 41692 already scheduled for Server-DVD-Incidents-Install on ppc64le
2026-01-15 14:32:42 INFO     Submission 42131 already scheduled for Server-DVD-Incidents-Install on ppc64le
2026-01-15 14:32:42 INFO     Submission 42185 already scheduled for Server-DVD-Incidents-Install on ppc64le
2026-01-15 14:32:42 INFO     Submission 42187 already scheduled for Server-DVD-Incidents-Install on ppc64le
2026-01-15 14:32:42 INFO     Submission 42188 already scheduled for Server-DVD-Incidents-Install on ppc64le
2026-01-15 14:32:42 INFO     Submission 42193 already scheduled for Server-DVD-Incidents-Install on ppc64le
2026-01-15 14:32:42 INFO     Submission 42205 already scheduled for Server-DVD-Incidents-Install on ppc64le
2026-01-15 14:32:42 INFO     Submission 42209 already scheduled for Server-DVD-Incidents-Install on ppc64le
2026-01-15 14:32:42 INFO     Submission 42212 already scheduled for Server-DVD-Incidents-Install on ppc64le
2026-01-15 14:32:42 INFO     Submission 42213 already scheduled for Server-DVD-Incidents-Install on ppc64le
2026-01-15 14:32:42 INFO     Submission 42222 already scheduled for Server-DVD-Incidents-Install on ppc64le
2026-01-15 14:32:42 INFO     Submission 41445 already scheduled for Server-DVD-Incidents-Install on aarch64
2026-01-15 14:32:42 INFO     Submission 41692 already scheduled for Server-DVD-Incidents-Install on aarch64
2026-01-15 14:32:42 INFO     Submission 42131 already scheduled for Server-DVD-Incidents-Install on aarch64
2026-01-15 14:32:42 INFO     Submission 42185 already scheduled for Server-DVD-Incidents-Install on aarch64
2026-01-15 14:32:42 INFO     Submission 42187 already scheduled for Server-DVD-Incidents-Install on aarch64
2026-01-15 14:32:42 INFO     Submission 42188 already scheduled for Server-DVD-Incidents-Install on aarch64
2026-01-15 14:32:42 INFO     Submission 42193 already scheduled for Server-DVD-Incidents-Install on aarch64
2026-01-15 14:32:42 INFO     Submission 42205 already scheduled for Server-DVD-Incidents-Install on aarch64
2026-01-15 14:32:42 INFO     Submission 42208 already scheduled for Server-DVD-Incidents-Install on aarch64
2026-01-15 14:32:42 INFO     Submission 42209 already scheduled for Server-DVD-Incidents-Install on aarch64
2026-01-15 14:32:42 INFO     Submission 42212 already scheduled for Server-DVD-Incidents-Install on aarch64
2026-01-15 14:32:42 INFO     Submission 42213 already scheduled for Server-DVD-Incidents-Install on aarch64
2026-01-15 14:32:42 INFO     Submission 42222 already scheduled for Server-DVD-Incidents-Install on aarch64
2026-01-15 14:32:42 INFO     Submission 41692 already scheduled for Server-DVD-Incidents-Install on s390x
2026-01-15 14:32:42 INFO     Submission 42131 already scheduled for Server-DVD-Incidents-Install on s390x
2026-01-15 14:32:42 INFO     Submission 42185 already scheduled for Server-DVD-Incidents-Install on s390x
2026-01-15 14:32:42 INFO     Submission 42187 already scheduled for Server-DVD-Incidents-Install on s390x
2026-01-15 14:32:42 INFO     Submission 42188 already scheduled for Server-DVD-Incidents-Install on s390x
2026-01-15 14:32:42 INFO     Submission 42193 already scheduled for Server-DVD-Incidents-Install on s390x
2026-01-15 14:32:42 INFO     Submission 42205 already scheduled for Server-DVD-Incidents-Install on s390x
2026-01-15 14:32:42 INFO     Submission 42209 already scheduled for Server-DVD-Incidents-Install on s390x
2026-01-15 14:32:42 INFO     Submission 42212 already scheduled for Server-DVD-Incidents-Install on s390x
2026-01-15 14:32:42 INFO     Submission 42213 already scheduled for Server-DVD-Incidents-Install on s390x
2026-01-15 14:32:42 INFO     Submission 42222 already scheduled for Server-DVD-Incidents-Install on s390x
2026-01-15 14:32:42 INFO     Submission 41692 already scheduled for Server-DVD-Incidents-Minimal on x86_64
2026-01-15 14:32:42 INFO     Submission 42185 already scheduled for Server-DVD-Incidents-Minimal on x86_64
2026-01-15 14:32:42 INFO     Submission 41692 already scheduled for Server-DVD-Incidents-Minimal on s390x
2026-01-15 14:32:42 INFO     Submission 42185 already scheduled for Server-DVD-Incidents-Minimal on s390x
2026-01-15 14:32:42 INFO     Submission 41692 already scheduled for Server-DVD-Incidents-Minimal on ppc64le
2026-01-15 14:32:42 INFO     Submission 42185 already scheduled for Server-DVD-Incidents-Minimal on ppc64le
2026-01-15 14:32:42 INFO     Submission 41692 already scheduled for Server-DVD-Incidents-Minimal on aarch64
2026-01-15 14:32:42 INFO     Submission 42185 already scheduled for Server-DVD-Incidents-Minimal on aarch64
2026-01-15 14:32:42 INFO     Submission 41692 already scheduled for Server-DVD-Incidents on x86_64
2026-01-15 14:32:42 INFO     Submission 42027 already scheduled for Server-DVD-Incidents on x86_64
2026-01-15 14:32:42 INFO     Submission 42086 already scheduled for Server-DVD-Incidents on x86_64
2026-01-15 14:32:42 INFO     Submission 42100 already scheduled for Server-DVD-Incidents on x86_64
2026-01-15 14:32:42 INFO     Submission 42118 already scheduled for Server-DVD-Incidents on x86_64
2026-01-15 14:32:42 INFO     Submission 42126 already scheduled for Server-DVD-Incidents on x86_64
2026-01-15 14:32:42 INFO     Submission 42127 already scheduled for Server-DVD-Incidents on x86_64
2026-01-15 14:32:42 INFO     Submission 42131 already scheduled for Server-DVD-Incidents on x86_64
2026-01-15 14:32:42 INFO     Submission 42171 already scheduled for Server-DVD-Incidents on x86_64
2026-01-15 14:32:42 INFO     Submission 42172 already scheduled for Server-DVD-Incidents on x86_64
2026-01-15 14:32:42 INFO     Submission 42178 already scheduled for Server-DVD-Incidents on x86_64
2026-01-15 14:32:42 INFO     Submission 42182 already scheduled for Server-DVD-Incidents on x86_64
2026-01-15 14:32:42 INFO     Submission 42185 already scheduled for Server-DVD-Incidents on x86_64
2026-01-15 14:32:42 INFO     Submission 42187 already scheduled for Server-DVD-Incidents on x86_64
2026-01-15 14:32:42 INFO     Submission 42193 already scheduled for Server-DVD-Incidents on x86_64
2026-01-15 14:32:42 INFO     Submission 42195 already scheduled for Server-DVD-Incidents on x86_64
2026-01-15 14:32:42 INFO     Submission 42197 already scheduled for Server-DVD-Incidents on x86_64
2026-01-15 14:32:42 INFO     Submission 42205 already scheduled for Server-DVD-Incidents on x86_64
2026-01-15 14:32:42 INFO     Submission 42206 already scheduled for Server-DVD-Incidents on x86_64
2026-01-15 14:32:42 INFO     Submission 42207 already scheduled for Server-DVD-Incidents on x86_64
2026-01-15 14:32:42 INFO     Submission 42209 already scheduled for Server-DVD-Incidents on x86_64
2026-01-15 14:32:42 INFO     Submission 42212 already scheduled for Server-DVD-Incidents on x86_64
2026-01-15 14:32:42 INFO     Submission 42213 already scheduled for Server-DVD-Incidents on x86_64
2026-01-15 14:32:42 INFO     Submission 42214 already scheduled for Server-DVD-Incidents on x86_64
2026-01-15 14:32:42 INFO     Submission 42216 already scheduled for Server-DVD-Incidents on x86_64
2026-01-15 14:32:42 INFO     Submission 42218 already scheduled for Server-DVD-Incidents on x86_64
2026-01-15 14:32:42 INFO     Submission 42220 already scheduled for Server-DVD-Incidents on x86_64
2026-01-15 14:32:42 INFO     Submission 42221 already scheduled for Server-DVD-Incidents on x86_64
2026-01-15 14:32:42 INFO     Submission 42222 already scheduled for Server-DVD-Incidents on x86_64
2026-01-15 14:32:42 INFO     Submission 42224 already scheduled for Server-DVD-Incidents on x86_64
2026-01-15 14:32:42 INFO     Submission 41692 already scheduled for Server-DVD-Incidents-Install on x86_64
2026-01-15 14:32:42 INFO     Submission 42027 already scheduled for Server-DVD-Incidents-Install on x86_64
2026-01-15 14:32:42 INFO     Submission 42086 already scheduled for Server-DVD-Incidents-Install on x86_64
2026-01-15 14:32:42 INFO     Submission 42100 already scheduled for Server-DVD-Incidents-Install on x86_64
2026-01-15 14:32:42 INFO     Submission 42118 already scheduled for Server-DVD-Incidents-Install on x86_64
2026-01-15 14:32:42 INFO     Submission 42126 already scheduled for Server-DVD-Incidents-Install on x86_64
2026-01-15 14:32:42 INFO     Submission 42127 already scheduled for Server-DVD-Incidents-Install on x86_64
2026-01-15 14:32:42 INFO     Submission 42131 already scheduled for Server-DVD-Incidents-Install on x86_64
2026-01-15 14:32:42 INFO     Submission 42171 already scheduled for Server-DVD-Incidents-Install on x86_64
2026-01-15 14:32:42 INFO     Submission 42172 already scheduled for Server-DVD-Incidents-Install on x86_64
2026-01-15 14:32:42 INFO     Submission 42178 already scheduled for Server-DVD-Incidents-Install on x86_64
2026-01-15 14:32:42 INFO     Submission 42182 already scheduled for Server-DVD-Incidents-Install on x86_64
2026-01-15 14:32:42 INFO     Submission 42185 already scheduled for Server-DVD-Incidents-Install on x86_64
2026-01-15 14:32:42 INFO     Submission 42187 already scheduled for Server-DVD-Incidents-Install on x86_64
2026-01-15 14:32:42 INFO     Submission 42188 already scheduled for Server-DVD-Incidents-Install on x86_64
2026-01-15 14:32:42 INFO     Submission 42193 already scheduled for Server-DVD-Incidents-Install on x86_64
2026-01-15 14:32:42 INFO     Submission 42195 already scheduled for Server-DVD-Incidents-Install on x86_64
2026-01-15 14:32:42 INFO     Submission 42197 already scheduled for Server-DVD-Incidents-Install on x86_64
2026-01-15 14:32:42 INFO     Submission 42205 already scheduled for Server-DVD-Incidents-Install on x86_64
2026-01-15 14:32:42 INFO     Submission 42206 already scheduled for Server-DVD-Incidents-Install on x86_64
2026-01-15 14:32:42 INFO     Submission 42207 already scheduled for Server-DVD-Incidents-Install on x86_64
2026-01-15 14:32:42 INFO     Submission 42208 already scheduled for Server-DVD-Incidents-Install on x86_64
2026-01-15 14:32:42 INFO     Submission 42209 already scheduled for Server-DVD-Incidents-Install on x86_64
2026-01-15 14:32:42 INFO     Submission 42212 already scheduled for Server-DVD-Incidents-Install on x86_64
2026-01-15 14:32:42 INFO     Submission 42213 already scheduled for Server-DVD-Incidents-Install on x86_64
2026-01-15 14:32:42 INFO     Submission 42214 already scheduled for Server-DVD-Incidents-Install on x86_64
2026-01-15 14:32:42 INFO     Submission 42216 already scheduled for Server-DVD-Incidents-Install on x86_64
2026-01-15 14:32:42 INFO     Submission 42218 already scheduled for Server-DVD-Incidents-Install on x86_64
2026-01-15 14:32:42 INFO     Submission 42220 already scheduled for Server-DVD-Incidents-Install on x86_64
2026-01-15 14:32:42 INFO     Submission 42221 already scheduled for Server-DVD-Incidents-Install on x86_64
2026-01-15 14:32:42 INFO     Submission 42222 already scheduled for Server-DVD-Incidents-Install on x86_64
2026-01-15 14:32:42 INFO     Submission 42223 already scheduled for Server-DVD-Incidents-Install on x86_64
2026-01-15 14:32:42 INFO     Submission 42224 already scheduled for Server-DVD-Incidents-Install on x86_64
2026-01-15 14:32:42 INFO     Submission 41692 already scheduled for Server-DVD-Incidents-Install on ppc64le
2026-01-15 14:32:42 INFO     Submission 42027 already scheduled for Server-DVD-Incidents-Install on ppc64le
2026-01-15 14:32:42 INFO     Submission 42086 already scheduled for Server-DVD-Incidents-Install on ppc64le
2026-01-15 14:32:42 INFO     Submission 42100 already scheduled for Server-DVD-Incidents-Install on ppc64le
2026-01-15 14:32:42 INFO     Submission 42118 already scheduled for Server-DVD-Incidents-Install on ppc64le
2026-01-15 14:32:42 INFO     Submission 42126 already scheduled for Server-DVD-Incidents-Install on ppc64le
2026-01-15 14:32:42 INFO     Submission 42127 already scheduled for Server-DVD-Incidents-Install on ppc64le
2026-01-15 14:32:42 INFO     Submission 42131 already scheduled for Server-DVD-Incidents-Install on ppc64le
2026-01-15 14:32:42 INFO     Submission 42171 already scheduled for Server-DVD-Incidents-Install on ppc64le
2026-01-15 14:32:42 INFO     Submission 42172 already scheduled for Server-DVD-Incidents-Install on ppc64le
2026-01-15 14:32:42 INFO     Submission 42178 already scheduled for Server-DVD-Incidents-Install on ppc64le
2026-01-15 14:32:42 INFO     Submission 42182 already scheduled for Server-DVD-Incidents-Install on ppc64le
2026-01-15 14:32:42 INFO     Submission 42185 already scheduled for Server-DVD-Incidents-Install on ppc64le
2026-01-15 14:32:42 INFO     Submission 42187 already scheduled for Server-DVD-Incidents-Install on ppc64le
2026-01-15 14:32:42 INFO     Submission 42188 already scheduled for Server-DVD-Incidents-Install on ppc64le
2026-01-15 14:32:42 INFO     Submission 42193 already scheduled for Server-DVD-Incidents-Install on ppc64le
2026-01-15 14:32:42 INFO     Submission 42195 already scheduled for Server-DVD-Incidents-Install on ppc64le
2026-01-15 14:32:42 INFO     Submission 42197 already scheduled for Server-DVD-Incidents-Install on ppc64le
2026-01-15 14:32:42 INFO     Submission 42205 already scheduled for Server-DVD-Incidents-Install on ppc64le
2026-01-15 14:32:42 INFO     Submission 42206 already scheduled for Server-DVD-Incidents-Install on ppc64le
2026-01-15 14:32:42 INFO     Submission 42207 already scheduled for Server-DVD-Incidents-Install on ppc64le
2026-01-15 14:32:42 INFO     Submission 42209 already scheduled for Server-DVD-Incidents-Install on ppc64le
2026-01-15 14:32:42 INFO     Submission 42212 already scheduled for Server-DVD-Incidents-Install on ppc64le
2026-01-15 14:32:42 INFO     Submission 42213 already scheduled for Server-DVD-Incidents-Install on ppc64le
2026-01-15 14:32:42 INFO     Submission 42214 already scheduled for Server-DVD-Incidents-Install on ppc64le
2026-01-15 14:32:42 INFO     Submission 42216 already scheduled for Server-DVD-Incidents-Install on ppc64le
2026-01-15 14:32:42 INFO     Submission 42218 already scheduled for Server-DVD-Incidents-Install on ppc64le
2026-01-15 14:32:42 INFO     Submission 42220 already scheduled for Server-DVD-Incidents-Install on ppc64le
2026-01-15 14:32:43 INFO     Submission 42221 already scheduled for Server-DVD-Incidents-Install on ppc64le
2026-01-15 14:32:43 INFO     Submission 42222 already scheduled for Server-DVD-Incidents-Install on ppc64le
2026-01-15 14:32:43 INFO     Submission 41692 already scheduled for Server-DVD-Incidents-Install on aarch64
2026-01-15 14:32:43 INFO     Submission 42027 already scheduled for Server-DVD-Incidents-Install on aarch64
2026-01-15 14:32:43 INFO     Submission 42086 already scheduled for Server-DVD-Incidents-Install on aarch64
2026-01-15 14:32:43 INFO     Submission 42100 already scheduled for Server-DVD-Incidents-Install on aarch64
2026-01-15 14:32:43 INFO     Submission 42118 already scheduled for Server-DVD-Incidents-Install on aarch64
2026-01-15 14:32:43 INFO     Submission 42126 already scheduled for Server-DVD-Incidents-Install on aarch64
2026-01-15 14:32:43 INFO     Submission 42127 already scheduled for Server-DVD-Incidents-Install on aarch64
2026-01-15 14:32:43 INFO     Submission 42131 already scheduled for Server-DVD-Incidents-Install on aarch64
2026-01-15 14:32:43 INFO     Submission 42171 already scheduled for Server-DVD-Incidents-Install on aarch64
2026-01-15 14:32:43 INFO     Submission 42172 already scheduled for Server-DVD-Incidents-Install on aarch64
2026-01-15 14:32:43 INFO     Submission 42178 already scheduled for Server-DVD-Incidents-Install on aarch64
2026-01-15 14:32:43 INFO     Submission 42182 already scheduled for Server-DVD-Incidents-Install on aarch64
2026-01-15 14:32:43 INFO     Submission 42185 already scheduled for Server-DVD-Incidents-Install on aarch64
2026-01-15 14:32:43 INFO     Submission 42187 already scheduled for Server-DVD-Incidents-Install on aarch64
2026-01-15 14:32:43 INFO     Submission 42188 already scheduled for Server-DVD-Incidents-Install on aarch64
2026-01-15 14:32:43 INFO     Submission 42193 already scheduled for Server-DVD-Incidents-Install on aarch64
2026-01-15 14:32:43 INFO     Submission 42195 already scheduled for Server-DVD-Incidents-Install on aarch64
2026-01-15 14:32:43 INFO     Submission 42197 already scheduled for Server-DVD-Incidents-Install on aarch64
2026-01-15 14:32:43 INFO     Submission 42205 already scheduled for Server-DVD-Incidents-Install on aarch64
2026-01-15 14:32:43 INFO     Submission 42206 already scheduled for Server-DVD-Incidents-Install on aarch64
2026-01-15 14:32:43 INFO     Submission 42207 already scheduled for Server-DVD-Incidents-Install on aarch64
2026-01-15 14:32:43 INFO     Submission 42208 already scheduled for Server-DVD-Incidents-Install on aarch64
2026-01-15 14:32:43 INFO     Submission 42209 already scheduled for Server-DVD-Incidents-Install on aarch64
2026-01-15 14:32:43 INFO     Submission 42212 already scheduled for Server-DVD-Incidents-Install on aarch64
2026-01-15 14:32:43 INFO     Submission 42213 already scheduled for Server-DVD-Incidents-Install on aarch64
2026-01-15 14:32:43 INFO     Submission 42214 already scheduled for Server-DVD-Incidents-Install on aarch64
2026-01-15 14:32:43 INFO     Submission 42216 already scheduled for Server-DVD-Incidents-Install on aarch64
2026-01-15 14:32:43 INFO     Submission 42218 already scheduled for Server-DVD-Incidents-Install on aarch64
2026-01-15 14:32:43 INFO     Submission 42220 already scheduled for Server-DVD-Incidents-Install on aarch64
2026-01-15 14:32:43 INFO     Submission 42221 already scheduled for Server-DVD-Incidents-Install on aarch64
2026-01-15 14:32:43 INFO     Submission 42222 already scheduled for Server-DVD-Incidents-Install on aarch64
2026-01-15 14:32:43 INFO     Submission 42224 already scheduled for Server-DVD-Incidents-Install on aarch64
2026-01-15 14:32:43 INFO     Submission 41692 already scheduled for Server-DVD-Incidents-Install on s390x
2026-01-15 14:32:43 INFO     Submission 42027 already scheduled for Server-DVD-Incidents-Install on s390x
2026-01-15 14:32:43 INFO     Submission 42086 already scheduled for Server-DVD-Incidents-Install on s390x
2026-01-15 14:32:43 INFO     Submission 42100 already scheduled for Server-DVD-Incidents-Install on s390x
2026-01-15 14:32:43 INFO     Submission 42118 already scheduled for Server-DVD-Incidents-Install on s390x
2026-01-15 14:32:43 INFO     Submission 42126 already scheduled for Server-DVD-Incidents-Install on s390x
2026-01-15 14:32:43 INFO     Submission 42127 already scheduled for Server-DVD-Incidents-Install on s390x
2026-01-15 14:32:43 INFO     Submission 42131 already scheduled for Server-DVD-Incidents-Install on s390x
2026-01-15 14:32:43 INFO     Submission 42171 already scheduled for Server-DVD-Incidents-Install on s390x
2026-01-15 14:32:43 INFO     Submission 42172 already scheduled for Server-DVD-Incidents-Install on s390x
2026-01-15 14:32:43 INFO     Submission 42178 already scheduled for Server-DVD-Incidents-Install on s390x
2026-01-15 14:32:43 INFO     Submission 42182 already scheduled for Server-DVD-Incidents-Install on s390x
2026-01-15 14:32:43 INFO     Submission 42185 already scheduled for Server-DVD-Incidents-Install on s390x
2026-01-15 14:32:43 INFO     Submission 42187 already scheduled for Server-DVD-Incidents-Install on s390x
2026-01-15 14:32:43 INFO     Submission 42188 already scheduled for Server-DVD-Incidents-Install on s390x
2026-01-15 14:32:43 INFO     Submission 42193 already scheduled for Server-DVD-Incidents-Install on s390x
2026-01-15 14:32:43 INFO     Submission 42195 already scheduled for Server-DVD-Incidents-Install on s390x
2026-01-15 14:32:43 INFO     Submission 42197 already scheduled for Server-DVD-Incidents-Install on s390x
2026-01-15 14:32:43 INFO     Submission 42205 already scheduled for Server-DVD-Incidents-Install on s390x
2026-01-15 14:32:43 INFO     Submission 42206 already scheduled for Server-DVD-Incidents-Install on s390x
2026-01-15 14:32:43 INFO     Submission 42207 already scheduled for Server-DVD-Incidents-Install on s390x
2026-01-15 14:32:43 INFO     Submission 42209 already scheduled for Server-DVD-Incidents-Install on s390x
2026-01-15 14:32:43 INFO     Submission 42212 already scheduled for Server-DVD-Incidents-Install on s390x
2026-01-15 14:32:43 INFO     Submission 42213 already scheduled for Server-DVD-Incidents-Install on s390x
2026-01-15 14:32:43 INFO     Submission 42214 already scheduled for Server-DVD-Incidents-Install on s390x
2026-01-15 14:32:43 INFO     Submission 42215 already scheduled for Server-DVD-Incidents-Install on s390x
2026-01-15 14:32:43 INFO     Submission 42216 already scheduled for Server-DVD-Incidents-Install on s390x
2026-01-15 14:32:43 INFO     Submission 42218 already scheduled for Server-DVD-Incidents-Install on s390x
2026-01-15 14:32:43 INFO     Submission 42220 already scheduled for Server-DVD-Incidents-Install on s390x
2026-01-15 14:32:43 INFO     Submission 42221 already scheduled for Server-DVD-Incidents-Install on s390x
2026-01-15 14:32:43 INFO     Submission 42222 already scheduled for Server-DVD-Incidents-Install on s390x
2026-01-15 14:32:43 INFO     Submission 42224 already scheduled for Server-DVD-Incidents-Kernel-Nvidia on x86_64
2026-01-15 14:32:43 INFO     Submission 41692 already scheduled for Server-DVD-Incidents-Minimal on x86_64
2026-01-15 14:32:43 INFO     Submission 42185 already scheduled for Server-DVD-Incidents-Minimal on x86_64
2026-01-15 14:32:43 INFO     Submission 42197 already scheduled for Server-DVD-Incidents-Minimal on x86_64
2026-01-15 14:32:43 INFO     Submission 41692 already scheduled for Server-DVD-Incidents-Minimal on s390x
2026-01-15 14:32:43 INFO     Submission 42185 already scheduled for Server-DVD-Incidents-Minimal on s390x
2026-01-15 14:32:43 INFO     Submission 42197 already scheduled for Server-DVD-Incidents-Minimal on s390x
2026-01-15 14:32:43 INFO     Submission 41692 already scheduled for Server-DVD-Incidents-Minimal on ppc64le
2026-01-15 14:32:43 INFO     Submission 42185 already scheduled for Server-DVD-Incidents-Minimal on ppc64le
2026-01-15 14:32:43 INFO     Submission 42197 already scheduled for Server-DVD-Incidents-Minimal on ppc64le
2026-01-15 14:32:43 INFO     Submission 41692 already scheduled for Server-DVD-Incidents-Minimal on aarch64
2026-01-15 14:32:43 INFO     Submission 42185 already scheduled for Server-DVD-Incidents-Minimal on aarch64
2026-01-15 14:32:43 INFO     Submission 42197 already scheduled for Server-DVD-Incidents-Minimal on aarch64
2026-01-15 14:32:43 INFO     Submission 42027 already scheduled for Server-DVD-Incidents-VIRT-Core on x86_64
2026-01-15 14:32:43 INFO     Submission 42086 already scheduled for Server-DVD-Incidents-VIRT-Core on x86_64
2026-01-15 14:32:43 INFO     Submission 951 already scheduled for Online-Updates-Staging on x86_64
2026-01-15 14:32:43 INFO     Submission 1385 already scheduled for Online-Updates-Staging on x86_64
2026-01-15 14:32:43 INFO     Submission 1432 already scheduled for Online-Updates-Staging on x86_64
2026-01-15 14:32:43 INFO     Submission 1433 already scheduled for Online-Updates-Staging on x86_64
2026-01-15 14:32:43 INFO     Submission 1434 already scheduled for Online-Updates-Staging on x86_64
2026-01-15 14:32:43 INFO     Submission 1438 already scheduled for Online-Updates-Staging on x86_64
2026-01-15 14:32:43 INFO     Submission 1444 already scheduled for Online-Updates-Staging on x86_64
2026-01-15 14:32:43 INFO     Submission 1445 already scheduled for Online-Updates-Staging on x86_64
2026-01-15 14:32:43 INFO     Submission 1453 already scheduled for Online-Updates-Staging on x86_64
2026-01-15 14:32:43 INFO     Submission 1454 already scheduled for Online-Updates-Staging on x86_64
2026-01-15 14:32:43 INFO     Submission 1459 already scheduled for Online-Updates-Staging on x86_64
2026-01-15 14:32:43 INFO     Submission 1476 already scheduled for Online-Updates-Staging on x86_64
2026-01-15 14:32:43 INFO     Submission 1482 already scheduled for Online-Updates-Staging on x86_64
2026-01-15 14:32:43 INFO     Submission 1483 already scheduled for Online-Updates-Staging on x86_64
2026-01-15 14:32:43 INFO     Submission 1486 already scheduled for Online-Updates-Staging on x86_64
2026-01-15 14:32:43 INFO     Submission 1512 already scheduled for Online-Updates-Staging on x86_64
2026-01-15 14:32:43 INFO     Submission 1537 already scheduled for Online-Updates-Staging on x86_64
2026-01-15 14:32:43 INFO     Submission 1538 already scheduled for Online-Updates-Staging on x86_64
2026-01-15 14:32:43 INFO     Submission 1543 already scheduled for Online-Updates-Staging on x86_64
2026-01-15 14:32:43 INFO     Submission 1544 already scheduled for Online-Updates-Staging on x86_64
2026-01-15 14:32:43 INFO     Submission 1546 already scheduled for Online-Updates-Staging on x86_64
2026-01-15 14:32:43 INFO     Submission 1554 already scheduled for Online-Updates-Staging on x86_64
2026-01-15 14:32:43 INFO     Submission 1557 already scheduled for Online-Updates-Staging on x86_64
2026-01-15 14:32:43 INFO     Submission 1572 already scheduled for Online-Updates-Staging on x86_64
2026-01-15 14:32:43 INFO     Submission 1578 already scheduled for Online-Updates-Staging on x86_64
2026-01-15 14:32:43 INFO     Submission 1589 already scheduled for Online-Updates-Staging on x86_64
2026-01-15 14:32:43 INFO     Submission 1595 already scheduled for Online-Updates-Staging on x86_64
2026-01-15 14:32:43 INFO     Submission 1602 already scheduled for Online-Updates-Staging on x86_64
2026-01-15 14:32:43 INFO     Submission 1604 already scheduled for Online-Updates-Staging on x86_64
2026-01-15 14:32:43 INFO     Submission 1606 already scheduled for Online-Updates-Staging on x86_64
2026-01-15 14:32:43 INFO     Submission 1607 already scheduled for Online-Updates-Staging on x86_64
2026-01-15 14:32:43 INFO     Submission 1610 already scheduled for Online-Updates-Staging on x86_64
2026-01-15 14:32:43 INFO     Submission 1611 already scheduled for Online-Updates-Staging on x86_64
2026-01-15 14:32:43 INFO     Submission 1622 already scheduled for Online-Updates-Staging on x86_64
2026-01-15 14:32:43 INFO     Submission 1623 already scheduled for Online-Updates-Staging on x86_64
2026-01-15 14:32:43 INFO     Submission 1625 already scheduled for Online-Updates-Staging on x86_64
2026-01-15 14:32:43 INFO     Submission 1626 already scheduled for Online-Updates-Staging on x86_64
2026-01-15 14:32:43 INFO     Submission 1635 already scheduled for Online-Updates-Staging on x86_64
2026-01-15 14:32:43 INFO     Submission 951 already scheduled for Online-Updates-Staging on s390x
2026-01-15 14:32:43 INFO     Submission 1385 already scheduled for Online-Updates-Staging on s390x
2026-01-15 14:32:43 INFO     Submission 1432 already scheduled for Online-Updates-Staging on s390x
2026-01-15 14:32:43 INFO     Submission 1433 already scheduled for Online-Updates-Staging on s390x
2026-01-15 14:32:43 INFO     Submission 1434 already scheduled for Online-Updates-Staging on s390x
2026-01-15 14:32:43 INFO     Submission 1438 already scheduled for Online-Updates-Staging on s390x
2026-01-15 14:32:43 INFO     Submission 1444 already scheduled for Online-Updates-Staging on s390x
2026-01-15 14:32:43 INFO     Submission 1445 already scheduled for Online-Updates-Staging on s390x
2026-01-15 14:32:43 INFO     Submission 1453 already scheduled for Online-Updates-Staging on s390x
2026-01-15 14:32:43 INFO     Submission 1454 already scheduled for Online-Updates-Staging on s390x
2026-01-15 14:32:43 INFO     Submission 1459 already scheduled for Online-Updates-Staging on s390x
2026-01-15 14:32:43 INFO     Submission 1476 already scheduled for Online-Updates-Staging on s390x
2026-01-15 14:32:43 INFO     Submission 1482 already scheduled for Online-Updates-Staging on s390x
2026-01-15 14:32:43 INFO     Submission 1483 already scheduled for Online-Updates-Staging on s390x
2026-01-15 14:32:43 INFO     Submission 1486 already scheduled for Online-Updates-Staging on s390x
2026-01-15 14:32:43 INFO     Submission 1512 already scheduled for Online-Updates-Staging on s390x
2026-01-15 14:32:43 INFO     Submission 1537 already scheduled for Online-Updates-Staging on s390x
2026-01-15 14:32:43 INFO     Submission 1538 already scheduled for Online-Updates-Staging on s390x
2026-01-15 14:32:43 INFO     Submission 1543 already scheduled for Online-Updates-Staging on s390x
2026-01-15 14:32:43 INFO     Submission 1544 already scheduled for Online-Updates-Staging on s390x
2026-01-15 14:32:43 INFO     Submission 1546 already scheduled for Online-Updates-Staging on s390x
2026-01-15 14:32:43 INFO     Submission 1554 already scheduled for Online-Updates-Staging on s390x
2026-01-15 14:32:43 INFO     Submission 1557 already scheduled for Online-Updates-Staging on s390x
2026-01-15 14:32:43 INFO     Submission 1572 already scheduled for Online-Updates-Staging on s390x
2026-01-15 14:32:43 INFO     Submission 1578 already scheduled for Online-Updates-Staging on s390x
2026-01-15 14:32:43 INFO     Submission 1589 already scheduled for Online-Updates-Staging on s390x
2026-01-15 14:32:43 INFO     Submission 1595 already scheduled for Online-Updates-Staging on s390x
2026-01-15 14:32:43 INFO     Submission 1602 already scheduled for Online-Updates-Staging on s390x
2026-01-15 14:32:43 INFO     Submission 1604 already scheduled for Online-Updates-Staging on s390x
2026-01-15 14:32:43 INFO     Submission 1606 already scheduled for Online-Updates-Staging on s390x
2026-01-15 14:32:43 INFO     Submission 1607 already scheduled for Online-Updates-Staging on s390x
2026-01-15 14:32:43 INFO     Submission 1610 already scheduled for Online-Updates-Staging on s390x
2026-01-15 14:32:43 INFO     Submission 1611 already scheduled for Online-Updates-Staging on s390x
2026-01-15 14:32:43 INFO     Submission 1622 already scheduled for Online-Updates-Staging on s390x
2026-01-15 14:32:43 INFO     Submission 1623 already scheduled for Online-Updates-Staging on s390x
2026-01-15 14:32:43 INFO     Submission 1625 already scheduled for Online-Updates-Staging on s390x
2026-01-15 14:32:43 INFO     Submission 1626 already scheduled for Online-Updates-Staging on s390x
2026-01-15 14:32:43 INFO     Submission 1635 already scheduled for Online-Updates-Staging on s390x
2026-01-15 14:32:43 INFO     Submission 951 already scheduled for Online-Updates-Staging on ppc64le
2026-01-15 14:32:43 INFO     Submission 1385 already scheduled for Online-Updates-Staging on ppc64le
2026-01-15 14:32:43 INFO     Submission 1432 already scheduled for Online-Updates-Staging on ppc64le
2026-01-15 14:32:43 INFO     Submission 1433 already scheduled for Online-Updates-Staging on ppc64le
2026-01-15 14:32:43 INFO     Submission 1434 already scheduled for Online-Updates-Staging on ppc64le
2026-01-15 14:32:43 INFO     Submission 1438 already scheduled for Online-Updates-Staging on ppc64le
2026-01-15 14:32:43 INFO     Submission 1444 already scheduled for Online-Updates-Staging on ppc64le
2026-01-15 14:32:43 INFO     Submission 1445 already scheduled for Online-Updates-Staging on ppc64le
2026-01-15 14:32:43 INFO     Submission 1453 already scheduled for Online-Updates-Staging on ppc64le
2026-01-15 14:32:43 INFO     Submission 1454 already scheduled for Online-Updates-Staging on ppc64le
2026-01-15 14:32:43 INFO     Submission 1459 already scheduled for Online-Updates-Staging on ppc64le
2026-01-15 14:32:43 INFO     Submission 1476 already scheduled for Online-Updates-Staging on ppc64le
2026-01-15 14:32:43 INFO     Submission 1482 already scheduled for Online-Updates-Staging on ppc64le
2026-01-15 14:32:43 INFO     Submission 1483 already scheduled for Online-Updates-Staging on ppc64le
2026-01-15 14:32:43 INFO     Submission 1486 already scheduled for Online-Updates-Staging on ppc64le
2026-01-15 14:32:43 INFO     Submission 1512 already scheduled for Online-Updates-Staging on ppc64le
2026-01-15 14:32:43 INFO     Submission 1537 already scheduled for Online-Updates-Staging on ppc64le
2026-01-15 14:32:43 INFO     Submission 1538 already scheduled for Online-Updates-Staging on ppc64le
2026-01-15 14:32:43 INFO     Submission 1543 already scheduled for Online-Updates-Staging on ppc64le
2026-01-15 14:32:43 INFO     Submission 1544 already scheduled for Online-Updates-Staging on ppc64le
2026-01-15 14:32:44 INFO     Submission 1546 already scheduled for Online-Updates-Staging on ppc64le
2026-01-15 14:32:44 INFO     Submission 1554 already scheduled for Online-Updates-Staging on ppc64le
2026-01-15 14:32:44 INFO     Submission 1557 already scheduled for Online-Updates-Staging on ppc64le
2026-01-15 14:32:44 INFO     Submission 1572 already scheduled for Online-Updates-Staging on ppc64le
2026-01-15 14:32:44 INFO     Submission 1578 already scheduled for Online-Updates-Staging on ppc64le
2026-01-15 14:32:44 INFO     Submission 1589 already scheduled for Online-Updates-Staging on ppc64le
2026-01-15 14:32:44 INFO     Submission 1595 already scheduled for Online-Updates-Staging on ppc64le
2026-01-15 14:32:44 INFO     Submission 1602 already scheduled for Online-Updates-Staging on ppc64le
2026-01-15 14:32:44 INFO     Submission 1604 already scheduled for Online-Updates-Staging on ppc64le
2026-01-15 14:32:44 INFO     Submission 1606 already scheduled for Online-Updates-Staging on ppc64le
2026-01-15 14:32:44 INFO     Submission 1607 already scheduled for Online-Updates-Staging on ppc64le
2026-01-15 14:32:44 INFO     Submission 1610 already scheduled for Online-Updates-Staging on ppc64le
2026-01-15 14:32:44 INFO     Submission 1611 already scheduled for Online-Updates-Staging on ppc64le
2026-01-15 14:32:44 INFO     Submission 1622 already scheduled for Online-Updates-Staging on ppc64le
2026-01-15 14:32:44 INFO     Submission 1623 already scheduled for Online-Updates-Staging on ppc64le
2026-01-15 14:32:44 INFO     Submission 1625 already scheduled for Online-Updates-Staging on ppc64le
2026-01-15 14:32:44 INFO     Submission 1626 already scheduled for Online-Updates-Staging on ppc64le
2026-01-15 14:32:44 INFO     Submission 1635 already scheduled for Online-Updates-Staging on ppc64le
2026-01-15 14:32:44 INFO     Submission 951 already scheduled for Online-Updates-Staging on aarch64
2026-01-15 14:32:44 INFO     Submission 1385 already scheduled for Online-Updates-Staging on aarch64
2026-01-15 14:32:44 INFO     Submission 1432 already scheduled for Online-Updates-Staging on aarch64
2026-01-15 14:32:44 INFO     Submission 1433 already scheduled for Online-Updates-Staging on aarch64
2026-01-15 14:32:44 INFO     Submission 1434 already scheduled for Online-Updates-Staging on aarch64
2026-01-15 14:32:44 INFO     Submission 1438 already scheduled for Online-Updates-Staging on aarch64
2026-01-15 14:32:44 INFO     Submission 1444 already scheduled for Online-Updates-Staging on aarch64
2026-01-15 14:32:44 INFO     Submission 1445 already scheduled for Online-Updates-Staging on aarch64
2026-01-15 14:32:44 INFO     Submission 1453 already scheduled for Online-Updates-Staging on aarch64
2026-01-15 14:32:44 INFO     Submission 1454 already scheduled for Online-Updates-Staging on aarch64
2026-01-15 14:32:44 INFO     Submission 1459 already scheduled for Online-Updates-Staging on aarch64
2026-01-15 14:32:44 INFO     Submission 1476 already scheduled for Online-Updates-Staging on aarch64
2026-01-15 14:32:44 INFO     Submission 1482 already scheduled for Online-Updates-Staging on aarch64
2026-01-15 14:32:44 INFO     Submission 1483 already scheduled for Online-Updates-Staging on aarch64
2026-01-15 14:32:44 INFO     Submission 1486 already scheduled for Online-Updates-Staging on aarch64
2026-01-15 14:32:44 INFO     Submission 1512 already scheduled for Online-Updates-Staging on aarch64
2026-01-15 14:32:44 INFO     Submission 1537 already scheduled for Online-Updates-Staging on aarch64
2026-01-15 14:32:44 INFO     Submission 1538 already scheduled for Online-Updates-Staging on aarch64
2026-01-15 14:32:44 INFO     Submission 1543 already scheduled for Online-Updates-Staging on aarch64
2026-01-15 14:32:44 INFO     Submission 1544 already scheduled for Online-Updates-Staging on aarch64
2026-01-15 14:32:44 INFO     Submission 1546 already scheduled for Online-Updates-Staging on aarch64
2026-01-15 14:32:44 INFO     Submission 1554 already scheduled for Online-Updates-Staging on aarch64
2026-01-15 14:32:44 INFO     Submission 1557 already scheduled for Online-Updates-Staging on aarch64
2026-01-15 14:32:44 INFO     Submission 1572 already scheduled for Online-Updates-Staging on aarch64
2026-01-15 14:32:44 INFO     Submission 1578 already scheduled for Online-Updates-Staging on aarch64
2026-01-15 14:32:44 INFO     Submission 1589 already scheduled for Online-Updates-Staging on aarch64
2026-01-15 14:32:44 INFO     Submission 1595 already scheduled for Online-Updates-Staging on aarch64
2026-01-15 14:32:44 INFO     Submission 1602 already scheduled for Online-Updates-Staging on aarch64
2026-01-15 14:32:44 INFO     Submission 1604 already scheduled for Online-Updates-Staging on aarch64
2026-01-15 14:32:44 INFO     Submission 1606 already scheduled for Online-Updates-Staging on aarch64
2026-01-15 14:32:44 INFO     Submission 1607 already scheduled for Online-Updates-Staging on aarch64
2026-01-15 14:32:44 INFO     Submission 1610 already scheduled for Online-Updates-Staging on aarch64
2026-01-15 14:32:44 INFO     Submission 1611 already scheduled for Online-Updates-Staging on aarch64
2026-01-15 14:32:44 INFO     Submission 1622 already scheduled for Online-Updates-Staging on aarch64
2026-01-15 14:32:44 INFO     Submission 1623 already scheduled for Online-Updates-Staging on aarch64
2026-01-15 14:32:44 INFO     Submission 1625 already scheduled for Online-Updates-Staging on aarch64
2026-01-15 14:32:44 INFO     Submission 1626 already scheduled for Online-Updates-Staging on aarch64
2026-01-15 14:32:44 INFO     Submission 1635 already scheduled for Online-Updates-Staging on aarch64
2026-01-15 14:32:44 INFO     Submission 1623 already scheduled for Online-Kernel-Baremetal-Nvidia-Updates-Staging on x86_64
2026-01-15 14:32:44 INFO     Submission 951 already scheduled for Online-Updates-Staging-Install on x86_64
2026-01-15 14:32:44 INFO     Submission 1385 already scheduled for Online-Updates-Staging-Install on x86_64
2026-01-15 14:32:44 INFO     Submission 1432 already scheduled for Online-Updates-Staging-Install on x86_64
2026-01-15 14:32:44 INFO     Submission 1433 already scheduled for Online-Updates-Staging-Install on x86_64
2026-01-15 14:32:44 INFO     Submission 1434 already scheduled for Online-Updates-Staging-Install on x86_64
2026-01-15 14:32:44 INFO     Submission 1438 already scheduled for Online-Updates-Staging-Install on x86_64
2026-01-15 14:32:44 INFO     Submission 1444 already scheduled for Online-Updates-Staging-Install on x86_64
2026-01-15 14:32:44 INFO     Submission 1445 already scheduled for Online-Updates-Staging-Install on x86_64
2026-01-15 14:32:44 INFO     Submission 1453 already scheduled for Online-Updates-Staging-Install on x86_64
2026-01-15 14:32:44 INFO     Submission 1454 already scheduled for Online-Updates-Staging-Install on x86_64
2026-01-15 14:32:44 INFO     Submission 1459 already scheduled for Online-Updates-Staging-Install on x86_64
2026-01-15 14:32:44 INFO     Submission 1476 already scheduled for Online-Updates-Staging-Install on x86_64
2026-01-15 14:32:44 INFO     Submission 1482 already scheduled for Online-Updates-Staging-Install on x86_64
2026-01-15 14:32:44 INFO     Submission 1483 already scheduled for Online-Updates-Staging-Install on x86_64
2026-01-15 14:32:44 INFO     Submission 1486 already scheduled for Online-Updates-Staging-Install on x86_64
2026-01-15 14:32:44 INFO     Submission 1512 already scheduled for Online-Updates-Staging-Install on x86_64
2026-01-15 14:32:44 INFO     Submission 1537 already scheduled for Online-Updates-Staging-Install on x86_64
2026-01-15 14:32:44 INFO     Submission 1538 already scheduled for Online-Updates-Staging-Install on x86_64
2026-01-15 14:32:44 INFO     Submission 1543 already scheduled for Online-Updates-Staging-Install on x86_64
2026-01-15 14:32:44 INFO     Submission 1544 already scheduled for Online-Updates-Staging-Install on x86_64
2026-01-15 14:32:44 INFO     Submission 1546 already scheduled for Online-Updates-Staging-Install on x86_64
2026-01-15 14:32:44 INFO     Submission 1554 already scheduled for Online-Updates-Staging-Install on x86_64
2026-01-15 14:32:44 INFO     Submission 1557 already scheduled for Online-Updates-Staging-Install on x86_64
2026-01-15 14:32:44 INFO     Submission 1572 already scheduled for Online-Updates-Staging-Install on x86_64
2026-01-15 14:32:44 INFO     Submission 1578 already scheduled for Online-Updates-Staging-Install on x86_64
2026-01-15 14:32:44 INFO     Submission 1589 already scheduled for Online-Updates-Staging-Install on x86_64
2026-01-15 14:32:44 INFO     Submission 1595 already scheduled for Online-Updates-Staging-Install on x86_64
2026-01-15 14:32:44 INFO     Submission 1602 already scheduled for Online-Updates-Staging-Install on x86_64
2026-01-15 14:32:44 INFO     Submission 1604 already scheduled for Online-Updates-Staging-Install on x86_64
2026-01-15 14:32:44 INFO     Submission 1606 already scheduled for Online-Updates-Staging-Install on x86_64
2026-01-15 14:32:44 INFO     Submission 1607 already scheduled for Online-Updates-Staging-Install on x86_64
2026-01-15 14:32:44 INFO     Submission 1610 already scheduled for Online-Updates-Staging-Install on x86_64
2026-01-15 14:32:44 INFO     Submission 1611 already scheduled for Online-Updates-Staging-Install on x86_64
2026-01-15 14:32:44 INFO     Submission 1622 already scheduled for Online-Updates-Staging-Install on x86_64
2026-01-15 14:32:44 INFO     Submission 1623 already scheduled for Online-Updates-Staging-Install on x86_64
2026-01-15 14:32:44 INFO     Submission 1625 already scheduled for Online-Updates-Staging-Install on x86_64
2026-01-15 14:32:44 INFO     Submission 1626 already scheduled for Online-Updates-Staging-Install on x86_64
2026-01-15 14:32:44 INFO     Submission 1635 already scheduled for Online-Updates-Staging-Install on x86_64
2026-01-15 14:32:44 INFO     Submission 951 already scheduled for Online-Updates-Staging-Install on s390x
2026-01-15 14:32:44 INFO     Submission 1385 already scheduled for Online-Updates-Staging-Install on s390x
2026-01-15 14:32:44 INFO     Submission 1432 already scheduled for Online-Updates-Staging-Install on s390x
2026-01-15 14:32:44 INFO     Submission 1433 already scheduled for Online-Updates-Staging-Install on s390x
2026-01-15 14:32:44 INFO     Submission 1434 already scheduled for Online-Updates-Staging-Install on s390x
2026-01-15 14:32:44 INFO     Submission 1438 already scheduled for Online-Updates-Staging-Install on s390x
2026-01-15 14:32:44 INFO     Submission 1444 already scheduled for Online-Updates-Staging-Install on s390x
2026-01-15 14:32:44 INFO     Submission 1445 already scheduled for Online-Updates-Staging-Install on s390x
2026-01-15 14:32:44 INFO     Submission 1453 already scheduled for Online-Updates-Staging-Install on s390x
2026-01-15 14:32:44 INFO     Submission 1454 already scheduled for Online-Updates-Staging-Install on s390x
2026-01-15 14:32:44 INFO     Submission 1459 already scheduled for Online-Updates-Staging-Install on s390x
2026-01-15 14:32:44 INFO     Submission 1476 already scheduled for Online-Updates-Staging-Install on s390x
2026-01-15 14:32:44 INFO     Submission 1482 already scheduled for Online-Updates-Staging-Install on s390x
2026-01-15 14:32:44 INFO     Submission 1483 already scheduled for Online-Updates-Staging-Install on s390x
2026-01-15 14:32:44 INFO     Submission 1486 already scheduled for Online-Updates-Staging-Install on s390x
2026-01-15 14:32:44 INFO     Submission 1512 already scheduled for Online-Updates-Staging-Install on s390x
2026-01-15 14:32:44 INFO     Submission 1537 already scheduled for Online-Updates-Staging-Install on s390x
2026-01-15 14:32:44 INFO     Submission 1538 already scheduled for Online-Updates-Staging-Install on s390x
2026-01-15 14:32:44 INFO     Submission 1543 already scheduled for Online-Updates-Staging-Install on s390x
2026-01-15 14:32:44 INFO     Submission 1544 already scheduled for Online-Updates-Staging-Install on s390x
2026-01-15 14:32:44 INFO     Submission 1546 already scheduled for Online-Updates-Staging-Install on s390x
2026-01-15 14:32:44 INFO     Submission 1554 already scheduled for Online-Updates-Staging-Install on s390x
2026-01-15 14:32:44 INFO     Submission 1557 already scheduled for Online-Updates-Staging-Install on s390x
2026-01-15 14:32:44 INFO     Submission 1572 already scheduled for Online-Updates-Staging-Install on s390x
2026-01-15 14:32:44 INFO     Submission 1578 already scheduled for Online-Updates-Staging-Install on s390x
2026-01-15 14:32:44 INFO     Submission 1589 already scheduled for Online-Updates-Staging-Install on s390x
2026-01-15 14:32:44 INFO     Submission 1595 already scheduled for Online-Updates-Staging-Install on s390x
2026-01-15 14:32:44 INFO     Submission 1602 already scheduled for Online-Updates-Staging-Install on s390x
2026-01-15 14:32:44 INFO     Submission 1604 already scheduled for Online-Updates-Staging-Install on s390x
2026-01-15 14:32:44 INFO     Submission 1606 already scheduled for Online-Updates-Staging-Install on s390x
2026-01-15 14:32:44 INFO     Submission 1607 already scheduled for Online-Updates-Staging-Install on s390x
2026-01-15 14:32:44 INFO     Submission 1610 already scheduled for Online-Updates-Staging-Install on s390x
2026-01-15 14:32:44 INFO     Submission 1611 already scheduled for Online-Updates-Staging-Install on s390x
2026-01-15 14:32:44 INFO     Submission 1622 already scheduled for Online-Updates-Staging-Install on s390x
2026-01-15 14:32:44 INFO     Submission 1623 already scheduled for Online-Updates-Staging-Install on s390x
2026-01-15 14:32:44 INFO     Submission 1625 already scheduled for Online-Updates-Staging-Install on s390x
2026-01-15 14:32:44 INFO     Submission 1626 already scheduled for Online-Updates-Staging-Install on s390x
2026-01-15 14:32:44 INFO     Submission 1635 already scheduled for Online-Updates-Staging-Install on s390x
2026-01-15 14:32:44 INFO     Submission 951 already scheduled for Online-Updates-Staging-Install on ppc64le
2026-01-15 14:32:44 INFO     Submission 1385 already scheduled for Online-Updates-Staging-Install on ppc64le
2026-01-15 14:32:44 INFO     Submission 1432 already scheduled for Online-Updates-Staging-Install on ppc64le
2026-01-15 14:32:44 INFO     Submission 1433 already scheduled for Online-Updates-Staging-Install on ppc64le
2026-01-15 14:32:44 INFO     Submission 1434 already scheduled for Online-Updates-Staging-Install on ppc64le
2026-01-15 14:32:44 INFO     Submission 1438 already scheduled for Online-Updates-Staging-Install on ppc64le
2026-01-15 14:32:44 INFO     Submission 1444 already scheduled for Online-Updates-Staging-Install on ppc64le
2026-01-15 14:32:44 INFO     Submission 1445 already scheduled for Online-Updates-Staging-Install on ppc64le
2026-01-15 14:32:44 INFO     Submission 1453 already scheduled for Online-Updates-Staging-Install on ppc64le
2026-01-15 14:32:44 INFO     Submission 1454 already scheduled for Online-Updates-Staging-Install on ppc64le
2026-01-15 14:32:44 INFO     Submission 1459 already scheduled for Online-Updates-Staging-Install on ppc64le
2026-01-15 14:32:44 INFO     Submission 1476 already scheduled for Online-Updates-Staging-Install on ppc64le
2026-01-15 14:32:44 INFO     Submission 1482 already scheduled for Online-Updates-Staging-Install on ppc64le
2026-01-15 14:32:44 INFO     Submission 1483 already scheduled for Online-Updates-Staging-Install on ppc64le
2026-01-15 14:32:44 INFO     Submission 1486 already scheduled for Online-Updates-Staging-Install on ppc64le
2026-01-15 14:32:44 INFO     Submission 1512 already scheduled for Online-Updates-Staging-Install on ppc64le
2026-01-15 14:32:44 INFO     Submission 1537 already scheduled for Online-Updates-Staging-Install on ppc64le
2026-01-15 14:32:44 INFO     Submission 1538 already scheduled for Online-Updates-Staging-Install on ppc64le
2026-01-15 14:32:44 INFO     Submission 1543 already scheduled for Online-Updates-Staging-Install on ppc64le
2026-01-15 14:32:44 INFO     Submission 1544 already scheduled for Online-Updates-Staging-Install on ppc64le
2026-01-15 14:32:44 INFO     Submission 1546 already scheduled for Online-Updates-Staging-Install on ppc64le
2026-01-15 14:32:44 INFO     Submission 1554 already scheduled for Online-Updates-Staging-Install on ppc64le
2026-01-15 14:32:44 INFO     Submission 1557 already scheduled for Online-Updates-Staging-Install on ppc64le
2026-01-15 14:32:44 INFO     Submission 1572 already scheduled for Online-Updates-Staging-Install on ppc64le
2026-01-15 14:32:44 INFO     Submission 1578 already scheduled for Online-Updates-Staging-Install on ppc64le
2026-01-15 14:32:44 INFO     Submission 1589 already scheduled for Online-Updates-Staging-Install on ppc64le
2026-01-15 14:32:44 INFO     Submission 1595 already scheduled for Online-Updates-Staging-Install on ppc64le
2026-01-15 14:32:44 INFO     Submission 1602 already scheduled for Online-Updates-Staging-Install on ppc64le
2026-01-15 14:32:44 INFO     Submission 1604 already scheduled for Online-Updates-Staging-Install on ppc64le
2026-01-15 14:32:44 INFO     Submission 1606 already scheduled for Online-Updates-Staging-Install on ppc64le
2026-01-15 14:32:44 INFO     Submission 1607 already scheduled for Online-Updates-Staging-Install on ppc64le
2026-01-15 14:32:44 INFO     Submission 1610 already scheduled for Online-Updates-Staging-Install on ppc64le
2026-01-15 14:32:44 INFO     Submission 1611 already scheduled for Online-Updates-Staging-Install on ppc64le
2026-01-15 14:32:44 INFO     Submission 1622 already scheduled for Online-Updates-Staging-Install on ppc64le
2026-01-15 14:32:44 INFO     Submission 1623 already scheduled for Online-Updates-Staging-Install on ppc64le
2026-01-15 14:32:44 INFO     Submission 1625 already scheduled for Online-Updates-Staging-Install on ppc64le
2026-01-15 14:32:44 INFO     Submission 1626 already scheduled for Online-Updates-Staging-Install on ppc64le
2026-01-15 14:32:44 INFO     Submission 1635 already scheduled for Online-Updates-Staging-Install on ppc64le
2026-01-15 14:32:44 INFO     Submission 951 already scheduled for Online-Updates-Staging-Install on aarch64
2026-01-15 14:32:44 INFO     Submission 1385 already scheduled for Online-Updates-Staging-Install on aarch64
2026-01-15 14:32:44 INFO     Submission 1432 already scheduled for Online-Updates-Staging-Install on aarch64
2026-01-15 14:32:44 INFO     Submission 1433 already scheduled for Online-Updates-Staging-Install on aarch64
2026-01-15 14:32:44 INFO     Submission 1434 already scheduled for Online-Updates-Staging-Install on aarch64
2026-01-15 14:32:44 INFO     Submission 1438 already scheduled for Online-Updates-Staging-Install on aarch64
2026-01-15 14:32:44 INFO     Submission 1444 already scheduled for Online-Updates-Staging-Install on aarch64
2026-01-15 14:32:44 INFO     Submission 1445 already scheduled for Online-Updates-Staging-Install on aarch64
2026-01-15 14:32:44 INFO     Submission 1453 already scheduled for Online-Updates-Staging-Install on aarch64
2026-01-15 14:32:44 INFO     Submission 1454 already scheduled for Online-Updates-Staging-Install on aarch64
2026-01-15 14:32:44 INFO     Submission 1459 already scheduled for Online-Updates-Staging-Install on aarch64
2026-01-15 14:32:44 INFO     Submission 1476 already scheduled for Online-Updates-Staging-Install on aarch64
2026-01-15 14:32:44 INFO     Submission 1482 already scheduled for Online-Updates-Staging-Install on aarch64
2026-01-15 14:32:44 INFO     Submission 1483 already scheduled for Online-Updates-Staging-Install on aarch64
2026-01-15 14:32:44 INFO     Submission 1486 already scheduled for Online-Updates-Staging-Install on aarch64
2026-01-15 14:32:44 INFO     Submission 1512 already scheduled for Online-Updates-Staging-Install on aarch64
2026-01-15 14:32:44 INFO     Submission 1537 already scheduled for Online-Updates-Staging-Install on aarch64
2026-01-15 14:32:44 INFO     Submission 1538 already scheduled for Online-Updates-Staging-Install on aarch64
2026-01-15 14:32:44 INFO     Submission 1543 already scheduled for Online-Updates-Staging-Install on aarch64
2026-01-15 14:32:44 INFO     Submission 1544 already scheduled for Online-Updates-Staging-Install on aarch64
2026-01-15 14:32:44 INFO     Submission 1546 already scheduled for Online-Updates-Staging-Install on aarch64
2026-01-15 14:32:44 INFO     Submission 1554 already scheduled for Online-Updates-Staging-Install on aarch64
2026-01-15 14:32:44 INFO     Submission 1557 already scheduled for Online-Updates-Staging-Install on aarch64
2026-01-15 14:32:44 INFO     Submission 1572 already scheduled for Online-Updates-Staging-Install on aarch64
2026-01-15 14:32:44 INFO     Submission 1578 already scheduled for Online-Updates-Staging-Install on aarch64
2026-01-15 14:32:44 INFO     Submission 1589 already scheduled for Online-Updates-Staging-Install on aarch64
2026-01-15 14:32:44 INFO     Submission 1595 already scheduled for Online-Updates-Staging-Install on aarch64
2026-01-15 14:32:44 INFO     Submission 1602 already scheduled for Online-Updates-Staging-Install on aarch64
2026-01-15 14:32:44 INFO     Submission 1604 already scheduled for Online-Updates-Staging-Install on aarch64
2026-01-15 14:32:44 INFO     Submission 1606 already scheduled for Online-Updates-Staging-Install on aarch64
2026-01-15 14:32:44 INFO     Submission 1607 already scheduled for Online-Updates-Staging-Install on aarch64
2026-01-15 14:32:44 INFO     Submission 1610 already scheduled for Online-Updates-Staging-Install on aarch64
2026-01-15 14:32:44 INFO     Submission 1611 already scheduled for Online-Updates-Staging-Install on aarch64
2026-01-15 14:32:44 INFO     Submission 1622 already scheduled for Online-Updates-Staging-Install on aarch64
2026-01-15 14:32:44 INFO     Submission 1623 already scheduled for Online-Updates-Staging-Install on aarch64
2026-01-15 14:32:44 INFO     Submission 1625 already scheduled for Online-Updates-Staging-Install on aarch64
2026-01-15 14:32:44 INFO     Submission 1626 already scheduled for Online-Updates-Staging-Install on aarch64
2026-01-15 14:32:44 INFO     Submission 1635 already scheduled for Online-Updates-Staging-Install on aarch64
2026-01-15 14:32:45 INFO     Submission 1611 already scheduled for Online-Security-Updates-Staging on x86_64
2026-01-15 14:32:45 INFO     Submission 1611 already scheduled for Online-Security-Updates-Staging on s390x
2026-01-15 14:32:45 INFO     Submission 1611 already scheduled for Online-Security-Updates-Staging on ppc64le
2026-01-15 14:32:45 INFO     Submission 1611 already scheduled for Online-Security-Updates-Staging on aarch64
2026-01-15 14:32:45 INFO     Submission 1611 already scheduled for Minimal-VM-for-kvm-and-xen-Updates-Staging on x86_64
2026-01-15 14:32:45 INFO     Submission 1611 already scheduled for Minimal-VM-for-kvm-and-xen-Updates-Staging on s390x
2026-01-15 14:32:45 INFO     Submission 1611 already scheduled for Minimal-VM-for-kvm-and-xen-Updates-Staging on ppc64le
2026-01-15 14:32:45 INFO     Submission 1611 already scheduled for Minimal-VM-for-kvm-and-xen-Updates-Staging on aarch64
2026-01-15 14:32:45 INFO     Submission 1611 already scheduled for Minimal-VM-Cloud-Updates-Staging on x86_64
2026-01-15 14:32:45 INFO     Submission 1611 already scheduled for Minimal-VM-Cloud-Updates-Staging on s390x
2026-01-15 14:32:45 INFO     Submission 1611 already scheduled for Minimal-VM-Cloud-Updates-Staging on aarch64
2026-01-15 14:32:45 INFO     Submission 1453 already scheduled for Containers-Updates-Staging on x86_64
2026-01-15 14:32:45 INFO     Submission 1454 already scheduled for Containers-Updates-Staging on x86_64
2026-01-15 14:32:45 INFO     Submission 1512 already scheduled for Containers-Updates-Staging on x86_64
2026-01-15 14:32:45 INFO     Submission 1611 already scheduled for Containers-Updates-Staging on x86_64
2026-01-15 14:32:45 INFO     Submission 1453 already scheduled for Containers-Updates-Staging on s390x
2026-01-15 14:32:45 INFO     Submission 1454 already scheduled for Containers-Updates-Staging on s390x
2026-01-15 14:32:45 INFO     Submission 1512 already scheduled for Containers-Updates-Staging on s390x
2026-01-15 14:32:45 INFO     Submission 1611 already scheduled for Containers-Updates-Staging on s390x
2026-01-15 14:32:45 INFO     Submission 1453 already scheduled for Containers-Updates-Staging on ppc64le
2026-01-15 14:32:45 INFO     Submission 1454 already scheduled for Containers-Updates-Staging on ppc64le
2026-01-15 14:32:45 INFO     Submission 1512 already scheduled for Containers-Updates-Staging on ppc64le
2026-01-15 14:32:45 INFO     Submission 1611 already scheduled for Containers-Updates-Staging on ppc64le
2026-01-15 14:32:45 INFO     Submission 1453 already scheduled for Containers-Updates-Staging on aarch64
2026-01-15 14:32:45 INFO     Submission 1454 already scheduled for Containers-Updates-Staging on aarch64
2026-01-15 14:32:45 INFO     Submission 1512 already scheduled for Containers-Updates-Staging on aarch64
2026-01-15 14:32:45 INFO     Submission 1611 already scheduled for Containers-Updates-Staging on aarch64
2026-01-15 14:32:45 INFO     Triggering 210 products in openQA
2026-01-15 14:32:45 INFO     Triggering job: {'api': 'api/incident_settings', 'qem': {'incident': 42103, 'arch': 'x86_64', 'flavor': 'Server-DVD-HA-Incidents', 'version': '15-SP4', 'withAggregate': False, 'settings': {'DISTRI': 'sle', 'VERSION': '15-SP4', 'ARCH': 'x86_64', 'FLAVOR': 'Server-DVD-HA-Incidents', 'INCIDENT_ID': 42103, 'REPOHASH': 1768408824, 'BUILD': ':42103:libsoup', '_OBSOLETE': '1', '_ONLY_OBSOLETE_SAME_BUILD': '1', '__CI_JOB_URL': 'https://gitlab.suse.de/qa-maintenance/bot-ng/-/jobs/5904085', 'RRID': 'SUSE:Maintenance:42103:398982', 'LTSS_TEST_ISSUES': '42103', 'INCIDENT_REPO': '', '_PRIORITY': 60, '__SOURCE_CHANGE_URL': 'https://smelt.suse.de/incident/42103', '__DASHBOARD_INCIDENT_URL': 'http://dashboard.qam.suse.de/incident/42103'}}, 'openqa': {'DISTRI': 'sle', 'VERSION': '15-SP4', 'ARCH': 'x86_64', 'FLAVOR': 'Server-DVD-HA-Incidents', 'INCIDENT_ID': 42103, 'REPOHASH': 1768408824, 'BUILD': ':42103:libsoup', '_OBSOLETE': '1', '_ONLY_OBSOLETE_SAME_BUILD': '1', '__CI_JOB_URL': 'https://gitlab.suse.de/qa-maintenance/bot-ng/-/jobs/5904085', 'RRID': 'SUSE:Maintenance:42103:398982', 'LTSS_TEST_ISSUES': '42103', 'INCIDENT_REPO': '', '_PRIORITY': 60, '__SOURCE_CHANGE_URL': 'https://smelt.suse.de/incident/42103', '__DASHBOARD_INCIDENT_URL': 'http://dashboard.qam.suse.de/incident/42103'}}
2026-01-15 14:32:45 INFO     openqa-cli api --host https://openqa.suse.de -X post isos DISTRI=sle VERSION=15-SP4 ARCH=x86_64 FLAVOR=Server-DVD-HA-Incidents INCIDENT_ID=42103 REPOHASH=1768408824 BUILD=:42103:libsoup _OBSOLETE=1 _ONLY_OBSOLETE_SAME_BUILD=1 __CI_JOB_URL=https://gitlab.suse.de/qa-maintenance/bot-ng/-/jobs/5904085 RRID=SUSE:Maintenance:42103:398982 LTSS_TEST_ISSUES=42103 INCIDENT_REPO= _PRIORITY=60 __SOURCE_CHANGE_URL=https://smelt.suse.de/incident/42103 __DASHBOARD_INCIDENT_URL=http://dashboard.qam.suse.de/incident/42103
2026-01-15 14:32:45 INFO     Triggering job: {'api': 'api/incident_settings', 'qem': {'incident': 42104, 'arch': 'x86_64', 'flavor': 'Server-DVD-HA-Incidents', 'version': '15-SP4', 'withAggregate': False, 'settings': {'DISTRI': 'sle', 'VERSION': '15-SP4', 'ARCH': 'x86_64', 'FLAVOR': 'Server-DVD-HA-Incidents', 'INCIDENT_ID': 42104, 'REPOHASH': 1768407419, 'BUILD': ':42104:libsoup2', '_OBSOLETE': '1', '_ONLY_OBSOLETE_SAME_BUILD': '1', '__CI_JOB_URL': 'https://gitlab.suse.de/qa-maintenance/bot-ng/-/jobs/5904085', 'RRID': 'SUSE:Maintenance:42104:398978', 'LTSS_TEST_ISSUES': '42104', 'INCIDENT_REPO': '', '_PRIORITY': 60, '__SOURCE_CHANGE_URL': 'https://smelt.suse.de/incident/42104', '__DASHBOARD_INCIDENT_URL': 'http://dashboard.qam.suse.de/incident/42104'}}, 'openqa': {'DISTRI': 'sle', 'VERSION': '15-SP4', 'ARCH': 'x86_64', 'FLAVOR': 'Server-DVD-HA-Incidents', 'INCIDENT_ID': 42104, 'REPOHASH': 1768407419, 'BUILD': ':42104:libsoup2', '_OBSOLETE': '1', '_ONLY_OBSOLETE_SAME_BUILD': '1', '__CI_JOB_URL': 'https://gitlab.suse.de/qa-maintenance/bot-ng/-/jobs/5904085', 'RRID': 'SUSE:Maintenance:42104:398978', 'LTSS_TEST_ISSUES': '42104', 'INCIDENT_REPO': '', '_PRIORITY': 60, '__SOURCE_CHANGE_URL': 'https://smelt.suse.de/incident/42104', '__DASHBOARD_INCIDENT_URL': 'http://dashboard.qam.suse.de/incident/42104'}}
2026-01-15 14:32:45 INFO     openqa-cli api --host https://openqa.suse.de -X post isos DISTRI=sle VERSION=15-SP4 ARCH=x86_64 FLAVOR=Server-DVD-HA-Incidents INCIDENT_ID=42104 REPOHASH=1768407419 BUILD=:42104:libsoup2 _OBSOLETE=1 _ONLY_OBSOLETE_SAME_BUILD=1 __CI_JOB_URL=https://gitlab.suse.de/qa-maintenance/bot-ng/-/jobs/5904085 RRID=SUSE:Maintenance:42104:398978 LTSS_TEST_ISSUES=42104 INCIDENT_REPO= _PRIORITY=60 __SOURCE_CHANGE_URL=https://smelt.suse.de/incident/42104 __DASHBOARD_INCIDENT_URL=http://dashboard.qam.suse.de/incident/42104
2026-01-15 14:32:45 INFO     Triggering job: {'api': 'api/incident_settings', 'qem': {'incident': 42103, 'arch': 'x86_64', 'flavor': 'Server-DVD-HA-Incidents-Install', 'version': '15-SP4', 'withAggregate': True, 'settings': {'DISTRI': 'sle', 'VERSION': '15-SP4', 'ARCH': 'x86_64', 'FLAVOR': 'Server-DVD-HA-Incidents-Install', 'INCIDENT_ID': 42103, 'REPOHASH': 1768408824, 'BUILD': ':42103:libsoup', '_OBSOLETE': '1', '_ONLY_OBSOLETE_SAME_BUILD': '1', '__CI_JOB_URL': 'https://gitlab.suse.de/qa-maintenance/bot-ng/-/jobs/5904085', 'RRID': 'SUSE:Maintenance:42103:398982', 'LTSS_TEST_ISSUES': '42103', 'INCIDENT_REPO': '', '_PRIORITY': 60, '__SOURCE_CHANGE_URL': 'https://smelt.suse.de/incident/42103', '__DASHBOARD_INCIDENT_URL': 'http://dashboard.qam.suse.de/incident/42103'}}, 'openqa': {'DISTRI': 'sle', 'VERSION': '15-SP4', 'ARCH': 'x86_64', 'FLAVOR': 'Server-DVD-HA-Incidents-Install', 'INCIDENT_ID': 42103, 'REPOHASH': 1768408824, 'BUILD': ':42103:libsoup', '_OBSOLETE': '1', '_ONLY_OBSOLETE_SAME_BUILD': '1', '__CI_JOB_URL': 'https://gitlab.suse.de/qa-maintenance/bot-ng/-/jobs/5904085', 'RRID': 'SUSE:Maintenance:42103:398982', 'LTSS_TEST_ISSUES': '42103', 'INCIDENT_REPO': '', '_PRIORITY': 60, '__SOURCE_CHANGE_URL': 'https://smelt.suse.de/incident/42103', '__DASHBOARD_INCIDENT_URL': 'http://dashboard.qam.suse.de/incident/42103'}}
2026-01-15 14:32:45 INFO     openqa-cli api --host https://openqa.suse.de -X post isos DISTRI=sle VERSION=15-SP4 ARCH=x86_64 FLAVOR=Server-DVD-HA-Incidents-Install INCIDENT_ID=42103 REPOHASH=1768408824 BUILD=:42103:libsoup _OBSOLETE=1 _ONLY_OBSOLETE_SAME_BUILD=1 __CI_JOB_URL=https://gitlab.suse.de/qa-maintenance/bot-ng/-/jobs/5904085 RRID=SUSE:Maintenance:42103:398982 LTSS_TEST_ISSUES=42103 INCIDENT_REPO= _PRIORITY=60 __SOURCE_CHANGE_URL=https://smelt.suse.de/incident/42103 __DASHBOARD_INCIDENT_URL=http://dashboard.qam.suse.de/incident/42103
2026-01-15 14:32:45 INFO     Triggering job: {'api': 'api/incident_settings', 'qem': {'incident': 42104, 'arch': 'x86_64', 'flavor': 'Server-DVD-HA-Incidents-Install', 'version': '15-SP4', 'withAggregate': True, 'settings': {'DISTRI': 'sle', 'VERSION': '15-SP4', 'ARCH': 'x86_64', 'FLAVOR': 'Server-DVD-HA-Incidents-Install', 'INCIDENT_ID': 42104, 'REPOHASH': 1768407419, 'BUILD': ':42104:libsoup2', '_OBSOLETE': '1', '_ONLY_OBSOLETE_SAME_BUILD': '1', '__CI_JOB_URL': 'https://gitlab.suse.de/qa-maintenance/bot-ng/-/jobs/5904085', 'RRID': 'SUSE:Maintenance:42104:398978', 'LTSS_TEST_ISSUES': '42104', 'INCIDENT_REPO': '', '_PRIORITY': 60, '__SOURCE_CHANGE_URL': 'https://smelt.suse.de/incident/42104', '__DASHBOARD_INCIDENT_URL': 'http://dashboard.qam.suse.de/incident/42104'}}, 'openqa': {'DISTRI': 'sle', 'VERSION': '15-SP4', 'ARCH': 'x86_64', 'FLAVOR': 'Server-DVD-HA-Incidents-Install', 'INCIDENT_ID': 42104, 'REPOHASH': 1768407419, 'BUILD': ':42104:libsoup2', '_OBSOLETE': '1', '_ONLY_OBSOLETE_SAME_BUILD': '1', '__CI_JOB_URL': 'https://gitlab.suse.de/qa-maintenance/bot-ng/-/jobs/5904085', 'RRID': 'SUSE:Maintenance:42104:398978', 'LTSS_TEST_ISSUES': '42104', 'INCIDENT_REPO': '', '_PRIORITY': 60, '__SOURCE_CHANGE_URL': 'https://smelt.suse.de/incident/42104', '__DASHBOARD_INCIDENT_URL': 'http://dashboard.qam.suse.de/incident/42104'}}
2026-01-15 14:32:45 INFO     openqa-cli api --host https://openqa.suse.de -X post isos DISTRI=sle VERSION=15-SP4 ARCH=x86_64 FLAVOR=Server-DVD-HA-Incidents-Install INCIDENT_ID=42104 REPOHASH=1768407419 BUILD=:42104:libsoup2 _OBSOLETE=1 _ONLY_OBSOLETE_SAME_BUILD=1 __CI_JOB_URL=https://gitlab.suse.de/qa-maintenance/bot-ng/-/jobs/5904085 RRID=SUSE:Maintenance:42104:398978 LTSS_TEST_ISSUES=42104 INCIDENT_REPO= _PRIORITY=60 __SOURCE_CHANGE_URL=https://smelt.suse.de/incident/42104 __DASHBOARD_INCIDENT_URL=http://dashboard.qam.suse.de/incident/42104
2026-01-15 14:32:45 INFO     Triggering job: {'api': 'api/incident_settings', 'qem': {'incident': 42103, 'arch': 'ppc64le', 'flavor': 'Server-DVD-HA-Incidents-Install', 'version': '15-SP4', 'withAggregate': True, 'settings': {'DISTRI': 'sle', 'VERSION': '15-SP4', 'ARCH': 'ppc64le', 'FLAVOR': 'Server-DVD-HA-Incidents-Install', 'INCIDENT_ID': 42103, 'REPOHASH': 1768408836, 'BUILD': ':42103:libsoup', '_OBSOLETE': '1', '_ONLY_OBSOLETE_SAME_BUILD': '1', '__CI_JOB_URL': 'https://gitlab.suse.de/qa-maintenance/bot-ng/-/jobs/5904085', 'RRID': 'SUSE:Maintenance:42103:398982', 'LTSS_TEST_ISSUES': '42103', 'INCIDENT_REPO': '', '_PRIORITY': 60, '__SOURCE_CHANGE_URL': 'https://smelt.suse.de/incident/42103', '__DASHBOARD_INCIDENT_URL': 'http://dashboard.qam.suse.de/incident/42103'}}, 'openqa': {'DISTRI': 'sle', 'VERSION': '15-SP4', 'ARCH': 'ppc64le', 'FLAVOR': 'Server-DVD-HA-Incidents-Install', 'INCIDENT_ID': 42103, 'REPOHASH': 1768408836, 'BUILD': ':42103:libsoup', '_OBSOLETE': '1', '_ONLY_OBSOLETE_SAME_BUILD': '1', '__CI_JOB_URL': 'https://gitlab.suse.de/qa-maintenance/bot-ng/-/jobs/5904085', 'RRID': 'SUSE:Maintenance:42103:398982', 'LTSS_TEST_ISSUES': '42103', 'INCIDENT_REPO': '', '_PRIORITY': 60, '__SOURCE_CHANGE_URL': 'https://smelt.suse.de/incident/42103', '__DASHBOARD_INCIDENT_URL': 'http://dashboard.qam.suse.de/incident/42103'}}
2026-01-15 14:32:45 INFO     openqa-cli api --host https://openqa.suse.de -X post isos DISTRI=sle VERSION=15-SP4 ARCH=ppc64le FLAVOR=Server-DVD-HA-Incidents-Install INCIDENT_ID=42103 REPOHASH=1768408836 BUILD=:42103:libsoup _OBSOLETE=1 _ONLY_OBSOLETE_SAME_BUILD=1 __CI_JOB_URL=https://gitlab.suse.de/qa-maintenance/bot-ng/-/jobs/5904085 RRID=SUSE:Maintenance:42103:398982 LTSS_TEST_ISSUES=42103 INCIDENT_REPO= _PRIORITY=60 __SOURCE_CHANGE_URL=https://smelt.suse.de/incident/42103 __DASHBOARD_INCIDENT_URL=http://dashboard.qam.suse.de/incident/42103
2026-01-15 14:32:45 INFO     Triggering job: {'api': 'api/incident_settings', 'qem': {'incident': 42104, 'arch': 'ppc64le', 'flavor': 'Server-DVD-HA-Incidents-Install', 'version': '15-SP4', 'withAggregate': True, 'settings': {'DISTRI': 'sle', 'VERSION': '15-SP4', 'ARCH': 'ppc64le', 'FLAVOR': 'Server-DVD-HA-Incidents-Install', 'INCIDENT_ID': 42104, 'REPOHASH': 1768407416, 'BUILD': ':42104:libsoup2', '_OBSOLETE': '1', '_ONLY_OBSOLETE_SAME_BUILD': '1', '__CI_JOB_URL': 'https://gitlab.suse.de/qa-maintenance/bot-ng/-/jobs/5904085', 'RRID': 'SUSE:Maintenance:42104:398978', 'LTSS_TEST_ISSUES': '42104', 'INCIDENT_REPO': '', '_PRIORITY': 60, '__SOURCE_CHANGE_URL': 'https://smelt.suse.de/incident/42104', '__DASHBOARD_INCIDENT_URL': 'http://dashboard.qam.suse.de/incident/42104'}}, 'openqa': {'DISTRI': 'sle', 'VERSION': '15-SP4', 'ARCH': 'ppc64le', 'FLAVOR': 'Server-DVD-HA-Incidents-Install', 'INCIDENT_ID': 42104, 'REPOHASH': 1768407416, 'BUILD': ':42104:libsoup2', '_OBSOLETE': '1', '_ONLY_OBSOLETE_SAME_BUILD': '1', '__CI_JOB_URL': 'https://gitlab.suse.de/qa-maintenance/bot-ng/-/jobs/5904085', 'RRID': 'SUSE:Maintenance:42104:398978', 'LTSS_TEST_ISSUES': '42104', 'INCIDENT_REPO': '', '_PRIORITY': 60, '__SOURCE_CHANGE_URL': 'https://smelt.suse.de/incident/42104', '__DASHBOARD_INCIDENT_URL': 'http://dashboard.qam.suse.de/incident/42104'}}
2026-01-15 14:32:45 INFO     openqa-cli api --host https://openqa.suse.de -X post isos DISTRI=sle VERSION=15-SP4 ARCH=ppc64le FLAVOR=Server-DVD-HA-Incidents-Install INCIDENT_ID=42104 REPOHASH=1768407416 BUILD=:42104:libsoup2 _OBSOLETE=1 _ONLY_OBSOLETE_SAME_BUILD=1 __CI_JOB_URL=https://gitlab.suse.de/qa-maintenance/bot-ng/-/jobs/5904085 RRID=SUSE:Maintenance:42104:398978 LTSS_TEST_ISSUES=42104 INCIDENT_REPO= _PRIORITY=60 __SOURCE_CHANGE_URL=https://smelt.suse.de/incident/42104 __DASHBOARD_INCIDENT_URL=http://dashboard.qam.suse.de/incident/42104
2026-01-15 14:32:45 INFO     Triggering job: {'api': 'api/incident_settings', 'qem': {'incident': 42103, 'arch': 'aarch64', 'flavor': 'Server-DVD-HA-Incidents-Install', 'version': '15-SP4', 'withAggregate': True, 'settings': {'DISTRI': 'sle', 'VERSION': '15-SP4', 'ARCH': 'aarch64', 'FLAVOR': 'Server-DVD-HA-Incidents-Install', 'INCIDENT_ID': 42103, 'REPOHASH': 1768408791, 'BUILD': ':42103:libsoup', '_OBSOLETE': '1', '_ONLY_OBSOLETE_SAME_BUILD': '1', '__CI_JOB_URL': 'https://gitlab.suse.de/qa-maintenance/bot-ng/-/jobs/5904085', 'RRID': 'SUSE:Maintenance:42103:398982', 'LTSS_TEST_ISSUES': '42103', 'INCIDENT_REPO': '', '_PRIORITY': 60, '__SOURCE_CHANGE_URL': 'https://smelt.suse.de/incident/42103', '__DASHBOARD_INCIDENT_URL': 'http://dashboard.qam.suse.de/incident/42103'}}, 'openqa': {'DISTRI': 'sle', 'VERSION': '15-SP4', 'ARCH': 'aarch64', 'FLAVOR': 'Server-DVD-HA-Incidents-Install', 'INCIDENT_ID': 42103, 'REPOHASH': 1768408791, 'BUILD': ':42103:libsoup', '_OBSOLETE': '1', '_ONLY_OBSOLETE_SAME_BUILD': '1', '__CI_JOB_URL': 'https://gitlab.suse.de/qa-maintenance/bot-ng/-/jobs/5904085', 'RRID': 'SUSE:Maintenance:42103:398982', 'LTSS_TEST_ISSUES': '42103', 'INCIDENT_REPO': '', '_PRIORITY': 60, '__SOURCE_CHANGE_URL': 'https://smelt.suse.de/incident/42103', '__DASHBOARD_INCIDENT_URL': 'http://dashboard.qam.suse.de/incident/42103'}}
2026-01-15 14:32:45 INFO     openqa-cli api --host https://openqa.suse.de -X post isos DISTRI=sle VERSION=15-SP4 ARCH=aarch64 FLAVOR=Server-DVD-HA-Incidents-Install INCIDENT_ID=42103 REPOHASH=1768408791 BUILD=:42103:libsoup _OBSOLETE=1 _ONLY_OBSOLETE_SAME_BUILD=1 __CI_JOB_URL=https://gitlab.suse.de/qa-maintenance/bot-ng/-/jobs/5904085 RRID=SUSE:Maintenance:42103:398982 LTSS_TEST_ISSUES=42103 INCIDENT_REPO= _PRIORITY=60 __SOURCE_CHANGE_URL=https://smelt.suse.de/incident/42103 __DASHBOARD_INCIDENT_URL=http://dashboard.qam.suse.de/incident/42103
2026-01-15 14:32:45 INFO     Triggering job: {'api': 'api/incident_settings', 'qem': {'incident': 42104, 'arch': 'aarch64', 'flavor': 'Server-DVD-HA-Incidents-Install', 'version': '15-SP4', 'withAggregate': True, 'settings': {'DISTRI': 'sle', 'VERSION': '15-SP4', 'ARCH': 'aarch64', 'FLAVOR': 'Server-DVD-HA-Incidents-Install', 'INCIDENT_ID': 42104, 'REPOHASH': 1768407389, 'BUILD': ':42104:libsoup2', '_OBSOLETE': '1', '_ONLY_OBSOLETE_SAME_BUILD': '1', '__CI_JOB_URL': 'https://gitlab.suse.de/qa-maintenance/bot-ng/-/jobs/5904085', 'RRID': 'SUSE:Maintenance:42104:398978', 'LTSS_TEST_ISSUES': '42104', 'INCIDENT_REPO': '', '_PRIORITY': 60, '__SOURCE_CHANGE_URL': 'https://smelt.suse.de/incident/42104', '__DASHBOARD_INCIDENT_URL': 'http://dashboard.qam.suse.de/incident/42104'}}, 'openqa': {'DISTRI': 'sle', 'VERSION': '15-SP4', 'ARCH': 'aarch64', 'FLAVOR': 'Server-DVD-HA-Incidents-Install', 'INCIDENT_ID': 42104, 'REPOHASH': 1768407389, 'BUILD': ':42104:libsoup2', '_OBSOLETE': '1', '_ONLY_OBSOLETE_SAME_BUILD': '1', '__CI_JOB_URL': 'https://gitlab.suse.de/qa-maintenance/bot-ng/-/jobs/5904085', 'RRID': 'SUSE:Maintenance:42104:398978', 'LTSS_TEST_ISSUES': '42104', 'INCIDENT_REPO': '', '_PRIORITY': 60, '__SOURCE_CHANGE_URL': 'https://smelt.suse.de/incident/42104', '__DASHBOARD_INCIDENT_URL': 'http://dashboard.qam.suse.de/incident/42104'}}
2026-01-15 14:32:45 INFO     openqa-cli api --host https://openqa.suse.de -X post isos DISTRI=sle VERSION=15-SP4 ARCH=aarch64 FLAVOR=Server-DVD-HA-Incidents-Install INCIDENT_ID=42104 REPOHASH=1768407389 BUILD=:42104:libsoup2 _OBSOLETE=1 _ONLY_OBSOLETE_SAME_BUILD=1 __CI_JOB_URL=https://gitlab.suse.de/qa-maintenance/bot-ng/-/jobs/5904085 RRID=SUSE:Maintenance:42104:398978 LTSS_TEST_ISSUES=42104 INCIDENT_REPO= _PRIORITY=60 __SOURCE_CHANGE_URL=https://smelt.suse.de/incident/42104 __DASHBOARD_INCIDENT_URL=http://dashboard.qam.suse.de/incident/42104
2026-01-15 14:32:45 INFO     Triggering job: {'api': 'api/incident_settings', 'qem': {'incident': 42103, 'arch': 's390x', 'flavor': 'Server-DVD-HA-Incidents-Install', 'version': '15-SP4', 'withAggregate': True, 'settings': {'DISTRI': 'sle', 'VERSION': '15-SP4', 'ARCH': 's390x', 'FLAVOR': 'Server-DVD-HA-Incidents-Install', 'INCIDENT_ID': 42103, 'REPOHASH': 1768408830, 'BUILD': ':42103:libsoup', '_OBSOLETE': '1', '_ONLY_OBSOLETE_SAME_BUILD': '1', '__CI_JOB_URL': 'https://gitlab.suse.de/qa-maintenance/bot-ng/-/jobs/5904085', 'RRID': 'SUSE:Maintenance:42103:398982', 'LTSS_TEST_ISSUES': '42103', 'INCIDENT_REPO': '', '_PRIORITY': 60, '__SOURCE_CHANGE_URL': 'https://smelt.suse.de/incident/42103', '__DASHBOARD_INCIDENT_URL': 'http://dashboard.qam.suse.de/incident/42103'}}, 'openqa': {'DISTRI': 'sle', 'VERSION': '15-SP4', 'ARCH': 's390x', 'FLAVOR': 'Server-DVD-HA-Incidents-Install', 'INCIDENT_ID': 42103, 'REPOHASH': 1768408830, 'BUILD': ':42103:libsoup', '_OBSOLETE': '1', '_ONLY_OBSOLETE_SAME_BUILD': '1', '__CI_JOB_URL': 'https://gitlab.suse.de/qa-maintenance/bot-ng/-/jobs/5904085', 'RRID': 'SUSE:Maintenance:42103:398982', 'LTSS_TEST_ISSUES': '42103', 'INCIDENT_REPO': '', '_PRIORITY': 60, '__SOURCE_CHANGE_URL': 'https://smelt.suse.de/incident/42103', '__DASHBOARD_INCIDENT_URL': 'http://dashboard.qam.suse.de/incident/42103'}}
2026-01-15 14:32:45 INFO     openqa-cli api --host https://openqa.suse.de -X post isos DISTRI=sle VERSION=15-SP4 ARCH=s390x FLAVOR=Server-DVD-HA-Incidents-Install INCIDENT_ID=42103 REPOHASH=1768408830 BUILD=:42103:libsoup _OBSOLETE=1 _ONLY_OBSOLETE_SAME_BUILD=1 __CI_JOB_URL=https://gitlab.suse.de/qa-maintenance/bot-ng/-/jobs/5904085 RRID=SUSE:Maintenance:42103:398982 LTSS_TEST_ISSUES=42103 INCIDENT_REPO= _PRIORITY=60 __SOURCE_CHANGE_URL=https://smelt.suse.de/incident/42103 __DASHBOARD_INCIDENT_URL=http://dashboard.qam.suse.de/incident/42103
2026-01-15 14:32:45 INFO     Triggering job: {'api': 'api/incident_settings', 'qem': {'incident': 42104, 'arch': 's390x', 'flavor': 'Server-DVD-HA-Incidents-Install', 'version': '15-SP4', 'withAggregate': True, 'settings': {'DISTRI': 'sle', 'VERSION': '15-SP4', 'ARCH': 's390x', 'FLAVOR': 'Server-DVD-HA-Incidents-Install', 'INCIDENT_ID': 42104, 'REPOHASH': 1768407395, 'BUILD': ':42104:libsoup2', '_OBSOLETE': '1', '_ONLY_OBSOLETE_SAME_BUILD': '1', '__CI_JOB_URL': 'https://gitlab.suse.de/qa-maintenance/bot-ng/-/jobs/5904085', 'RRID': 'SUSE:Maintenance:42104:398978', 'LTSS_TEST_ISSUES': '42104', 'INCIDENT_REPO': '', '_PRIORITY': 60, '__SOURCE_CHANGE_URL': 'https://smelt.suse.de/incident/42104', '__DASHBOARD_INCIDENT_URL': 'http://dashboard.qam.suse.de/incident/42104'}}, 'openqa': {'DISTRI': 'sle', 'VERSION': '15-SP4', 'ARCH': 's390x', 'FLAVOR': 'Server-DVD-HA-Incidents-Install', 'INCIDENT_ID': 42104, 'REPOHASH': 1768407395, 'BUILD': ':42104:libsoup2', '_OBSOLETE': '1', '_ONLY_OBSOLETE_SAME_BUILD': '1', '__CI_JOB_URL': 'https://gitlab.suse.de/qa-maintenance/bot-ng/-/jobs/5904085', 'RRID': 'SUSE:Maintenance:42104:398978', 'LTSS_TEST_ISSUES': '42104', 'INCIDENT_REPO': '', '_PRIORITY': 60, '__SOURCE_CHANGE_URL': 'https://smelt.suse.de/incident/42104', '__DASHBOARD_INCIDENT_URL': 'http://dashboard.qam.suse.de/incident/42104'}}
2026-01-15 14:32:45 INFO     openqa-cli api --host https://openqa.suse.de -X post isos DISTRI=sle VERSION=15-SP4 ARCH=s390x FLAVOR=Server-DVD-HA-Incidents-Install INCIDENT_ID=42104 REPOHASH=1768407395 BUILD=:42104:libsoup2 _OBSOLETE=1 _ONLY_OBSOLETE_SAME_BUILD=1 __CI_JOB_URL=https://gitlab.suse.de/qa-maintenance/bot-ng/-/jobs/5904085 RRID=SUSE:Maintenance:42104:398978 LTSS_TEST_ISSUES=42104 INCIDENT_REPO= _PRIORITY=60 __SOURCE_CHANGE_URL=https://smelt.suse.de/incident/42104 __DASHBOARD_INCIDENT_URL=http://dashboard.qam.suse.de/incident/42104
2026-01-15 14:32:45 INFO     Triggering job: {'api': 'api/incident_settings', 'qem': {'incident': 42103, 'arch': 'x86_64', 'flavor': 'Server-DVD-HA-Incidents', 'version': '15-SP5', 'withAggregate': False, 'settings': {'DISTRI': 'sle', 'VERSION': '15-SP5', 'ARCH': 'x86_64', 'FLAVOR': 'Server-DVD-HA-Incidents', 'INCIDENT_ID': 42103, 'REPOHASH': 1768408842, 'BUILD': ':42103:libsoup', '_OBSOLETE': '1', '_ONLY_OBSOLETE_SAME_BUILD': '1', '__CI_JOB_URL': 'https://gitlab.suse.de/qa-maintenance/bot-ng/-/jobs/5904085', 'RRID': 'SUSE:Maintenance:42103:398982', 'LTSS_TEST_ISSUES': '42103', 'INCIDENT_REPO': '', '_PRIORITY': 60, '__SOURCE_CHANGE_URL': 'https://smelt.suse.de/incident/42103', '__DASHBOARD_INCIDENT_URL': 'http://dashboard.qam.suse.de/incident/42103'}}, 'openqa': {'DISTRI': 'sle', 'VERSION': '15-SP5', 'ARCH': 'x86_64', 'FLAVOR': 'Server-DVD-HA-Incidents', 'INCIDENT_ID': 42103, 'REPOHASH': 1768408842, 'BUILD': ':42103:libsoup', '_OBSOLETE': '1', '_ONLY_OBSOLETE_SAME_BUILD': '1', '__CI_JOB_URL': 'https://gitlab.suse.de/qa-maintenance/bot-ng/-/jobs/5904085', 'RRID': 'SUSE:Maintenance:42103:398982', 'LTSS_TEST_ISSUES': '42103', 'INCIDENT_REPO': '', '_PRIORITY': 60, '__SOURCE_CHANGE_URL': 'https://smelt.suse.de/incident/42103', '__DASHBOARD_INCIDENT_URL': 'http://dashboard.qam.suse.de/incident/42103'}}
2026-01-15 14:32:45 INFO     openqa-cli api --host https://openqa.suse.de -X post isos DISTRI=sle VERSION=15-SP5 ARCH=x86_64 FLAVOR=Server-DVD-HA-Incidents INCIDENT_ID=42103 REPOHASH=1768408842 BUILD=:42103:libsoup _OBSOLETE=1 _ONLY_OBSOLETE_SAME_BUILD=1 __CI_JOB_URL=https://gitlab.suse.de/qa-maintenance/bot-ng/-/jobs/5904085 RRID=SUSE:Maintenance:42103:398982 LTSS_TEST_ISSUES=42103 INCIDENT_REPO= _PRIORITY=60 __SOURCE_CHANGE_URL=https://smelt.suse.de/incident/42103 __DASHBOARD_INCIDENT_URL=http://dashboard.qam.suse.de/incident/42103
2026-01-15 14:32:45 INFO     Triggering job: {'api': 'api/incident_settings', 'qem': {'incident': 42104, 'arch': 'x86_64', 'flavor': 'Server-DVD-HA-Incidents', 'version': '15-SP5', 'withAggregate': False, 'settings': {'DISTRI': 'sle', 'VERSION': '15-SP5', 'ARCH': 'x86_64', 'FLAVOR': 'Server-DVD-HA-Incidents', 'INCIDENT_ID': 42104, 'REPOHASH': 1768407425, 'BUILD': ':42104:libsoup2', '_OBSOLETE': '1', '_ONLY_OBSOLETE_SAME_BUILD': '1', '__CI_JOB_URL': 'https://gitlab.suse.de/qa-maintenance/bot-ng/-/jobs/5904085', 'RRID': 'SUSE:Maintenance:42104:398978', 'LTSS_TEST_ISSUES': '42104', 'INCIDENT_REPO': '', '_PRIORITY': 60, '__SOURCE_CHANGE_URL': 'https://smelt.suse.de/incident/42104', '__DASHBOARD_INCIDENT_URL': 'http://dashboard.qam.suse.de/incident/42104'}}, 'openqa': {'DISTRI': 'sle', 'VERSION': '15-SP5', 'ARCH': 'x86_64', 'FLAVOR': 'Server-DVD-HA-Incidents', 'INCIDENT_ID': 42104, 'REPOHASH': 1768407425, 'BUILD': ':42104:libsoup2', '_OBSOLETE': '1', '_ONLY_OBSOLETE_SAME_BUILD': '1', '__CI_JOB_URL': 'https://gitlab.suse.de/qa-maintenance/bot-ng/-/jobs/5904085', 'RRID': 'SUSE:Maintenance:42104:398978', 'LTSS_TEST_ISSUES': '42104', 'INCIDENT_REPO': '', '_PRIORITY': 60, '__SOURCE_CHANGE_URL': 'https://smelt.suse.de/incident/42104', '__DASHBOARD_INCIDENT_URL': 'http://dashboard.qam.suse.de/incident/42104'}}
2026-01-15 14:32:45 INFO     openqa-cli api --host https://openqa.suse.de -X post isos DISTRI=sle VERSION=15-SP5 ARCH=x86_64 FLAVOR=Server-DVD-HA-Incidents INCIDENT_ID=42104 REPOHASH=1768407425 BUILD=:42104:libsoup2 _OBSOLETE=1 _ONLY_OBSOLETE_SAME_BUILD=1 __CI_JOB_URL=https://gitlab.suse.de/qa-maintenance/bot-ng/-/jobs/5904085 RRID=SUSE:Maintenance:42104:398978 LTSS_TEST_ISSUES=42104 INCIDENT_REPO= _PRIORITY=60 __SOURCE_CHANGE_URL=https://smelt.suse.de/incident/42104 __DASHBOARD_INCIDENT_URL=http://dashboard.qam.suse.de/incident/42104
2026-01-15 14:32:45 INFO     Triggering job: {'api': 'api/incident_settings', 'qem': {'incident': 42103, 'arch': 'x86_64', 'flavor': 'Server-DVD-HA-Incidents-Install', 'version': '15-SP5', 'withAggregate': True, 'settings': {'DISTRI': 'sle', 'VERSION': '15-SP5', 'ARCH': 'x86_64', 'FLAVOR': 'Server-DVD-HA-Incidents-Install', 'INCIDENT_ID': 42103, 'REPOHASH': 1768408842, 'BUILD': ':42103:libsoup', '_OBSOLETE': '1', '_ONLY_OBSOLETE_SAME_BUILD': '1', '__CI_JOB_URL': 'https://gitlab.suse.de/qa-maintenance/bot-ng/-/jobs/5904085', 'RRID': 'SUSE:Maintenance:42103:398982', 'LTSS_TEST_ISSUES': '42103', 'INCIDENT_REPO': '', '_PRIORITY': 60, '__SOURCE_CHANGE_URL': 'https://smelt.suse.de/incident/42103', '__DASHBOARD_INCIDENT_URL': 'http://dashboard.qam.suse.de/incident/42103'}}, 'openqa': {'DISTRI': 'sle', 'VERSION': '15-SP5', 'ARCH': 'x86_64', 'FLAVOR': 'Server-DVD-HA-Incidents-Install', 'INCIDENT_ID': 42103, 'REPOHASH': 1768408842, 'BUILD': ':42103:libsoup', '_OBSOLETE': '1', '_ONLY_OBSOLETE_SAME_BUILD': '1', '__CI_JOB_URL': 'https://gitlab.suse.de/qa-maintenance/bot-ng/-/jobs/5904085', 'RRID': 'SUSE:Maintenance:42103:398982', 'LTSS_TEST_ISSUES': '42103', 'INCIDENT_REPO': '', '_PRIORITY': 60, '__SOURCE_CHANGE_URL': 'https://smelt.suse.de/incident/42103', '__DASHBOARD_INCIDENT_URL': 'http://dashboard.qam.suse.de/incident/42103'}}
2026-01-15 14:32:45 INFO     openqa-cli api --host https://openqa.suse.de -X post isos DISTRI=sle VERSION=15-SP5 ARCH=x86_64 FLAVOR=Server-DVD-HA-Incidents-Install INCIDENT_ID=42103 REPOHASH=1768408842 BUILD=:42103:libsoup _OBSOLETE=1 _ONLY_OBSOLETE_SAME_BUILD=1 __CI_JOB_URL=https://gitlab.suse.de/qa-maintenance/bot-ng/-/jobs/5904085 RRID=SUSE:Maintenance:42103:398982 LTSS_TEST_ISSUES=42103 INCIDENT_REPO= _PRIORITY=60 __SOURCE_CHANGE_URL=https://smelt.suse.de/incident/42103 __DASHBOARD_INCIDENT_URL=http://dashboard.qam.suse.de/incident/42103
2026-01-15 14:32:45 INFO     Triggering job: {'api': 'api/incident_settings', 'qem': {'incident': 42104, 'arch': 'x86_64', 'flavor': 'Server-DVD-HA-Incidents-Install', 'version': '15-SP5', 'withAggregate': True, 'settings': {'DISTRI': 'sle', 'VERSION': '15-SP5', 'ARCH': 'x86_64', 'FLAVOR': 'Server-DVD-HA-Incidents-Install', 'INCIDENT_ID': 42104, 'REPOHASH': 1768407425, 'BUILD': ':42104:libsoup2', '_OBSOLETE': '1', '_ONLY_OBSOLETE_SAME_BUILD': '1', '__CI_JOB_URL': 'https://gitlab.suse.de/qa-maintenance/bot-ng/-/jobs/5904085', 'RRID': 'SUSE:Maintenance:42104:398978', 'LTSS_TEST_ISSUES': '42104', 'INCIDENT_REPO': '', '_PRIORITY': 60, '__SOURCE_CHANGE_URL': 'https://smelt.suse.de/incident/42104', '__DASHBOARD_INCIDENT_URL': 'http://dashboard.qam.suse.de/incident/42104'}}, 'openqa': {'DISTRI': 'sle', 'VERSION': '15-SP5', 'ARCH': 'x86_64', 'FLAVOR': 'Server-DVD-HA-Incidents-Install', 'INCIDENT_ID': 42104, 'REPOHASH': 1768407425, 'BUILD': ':42104:libsoup2', '_OBSOLETE': '1', '_ONLY_OBSOLETE_SAME_BUILD': '1', '__CI_JOB_URL': 'https://gitlab.suse.de/qa-maintenance/bot-ng/-/jobs/5904085', 'RRID': 'SUSE:Maintenance:42104:398978', 'LTSS_TEST_ISSUES': '42104', 'INCIDENT_REPO': '', '_PRIORITY': 60, '__SOURCE_CHANGE_URL': 'https://smelt.suse.de/incident/42104', '__DASHBOARD_INCIDENT_URL': 'http://dashboard.qam.suse.de/incident/42104'}}
2026-01-15 14:32:45 INFO     openqa-cli api --host https://openqa.suse.de -X post isos DISTRI=sle VERSION=15-SP5 ARCH=x86_64 FLAVOR=Server-DVD-HA-Incidents-Install INCIDENT_ID=42104 REPOHASH=1768407425 BUILD=:42104:libsoup2 _OBSOLETE=1 _ONLY_OBSOLETE_SAME_BUILD=1 __CI_JOB_URL=https://gitlab.suse.de/qa-maintenance/bot-ng/-/jobs/5904085 RRID=SUSE:Maintenance:42104:398978 LTSS_TEST_ISSUES=42104 INCIDENT_REPO= _PRIORITY=60 __SOURCE_CHANGE_URL=https://smelt.suse.de/incident/42104 __DASHBOARD_INCIDENT_URL=http://dashboard.qam.suse.de/incident/42104
2026-01-15 14:32:45 INFO     Triggering job: {'api': 'api/incident_settings', 'qem': {'incident': 42103, 'arch': 'ppc64le', 'flavor': 'Server-DVD-HA-Incidents-Install', 'version': '15-SP5', 'withAggregate': True, 'settings': {'DISTRI': 'sle', 'VERSION': '15-SP5', 'ARCH': 'ppc64le', 'FLAVOR': 'Server-DVD-HA-Incidents-Install', 'INCIDENT_ID': 42103, 'REPOHASH': 1768408833, 'BUILD': ':42103:libsoup', '_OBSOLETE': '1', '_ONLY_OBSOLETE_SAME_BUILD': '1', '__CI_JOB_URL': 'https://gitlab.suse.de/qa-maintenance/bot-ng/-/jobs/5904085', 'RRID': 'SUSE:Maintenance:42103:398982', 'LTSS_TEST_ISSUES': '42103', 'INCIDENT_REPO': '', '_PRIORITY': 60, '__SOURCE_CHANGE_URL': 'https://smelt.suse.de/incident/42103', '__DASHBOARD_INCIDENT_URL': 'http://dashboard.qam.suse.de/incident/42103'}}, 'openqa': {'DISTRI': 'sle', 'VERSION': '15-SP5', 'ARCH': 'ppc64le', 'FLAVOR': 'Server-DVD-HA-Incidents-Install', 'INCIDENT_ID': 42103, 'REPOHASH': 1768408833, 'BUILD': ':42103:libsoup', '_OBSOLETE': '1', '_ONLY_OBSOLETE_SAME_BUILD': '1', '__CI_JOB_URL': 'https://gitlab.suse.de/qa-maintenance/bot-ng/-/jobs/5904085', 'RRID': 'SUSE:Maintenance:42103:398982', 'LTSS_TEST_ISSUES': '42103', 'INCIDENT_REPO': '', '_PRIORITY': 60, '__SOURCE_CHANGE_URL': 'https://smelt.suse.de/incident/42103', '__DASHBOARD_INCIDENT_URL': 'http://dashboard.qam.suse.de/incident/42103'}}
2026-01-15 14:32:45 INFO     openqa-cli api --host https://openqa.suse.de -X post isos DISTRI=sle VERSION=15-SP5 ARCH=ppc64le FLAVOR=Server-DVD-HA-Incidents-Install INCIDENT_ID=42103 REPOHASH=1768408833 BUILD=:42103:libsoup _OBSOLETE=1 _ONLY_OBSOLETE_SAME_BUILD=1 __CI_JOB_URL=https://gitlab.suse.de/qa-maintenance/bot-ng/-/jobs/5904085 RRID=SUSE:Maintenance:42103:398982 LTSS_TEST_ISSUES=42103 INCIDENT_REPO= _PRIORITY=60 __SOURCE_CHANGE_URL=https://smelt.suse.de/incident/42103 __DASHBOARD_INCIDENT_URL=http://dashboard.qam.suse.de/incident/42103
2026-01-15 14:32:45 INFO     Triggering job: {'api': 'api/incident_settings', 'qem': {'incident': 42104, 'arch': 'ppc64le', 'flavor': 'Server-DVD-HA-Incidents-Install', 'version': '15-SP5', 'withAggregate': True, 'settings': {'DISTRI': 'sle', 'VERSION': '15-SP5', 'ARCH': 'ppc64le', 'FLAVOR': 'Server-DVD-HA-Incidents-Install', 'INCIDENT_ID': 42104, 'REPOHASH': 1768407422, 'BUILD': ':42104:libsoup2', '_OBSOLETE': '1', '_ONLY_OBSOLETE_SAME_BUILD': '1', '__CI_JOB_URL': 'https://gitlab.suse.de/qa-maintenance/bot-ng/-/jobs/5904085', 'RRID': 'SUSE:Maintenance:42104:398978', 'LTSS_TEST_ISSUES': '42104', 'INCIDENT_REPO': '', '_PRIORITY': 60, '__SOURCE_CHANGE_URL': 'https://smelt.suse.de/incident/42104', '__DASHBOARD_INCIDENT_URL': 'http://dashboard.qam.suse.de/incident/42104'}}, 'openqa': {'DISTRI': 'sle', 'VERSION': '15-SP5', 'ARCH': 'ppc64le', 'FLAVOR': 'Server-DVD-HA-Incidents-Install', 'INCIDENT_ID': 42104, 'REPOHASH': 1768407422, 'BUILD': ':42104:libsoup2', '_OBSOLETE': '1', '_ONLY_OBSOLETE_SAME_BUILD': '1', '__CI_JOB_URL': 'https://gitlab.suse.de/qa-maintenance/bot-ng/-/jobs/5904085', 'RRID': 'SUSE:Maintenance:42104:398978', 'LTSS_TEST_ISSUES': '42104', 'INCIDENT_REPO': '', '_PRIORITY': 60, '__SOURCE_CHANGE_URL': 'https://smelt.suse.de/incident/42104', '__DASHBOARD_INCIDENT_URL': 'http://dashboard.qam.suse.de/incident/42104'}}
2026-01-15 14:32:45 INFO     openqa-cli api --host https://openqa.suse.de -X post isos DISTRI=sle VERSION=15-SP5 ARCH=ppc64le FLAVOR=Server-DVD-HA-Incidents-Install INCIDENT_ID=42104 REPOHASH=1768407422 BUILD=:42104:libsoup2 _OBSOLETE=1 _ONLY_OBSOLETE_SAME_BUILD=1 __CI_JOB_URL=https://gitlab.suse.de/qa-maintenance/bot-ng/-/jobs/5904085 RRID=SUSE:Maintenance:42104:398978 LTSS_TEST_ISSUES=42104 INCIDENT_REPO= _PRIORITY=60 __SOURCE_CHANGE_URL=https://smelt.suse.de/incident/42104 __DASHBOARD_INCIDENT_URL=http://dashboard.qam.suse.de/incident/42104
2026-01-15 14:32:45 INFO     Triggering job: {'api': 'api/incident_settings', 'qem': {'incident': 42103, 'arch': 'aarch64', 'flavor': 'Server-DVD-HA-Incidents-Install', 'version': '15-SP5', 'withAggregate': True, 'settings': {'DISTRI': 'sle', 'VERSION': '15-SP5', 'ARCH': 'aarch64', 'FLAVOR': 'Server-DVD-HA-Incidents-Install', 'INCIDENT_ID': 42103, 'REPOHASH': 1768408797, 'BUILD': ':42103:libsoup', '_OBSOLETE': '1', '_ONLY_OBSOLETE_SAME_BUILD': '1', '__CI_JOB_URL': 'https://gitlab.suse.de/qa-maintenance/bot-ng/-/jobs/5904085', 'RRID': 'SUSE:Maintenance:42103:398982', 'LTSS_TEST_ISSUES': '42103', 'INCIDENT_REPO': '', '_PRIORITY': 60, '__SOURCE_CHANGE_URL': 'https://smelt.suse.de/incident/42103', '__DASHBOARD_INCIDENT_URL': 'http://dashboard.qam.suse.de/incident/42103'}}, 'openqa': {'DISTRI': 'sle', 'VERSION': '15-SP5', 'ARCH': 'aarch64', 'FLAVOR': 'Server-DVD-HA-Incidents-Install', 'INCIDENT_ID': 42103, 'REPOHASH': 1768408797, 'BUILD': ':42103:libsoup', '_OBSOLETE': '1', '_ONLY_OBSOLETE_SAME_BUILD': '1', '__CI_JOB_URL': 'https://gitlab.suse.de/qa-maintenance/bot-ng/-/jobs/5904085', 'RRID': 'SUSE:Maintenance:42103:398982', 'LTSS_TEST_ISSUES': '42103', 'INCIDENT_REPO': '', '_PRIORITY': 60, '__SOURCE_CHANGE_URL': 'https://smelt.suse.de/incident/42103', '__DASHBOARD_INCIDENT_URL': 'http://dashboard.qam.suse.de/incident/42103'}}
2026-01-15 14:32:45 INFO     openqa-cli api --host https://openqa.suse.de -X post isos DISTRI=sle VERSION=15-SP5 ARCH=aarch64 FLAVOR=Server-DVD-HA-Incidents-Install INCIDENT_ID=42103 REPOHASH=1768408797 BUILD=:42103:libsoup _OBSOLETE=1 _ONLY_OBSOLETE_SAME_BUILD=1 __CI_JOB_URL=https://gitlab.suse.de/qa-maintenance/bot-ng/-/jobs/5904085 RRID=SUSE:Maintenance:42103:398982 LTSS_TEST_ISSUES=42103 INCIDENT_REPO= _PRIORITY=60 __SOURCE_CHANGE_URL=https://smelt.suse.de/incident/42103 __DASHBOARD_INCIDENT_URL=http://dashboard.qam.suse.de/incident/42103
2026-01-15 14:32:45 INFO     Triggering job: {'api': 'api/incident_settings', 'qem': {'incident': 42104, 'arch': 'aarch64', 'flavor': 'Server-DVD-HA-Incidents-Install', 'version': '15-SP5', 'withAggregate': True, 'settings': {'DISTRI': 'sle', 'VERSION': '15-SP5', 'ARCH': 'aarch64', 'FLAVOR': 'Server-DVD-HA-Incidents-Install', 'INCIDENT_ID': 42104, 'REPOHASH': 1768407404, 'BUILD': ':42104:libsoup2', '_OBSOLETE': '1', '_ONLY_OBSOLETE_SAME_BUILD': '1', '__CI_JOB_URL': 'https://gitlab.suse.de/qa-maintenance/bot-ng/-/jobs/5904085', 'RRID': 'SUSE:Maintenance:42104:398978', 'LTSS_TEST_ISSUES': '42104', 'INCIDENT_REPO': '', '_PRIORITY': 60, '__SOURCE_CHANGE_URL': 'https://smelt.suse.de/incident/42104', '__DASHBOARD_INCIDENT_URL': 'http://dashboard.qam.suse.de/incident/42104'}}, 'openqa': {'DISTRI': 'sle', 'VERSION': '15-SP5', 'ARCH': 'aarch64', 'FLAVOR': 'Server-DVD-HA-Incidents-Install', 'INCIDENT_ID': 42104, 'REPOHASH': 1768407404, 'BUILD': ':42104:libsoup2', '_OBSOLETE': '1', '_ONLY_OBSOLETE_SAME_BUILD': '1', '__CI_JOB_URL': 'https://gitlab.suse.de/qa-maintenance/bot-ng/-/jobs/5904085', 'RRID': 'SUSE:Maintenance:42104:398978', 'LTSS_TEST_ISSUES': '42104', 'INCIDENT_REPO': '', '_PRIORITY': 60, '__SOURCE_CHANGE_URL': 'https://smelt.suse.de/incident/42104', '__DASHBOARD_INCIDENT_URL': 'http://dashboard.qam.suse.de/incident/42104'}}
2026-01-15 14:32:45 INFO     openqa-cli api --host https://openqa.suse.de -X post isos DISTRI=sle VERSION=15-SP5 ARCH=aarch64 FLAVOR=Server-DVD-HA-Incidents-Install INCIDENT_ID=42104 REPOHASH=1768407404 BUILD=:42104:libsoup2 _OBSOLETE=1 _ONLY_OBSOLETE_SAME_BUILD=1 __CI_JOB_URL=https://gitlab.suse.de/qa-maintenance/bot-ng/-/jobs/5904085 RRID=SUSE:Maintenance:42104:398978 LTSS_TEST_ISSUES=42104 INCIDENT_REPO= _PRIORITY=60 __SOURCE_CHANGE_URL=https://smelt.suse.de/incident/42104 __DASHBOARD_INCIDENT_URL=http://dashboard.qam.suse.de/incident/42104
2026-01-15 14:32:45 INFO     Triggering job: {'api': 'api/incident_settings', 'qem': {'incident': 42103, 'arch': 's390x', 'flavor': 'Server-DVD-HA-Incidents-Install', 'version': '15-SP5', 'withAggregate': True, 'settings': {'DISTRI': 'sle', 'VERSION': '15-SP5', 'ARCH': 's390x', 'FLAVOR': 'Server-DVD-HA-Incidents-Install', 'INCIDENT_ID': 42103, 'REPOHASH': 1768408839, 'BUILD': ':42103:libsoup', '_OBSOLETE': '1', '_ONLY_OBSOLETE_SAME_BUILD': '1', '__CI_JOB_URL': 'https://gitlab.suse.de/qa-maintenance/bot-ng/-/jobs/5904085', 'RRID': 'SUSE:Maintenance:42103:398982', 'LTSS_TEST_ISSUES': '42103', 'INCIDENT_REPO': '', '_PRIORITY': 60, '__SOURCE_CHANGE_URL': 'https://smelt.suse.de/incident/42103', '__DASHBOARD_INCIDENT_URL': 'http://dashboard.qam.suse.de/incident/42103'}}, 'openqa': {'DISTRI': 'sle', 'VERSION': '15-SP5', 'ARCH': 's390x', 'FLAVOR': 'Server-DVD-HA-Incidents-Install', 'INCIDENT_ID': 42103, 'REPOHASH': 1768408839, 'BUILD': ':42103:libsoup', '_OBSOLETE': '1', '_ONLY_OBSOLETE_SAME_BUILD': '1', '__CI_JOB_URL': 'https://gitlab.suse.de/qa-maintenance/bot-ng/-/jobs/5904085', 'RRID': 'SUSE:Maintenance:42103:398982', 'LTSS_TEST_ISSUES': '42103', 'INCIDENT_REPO': '', '_PRIORITY': 60, '__SOURCE_CHANGE_URL': 'https://smelt.suse.de/incident/42103', '__DASHBOARD_INCIDENT_URL': 'http://dashboard.qam.suse.de/incident/42103'}}
2026-01-15 14:32:45 INFO     openqa-cli api --host https://openqa.suse.de -X post isos DISTRI=sle VERSION=15-SP5 ARCH=s390x FLAVOR=Server-DVD-HA-Incidents-Install INCIDENT_ID=42103 REPOHASH=1768408839 BUILD=:42103:libsoup _OBSOLETE=1 _ONLY_OBSOLETE_SAME_BUILD=1 __CI_JOB_URL=https://gitlab.suse.de/qa-maintenance/bot-ng/-/jobs/5904085 RRID=SUSE:Maintenance:42103:398982 LTSS_TEST_ISSUES=42103 INCIDENT_REPO= _PRIORITY=60 __SOURCE_CHANGE_URL=https://smelt.suse.de/incident/42103 __DASHBOARD_INCIDENT_URL=http://dashboard.qam.suse.de/incident/42103
2026-01-15 14:32:45 INFO     Triggering job: {'api': 'api/incident_settings', 'qem': {'incident': 42104, 'arch': 's390x', 'flavor': 'Server-DVD-HA-Incidents-Install', 'version': '15-SP5', 'withAggregate': True, 'settings': {'DISTRI': 'sle', 'VERSION': '15-SP5', 'ARCH': 's390x', 'FLAVOR': 'Server-DVD-HA-Incidents-Install', 'INCIDENT_ID': 42104, 'REPOHASH': 1768407410, 'BUILD': ':42104:libsoup2', '_OBSOLETE': '1', '_ONLY_OBSOLETE_SAME_BUILD': '1', '__CI_JOB_URL': 'https://gitlab.suse.de/qa-maintenance/bot-ng/-/jobs/5904085', 'RRID': 'SUSE:Maintenance:42104:398978', 'LTSS_TEST_ISSUES': '42104', 'INCIDENT_REPO': '', '_PRIORITY': 60, '__SOURCE_CHANGE_URL': 'https://smelt.suse.de/incident/42104', '__DASHBOARD_INCIDENT_URL': 'http://dashboard.qam.suse.de/incident/42104'}}, 'openqa': {'DISTRI': 'sle', 'VERSION': '15-SP5', 'ARCH': 's390x', 'FLAVOR': 'Server-DVD-HA-Incidents-Install', 'INCIDENT_ID': 42104, 'REPOHASH': 1768407410, 'BUILD': ':42104:libsoup2', '_OBSOLETE': '1', '_ONLY_OBSOLETE_SAME_BUILD': '1', '__CI_JOB_URL': 'https://gitlab.suse.de/qa-maintenance/bot-ng/-/jobs/5904085', 'RRID': 'SUSE:Maintenance:42104:398978', 'LTSS_TEST_ISSUES': '42104', 'INCIDENT_REPO': '', '_PRIORITY': 60, '__SOURCE_CHANGE_URL': 'https://smelt.suse.de/incident/42104', '__DASHBOARD_INCIDENT_URL': 'http://dashboard.qam.suse.de/incident/42104'}}
2026-01-15 14:32:45 INFO     openqa-cli api --host https://openqa.suse.de -X post isos DISTRI=sle VERSION=15-SP5 ARCH=s390x FLAVOR=Server-DVD-HA-Incidents-Install INCIDENT_ID=42104 REPOHASH=1768407410 BUILD=:42104:libsoup2 _OBSOLETE=1 _ONLY_OBSOLETE_SAME_BUILD=1 __CI_JOB_URL=https://gitlab.suse.de/qa-maintenance/bot-ng/-/jobs/5904085 RRID=SUSE:Maintenance:42104:398978 LTSS_TEST_ISSUES=42104 INCIDENT_REPO= _PRIORITY=60 __SOURCE_CHANGE_URL=https://smelt.suse.de/incident/42104 __DASHBOARD_INCIDENT_URL=http://dashboard.qam.suse.de/incident/42104
2026-01-15 14:32:45 INFO     Triggering job: {'api': 'api/incident_settings', 'qem': {'incident': 42101, 'arch': 'x86_64', 'flavor': 'Server-DVD-HA-Incidents', 'version': '15-SP7', 'withAggregate': False, 'settings': {'DISTRI': 'sle', 'VERSION': '15-SP7', 'ARCH': 'x86_64', 'FLAVOR': 'Server-DVD-HA-Incidents', 'INCIDENT_ID': 42101, 'REPOHASH': 1768387888, 'BUILD': ':42101:libsoup', '_OBSOLETE': '1', '_ONLY_OBSOLETE_SAME_BUILD': '1', '__CI_JOB_URL': 'https://gitlab.suse.de/qa-maintenance/bot-ng/-/jobs/5904085', 'RRID': 'SUSE:Maintenance:42101:398980', 'BASE_TEST_ISSUES': '42101', 'INCIDENT_REPO': '', '_PRIORITY': 60, '__SOURCE_CHANGE_URL': 'https://smelt.suse.de/incident/42101', '__DASHBOARD_INCIDENT_URL': 'http://dashboard.qam.suse.de/incident/42101'}}, 'openqa': {'DISTRI': 'sle', 'VERSION': '15-SP7', 'ARCH': 'x86_64', 'FLAVOR': 'Server-DVD-HA-Incidents', 'INCIDENT_ID': 42101, 'REPOHASH': 1768387888, 'BUILD': ':42101:libsoup', '_OBSOLETE': '1', '_ONLY_OBSOLETE_SAME_BUILD': '1', '__CI_JOB_URL': 'https://gitlab.suse.de/qa-maintenance/bot-ng/-/jobs/5904085', 'RRID': 'SUSE:Maintenance:42101:398980', 'BASE_TEST_ISSUES': '42101', 'INCIDENT_REPO': '', '_PRIORITY': 60, '__SOURCE_CHANGE_URL': 'https://smelt.suse.de/incident/42101', '__DASHBOARD_INCIDENT_URL': 'http://dashboard.qam.suse.de/incident/42101'}}
2026-01-15 14:32:45 INFO     openqa-cli api --host https://openqa.suse.de -X post isos DISTRI=sle VERSION=15-SP7 ARCH=x86_64 FLAVOR=Server-DVD-HA-Incidents INCIDENT_ID=42101 REPOHASH=1768387888 BUILD=:42101:libsoup _OBSOLETE=1 _ONLY_OBSOLETE_SAME_BUILD=1 __CI_JOB_URL=https://gitlab.suse.de/qa-maintenance/bot-ng/-/jobs/5904085 RRID=SUSE:Maintenance:42101:398980 BASE_TEST_ISSUES=42101 INCIDENT_REPO= _PRIORITY=60 __SOURCE_CHANGE_URL=https://smelt.suse.de/incident/42101 __DASHBOARD_INCIDENT_URL=http://dashboard.qam.suse.de/incident/42101
2026-01-15 14:32:45 INFO     Triggering job: {'api': 'api/incident_settings', 'qem': {'incident': 42102, 'arch': 'x86_64', 'flavor': 'Server-DVD-HA-Incidents', 'version': '15-SP7', 'withAggregate': False, 'settings': {'DISTRI': 'sle', 'VERSION': '15-SP7', 'ARCH': 'x86_64', 'FLAVOR': 'Server-DVD-HA-Incidents', 'INCIDENT_ID': 42102, 'REPOHASH': 1768409559, 'BUILD': ':42102:libsoup2', '_OBSOLETE': '1', '_ONLY_OBSOLETE_SAME_BUILD': '1', '__CI_JOB_URL': 'https://gitlab.suse.de/qa-maintenance/bot-ng/-/jobs/5904085', 'RRID': 'SUSE:Maintenance:42102:398972', 'BASE_TEST_ISSUES': '42102', 'INCIDENT_REPO': '', '_PRIORITY': 60, '__SOURCE_CHANGE_URL': 'https://smelt.suse.de/incident/42102', '__DASHBOARD_INCIDENT_URL': 'http://dashboard.qam.suse.de/incident/42102'}}, 'openqa': {'DISTRI': 'sle', 'VERSION': '15-SP7', 'ARCH': 'x86_64', 'FLAVOR': 'Server-DVD-HA-Incidents', 'INCIDENT_ID': 42102, 'REPOHASH': 1768409559, 'BUILD': ':42102:libsoup2', '_OBSOLETE': '1', '_ONLY_OBSOLETE_SAME_BUILD': '1', '__CI_JOB_URL': 'https://gitlab.suse.de/qa-maintenance/bot-ng/-/jobs/5904085', 'RRID': 'SUSE:Maintenance:42102:398972', 'BASE_TEST_ISSUES': '42102', 'INCIDENT_REPO': '', '_PRIORITY': 60, '__SOURCE_CHANGE_URL': 'https://smelt.suse.de/incident/42102', '__DASHBOARD_INCIDENT_URL': 'http://dashboard.qam.suse.de/incident/42102'}}
2026-01-15 14:32:45 INFO     openqa-cli api --host https://openqa.suse.de -X post isos DISTRI=sle VERSION=15-SP7 ARCH=x86_64 FLAVOR=Server-DVD-HA-Incidents INCIDENT_ID=42102 REPOHASH=1768409559 BUILD=:42102:libsoup2 _OBSOLETE=1 _ONLY_OBSOLETE_SAME_BUILD=1 __CI_JOB_URL=https://gitlab.suse.de/qa-maintenance/bot-ng/-/jobs/5904085 RRID=SUSE:Maintenance:42102:398972 BASE_TEST_ISSUES=42102 INCIDENT_REPO= _PRIORITY=60 __SOURCE_CHANGE_URL=https://smelt.suse.de/incident/42102 __DASHBOARD_INCIDENT_URL=http://dashboard.qam.suse.de/incident/42102
2026-01-15 14:32:45 INFO     Triggering job: {'api': 'api/incident_settings', 'qem': {'incident': 42226, 'arch': 'x86_64', 'flavor': 'Server-DVD-HA-Incidents', 'version': '15-SP7', 'withAggregate': False, 'settings': {'DISTRI': 'sle', 'VERSION': '15-SP7', 'ARCH': 'x86_64', 'FLAVOR': 'Server-DVD-HA-Incidents', 'INCIDENT_ID': 42226, 'REPOHASH': 1768382386, 'BUILD': ':42226:supportutils', '_OBSOLETE': '1', '_ONLY_OBSOLETE_SAME_BUILD': '1', '__CI_JOB_URL': 'https://gitlab.suse.de/qa-maintenance/bot-ng/-/jobs/5904085', 'RRID': 'SUSE:Maintenance:42226:398973', 'BASE_TEST_ISSUES': '42226', 'INCIDENT_REPO': '', '_PRIORITY': 60, '__SOURCE_CHANGE_URL': 'https://smelt.suse.de/incident/42226', '__DASHBOARD_INCIDENT_URL': 'http://dashboard.qam.suse.de/incident/42226'}}, 'openqa': {'DISTRI': 'sle', 'VERSION': '15-SP7', 'ARCH': 'x86_64', 'FLAVOR': 'Server-DVD-HA-Incidents', 'INCIDENT_ID': 42226, 'REPOHASH': 1768382386, 'BUILD': ':42226:supportutils', '_OBSOLETE': '1', '_ONLY_OBSOLETE_SAME_BUILD': '1', '__CI_JOB_URL': 'https://gitlab.suse.de/qa-maintenance/bot-ng/-/jobs/5904085', 'RRID': 'SUSE:Maintenance:42226:398973', 'BASE_TEST_ISSUES': '42226', 'INCIDENT_REPO': '', '_PRIORITY': 60, '__SOURCE_CHANGE_URL': 'https://smelt.suse.de/incident/42226', '__DASHBOARD_INCIDENT_URL': 'http://dashboard.qam.suse.de/incident/42226'}}
2026-01-15 14:32:45 INFO     openqa-cli api --host https://openqa.suse.de -X post isos DISTRI=sle VERSION=15-SP7 ARCH=x86_64 FLAVOR=Server-DVD-HA-Incidents INCIDENT_ID=42226 REPOHASH=1768382386 BUILD=:42226:supportutils _OBSOLETE=1 _ONLY_OBSOLETE_SAME_BUILD=1 __CI_JOB_URL=https://gitlab.suse.de/qa-maintenance/bot-ng/-/jobs/5904085 RRID=SUSE:Maintenance:42226:398973 BASE_TEST_ISSUES=42226 INCIDENT_REPO= _PRIORITY=60 __SOURCE_CHANGE_URL=https://smelt.suse.de/incident/42226 __DASHBOARD_INCIDENT_URL=http://dashboard.qam.suse.de/incident/42226
2026-01-15 14:32:45 INFO     Triggering job: {'api': 'api/incident_settings', 'qem': {'incident': 42229, 'arch': 'x86_64', 'flavor': 'Server-DVD-HA-Incidents', 'version': '15-SP7', 'withAggregate': False, 'settings': {'DISTRI': 'sle', 'VERSION': '15-SP7', 'ARCH': 'x86_64', 'FLAVOR': 'Server-DVD-HA-Incidents', 'INCIDENT_ID': 42229, 'REPOHASH': 1768403670, 'BUILD': ':42229:dtb-armv7l', '_OBSOLETE': '1', '_ONLY_OBSOLETE_SAME_BUILD': '1', '__CI_JOB_URL': 'https://gitlab.suse.de/qa-maintenance/bot-ng/-/jobs/5904085', 'RRID': 'SUSE:Maintenance:42229:398981', 'BASE_TEST_ISSUES': '42229', 'HA_TEST_ISSUES': '42229', 'INCIDENT_REPO': '', '_PRIORITY': 60, '__SOURCE_CHANGE_URL': 'https://smelt.suse.de/incident/42229', '__DASHBOARD_INCIDENT_URL': 'http://dashboard.qam.suse.de/incident/42229'}}, 'openqa': {'DISTRI': 'sle', 'VERSION': '15-SP7', 'ARCH': 'x86_64', 'FLAVOR': 'Server-DVD-HA-Incidents', 'INCIDENT_ID': 42229, 'REPOHASH': 1768403670, 'BUILD': ':42229:dtb-armv7l', '_OBSOLETE': '1', '_ONLY_OBSOLETE_SAME_BUILD': '1', '__CI_JOB_URL': 'https://gitlab.suse.de/qa-maintenance/bot-ng/-/jobs/5904085', 'RRID': 'SUSE:Maintenance:42229:398981', 'BASE_TEST_ISSUES': '42229', 'HA_TEST_ISSUES': '42229', 'INCIDENT_REPO': '', '_PRIORITY': 60, '__SOURCE_CHANGE_URL': 'https://smelt.suse.de/incident/42229', '__DASHBOARD_INCIDENT_URL': 'http://dashboard.qam.suse.de/incident/42229'}}
2026-01-15 14:32:45 INFO     openqa-cli api --host https://openqa.suse.de -X post isos DISTRI=sle VERSION=15-SP7 ARCH=x86_64 FLAVOR=Server-DVD-HA-Incidents INCIDENT_ID=42229 REPOHASH=1768403670 BUILD=:42229:dtb-armv7l _OBSOLETE=1 _ONLY_OBSOLETE_SAME_BUILD=1 __CI_JOB_URL=https://gitlab.suse.de/qa-maintenance/bot-ng/-/jobs/5904085 RRID=SUSE:Maintenance:42229:398981 BASE_TEST_ISSUES=42229 HA_TEST_ISSUES=42229 INCIDENT_REPO= _PRIORITY=60 __SOURCE_CHANGE_URL=https://smelt.suse.de/incident/42229 __DASHBOARD_INCIDENT_URL=http://dashboard.qam.suse.de/incident/42229
2026-01-15 14:32:45 INFO     Triggering job: {'api': 'api/incident_settings', 'qem': {'incident': 42101, 'arch': 'x86_64', 'flavor': 'Server-DVD-HA-Incidents-Install', 'version': '15-SP7', 'withAggregate': True, 'settings': {'DISTRI': 'sle', 'VERSION': '15-SP7', 'ARCH': 'x86_64', 'FLAVOR': 'Server-DVD-HA-Incidents-Install', 'INCIDENT_ID': 42101, 'REPOHASH': 1768387888, 'BUILD': ':42101:libsoup', '_OBSOLETE': '1', '_ONLY_OBSOLETE_SAME_BUILD': '1', '__CI_JOB_URL': 'https://gitlab.suse.de/qa-maintenance/bot-ng/-/jobs/5904085', 'RRID': 'SUSE:Maintenance:42101:398980', 'BASE_TEST_ISSUES': '42101', 'INCIDENT_REPO': '', '_PRIORITY': 60, '__SOURCE_CHANGE_URL': 'https://smelt.suse.de/incident/42101', '__DASHBOARD_INCIDENT_URL': 'http://dashboard.qam.suse.de/incident/42101'}}, 'openqa': {'DISTRI': 'sle', 'VERSION': '15-SP7', 'ARCH': 'x86_64', 'FLAVOR': 'Server-DVD-HA-Incidents-Install', 'INCIDENT_ID': 42101, 'REPOHASH': 1768387888, 'BUILD': ':42101:libsoup', '_OBSOLETE': '1', '_ONLY_OBSOLETE_SAME_BUILD': '1', '__CI_JOB_URL': 'https://gitlab.suse.de/qa-maintenance/bot-ng/-/jobs/5904085', 'RRID': 'SUSE:Maintenance:42101:398980', 'BASE_TEST_ISSUES': '42101', 'INCIDENT_REPO': '', '_PRIORITY': 60, '__SOURCE_CHANGE_URL': 'https://smelt.suse.de/incident/42101', '__DASHBOARD_INCIDENT_URL': 'http://dashboard.qam.suse.de/incident/42101'}}
2026-01-15 14:32:45 INFO     openqa-cli api --host https://openqa.suse.de -X post isos DISTRI=sle VERSION=15-SP7 ARCH=x86_64 FLAVOR=Server-DVD-HA-Incidents-Install INCIDENT_ID=42101 REPOHASH=1768387888 BUILD=:42101:libsoup _OBSOLETE=1 _ONLY_OBSOLETE_SAME_BUILD=1 __CI_JOB_URL=https://gitlab.suse.de/qa-maintenance/bot-ng/-/jobs/5904085 RRID=SUSE:Maintenance:42101:398980 BASE_TEST_ISSUES=42101 INCIDENT_REPO= _PRIORITY=60 __SOURCE_CHANGE_URL=https://smelt.suse.de/incident/42101 __DASHBOARD_INCIDENT_URL=http://dashboard.qam.suse.de/incident/42101
2026-01-15 14:32:45 INFO     Triggering job: {'api': 'api/incident_settings', 'qem': {'incident': 42102, 'arch': 'x86_64', 'flavor': 'Server-DVD-HA-Incidents-Install', 'version': '15-SP7', 'withAggregate': True, 'settings': {'DISTRI': 'sle', 'VERSION': '15-SP7', 'ARCH': 'x86_64', 'FLAVOR': 'Server-DVD-HA-Incidents-Install', 'INCIDENT_ID': 42102, 'REPOHASH': 1768409559, 'BUILD': ':42102:libsoup2', '_OBSOLETE': '1', '_ONLY_OBSOLETE_SAME_BUILD': '1', '__CI_JOB_URL': 'https://gitlab.suse.de/qa-maintenance/bot-ng/-/jobs/5904085', 'RRID': 'SUSE:Maintenance:42102:398972', 'BASE_TEST_ISSUES': '42102', 'INCIDENT_REPO': '', '_PRIORITY': 60, '__SOURCE_CHANGE_URL': 'https://smelt.suse.de/incident/42102', '__DASHBOARD_INCIDENT_URL': 'http://dashboard.qam.suse.de/incident/42102'}}, 'openqa': {'DISTRI': 'sle', 'VERSION': '15-SP7', 'ARCH': 'x86_64', 'FLAVOR': 'Server-DVD-HA-Incidents-Install', 'INCIDENT_ID': 42102, 'REPOHASH': 1768409559, 'BUILD': ':42102:libsoup2', '_OBSOLETE': '1', '_ONLY_OBSOLETE_SAME_BUILD': '1', '__CI_JOB_URL': 'https://gitlab.suse.de/qa-maintenance/bot-ng/-/jobs/5904085', 'RRID': 'SUSE:Maintenance:42102:398972', 'BASE_TEST_ISSUES': '42102', 'INCIDENT_REPO': '', '_PRIORITY': 60, '__SOURCE_CHANGE_URL': 'https://smelt.suse.de/incident/42102', '__DASHBOARD_INCIDENT_URL': 'http://dashboard.qam.suse.de/incident/42102'}}
2026-01-15 14:32:45 INFO     openqa-cli api --host https://openqa.suse.de -X post isos DISTRI=sle VERSION=15-SP7 ARCH=x86_64 FLAVOR=Server-DVD-HA-Incidents-Install INCIDENT_ID=42102 REPOHASH=1768409559 BUILD=:42102:libsoup2 _OBSOLETE=1 _ONLY_OBSOLETE_SAME_BUILD=1 __CI_JOB_URL=https://gitlab.suse.de/qa-maintenance/bot-ng/-/jobs/5904085 RRID=SUSE:Maintenance:42102:398972 BASE_TEST_ISSUES=42102 INCIDENT_REPO= _PRIORITY=60 __SOURCE_CHANGE_URL=https://smelt.suse.de/incident/42102 __DASHBOARD_INCIDENT_URL=http://dashboard.qam.suse.de/incident/42102
2026-01-15 14:32:45 INFO     Triggering job: {'api': 'api/incident_settings', 'qem': {'incident': 42226, 'arch': 'x86_64', 'flavor': 'Server-DVD-HA-Incidents-Install', 'version': '15-SP7', 'withAggregate': True, 'settings': {'DISTRI': 'sle', 'VERSION': '15-SP7', 'ARCH': 'x86_64', 'FLAVOR': 'Server-DVD-HA-Incidents-Install', 'INCIDENT_ID': 42226, 'REPOHASH': 1768382386, 'BUILD': ':42226:supportutils', '_OBSOLETE': '1', '_ONLY_OBSOLETE_SAME_BUILD': '1', '__CI_JOB_URL': 'https://gitlab.suse.de/qa-maintenance/bot-ng/-/jobs/5904085', 'RRID': 'SUSE:Maintenance:42226:398973', 'BASE_TEST_ISSUES': '42226', 'INCIDENT_REPO': '', '_PRIORITY': 60, '__SOURCE_CHANGE_URL': 'https://smelt.suse.de/incident/42226', '__DASHBOARD_INCIDENT_URL': 'http://dashboard.qam.suse.de/incident/42226'}}, 'openqa': {'DISTRI': 'sle', 'VERSION': '15-SP7', 'ARCH': 'x86_64', 'FLAVOR': 'Server-DVD-HA-Incidents-Install', 'INCIDENT_ID': 42226, 'REPOHASH': 1768382386, 'BUILD': ':42226:supportutils', '_OBSOLETE': '1', '_ONLY_OBSOLETE_SAME_BUILD': '1', '__CI_JOB_URL': 'https://gitlab.suse.de/qa-maintenance/bot-ng/-/jobs/5904085', 'RRID': 'SUSE:Maintenance:42226:398973', 'BASE_TEST_ISSUES': '42226', 'INCIDENT_REPO': '', '_PRIORITY': 60, '__SOURCE_CHANGE_URL': 'https://smelt.suse.de/incident/42226', '__DASHBOARD_INCIDENT_URL': 'http://dashboard.qam.suse.de/incident/42226'}}
2026-01-15 14:32:45 INFO     openqa-cli api --host https://openqa.suse.de -X post isos DISTRI=sle VERSION=15-SP7 ARCH=x86_64 FLAVOR=Server-DVD-HA-Incidents-Install INCIDENT_ID=42226 REPOHASH=1768382386 BUILD=:42226:supportutils _OBSOLETE=1 _ONLY_OBSOLETE_SAME_BUILD=1 __CI_JOB_URL=https://gitlab.suse.de/qa-maintenance/bot-ng/-/jobs/5904085 RRID=SUSE:Maintenance:42226:398973 BASE_TEST_ISSUES=42226 INCIDENT_REPO= _PRIORITY=60 __SOURCE_CHANGE_URL=https://smelt.suse.de/incident/42226 __DASHBOARD_INCIDENT_URL=http://dashboard.qam.suse.de/incident/42226
2026-01-15 14:32:45 INFO     Triggering job: {'api': 'api/incident_settings', 'qem': {'incident': 42229, 'arch': 'x86_64', 'flavor': 'Server-DVD-HA-Incidents-Install', 'version': '15-SP7', 'withAggregate': True, 'settings': {'DISTRI': 'sle', 'VERSION': '15-SP7', 'ARCH': 'x86_64', 'FLAVOR': 'Server-DVD-HA-Incidents-Install', 'INCIDENT_ID': 42229, 'REPOHASH': 1768403670, 'BUILD': ':42229:dtb-armv7l', '_OBSOLETE': '1', '_ONLY_OBSOLETE_SAME_BUILD': '1', '__CI_JOB_URL': 'https://gitlab.suse.de/qa-maintenance/bot-ng/-/jobs/5904085', 'RRID': 'SUSE:Maintenance:42229:398981', 'BASE_TEST_ISSUES': '42229', 'HA_TEST_ISSUES': '42229', 'INCIDENT_REPO': '', '_PRIORITY': 60, '__SOURCE_CHANGE_URL': 'https://smelt.suse.de/incident/42229', '__DASHBOARD_INCIDENT_URL': 'http://dashboard.qam.suse.de/incident/42229'}}, 'openqa': {'DISTRI': 'sle', 'VERSION': '15-SP7', 'ARCH': 'x86_64', 'FLAVOR': 'Server-DVD-HA-Incidents-Install', 'INCIDENT_ID': 42229, 'REPOHASH': 1768403670, 'BUILD': ':42229:dtb-armv7l', '_OBSOLETE': '1', '_ONLY_OBSOLETE_SAME_BUILD': '1', '__CI_JOB_URL': 'https://gitlab.suse.de/qa-maintenance/bot-ng/-/jobs/5904085', 'RRID': 'SUSE:Maintenance:42229:398981', 'BASE_TEST_ISSUES': '42229', 'HA_TEST_ISSUES': '42229', 'INCIDENT_REPO': '', '_PRIORITY': 60, '__SOURCE_CHANGE_URL': 'https://smelt.suse.de/incident/42229', '__DASHBOARD_INCIDENT_URL': 'http://dashboard.qam.suse.de/incident/42229'}}
2026-01-15 14:32:45 INFO     openqa-cli api --host https://openqa.suse.de -X post isos DISTRI=sle VERSION=15-SP7 ARCH=x86_64 FLAVOR=Server-DVD-HA-Incidents-Install INCIDENT_ID=42229 REPOHASH=1768403670 BUILD=:42229:dtb-armv7l _OBSOLETE=1 _ONLY_OBSOLETE_SAME_BUILD=1 __CI_JOB_URL=https://gitlab.suse.de/qa-maintenance/bot-ng/-/jobs/5904085 RRID=SUSE:Maintenance:42229:398981 BASE_TEST_ISSUES=42229 HA_TEST_ISSUES=42229 INCIDENT_REPO= _PRIORITY=60 __SOURCE_CHANGE_URL=https://smelt.suse.de/incident/42229 __DASHBOARD_INCIDENT_URL=http://dashboard.qam.suse.de/incident/42229
2026-01-15 14:32:45 INFO     Triggering job: {'api': 'api/incident_settings', 'qem': {'incident': 42101, 'arch': 'ppc64le', 'flavor': 'Server-DVD-HA-Incidents-Install', 'version': '15-SP7', 'withAggregate': True, 'settings': {'DISTRI': 'sle', 'VERSION': '15-SP7', 'ARCH': 'ppc64le', 'FLAVOR': 'Server-DVD-HA-Incidents-Install', 'INCIDENT_ID': 42101, 'REPOHASH': 1768387903, 'BUILD': ':42101:libsoup', '_OBSOLETE': '1', '_ONLY_OBSOLETE_SAME_BUILD': '1', '__CI_JOB_URL': 'https://gitlab.suse.de/qa-maintenance/bot-ng/-/jobs/5904085', 'RRID': 'SUSE:Maintenance:42101:398980', 'BASE_TEST_ISSUES': '42101', 'INCIDENT_REPO': '', '_PRIORITY': 60, '__SOURCE_CHANGE_URL': 'https://smelt.suse.de/incident/42101', '__DASHBOARD_INCIDENT_URL': 'http://dashboard.qam.suse.de/incident/42101'}}, 'openqa': {'DISTRI': 'sle', 'VERSION': '15-SP7', 'ARCH': 'ppc64le', 'FLAVOR': 'Server-DVD-HA-Incidents-Install', 'INCIDENT_ID': 42101, 'REPOHASH': 1768387903, 'BUILD': ':42101:libsoup', '_OBSOLETE': '1', '_ONLY_OBSOLETE_SAME_BUILD': '1', '__CI_JOB_URL': 'https://gitlab.suse.de/qa-maintenance/bot-ng/-/jobs/5904085', 'RRID': 'SUSE:Maintenance:42101:398980', 'BASE_TEST_ISSUES': '42101', 'INCIDENT_REPO': '', '_PRIORITY': 60, '__SOURCE_CHANGE_URL': 'https://smelt.suse.de/incident/42101', '__DASHBOARD_INCIDENT_URL': 'http://dashboard.qam.suse.de/incident/42101'}}
2026-01-15 14:32:45 INFO     Triggering job: {'api': 'api/incident_settings', 'qem': {'incident': 42102, 'arch': 'ppc64le', 'flavor': 'Server-DVD-HA-Incidents-Install', 'version': '15-SP7', 'withAggregate': True, 'settings': {'DISTRI': 'sle', 'VERSION': '15-SP7', 'ARCH': 'ppc64le', 'FLAVOR': 'Server-DVD-HA-Incidents-Install', 'INCIDENT_ID': 42102, 'REPOHASH': 1768409553, 'BUILD': ':42102:libsoup2', '_OBSOLETE': '1', '_ONLY_OBSOLETE_SAME_BUILD': '1', '__CI_JOB_URL': 'https://gitlab.suse.de/qa-maintenance/bot-ng/-/jobs/5904085', 'RRID': 'SUSE:Maintenance:42102:398972', 'BASE_TEST_ISSUES': '42102', 'INCIDENT_REPO': '', '_PRIORITY': 60, '__SOURCE_CHANGE_URL': 'https://smelt.suse.de/incident/42102', '__DASHBOARD_INCIDENT_URL': 'http://dashboard.qam.suse.de/incident/42102'}}, 'openqa': {'DISTRI': 'sle', 'VERSION': '15-SP7', 'ARCH': 'ppc64le', 'FLAVOR': 'Server-DVD-HA-Incidents-Install', 'INCIDENT_ID': 42102, 'REPOHASH': 1768409553, 'BUILD': ':42102:libsoup2', '_OBSOLETE': '1', '_ONLY_OBSOLETE_SAME_BUILD': '1', '__CI_JOB_URL': 'https://gitlab.suse.de/qa-maintenance/bot-ng/-/jobs/5904085', 'RRID': 'SUSE:Maintenance:42102:398972', 'BASE_TEST_ISSUES': '42102', 'INCIDENT_REPO': '', '_PRIORITY': 60, '__SOURCE_CHANGE_URL': 'https://smelt.suse.de/incident/42102', '__DASHBOARD_INCIDENT_URL': 'http://dashboard.qam.suse.de/incident/42102'}}
2026-01-15 14:32:45 INFO     openqa-cli api --host https://openqa.suse.de -X post isos DISTRI=sle VERSION=15-SP7 ARCH=ppc64le FLAVOR=Server-DVD-HA-Incidents-Install INCIDENT_ID=42101 REPOHASH=1768387903 BUILD=:42101:libsoup _OBSOLETE=1 _ONLY_OBSOLETE_SAME_BUILD=1 __CI_JOB_URL=https://gitlab.suse.de/qa-maintenance/bot-ng/-/jobs/5904085 RRID=SUSE:Maintenance:42101:398980 BASE_TEST_ISSUES=42101 INCIDENT_REPO= _PRIORITY=60 __SOURCE_CHANGE_URL=https://smelt.suse.de/incident/42101 __DASHBOARD_INCIDENT_URL=http://dashboard.qam.suse.de/incident/42101
2026-01-15 14:32:45 INFO     openqa-cli api --host https://openqa.suse.de -X post isos DISTRI=sle VERSION=15-SP7 ARCH=ppc64le FLAVOR=Server-DVD-HA-Incidents-Install INCIDENT_ID=42102 REPOHASH=1768409553 BUILD=:42102:libsoup2 _OBSOLETE=1 _ONLY_OBSOLETE_SAME_BUILD=1 __CI_JOB_URL=https://gitlab.suse.de/qa-maintenance/bot-ng/-/jobs/5904085 RRID=SUSE:Maintenance:42102:398972 BASE_TEST_ISSUES=42102 INCIDENT_REPO= _PRIORITY=60 __SOURCE_CHANGE_URL=https://smelt.suse.de/incident/42102 __DASHBOARD_INCIDENT_URL=http://dashboard.qam.suse.de/incident/42102
2026-01-15 14:32:45 INFO     Triggering job: {'api': 'api/incident_settings', 'qem': {'incident': 42226, 'arch': 'ppc64le', 'flavor': 'Server-DVD-HA-Incidents-Install', 'version': '15-SP7', 'withAggregate': True, 'settings': {'DISTRI': 'sle', 'VERSION': '15-SP7', 'ARCH': 'ppc64le', 'FLAVOR': 'Server-DVD-HA-Incidents-Install', 'INCIDENT_ID': 42226, 'REPOHASH': 1768382427, 'BUILD': ':42226:supportutils', '_OBSOLETE': '1', '_ONLY_OBSOLETE_SAME_BUILD': '1', '__CI_JOB_URL': 'https://gitlab.suse.de/qa-maintenance/bot-ng/-/jobs/5904085', 'RRID': 'SUSE:Maintenance:42226:398973', 'BASE_TEST_ISSUES': '42226', 'INCIDENT_REPO': '', '_PRIORITY': 60, '__SOURCE_CHANGE_URL': 'https://smelt.suse.de/incident/42226', '__DASHBOARD_INCIDENT_URL': 'http://dashboard.qam.suse.de/incident/42226'}}, 'openqa': {'DISTRI': 'sle', 'VERSION': '15-SP7', 'ARCH': 'ppc64le', 'FLAVOR': 'Server-DVD-HA-Incidents-Install', 'INCIDENT_ID': 42226, 'REPOHASH': 1768382427, 'BUILD': ':42226:supportutils', '_OBSOLETE': '1', '_ONLY_OBSOLETE_SAME_BUILD': '1', '__CI_JOB_URL': 'https://gitlab.suse.de/qa-maintenance/bot-ng/-/jobs/5904085', 'RRID': 'SUSE:Maintenance:42226:398973', 'BASE_TEST_ISSUES': '42226', 'INCIDENT_REPO': '', '_PRIORITY': 60, '__SOURCE_CHANGE_URL': 'https://smelt.suse.de/incident/42226', '__DASHBOARD_INCIDENT_URL': 'http://dashboard.qam.suse.de/incident/42226'}}
2026-01-15 14:32:45 INFO     Triggering job: {'api': 'api/incident_settings', 'qem': {'incident': 42229, 'arch': 'ppc64le', 'flavor': 'Server-DVD-HA-Incidents-Install', 'version': '15-SP7', 'withAggregate': True, 'settings': {'DISTRI': 'sle', 'VERSION': '15-SP7', 'ARCH': 'ppc64le', 'FLAVOR': 'Server-DVD-HA-Incidents-Install', 'INCIDENT_ID': 42229, 'REPOHASH': 1768406991, 'BUILD': ':42229:dtb-armv7l', '_OBSOLETE': '1', '_ONLY_OBSOLETE_SAME_BUILD': '1', '__CI_JOB_URL': 'https://gitlab.suse.de/qa-maintenance/bot-ng/-/jobs/5904085', 'RRID': 'SUSE:Maintenance:42229:398981', 'BASE_TEST_ISSUES': '42229', 'HA_TEST_ISSUES': '42229', 'INCIDENT_REPO': '', '_PRIORITY': 60, '__SOURCE_CHANGE_URL': 'https://smelt.suse.de/incident/42229', '__DASHBOARD_INCIDENT_URL': 'http://dashboard.qam.suse.de/incident/42229'}}, 'openqa': {'DISTRI': 'sle', 'VERSION': '15-SP7', 'ARCH': 'ppc64le', 'FLAVOR': 'Server-DVD-HA-Incidents-Install', 'INCIDENT_ID': 42229, 'REPOHASH': 1768406991, 'BUILD': ':42229:dtb-armv7l', '_OBSOLETE': '1', '_ONLY_OBSOLETE_SAME_BUILD': '1', '__CI_JOB_URL': 'https://gitlab.suse.de/qa-maintenance/bot-ng/-/jobs/5904085', 'RRID': 'SUSE:Maintenance:42229:398981', 'BASE_TEST_ISSUES': '42229', 'HA_TEST_ISSUES': '42229', 'INCIDENT_REPO': '', '_PRIORITY': 60, '__SOURCE_CHANGE_URL': 'https://smelt.suse.de/incident/42229', '__DASHBOARD_INCIDENT_URL': 'http://dashboard.qam.suse.de/incident/42229'}}
2026-01-15 14:32:45 INFO     openqa-cli api --host https://openqa.suse.de -X post isos DISTRI=sle VERSION=15-SP7 ARCH=ppc64le FLAVOR=Server-DVD-HA-Incidents-Install INCIDENT_ID=42226 REPOHASH=1768382427 BUILD=:42226:supportutils _OBSOLETE=1 _ONLY_OBSOLETE_SAME_BUILD=1 __CI_JOB_URL=https://gitlab.suse.de/qa-maintenance/bot-ng/-/jobs/5904085 RRID=SUSE:Maintenance:42226:398973 BASE_TEST_ISSUES=42226 INCIDENT_REPO= _PRIORITY=60 __SOURCE_CHANGE_URL=https://smelt.suse.de/incident/42226 __DASHBOARD_INCIDENT_URL=http://dashboard.qam.suse.de/incident/42226
2026-01-15 14:32:45 INFO     openqa-cli api --host https://openqa.suse.de -X post isos DISTRI=sle VERSION=15-SP7 ARCH=ppc64le FLAVOR=Server-DVD-HA-Incidents-Install INCIDENT_ID=42229 REPOHASH=1768406991 BUILD=:42229:dtb-armv7l _OBSOLETE=1 _ONLY_OBSOLETE_SAME_BUILD=1 __CI_JOB_URL=https://gitlab.suse.de/qa-maintenance/bot-ng/-/jobs/5904085 RRID=SUSE:Maintenance:42229:398981 BASE_TEST_ISSUES=42229 HA_TEST_ISSUES=42229 INCIDENT_REPO= _PRIORITY=60 __SOURCE_CHANGE_URL=https://smelt.suse.de/incident/42229 __DASHBOARD_INCIDENT_URL=http://dashboard.qam.suse.de/incident/42229
2026-01-15 14:32:45 INFO     Dashboard update successful: Status 200, Database ID 2318459
2026-01-15 14:32:45 INFO     Dashboard update successful: Status 200, Database ID 2318458
2026-01-15 14:32:45 INFO     Triggering job: {'api': 'api/incident_settings', 'qem': {'incident': 42101, 'arch': 'aarch64', 'flavor': 'Server-DVD-HA-Incidents-Install', 'version': '15-SP7', 'withAggregate': True, 'settings': {'DISTRI': 'sle', 'VERSION': '15-SP7', 'ARCH': 'aarch64', 'FLAVOR': 'Server-DVD-HA-Incidents-Install', 'INCIDENT_ID': 42101, 'REPOHASH': 1768387879, 'BUILD': ':42101:libsoup', '_OBSOLETE': '1', '_ONLY_OBSOLETE_SAME_BUILD': '1', '__CI_JOB_URL': 'https://gitlab.suse.de/qa-maintenance/bot-ng/-/jobs/5904085', 'RRID': 'SUSE:Maintenance:42101:398980', 'BASE_TEST_ISSUES': '42101', 'INCIDENT_REPO': '', '_PRIORITY': 60, '__SOURCE_CHANGE_URL': 'https://smelt.suse.de/incident/42101', '__DASHBOARD_INCIDENT_URL': 'http://dashboard.qam.suse.de/incident/42101'}}, 'openqa': {'DISTRI': 'sle', 'VERSION': '15-SP7', 'ARCH': 'aarch64', 'FLAVOR': 'Server-DVD-HA-Incidents-Install', 'INCIDENT_ID': 42101, 'REPOHASH': 1768387879, 'BUILD': ':42101:libsoup', '_OBSOLETE': '1', '_ONLY_OBSOLETE_SAME_BUILD': '1', '__CI_JOB_URL': 'https://gitlab.suse.de/qa-maintenance/bot-ng/-/jobs/5904085', 'RRID': 'SUSE:Maintenance:42101:398980', 'BASE_TEST_ISSUES': '42101', 'INCIDENT_REPO': '', '_PRIORITY': 60, '__SOURCE_CHANGE_URL': 'https://smelt.suse.de/incident/42101', '__DASHBOARD_INCIDENT_URL': 'http://dashboard.qam.suse.de/incident/42101'}}
2026-01-15 14:32:45 INFO     Triggering job: {'api': 'api/incident_settings', 'qem': {'incident': 42102, 'arch': 'aarch64', 'flavor': 'Server-DVD-HA-Incidents-Install', 'version': '15-SP7', 'withAggregate': True, 'settings': {'DISTRI': 'sle', 'VERSION': '15-SP7', 'ARCH': 'aarch64', 'FLAVOR': 'Server-DVD-HA-Incidents-Install', 'INCIDENT_ID': 42102, 'REPOHASH': 1768409548, 'BUILD': ':42102:libsoup2', '_OBSOLETE': '1', '_ONLY_OBSOLETE_SAME_BUILD': '1', '__CI_JOB_URL': 'https://gitlab.suse.de/qa-maintenance/bot-ng/-/jobs/5904085', 'RRID': 'SUSE:Maintenance:42102:398972', 'BASE_TEST_ISSUES': '42102', 'INCIDENT_REPO': '', '_PRIORITY': 60, '__SOURCE_CHANGE_URL': 'https://smelt.suse.de/incident/42102', '__DASHBOARD_INCIDENT_URL': 'http://dashboard.qam.suse.de/incident/42102'}}, 'openqa': {'DISTRI': 'sle', 'VERSION': '15-SP7', 'ARCH': 'aarch64', 'FLAVOR': 'Server-DVD-HA-Incidents-Install', 'INCIDENT_ID': 42102, 'REPOHASH': 1768409548, 'BUILD': ':42102:libsoup2', '_OBSOLETE': '1', '_ONLY_OBSOLETE_SAME_BUILD': '1', '__CI_JOB_URL': 'https://gitlab.suse.de/qa-maintenance/bot-ng/-/jobs/5904085', 'RRID': 'SUSE:Maintenance:42102:398972', 'BASE_TEST_ISSUES': '42102', 'INCIDENT_REPO': '', '_PRIORITY': 60, '__SOURCE_CHANGE_URL': 'https://smelt.suse.de/incident/42102', '__DASHBOARD_INCIDENT_URL': 'http://dashboard.qam.suse.de/incident/42102'}}
2026-01-15 14:32:45 INFO     openqa-cli api --host https://openqa.suse.de -X post isos DISTRI=sle VERSION=15-SP7 ARCH=aarch64 FLAVOR=Server-DVD-HA-Incidents-Install INCIDENT_ID=42101 REPOHASH=1768387879 BUILD=:42101:libsoup _OBSOLETE=1 _ONLY_OBSOLETE_SAME_BUILD=1 __CI_JOB_URL=https://gitlab.suse.de/qa-maintenance/bot-ng/-/jobs/5904085 RRID=SUSE:Maintenance:42101:398980 BASE_TEST_ISSUES=42101 INCIDENT_REPO= _PRIORITY=60 __SOURCE_CHANGE_URL=https://smelt.suse.de/incident/42101 __DASHBOARD_INCIDENT_URL=http://dashboard.qam.suse.de/incident/42101
2026-01-15 14:32:45 INFO     openqa-cli api --host https://openqa.suse.de -X post isos DISTRI=sle VERSION=15-SP7 ARCH=aarch64 FLAVOR=Server-DVD-HA-Incidents-Install INCIDENT_ID=42102 REPOHASH=1768409548 BUILD=:42102:libsoup2 _OBSOLETE=1 _ONLY_OBSOLETE_SAME_BUILD=1 __CI_JOB_URL=https://gitlab.suse.de/qa-maintenance/bot-ng/-/jobs/5904085 RRID=SUSE:Maintenance:42102:398972 BASE_TEST_ISSUES=42102 INCIDENT_REPO= _PRIORITY=60 __SOURCE_CHANGE_URL=https://smelt.suse.de/incident/42102 __DASHBOARD_INCIDENT_URL=http://dashboard.qam.suse.de/incident/42102
2026-01-15 14:32:45 INFO     Dashboard update successful: Status 200, Database ID 2318460
2026-01-15 14:32:45 INFO     Triggering job: {'api': 'api/incident_settings', 'qem': {'incident': 42226, 'arch': 'aarch64', 'flavor': 'Server-DVD-HA-Incidents-Install', 'version': '15-SP7', 'withAggregate': True, 'settings': {'DISTRI': 'sle', 'VERSION': '15-SP7', 'ARCH': 'aarch64', 'FLAVOR': 'Server-DVD-HA-Incidents-Install', 'INCIDENT_ID': 42226, 'REPOHASH': 1768382373, 'BUILD': ':42226:supportutils', '_OBSOLETE': '1', '_ONLY_OBSOLETE_SAME_BUILD': '1', '__CI_JOB_URL': 'https://gitlab.suse.de/qa-maintenance/bot-ng/-/jobs/5904085', 'RRID': 'SUSE:Maintenance:42226:398973', 'BASE_TEST_ISSUES': '42226', 'INCIDENT_REPO': '', '_PRIORITY': 60, '__SOURCE_CHANGE_URL': 'https://smelt.suse.de/incident/42226', '__DASHBOARD_INCIDENT_URL': 'http://dashboard.qam.suse.de/incident/42226'}}, 'openqa': {'DISTRI': 'sle', 'VERSION': '15-SP7', 'ARCH': 'aarch64', 'FLAVOR': 'Server-DVD-HA-Incidents-Install', 'INCIDENT_ID': 42226, 'REPOHASH': 1768382373, 'BUILD': ':42226:supportutils', '_OBSOLETE': '1', '_ONLY_OBSOLETE_SAME_BUILD': '1', '__CI_JOB_URL': 'https://gitlab.suse.de/qa-maintenance/bot-ng/-/jobs/5904085', 'RRID': 'SUSE:Maintenance:42226:398973', 'BASE_TEST_ISSUES': '42226', 'INCIDENT_REPO': '', '_PRIORITY': 60, '__SOURCE_CHANGE_URL': 'https://smelt.suse.de/incident/42226', '__DASHBOARD_INCIDENT_URL': 'http://dashboard.qam.suse.de/incident/42226'}}
2026-01-15 14:32:45 INFO     openqa-cli api --host https://openqa.suse.de -X post isos DISTRI=sle VERSION=15-SP7 ARCH=aarch64 FLAVOR=Server-DVD-HA-Incidents-Install INCIDENT_ID=42226 REPOHASH=1768382373 BUILD=:42226:supportutils _OBSOLETE=1 _ONLY_OBSOLETE_SAME_BUILD=1 __CI_JOB_URL=https://gitlab.suse.de/qa-maintenance/bot-ng/-/jobs/5904085 RRID=SUSE:Maintenance:42226:398973 BASE_TEST_ISSUES=42226 INCIDENT_REPO= _PRIORITY=60 __SOURCE_CHANGE_URL=https://smelt.suse.de/incident/42226 __DASHBOARD_INCIDENT_URL=http://dashboard.qam.suse.de/incident/42226
2026-01-15 14:32:45 INFO     Dashboard update successful: Status 200, Database ID 2318461
2026-01-15 14:32:45 INFO     Triggering job: {'api': 'api/incident_settings', 'qem': {'incident': 42229, 'arch': 'aarch64', 'flavor': 'Server-DVD-HA-Incidents-Install', 'version': '15-SP7', 'withAggregate': True, 'settings': {'DISTRI': 'sle', 'VERSION': '15-SP7', 'ARCH': 'aarch64', 'FLAVOR': 'Server-DVD-HA-Incidents-Install', 'INCIDENT_ID': 42229, 'REPOHASH': 1768408536, 'BUILD': ':42229:dtb-armv7l', '_OBSOLETE': '1', '_ONLY_OBSOLETE_SAME_BUILD': '1', '__CI_JOB_URL': 'https://gitlab.suse.de/qa-maintenance/bot-ng/-/jobs/5904085', 'RRID': 'SUSE:Maintenance:42229:398981', 'BASE_TEST_ISSUES': '42229', 'HA_TEST_ISSUES': '42229', 'INCIDENT_REPO': '', '_PRIORITY': 60, '__SOURCE_CHANGE_URL': 'https://smelt.suse.de/incident/42229', '__DASHBOARD_INCIDENT_URL': 'http://dashboard.qam.suse.de/incident/42229'}}, 'openqa': {'DISTRI': 'sle', 'VERSION': '15-SP7', 'ARCH': 'aarch64', 'FLAVOR': 'Server-DVD-HA-Incidents-Install', 'INCIDENT_ID': 42229, 'REPOHASH': 1768408536, 'BUILD': ':42229:dtb-armv7l', '_OBSOLETE': '1', '_ONLY_OBSOLETE_SAME_BUILD': '1', '__CI_JOB_URL': 'https://gitlab.suse.de/qa-maintenance/bot-ng/-/jobs/5904085', 'RRID': 'SUSE:Maintenance:42229:398981', 'BASE_TEST_ISSUES': '42229', 'HA_TEST_ISSUES': '42229', 'INCIDENT_REPO': '', '_PRIORITY': 60, '__SOURCE_CHANGE_URL': 'https://smelt.suse.de/incident/42229', '__DASHBOARD_INCIDENT_URL': 'http://dashboard.qam.suse.de/incident/42229'}}
2026-01-15 14:32:45 INFO     openqa-cli api --host https://openqa.suse.de -X post isos DISTRI=sle VERSION=15-SP7 ARCH=aarch64 FLAVOR=Server-DVD-HA-Incidents-Install INCIDENT_ID=42229 REPOHASH=1768408536 BUILD=:42229:dtb-armv7l _OBSOLETE=1 _ONLY_OBSOLETE_SAME_BUILD=1 __CI_JOB_URL=https://gitlab.suse.de/qa-maintenance/bot-ng/-/jobs/5904085 RRID=SUSE:Maintenance:42229:398981 BASE_TEST_ISSUES=42229 HA_TEST_ISSUES=42229 INCIDENT_REPO= _PRIORITY=60 __SOURCE_CHANGE_URL=https://smelt.suse.de/incident/42229 __DASHBOARD_INCIDENT_URL=http://dashboard.qam.suse.de/incident/42229
2026-01-15 14:32:45 INFO     Dashboard update successful: Status 200, Database ID 2318462
2026-01-15 14:32:45 INFO     Triggering job: {'api': 'api/incident_settings', 'qem': {'incident': 42101, 'arch': 's390x', 'flavor': 'Server-DVD-HA-Incidents-Install', 'version': '15-SP7', 'withAggregate': True, 'settings': {'DISTRI': 'sle', 'VERSION': '15-SP7', 'ARCH': 's390x', 'FLAVOR': 'Server-DVD-HA-Incidents-Install', 'INCIDENT_ID': 42101, 'REPOHASH': 1768387921, 'BUILD': ':42101:libsoup', '_OBSOLETE': '1', '_ONLY_OBSOLETE_SAME_BUILD': '1', '__CI_JOB_URL': 'https://gitlab.suse.de/qa-maintenance/bot-ng/-/jobs/5904085', 'RRID': 'SUSE:Maintenance:42101:398980', 'BASE_TEST_ISSUES': '42101', 'INCIDENT_REPO': '', '_PRIORITY': 60, '__SOURCE_CHANGE_URL': 'https://smelt.suse.de/incident/42101', '__DASHBOARD_INCIDENT_URL': 'http://dashboard.qam.suse.de/incident/42101'}}, 'openqa': {'DISTRI': 'sle', 'VERSION': '15-SP7', 'ARCH': 's390x', 'FLAVOR': 'Server-DVD-HA-Incidents-Install', 'INCIDENT_ID': 42101, 'REPOHASH': 1768387921, 'BUILD': ':42101:libsoup', '_OBSOLETE': '1', '_ONLY_OBSOLETE_SAME_BUILD': '1', '__CI_JOB_URL': 'https://gitlab.suse.de/qa-maintenance/bot-ng/-/jobs/5904085', 'RRID': 'SUSE:Maintenance:42101:398980', 'BASE_TEST_ISSUES': '42101', 'INCIDENT_REPO': '', '_PRIORITY': 60, '__SOURCE_CHANGE_URL': 'https://smelt.suse.de/incident/42101', '__DASHBOARD_INCIDENT_URL': 'http://dashboard.qam.suse.de/incident/42101'}}
2026-01-15 14:32:45 INFO     openqa-cli api --host https://openqa.suse.de -X post isos DISTRI=sle VERSION=15-SP7 ARCH=s390x FLAVOR=Server-DVD-HA-Incidents-Install INCIDENT_ID=42101 REPOHASH=1768387921 BUILD=:42101:libsoup _OBSOLETE=1 _ONLY_OBSOLETE_SAME_BUILD=1 __CI_JOB_URL=https://gitlab.suse.de/qa-maintenance/bot-ng/-/jobs/5904085 RRID=SUSE:Maintenance:42101:398980 BASE_TEST_ISSUES=42101 INCIDENT_REPO= _PRIORITY=60 __SOURCE_CHANGE_URL=https://smelt.suse.de/incident/42101 __DASHBOARD_INCIDENT_URL=http://dashboard.qam.suse.de/incident/42101
2026-01-15 14:32:45 INFO     Dashboard update successful: Status 200, Database ID 2318463
2026-01-15 14:32:45 INFO     Triggering job: {'api': 'api/incident_settings', 'qem': {'incident': 42102, 'arch': 's390x', 'flavor': 'Server-DVD-HA-Incidents-Install', 'version': '15-SP7', 'withAggregate': True, 'settings': {'DISTRI': 'sle', 'VERSION': '15-SP7', 'ARCH': 's390x', 'FLAVOR': 'Server-DVD-HA-Incidents-Install', 'INCIDENT_ID': 42102, 'REPOHASH': 1768409545, 'BUILD': ':42102:libsoup2', '_OBSOLETE': '1', '_ONLY_OBSOLETE_SAME_BUILD': '1', '__CI_JOB_URL': 'https://gitlab.suse.de/qa-maintenance/bot-ng/-/jobs/5904085', 'RRID': 'SUSE:Maintenance:42102:398972', 'BASE_TEST_ISSUES': '42102', 'INCIDENT_REPO': '', '_PRIORITY': 60, '__SOURCE_CHANGE_URL': 'https://smelt.suse.de/incident/42102', '__DASHBOARD_INCIDENT_URL': 'http://dashboard.qam.suse.de/incident/42102'}}, 'openqa': {'DISTRI': 'sle', 'VERSION': '15-SP7', 'ARCH': 's390x', 'FLAVOR': 'Server-DVD-HA-Incidents-Install', 'INCIDENT_ID': 42102, 'REPOHASH': 1768409545, 'BUILD': ':42102:libsoup2', '_OBSOLETE': '1', '_ONLY_OBSOLETE_SAME_BUILD': '1', '__CI_JOB_URL': 'https://gitlab.suse.de/qa-maintenance/bot-ng/-/jobs/5904085', 'RRID': 'SUSE:Maintenance:42102:398972', 'BASE_TEST_ISSUES': '42102', 'INCIDENT_REPO': '', '_PRIORITY': 60, '__SOURCE_CHANGE_URL': 'https://smelt.suse.de/incident/42102', '__DASHBOARD_INCIDENT_URL': 'http://dashboard.qam.suse.de/incident/42102'}}
2026-01-15 14:32:45 INFO     openqa-cli api --host https://openqa.suse.de -X post isos DISTRI=sle VERSION=15-SP7 ARCH=s390x FLAVOR=Server-DVD-HA-Incidents-Install INCIDENT_ID=42102 REPOHASH=1768409545 BUILD=:42102:libsoup2 _OBSOLETE=1 _ONLY_OBSOLETE_SAME_BUILD=1 __CI_JOB_URL=https://gitlab.suse.de/qa-maintenance/bot-ng/-/jobs/5904085 RRID=SUSE:Maintenance:42102:398972 BASE_TEST_ISSUES=42102 INCIDENT_REPO= _PRIORITY=60 __SOURCE_CHANGE_URL=https://smelt.suse.de/incident/42102 __DASHBOARD_INCIDENT_URL=http://dashboard.qam.suse.de/incident/42102
2026-01-15 14:32:45 INFO     Dashboard update successful: Status 200, Database ID 2318464
2026-01-15 14:32:45 INFO     Dashboard update successful: Status 200, Database ID 2318465
2026-01-15 14:32:45 INFO     Triggering job: {'api': 'api/incident_settings', 'qem': {'incident': 42226, 'arch': 's390x', 'flavor': 'Server-DVD-HA-Incidents-Install', 'version': '15-SP7', 'withAggregate': True, 'settings': {'DISTRI': 'sle', 'VERSION': '15-SP7', 'ARCH': 's390x', 'FLAVOR': 'Server-DVD-HA-Incidents-Install', 'INCIDENT_ID': 42226, 'REPOHASH': 1768382383, 'BUILD': ':42226:supportutils', '_OBSOLETE': '1', '_ONLY_OBSOLETE_SAME_BUILD': '1', '__CI_JOB_URL': 'https://gitlab.suse.de/qa-maintenance/bot-ng/-/jobs/5904085', 'RRID': 'SUSE:Maintenance:42226:398973', 'BASE_TEST_ISSUES': '42226', 'INCIDENT_REPO': '', '_PRIORITY': 60, '__SOURCE_CHANGE_URL': 'https://smelt.suse.de/incident/42226', '__DASHBOARD_INCIDENT_URL': 'http://dashboard.qam.suse.de/incident/42226'}}, 'openqa': {'DISTRI': 'sle', 'VERSION': '15-SP7', 'ARCH': 's390x', 'FLAVOR': 'Server-DVD-HA-Incidents-Install', 'INCIDENT_ID': 42226, 'REPOHASH': 1768382383, 'BUILD': ':42226:supportutils', '_OBSOLETE': '1', '_ONLY_OBSOLETE_SAME_BUILD': '1', '__CI_JOB_URL': 'https://gitlab.suse.de/qa-maintenance/bot-ng/-/jobs/5904085', 'RRID': 'SUSE:Maintenance:42226:398973', 'BASE_TEST_ISSUES': '42226', 'INCIDENT_REPO': '', '_PRIORITY': 60, '__SOURCE_CHANGE_URL': 'https://smelt.suse.de/incident/42226', '__DASHBOARD_INCIDENT_URL': 'http://dashboard.qam.suse.de/incident/42226'}}
2026-01-15 14:32:45 INFO     Triggering job: {'api': 'api/incident_settings', 'qem': {'incident': 42229, 'arch': 's390x', 'flavor': 'Server-DVD-HA-Incidents-Install', 'version': '15-SP7', 'withAggregate': True, 'settings': {'DISTRI': 'sle', 'VERSION': '15-SP7', 'ARCH': 's390x', 'FLAVOR': 'Server-DVD-HA-Incidents-Install', 'INCIDENT_ID': 42229, 'REPOHASH': 1768407153, 'BUILD': ':42229:dtb-armv7l', '_OBSOLETE': '1', '_ONLY_OBSOLETE_SAME_BUILD': '1', '__CI_JOB_URL': 'https://gitlab.suse.de/qa-maintenance/bot-ng/-/jobs/5904085', 'RRID': 'SUSE:Maintenance:42229:398981', 'BASE_TEST_ISSUES': '42229', 'HA_TEST_ISSUES': '42229', 'INCIDENT_REPO': '', '_PRIORITY': 60, '__SOURCE_CHANGE_URL': 'https://smelt.suse.de/incident/42229', '__DASHBOARD_INCIDENT_URL': 'http://dashboard.qam.suse.de/incident/42229'}}, 'openqa': {'DISTRI': 'sle', 'VERSION': '15-SP7', 'ARCH': 's390x', 'FLAVOR': 'Server-DVD-HA-Incidents-Install', 'INCIDENT_ID': 42229, 'REPOHASH': 1768407153, 'BUILD': ':42229:dtb-armv7l', '_OBSOLETE': '1', '_ONLY_OBSOLETE_SAME_BUILD': '1', '__CI_JOB_URL': 'https://gitlab.suse.de/qa-maintenance/bot-ng/-/jobs/5904085', 'RRID': 'SUSE:Maintenance:42229:398981', 'BASE_TEST_ISSUES': '42229', 'HA_TEST_ISSUES': '42229', 'INCIDENT_REPO': '', '_PRIORITY': 60, '__SOURCE_CHANGE_URL': 'https://smelt.suse.de/incident/42229', '__DASHBOARD_INCIDENT_URL': 'http://dashboard.qam.suse.de/incident/42229'}}
2026-01-15 14:32:45 INFO     Dashboard update successful: Status 200, Database ID 2318467
2026-01-15 14:32:45 INFO     openqa-cli api --host https://openqa.suse.de -X post isos DISTRI=sle VERSION=15-SP7 ARCH=s390x FLAVOR=Server-DVD-HA-Incidents-Install INCIDENT_ID=42226 REPOHASH=1768382383 BUILD=:42226:supportutils _OBSOLETE=1 _ONLY_OBSOLETE_SAME_BUILD=1 __CI_JOB_URL=https://gitlab.suse.de/qa-maintenance/bot-ng/-/jobs/5904085 RRID=SUSE:Maintenance:42226:398973 BASE_TEST_ISSUES=42226 INCIDENT_REPO= _PRIORITY=60 __SOURCE_CHANGE_URL=https://smelt.suse.de/incident/42226 __DASHBOARD_INCIDENT_URL=http://dashboard.qam.suse.de/incident/42226
2026-01-15 14:32:45 INFO     Dashboard update successful: Status 200, Database ID 2318466
2026-01-15 14:32:45 INFO     openqa-cli api --host https://openqa.suse.de -X post isos DISTRI=sle VERSION=15-SP7 ARCH=s390x FLAVOR=Server-DVD-HA-Incidents-Install INCIDENT_ID=42229 REPOHASH=1768407153 BUILD=:42229:dtb-armv7l _OBSOLETE=1 _ONLY_OBSOLETE_SAME_BUILD=1 __CI_JOB_URL=https://gitlab.suse.de/qa-maintenance/bot-ng/-/jobs/5904085 RRID=SUSE:Maintenance:42229:398981 BASE_TEST_ISSUES=42229 HA_TEST_ISSUES=42229 INCIDENT_REPO= _PRIORITY=60 __SOURCE_CHANGE_URL=https://smelt.suse.de/incident/42229 __DASHBOARD_INCIDENT_URL=http://dashboard.qam.suse.de/incident/42229
2026-01-15 14:32:45 INFO     Dashboard update successful: Status 200, Database ID 2318468
2026-01-15 14:32:45 INFO     Dashboard update successful: Status 200, Database ID 2318469
2026-01-15 14:32:45 INFO     Dashboard update successful: Status 200, Database ID 2318470
2026-01-15 14:32:45 INFO     Dashboard update successful: Status 200, Database ID 2318471
2026-01-15 14:32:45 INFO     Triggering job: {'api': 'api/incident_settings', 'qem': {'incident': 42101, 'arch': 'x86_64', 'flavor': 'Leap-DVD-Incidents', 'version': '15.6', 'withAggregate': False, 'settings': {'DISTRI': 'opensuse', 'VERSION': '15.6', 'ARCH': 'x86_64', 'FLAVOR': 'Leap-DVD-Incidents', 'INCIDENT_ID': 42101, 'REPOHASH': 1768387894, 'BUILD': ':42101:libsoup', '_OBSOLETE': '1', '_ONLY_OBSOLETE_SAME_BUILD': '1', '__CI_JOB_URL': 'https://gitlab.suse.de/qa-maintenance/bot-ng/-/jobs/5904085', 'RRID': 'SUSE:Maintenance:42101:398980', 'OS_TEST_ISSUES': '42101', 'INCIDENT_REPO': '', '_PRIORITY': 60, '__SOURCE_CHANGE_URL': 'https://smelt.suse.de/incident/42101', '__DASHBOARD_INCIDENT_URL': 'http://dashboard.qam.suse.de/incident/42101'}}, 'openqa': {'DISTRI': 'opensuse', 'VERSION': '15.6', 'ARCH': 'x86_64', 'FLAVOR': 'Leap-DVD-Incidents', 'INCIDENT_ID': 42101, 'REPOHASH': 1768387894, 'BUILD': ':42101:libsoup', '_OBSOLETE': '1', '_ONLY_OBSOLETE_SAME_BUILD': '1', '__CI_JOB_URL': 'https://gitlab.suse.de/qa-maintenance/bot-ng/-/jobs/5904085', 'RRID': 'SUSE:Maintenance:42101:398980', 'OS_TEST_ISSUES': '42101', 'INCIDENT_REPO': '', '_PRIORITY': 60, '__SOURCE_CHANGE_URL': 'https://smelt.suse.de/incident/42101', '__DASHBOARD_INCIDENT_URL': 'http://dashboard.qam.suse.de/incident/42101'}}
2026-01-15 14:32:45 INFO     Triggering job: {'api': 'api/incident_settings', 'qem': {'incident': 42102, 'arch': 'x86_64', 'flavor': 'Leap-DVD-Incidents', 'version': '15.6', 'withAggregate': False, 'settings': {'DISTRI': 'opensuse', 'VERSION': '15.6', 'ARCH': 'x86_64', 'FLAVOR': 'Leap-DVD-Incidents', 'INCIDENT_ID': 42102, 'REPOHASH': 1768409577, 'BUILD': ':42102:libsoup2', '_OBSOLETE': '1', '_ONLY_OBSOLETE_SAME_BUILD': '1', '__CI_JOB_URL': 'https://gitlab.suse.de/qa-maintenance/bot-ng/-/jobs/5904085', 'RRID': 'SUSE:Maintenance:42102:398972', 'OS_TEST_ISSUES': '42102', 'INCIDENT_REPO': '', '_PRIORITY': 60, '__SOURCE_CHANGE_URL': 'https://smelt.suse.de/incident/42102', '__DASHBOARD_INCIDENT_URL': 'http://dashboard.qam.suse.de/incident/42102'}}, 'openqa': {'DISTRI': 'opensuse', 'VERSION': '15.6', 'ARCH': 'x86_64', 'FLAVOR': 'Leap-DVD-Incidents', 'INCIDENT_ID': 42102, 'REPOHASH': 1768409577, 'BUILD': ':42102:libsoup2', '_OBSOLETE': '1', '_ONLY_OBSOLETE_SAME_BUILD': '1', '__CI_JOB_URL': 'https://gitlab.suse.de/qa-maintenance/bot-ng/-/jobs/5904085', 'RRID': 'SUSE:Maintenance:42102:398972', 'OS_TEST_ISSUES': '42102', 'INCIDENT_REPO': '', '_PRIORITY': 60, '__SOURCE_CHANGE_URL': 'https://smelt.suse.de/incident/42102', '__DASHBOARD_INCIDENT_URL': 'http://dashboard.qam.suse.de/incident/42102'}}
2026-01-15 14:32:45 INFO     Dashboard update successful: Status 200, Database ID 2318472
2026-01-15 14:32:45 INFO     Triggering job: {'api': 'api/incident_settings', 'qem': {'incident': 42226, 'arch': 'x86_64', 'flavor': 'Leap-DVD-Incidents', 'version': '15.6', 'withAggregate': False, 'settings': {'DISTRI': 'opensuse', 'VERSION': '15.6', 'ARCH': 'x86_64', 'FLAVOR': 'Leap-DVD-Incidents', 'INCIDENT_ID': 42226, 'REPOHASH': 1768382404, 'BUILD': ':42226:supportutils', '_OBSOLETE': '1', '_ONLY_OBSOLETE_SAME_BUILD': '1', '__CI_JOB_URL': 'https://gitlab.suse.de/qa-maintenance/bot-ng/-/jobs/5904085', 'RRID': 'SUSE:Maintenance:42226:398973', 'OS_TEST_ISSUES': '42226', 'INCIDENT_REPO': '', '_PRIORITY': 60, '__SOURCE_CHANGE_URL': 'https://smelt.suse.de/incident/42226', '__DASHBOARD_INCIDENT_URL': 'http://dashboard.qam.suse.de/incident/42226'}}, 'openqa': {'DISTRI': 'opensuse', 'VERSION': '15.6', 'ARCH': 'x86_64', 'FLAVOR': 'Leap-DVD-Incidents', 'INCIDENT_ID': 42226, 'REPOHASH': 1768382404, 'BUILD': ':42226:supportutils', '_OBSOLETE': '1', '_ONLY_OBSOLETE_SAME_BUILD': '1', '__CI_JOB_URL': 'https://gitlab.suse.de/qa-maintenance/bot-ng/-/jobs/5904085', 'RRID': 'SUSE:Maintenance:42226:398973', 'OS_TEST_ISSUES': '42226', 'INCIDENT_REPO': '', '_PRIORITY': 60, '__SOURCE_CHANGE_URL': 'https://smelt.suse.de/incident/42226', '__DASHBOARD_INCIDENT_URL': 'http://dashboard.qam.suse.de/incident/42226'}}
2026-01-15 14:32:45 INFO     Dashboard update successful: Status 200, Database ID 2318473
2026-01-15 14:32:45 INFO     Dashboard update successful: Status 200, Database ID 2318474
2026-01-15 14:32:45 INFO     Triggering job: {'api': 'api/incident_settings', 'qem': {'incident': 42105, 'arch': 'x86_64', 'flavor': 'DVD-Incidents', 'version': '5.2', 'withAggregate': True, 'settings': {'DISTRI': 'sle-micro', 'VERSION': '5.2', 'ARCH': 'x86_64', 'FLAVOR': 'DVD-Incidents', 'INCIDENT_ID': 42105, 'REPOHASH': 1768402710, 'BUILD': ':42105:libsoup', '_OBSOLETE': '1', '_ONLY_OBSOLETE_SAME_BUILD': '1', '__CI_JOB_URL': 'https://gitlab.suse.de/qa-maintenance/bot-ng/-/jobs/5904085', 'RRID': 'SUSE:Maintenance:42105:398974', 'OS_TEST_ISSUES': '42105', 'INCIDENT_REPO': '', '_PRIORITY': 60, '__SOURCE_CHANGE_URL': 'https://smelt.suse.de/incident/42105', '__DASHBOARD_INCIDENT_URL': 'http://dashboard.qam.suse.de/incident/42105'}}, 'openqa': {'DISTRI': 'sle-micro', 'VERSION': '5.2', 'ARCH': 'x86_64', 'FLAVOR': 'DVD-Incidents', 'INCIDENT_ID': 42105, 'REPOHASH': 1768402710, 'BUILD': ':42105:libsoup', '_OBSOLETE': '1', '_ONLY_OBSOLETE_SAME_BUILD': '1', '__CI_JOB_URL': 'https://gitlab.suse.de/qa-maintenance/bot-ng/-/jobs/5904085', 'RRID': 'SUSE:Maintenance:42105:398974', 'OS_TEST_ISSUES': '42105', 'INCIDENT_REPO': '', '_PRIORITY': 60, '__SOURCE_CHANGE_URL': 'https://smelt.suse.de/incident/42105', '__DASHBOARD_INCIDENT_URL': 'http://dashboard.qam.suse.de/incident/42105'}}
2026-01-15 14:32:45 INFO     Triggering job: {'api': 'api/incident_settings', 'qem': {'incident': 42105, 'arch': 'aarch64', 'flavor': 'DVD-Incidents', 'version': '5.2', 'withAggregate': True, 'settings': {'DISTRI': 'sle-micro', 'VERSION': '5.2', 'ARCH': 'aarch64', 'FLAVOR': 'DVD-Incidents', 'INCIDENT_ID': 42105, 'REPOHASH': 1768385008, 'BUILD': ':42105:libsoup', '_OBSOLETE': '1', '_ONLY_OBSOLETE_SAME_BUILD': '1', '__CI_JOB_URL': 'https://gitlab.suse.de/qa-maintenance/bot-ng/-/jobs/5904085', 'RRID': 'SUSE:Maintenance:42105:398974', 'OS_TEST_ISSUES': '42105', 'INCIDENT_REPO': '', '_PRIORITY': 60, '__SOURCE_CHANGE_URL': 'https://smelt.suse.de/incident/42105', '__DASHBOARD_INCIDENT_URL': 'http://dashboard.qam.suse.de/incident/42105'}}, 'openqa': {'DISTRI': 'sle-micro', 'VERSION': '5.2', 'ARCH': 'aarch64', 'FLAVOR': 'DVD-Incidents', 'INCIDENT_ID': 42105, 'REPOHASH': 1768385008, 'BUILD': ':42105:libsoup', '_OBSOLETE': '1', '_ONLY_OBSOLETE_SAME_BUILD': '1', '__CI_JOB_URL': 'https://gitlab.suse.de/qa-maintenance/bot-ng/-/jobs/5904085', 'RRID': 'SUSE:Maintenance:42105:398974', 'OS_TEST_ISSUES': '42105', 'INCIDENT_REPO': '', '_PRIORITY': 60, '__SOURCE_CHANGE_URL': 'https://smelt.suse.de/incident/42105', '__DASHBOARD_INCIDENT_URL': 'http://dashboard.qam.suse.de/incident/42105'}}
2026-01-15 14:32:45 INFO     Triggering job: {'api': 'api/incident_settings', 'qem': {'incident': 42105, 'arch': 's390x', 'flavor': 'DVD-Incidents', 'version': '5.2', 'withAggregate': True, 'settings': {'DISTRI': 'sle-micro', 'VERSION': '5.2', 'ARCH': 's390x', 'FLAVOR': 'DVD-Incidents', 'INCIDENT_ID': 42105, 'REPOHASH': 1768385014, 'BUILD': ':42105:libsoup', '_OBSOLETE': '1', '_ONLY_OBSOLETE_SAME_BUILD': '1', '__CI_JOB_URL': 'https://gitlab.suse.de/qa-maintenance/bot-ng/-/jobs/5904085', 'RRID': 'SUSE:Maintenance:42105:398974', 'OS_TEST_ISSUES': '42105', 'INCIDENT_REPO': '', '_PRIORITY': 60, '__SOURCE_CHANGE_URL': 'https://smelt.suse.de/incident/42105', '__DASHBOARD_INCIDENT_URL': 'http://dashboard.qam.suse.de/incident/42105'}}, 'openqa': {'DISTRI': 'sle-micro', 'VERSION': '5.2', 'ARCH': 's390x', 'FLAVOR': 'DVD-Incidents', 'INCIDENT_ID': 42105, 'REPOHASH': 1768385014, 'BUILD': ':42105:libsoup', '_OBSOLETE': '1', '_ONLY_OBSOLETE_SAME_BUILD': '1', '__CI_JOB_URL': 'https://gitlab.suse.de/qa-maintenance/bot-ng/-/jobs/5904085', 'RRID': 'SUSE:Maintenance:42105:398974', 'OS_TEST_ISSUES': '42105', 'INCIDENT_REPO': '', '_PRIORITY': 60, '__SOURCE_CHANGE_URL': 'https://smelt.suse.de/incident/42105', '__DASHBOARD_INCIDENT_URL': 'http://dashboard.qam.suse.de/incident/42105'}}
2026-01-15 14:32:45 INFO     openqa-cli api --host https://openqa.suse.de -X post isos DISTRI=opensuse VERSION=15.6 ARCH=x86_64 FLAVOR=Leap-DVD-Incidents INCIDENT_ID=42101 REPOHASH=1768387894 BUILD=:42101:libsoup _OBSOLETE=1 _ONLY_OBSOLETE_SAME_BUILD=1 __CI_JOB_URL=https://gitlab.suse.de/qa-maintenance/bot-ng/-/jobs/5904085 RRID=SUSE:Maintenance:42101:398980 OS_TEST_ISSUES=42101 INCIDENT_REPO= _PRIORITY=60 __SOURCE_CHANGE_URL=https://smelt.suse.de/incident/42101 __DASHBOARD_INCIDENT_URL=http://dashboard.qam.suse.de/incident/42101
2026-01-15 14:32:45 INFO     openqa-cli api --host https://openqa.suse.de -X post isos DISTRI=opensuse VERSION=15.6 ARCH=x86_64 FLAVOR=Leap-DVD-Incidents INCIDENT_ID=42102 REPOHASH=1768409577 BUILD=:42102:libsoup2 _OBSOLETE=1 _ONLY_OBSOLETE_SAME_BUILD=1 __CI_JOB_URL=https://gitlab.suse.de/qa-maintenance/bot-ng/-/jobs/5904085 RRID=SUSE:Maintenance:42102:398972 OS_TEST_ISSUES=42102 INCIDENT_REPO= _PRIORITY=60 __SOURCE_CHANGE_URL=https://smelt.suse.de/incident/42102 __DASHBOARD_INCIDENT_URL=http://dashboard.qam.suse.de/incident/42102
2026-01-15 14:32:45 INFO     Triggering job: {'api': 'api/incident_settings', 'qem': {'incident': 42105, 'arch': 'x86_64', 'flavor': 'MicroOS-Image-Incidents', 'version': '5.2', 'withAggregate': True, 'settings': {'DISTRI': 'sle-micro', 'VERSION': '5.2', 'ARCH': 'x86_64', 'FLAVOR': 'MicroOS-Image-Incidents', 'INCIDENT_ID': 42105, 'REPOHASH': 1768402710, 'BUILD': ':42105:libsoup', '_OBSOLETE': '1', '_ONLY_OBSOLETE_SAME_BUILD': '1', '__CI_JOB_URL': 'https://gitlab.suse.de/qa-maintenance/bot-ng/-/jobs/5904085', 'RRID': 'SUSE:Maintenance:42105:398974', 'OS_TEST_ISSUES': '42105', 'INCIDENT_REPO': '', '_PRIORITY': 60, '__SOURCE_CHANGE_URL': 'https://smelt.suse.de/incident/42105', '__DASHBOARD_INCIDENT_URL': 'http://dashboard.qam.suse.de/incident/42105'}}, 'openqa': {'DISTRI': 'sle-micro', 'VERSION': '5.2', 'ARCH': 'x86_64', 'FLAVOR': 'MicroOS-Image-Incidents', 'INCIDENT_ID': 42105, 'REPOHASH': 1768402710, 'BUILD': ':42105:libsoup', '_OBSOLETE': '1', '_ONLY_OBSOLETE_SAME_BUILD': '1', '__CI_JOB_URL': 'https://gitlab.suse.de/qa-maintenance/bot-ng/-/jobs/5904085', 'RRID': 'SUSE:Maintenance:42105:398974', 'OS_TEST_ISSUES': '42105', 'INCIDENT_REPO': '', '_PRIORITY': 60, '__SOURCE_CHANGE_URL': 'https://smelt.suse.de/incident/42105', '__DASHBOARD_INCIDENT_URL': 'http://dashboard.qam.suse.de/incident/42105'}}
2026-01-15 14:32:45 INFO     openqa-cli api --host https://openqa.suse.de -X post isos DISTRI=opensuse VERSION=15.6 ARCH=x86_64 FLAVOR=Leap-DVD-Incidents INCIDENT_ID=42226 REPOHASH=1768382404 BUILD=:42226:supportutils _OBSOLETE=1 _ONLY_OBSOLETE_SAME_BUILD=1 __CI_JOB_URL=https://gitlab.suse.de/qa-maintenance/bot-ng/-/jobs/5904085 RRID=SUSE:Maintenance:42226:398973 OS_TEST_ISSUES=42226 INCIDENT_REPO= _PRIORITY=60 __SOURCE_CHANGE_URL=https://smelt.suse.de/incident/42226 __DASHBOARD_INCIDENT_URL=http://dashboard.qam.suse.de/incident/42226
2026-01-15 14:32:45 INFO     Triggering job: {'api': 'api/incident_settings', 'qem': {'incident': 42105, 'arch': 'aarch64', 'flavor': 'MicroOS-Image-Incidents', 'version': '5.2', 'withAggregate': True, 'settings': {'DISTRI': 'sle-micro', 'VERSION': '5.2', 'ARCH': 'aarch64', 'FLAVOR': 'MicroOS-Image-Incidents', 'INCIDENT_ID': 42105, 'REPOHASH': 1768385008, 'BUILD': ':42105:libsoup', '_OBSOLETE': '1', '_ONLY_OBSOLETE_SAME_BUILD': '1', '__CI_JOB_URL': 'https://gitlab.suse.de/qa-maintenance/bot-ng/-/jobs/5904085', 'RRID': 'SUSE:Maintenance:42105:398974', 'OS_TEST_ISSUES': '42105', 'INCIDENT_REPO': '', '_PRIORITY': 60, '__SOURCE_CHANGE_URL': 'https://smelt.suse.de/incident/42105', '__DASHBOARD_INCIDENT_URL': 'http://dashboard.qam.suse.de/incident/42105'}}, 'openqa': {'DISTRI': 'sle-micro', 'VERSION': '5.2', 'ARCH': 'aarch64', 'FLAVOR': 'MicroOS-Image-Incidents', 'INCIDENT_ID': 42105, 'REPOHASH': 1768385008, 'BUILD': ':42105:libsoup', '_OBSOLETE': '1', '_ONLY_OBSOLETE_SAME_BUILD': '1', '__CI_JOB_URL': 'https://gitlab.suse.de/qa-maintenance/bot-ng/-/jobs/5904085', 'RRID': 'SUSE:Maintenance:42105:398974', 'OS_TEST_ISSUES': '42105', 'INCIDENT_REPO': '', '_PRIORITY': 60, '__SOURCE_CHANGE_URL': 'https://smelt.suse.de/incident/42105', '__DASHBOARD_INCIDENT_URL': 'http://dashboard.qam.suse.de/incident/42105'}}
2026-01-15 14:32:45 INFO     Triggering job: {'api': 'api/incident_settings', 'qem': {'incident': 42105, 'arch': 's390x', 'flavor': 'MicroOS-Image-Incidents', 'version': '5.2', 'withAggregate': True, 'settings': {'DISTRI': 'sle-micro', 'VERSION': '5.2', 'ARCH': 's390x', 'FLAVOR': 'MicroOS-Image-Incidents', 'INCIDENT_ID': 42105, 'REPOHASH': 1768385014, 'BUILD': ':42105:libsoup', '_OBSOLETE': '1', '_ONLY_OBSOLETE_SAME_BUILD': '1', '__CI_JOB_URL': 'https://gitlab.suse.de/qa-maintenance/bot-ng/-/jobs/5904085', 'RRID': 'SUSE:Maintenance:42105:398974', 'OS_TEST_ISSUES': '42105', 'INCIDENT_REPO': '', '_PRIORITY': 60, '__SOURCE_CHANGE_URL': 'https://smelt.suse.de/incident/42105', '__DASHBOARD_INCIDENT_URL': 'http://dashboard.qam.suse.de/incident/42105'}}, 'openqa': {'DISTRI': 'sle-micro', 'VERSION': '5.2', 'ARCH': 's390x', 'FLAVOR': 'MicroOS-Image-Incidents', 'INCIDENT_ID': 42105, 'REPOHASH': 1768385014, 'BUILD': ':42105:libsoup', '_OBSOLETE': '1', '_ONLY_OBSOLETE_SAME_BUILD': '1', '__CI_JOB_URL': 'https://gitlab.suse.de/qa-maintenance/bot-ng/-/jobs/5904085', 'RRID': 'SUSE:Maintenance:42105:398974', 'OS_TEST_ISSUES': '42105', 'INCIDENT_REPO': '', '_PRIORITY': 60, '__SOURCE_CHANGE_URL': 'https://smelt.suse.de/incident/42105', '__DASHBOARD_INCIDENT_URL': 'http://dashboard.qam.suse.de/incident/42105'}}
2026-01-15 14:32:45 INFO     openqa-cli api --host https://openqa.suse.de -X post isos DISTRI=sle-micro VERSION=5.2 ARCH=x86_64 FLAVOR=DVD-Incidents INCIDENT_ID=42105 REPOHASH=1768402710 BUILD=:42105:libsoup _OBSOLETE=1 _ONLY_OBSOLETE_SAME_BUILD=1 __CI_JOB_URL=https://gitlab.suse.de/qa-maintenance/bot-ng/-/jobs/5904085 RRID=SUSE:Maintenance:42105:398974 OS_TEST_ISSUES=42105 INCIDENT_REPO= _PRIORITY=60 __SOURCE_CHANGE_URL=https://smelt.suse.de/incident/42105 __DASHBOARD_INCIDENT_URL=http://dashboard.qam.suse.de/incident/42105
2026-01-15 14:32:45 INFO     Dashboard update successful: Status 200, Database ID 2318475
2026-01-15 14:32:45 INFO     openqa-cli api --host https://openqa.suse.de -X post isos DISTRI=sle-micro VERSION=5.2 ARCH=aarch64 FLAVOR=DVD-Incidents INCIDENT_ID=42105 REPOHASH=1768385008 BUILD=:42105:libsoup _OBSOLETE=1 _ONLY_OBSOLETE_SAME_BUILD=1 __CI_JOB_URL=https://gitlab.suse.de/qa-maintenance/bot-ng/-/jobs/5904085 RRID=SUSE:Maintenance:42105:398974 OS_TEST_ISSUES=42105 INCIDENT_REPO= _PRIORITY=60 __SOURCE_CHANGE_URL=https://smelt.suse.de/incident/42105 __DASHBOARD_INCIDENT_URL=http://dashboard.qam.suse.de/incident/42105
2026-01-15 14:32:45 INFO     Dashboard update successful: Status 200, Database ID 2318476
2026-01-15 14:32:45 INFO     openqa-cli api --host https://openqa.suse.de -X post isos DISTRI=sle-micro VERSION=5.2 ARCH=s390x FLAVOR=DVD-Incidents INCIDENT_ID=42105 REPOHASH=1768385014 BUILD=:42105:libsoup _OBSOLETE=1 _ONLY_OBSOLETE_SAME_BUILD=1 __CI_JOB_URL=https://gitlab.suse.de/qa-maintenance/bot-ng/-/jobs/5904085 RRID=SUSE:Maintenance:42105:398974 OS_TEST_ISSUES=42105 INCIDENT_REPO= _PRIORITY=60 __SOURCE_CHANGE_URL=https://smelt.suse.de/incident/42105 __DASHBOARD_INCIDENT_URL=http://dashboard.qam.suse.de/incident/42105
2026-01-15 14:32:45 INFO     openqa-cli api --host https://openqa.suse.de -X post isos DISTRI=sle-micro VERSION=5.2 ARCH=x86_64 FLAVOR=MicroOS-Image-Incidents INCIDENT_ID=42105 REPOHASH=1768402710 BUILD=:42105:libsoup _OBSOLETE=1 _ONLY_OBSOLETE_SAME_BUILD=1 __CI_JOB_URL=https://gitlab.suse.de/qa-maintenance/bot-ng/-/jobs/5904085 RRID=SUSE:Maintenance:42105:398974 OS_TEST_ISSUES=42105 INCIDENT_REPO= _PRIORITY=60 __SOURCE_CHANGE_URL=https://smelt.suse.de/incident/42105 __DASHBOARD_INCIDENT_URL=http://dashboard.qam.suse.de/incident/42105
2026-01-15 14:32:45 INFO     openqa-cli api --host https://openqa.suse.de -X post isos DISTRI=sle-micro VERSION=5.2 ARCH=aarch64 FLAVOR=MicroOS-Image-Incidents INCIDENT_ID=42105 REPOHASH=1768385008 BUILD=:42105:libsoup _OBSOLETE=1 _ONLY_OBSOLETE_SAME_BUILD=1 __CI_JOB_URL=https://gitlab.suse.de/qa-maintenance/bot-ng/-/jobs/5904085 RRID=SUSE:Maintenance:42105:398974 OS_TEST_ISSUES=42105 INCIDENT_REPO= _PRIORITY=60 __SOURCE_CHANGE_URL=https://smelt.suse.de/incident/42105 __DASHBOARD_INCIDENT_URL=http://dashboard.qam.suse.de/incident/42105
2026-01-15 14:32:45 INFO     openqa-cli api --host https://openqa.suse.de -X post isos DISTRI=sle-micro VERSION=5.2 ARCH=s390x FLAVOR=MicroOS-Image-Incidents INCIDENT_ID=42105 REPOHASH=1768385014 BUILD=:42105:libsoup _OBSOLETE=1 _ONLY_OBSOLETE_SAME_BUILD=1 __CI_JOB_URL=https://gitlab.suse.de/qa-maintenance/bot-ng/-/jobs/5904085 RRID=SUSE:Maintenance:42105:398974 OS_TEST_ISSUES=42105 INCIDENT_REPO= _PRIORITY=60 __SOURCE_CHANGE_URL=https://smelt.suse.de/incident/42105 __DASHBOARD_INCIDENT_URL=http://dashboard.qam.suse.de/incident/42105
2026-01-15 14:32:45 INFO     Triggering job: {'api': 'api/incident_settings', 'qem': {'incident': 42105, 'arch': 'x86_64', 'flavor': 'MicroOS-Image-RT-Incidents', 'version': '5.2', 'withAggregate': True, 'settings': {'DISTRI': 'sle-micro', 'VERSION': '5.2', 'ARCH': 'x86_64', 'FLAVOR': 'MicroOS-Image-RT-Incidents', 'INCIDENT_ID': 42105, 'REPOHASH': 1768402710, 'BUILD': ':42105:libsoup', '_OBSOLETE': '1', '_ONLY_OBSOLETE_SAME_BUILD': '1', '__CI_JOB_URL': 'https://gitlab.suse.de/qa-maintenance/bot-ng/-/jobs/5904085', 'RRID': 'SUSE:Maintenance:42105:398974', 'OS_TEST_ISSUES': '42105', 'INCIDENT_REPO': '', '_PRIORITY': 60, '__SOURCE_CHANGE_URL': 'https://smelt.suse.de/incident/42105', '__DASHBOARD_INCIDENT_URL': 'http://dashboard.qam.suse.de/incident/42105'}}, 'openqa': {'DISTRI': 'sle-micro', 'VERSION': '5.2', 'ARCH': 'x86_64', 'FLAVOR': 'MicroOS-Image-RT-Incidents', 'INCIDENT_ID': 42105, 'REPOHASH': 1768402710, 'BUILD': ':42105:libsoup', '_OBSOLETE': '1', '_ONLY_OBSOLETE_SAME_BUILD': '1', '__CI_JOB_URL': 'https://gitlab.suse.de/qa-maintenance/bot-ng/-/jobs/5904085', 'RRID': 'SUSE:Maintenance:42105:398974', 'OS_TEST_ISSUES': '42105', 'INCIDENT_REPO': '', '_PRIORITY': 60, '__SOURCE_CHANGE_URL': 'https://smelt.suse.de/incident/42105', '__DASHBOARD_INCIDENT_URL': 'http://dashboard.qam.suse.de/incident/42105'}}
2026-01-15 14:32:45 INFO     Triggering job: {'api': 'api/incident_settings', 'qem': {'incident': 42105, 'arch': 'aarch64', 'flavor': 'MicroOS-Image-RT-Incidents', 'version': '5.2', 'withAggregate': True, 'settings': {'DISTRI': 'sle-micro', 'VERSION': '5.2', 'ARCH': 'aarch64', 'FLAVOR': 'MicroOS-Image-RT-Incidents', 'INCIDENT_ID': 42105, 'REPOHASH': 1768385008, 'BUILD': ':42105:libsoup', '_OBSOLETE': '1', '_ONLY_OBSOLETE_SAME_BUILD': '1', '__CI_JOB_URL': 'https://gitlab.suse.de/qa-maintenance/bot-ng/-/jobs/5904085', 'RRID': 'SUSE:Maintenance:42105:398974', 'OS_TEST_ISSUES': '42105', 'INCIDENT_REPO': '', '_PRIORITY': 60, '__SOURCE_CHANGE_URL': 'https://smelt.suse.de/incident/42105', '__DASHBOARD_INCIDENT_URL': 'http://dashboard.qam.suse.de/incident/42105'}}, 'openqa': {'DISTRI': 'sle-micro', 'VERSION': '5.2', 'ARCH': 'aarch64', 'FLAVOR': 'MicroOS-Image-RT-Incidents', 'INCIDENT_ID': 42105, 'REPOHASH': 1768385008, 'BUILD': ':42105:libsoup', '_OBSOLETE': '1', '_ONLY_OBSOLETE_SAME_BUILD': '1', '__CI_JOB_URL': 'https://gitlab.suse.de/qa-maintenance/bot-ng/-/jobs/5904085', 'RRID': 'SUSE:Maintenance:42105:398974', 'OS_TEST_ISSUES': '42105', 'INCIDENT_REPO': '', '_PRIORITY': 60, '__SOURCE_CHANGE_URL': 'https://smelt.suse.de/incident/42105', '__DASHBOARD_INCIDENT_URL': 'http://dashboard.qam.suse.de/incident/42105'}}
2026-01-15 14:32:45 INFO     openqa-cli api --host https://openqa.suse.de -X post isos DISTRI=sle-micro VERSION=5.2 ARCH=x86_64 FLAVOR=MicroOS-Image-RT-Incidents INCIDENT_ID=42105 REPOHASH=1768402710 BUILD=:42105:libsoup _OBSOLETE=1 _ONLY_OBSOLETE_SAME_BUILD=1 __CI_JOB_URL=https://gitlab.suse.de/qa-maintenance/bot-ng/-/jobs/5904085 RRID=SUSE:Maintenance:42105:398974 OS_TEST_ISSUES=42105 INCIDENT_REPO= _PRIORITY=60 __SOURCE_CHANGE_URL=https://smelt.suse.de/incident/42105 __DASHBOARD_INCIDENT_URL=http://dashboard.qam.suse.de/incident/42105
2026-01-15 14:32:45 INFO     Dashboard update successful: Status 200, Database ID 2318477
2026-01-15 14:32:45 INFO     openqa-cli api --host https://openqa.suse.de -X post isos DISTRI=sle-micro VERSION=5.2 ARCH=aarch64 FLAVOR=MicroOS-Image-RT-Incidents INCIDENT_ID=42105 REPOHASH=1768385008 BUILD=:42105:libsoup _OBSOLETE=1 _ONLY_OBSOLETE_SAME_BUILD=1 __CI_JOB_URL=https://gitlab.suse.de/qa-maintenance/bot-ng/-/jobs/5904085 RRID=SUSE:Maintenance:42105:398974 OS_TEST_ISSUES=42105 INCIDENT_REPO= _PRIORITY=60 __SOURCE_CHANGE_URL=https://smelt.suse.de/incident/42105 __DASHBOARD_INCIDENT_URL=http://dashboard.qam.suse.de/incident/42105
2026-01-15 14:32:45 INFO     Triggering job: {'api': 'api/incident_settings', 'qem': {'incident': 42105, 'arch': 's390x', 'flavor': 'MicroOS-Image-RT-Incidents', 'version': '5.2', 'withAggregate': True, 'settings': {'DISTRI': 'sle-micro', 'VERSION': '5.2', 'ARCH': 's390x', 'FLAVOR': 'MicroOS-Image-RT-Incidents', 'INCIDENT_ID': 42105, 'REPOHASH': 1768385014, 'BUILD': ':42105:libsoup', '_OBSOLETE': '1', '_ONLY_OBSOLETE_SAME_BUILD': '1', '__CI_JOB_URL': 'https://gitlab.suse.de/qa-maintenance/bot-ng/-/jobs/5904085', 'RRID': 'SUSE:Maintenance:42105:398974', 'OS_TEST_ISSUES': '42105', 'INCIDENT_REPO': '', '_PRIORITY': 60, '__SOURCE_CHANGE_URL': 'https://smelt.suse.de/incident/42105', '__DASHBOARD_INCIDENT_URL': 'http://dashboard.qam.suse.de/incident/42105'}}, 'openqa': {'DISTRI': 'sle-micro', 'VERSION': '5.2', 'ARCH': 's390x', 'FLAVOR': 'MicroOS-Image-RT-Incidents', 'INCIDENT_ID': 42105, 'REPOHASH': 1768385014, 'BUILD': ':42105:libsoup', '_OBSOLETE': '1', '_ONLY_OBSOLETE_SAME_BUILD': '1', '__CI_JOB_URL': 'https://gitlab.suse.de/qa-maintenance/bot-ng/-/jobs/5904085', 'RRID': 'SUSE:Maintenance:42105:398974', 'OS_TEST_ISSUES': '42105', 'INCIDENT_REPO': '', '_PRIORITY': 60, '__SOURCE_CHANGE_URL': 'https://smelt.suse.de/incident/42105', '__DASHBOARD_INCIDENT_URL': 'http://dashboard.qam.suse.de/incident/42105'}}
2026-01-15 14:32:45 INFO     openqa-cli api --host https://openqa.suse.de -X post isos DISTRI=sle-micro VERSION=5.2 ARCH=s390x FLAVOR=MicroOS-Image-RT-Incidents INCIDENT_ID=42105 REPOHASH=1768385014 BUILD=:42105:libsoup _OBSOLETE=1 _ONLY_OBSOLETE_SAME_BUILD=1 __CI_JOB_URL=https://gitlab.suse.de/qa-maintenance/bot-ng/-/jobs/5904085 RRID=SUSE:Maintenance:42105:398974 OS_TEST_ISSUES=42105 INCIDENT_REPO= _PRIORITY=60 __SOURCE_CHANGE_URL=https://smelt.suse.de/incident/42105 __DASHBOARD_INCIDENT_URL=http://dashboard.qam.suse.de/incident/42105
2026-01-15 14:32:45 INFO     Dashboard update successful: Status 200, Database ID 2318478
2026-01-15 14:32:45 INFO     Triggering job: {'api': 'api/incident_settings', 'qem': {'incident': 42104, 'arch': 'x86_64', 'flavor': 'DVD-Incidents', 'version': '5.3', 'withAggregate': True, 'settings': {'DISTRI': 'sle-micro', 'VERSION': '5.3', 'ARCH': 'x86_64', 'FLAVOR': 'DVD-Incidents', 'INCIDENT_ID': 42104, 'REPOHASH': 1768407371, 'BUILD': ':42104:libsoup2', '_OBSOLETE': '1', '_ONLY_OBSOLETE_SAME_BUILD': '1', '__CI_JOB_URL': 'https://gitlab.suse.de/qa-maintenance/bot-ng/-/jobs/5904085', 'RRID': 'SUSE:Maintenance:42104:398978', 'OS_TEST_ISSUES': '42104', 'INCIDENT_REPO': '', '_PRIORITY': 60, '__SOURCE_CHANGE_URL': 'https://smelt.suse.de/incident/42104', '__DASHBOARD_INCIDENT_URL': 'http://dashboard.qam.suse.de/incident/42104'}}, 'openqa': {'DISTRI': 'sle-micro', 'VERSION': '5.3', 'ARCH': 'x86_64', 'FLAVOR': 'DVD-Incidents', 'INCIDENT_ID': 42104, 'REPOHASH': 1768407371, 'BUILD': ':42104:libsoup2', '_OBSOLETE': '1', '_ONLY_OBSOLETE_SAME_BUILD': '1', '__CI_JOB_URL': 'https://gitlab.suse.de/qa-maintenance/bot-ng/-/jobs/5904085', 'RRID': 'SUSE:Maintenance:42104:398978', 'OS_TEST_ISSUES': '42104', 'INCIDENT_REPO': '', '_PRIORITY': 60, '__SOURCE_CHANGE_URL': 'https://smelt.suse.de/incident/42104', '__DASHBOARD_INCIDENT_URL': 'http://dashboard.qam.suse.de/incident/42104'}}
2026-01-15 14:32:45 INFO     openqa-cli api --host https://openqa.suse.de -X post isos DISTRI=sle-micro VERSION=5.3 ARCH=x86_64 FLAVOR=DVD-Incidents INCIDENT_ID=42104 REPOHASH=1768407371 BUILD=:42104:libsoup2 _OBSOLETE=1 _ONLY_OBSOLETE_SAME_BUILD=1 __CI_JOB_URL=https://gitlab.suse.de/qa-maintenance/bot-ng/-/jobs/5904085 RRID=SUSE:Maintenance:42104:398978 OS_TEST_ISSUES=42104 INCIDENT_REPO= _PRIORITY=60 __SOURCE_CHANGE_URL=https://smelt.suse.de/incident/42104 __DASHBOARD_INCIDENT_URL=http://dashboard.qam.suse.de/incident/42104
2026-01-15 14:32:45 INFO     Dashboard update successful: Status 200, Database ID 2318479
2026-01-15 14:32:45 INFO     Triggering job: {'api': 'api/incident_settings', 'qem': {'incident': 42104, 'arch': 'aarch64', 'flavor': 'DVD-Incidents', 'version': '5.3', 'withAggregate': True, 'settings': {'DISTRI': 'sle-micro', 'VERSION': '5.3', 'ARCH': 'aarch64', 'FLAVOR': 'DVD-Incidents', 'INCIDENT_ID': 42104, 'REPOHASH': 1768407347, 'BUILD': ':42104:libsoup2', '_OBSOLETE': '1', '_ONLY_OBSOLETE_SAME_BUILD': '1', '__CI_JOB_URL': 'https://gitlab.suse.de/qa-maintenance/bot-ng/-/jobs/5904085', 'RRID': 'SUSE:Maintenance:42104:398978', 'OS_TEST_ISSUES': '42104', 'INCIDENT_REPO': '', '_PRIORITY': 60, '__SOURCE_CHANGE_URL': 'https://smelt.suse.de/incident/42104', '__DASHBOARD_INCIDENT_URL': 'http://dashboard.qam.suse.de/incident/42104'}}, 'openqa': {'DISTRI': 'sle-micro', 'VERSION': '5.3', 'ARCH': 'aarch64', 'FLAVOR': 'DVD-Incidents', 'INCIDENT_ID': 42104, 'REPOHASH': 1768407347, 'BUILD': ':42104:libsoup2', '_OBSOLETE': '1', '_ONLY_OBSOLETE_SAME_BUILD': '1', '__CI_JOB_URL': 'https://gitlab.suse.de/qa-maintenance/bot-ng/-/jobs/5904085', 'RRID': 'SUSE:Maintenance:42104:398978', 'OS_TEST_ISSUES': '42104', 'INCIDENT_REPO': '', '_PRIORITY': 60, '__SOURCE_CHANGE_URL': 'https://smelt.suse.de/incident/42104', '__DASHBOARD_INCIDENT_URL': 'http://dashboard.qam.suse.de/incident/42104'}}
2026-01-15 14:32:45 INFO     openqa-cli api --host https://openqa.suse.de -X post isos DISTRI=sle-micro VERSION=5.3 ARCH=aarch64 FLAVOR=DVD-Incidents INCIDENT_ID=42104 REPOHASH=1768407347 BUILD=:42104:libsoup2 _OBSOLETE=1 _ONLY_OBSOLETE_SAME_BUILD=1 __CI_JOB_URL=https://gitlab.suse.de/qa-maintenance/bot-ng/-/jobs/5904085 RRID=SUSE:Maintenance:42104:398978 OS_TEST_ISSUES=42104 INCIDENT_REPO= _PRIORITY=60 __SOURCE_CHANGE_URL=https://smelt.suse.de/incident/42104 __DASHBOARD_INCIDENT_URL=http://dashboard.qam.suse.de/incident/42104
2026-01-15 14:32:45 INFO     Dashboard update successful: Status 200, Database ID 2318480
2026-01-15 14:32:45 INFO     Triggering job: {'api': 'api/incident_settings', 'qem': {'incident': 42104, 'arch': 's390x', 'flavor': 'DVD-Incidents', 'version': '5.3', 'withAggregate': True, 'settings': {'DISTRI': 'sle-micro', 'VERSION': '5.3', 'ARCH': 's390x', 'FLAVOR': 'DVD-Incidents', 'INCIDENT_ID': 42104, 'REPOHASH': 1768407335, 'BUILD': ':42104:libsoup2', '_OBSOLETE': '1', '_ONLY_OBSOLETE_SAME_BUILD': '1', '__CI_JOB_URL': 'https://gitlab.suse.de/qa-maintenance/bot-ng/-/jobs/5904085', 'RRID': 'SUSE:Maintenance:42104:398978', 'OS_TEST_ISSUES': '42104', 'INCIDENT_REPO': '', '_PRIORITY': 60, '__SOURCE_CHANGE_URL': 'https://smelt.suse.de/incident/42104', '__DASHBOARD_INCIDENT_URL': 'http://dashboard.qam.suse.de/incident/42104'}}, 'openqa': {'DISTRI': 'sle-micro', 'VERSION': '5.3', 'ARCH': 's390x', 'FLAVOR': 'DVD-Incidents', 'INCIDENT_ID': 42104, 'REPOHASH': 1768407335, 'BUILD': ':42104:libsoup2', '_OBSOLETE': '1', '_ONLY_OBSOLETE_SAME_BUILD': '1', '__CI_JOB_URL': 'https://gitlab.suse.de/qa-maintenance/bot-ng/-/jobs/5904085', 'RRID': 'SUSE:Maintenance:42104:398978', 'OS_TEST_ISSUES': '42104', 'INCIDENT_REPO': '', '_PRIORITY': 60, '__SOURCE_CHANGE_URL': 'https://smelt.suse.de/incident/42104', '__DASHBOARD_INCIDENT_URL': 'http://dashboard.qam.suse.de/incident/42104'}}
2026-01-15 14:32:45 INFO     openqa-cli api --host https://openqa.suse.de -X post isos DISTRI=sle-micro VERSION=5.3 ARCH=s390x FLAVOR=DVD-Incidents INCIDENT_ID=42104 REPOHASH=1768407335 BUILD=:42104:libsoup2 _OBSOLETE=1 _ONLY_OBSOLETE_SAME_BUILD=1 __CI_JOB_URL=https://gitlab.suse.de/qa-maintenance/bot-ng/-/jobs/5904085 RRID=SUSE:Maintenance:42104:398978 OS_TEST_ISSUES=42104 INCIDENT_REPO= _PRIORITY=60 __SOURCE_CHANGE_URL=https://smelt.suse.de/incident/42104 __DASHBOARD_INCIDENT_URL=http://dashboard.qam.suse.de/incident/42104
2026-01-15 14:32:45 INFO     Dashboard update successful: Status 200, Database ID 2318481
2026-01-15 14:32:45 INFO     Triggering job: {'api': 'api/incident_settings', 'qem': {'incident': 42104, 'arch': 'x86_64', 'flavor': 'MicroOS-Image-Incidents', 'version': '5.3', 'withAggregate': True, 'settings': {'DISTRI': 'sle-micro', 'VERSION': '5.3', 'ARCH': 'x86_64', 'FLAVOR': 'MicroOS-Image-Incidents', 'INCIDENT_ID': 42104, 'REPOHASH': 1768407371, 'BUILD': ':42104:libsoup2', '_OBSOLETE': '1', '_ONLY_OBSOLETE_SAME_BUILD': '1', '__CI_JOB_URL': 'https://gitlab.suse.de/qa-maintenance/bot-ng/-/jobs/5904085', 'RRID': 'SUSE:Maintenance:42104:398978', 'OS_TEST_ISSUES': '42104', 'INCIDENT_REPO': '', '_PRIORITY': 60, '__SOURCE_CHANGE_URL': 'https://smelt.suse.de/incident/42104', '__DASHBOARD_INCIDENT_URL': 'http://dashboard.qam.suse.de/incident/42104'}}, 'openqa': {'DISTRI': 'sle-micro', 'VERSION': '5.3', 'ARCH': 'x86_64', 'FLAVOR': 'MicroOS-Image-Incidents', 'INCIDENT_ID': 42104, 'REPOHASH': 1768407371, 'BUILD': ':42104:libsoup2', '_OBSOLETE': '1', '_ONLY_OBSOLETE_SAME_BUILD': '1', '__CI_JOB_URL': 'https://gitlab.suse.de/qa-maintenance/bot-ng/-/jobs/5904085', 'RRID': 'SUSE:Maintenance:42104:398978', 'OS_TEST_ISSUES': '42104', 'INCIDENT_REPO': '', '_PRIORITY': 60, '__SOURCE_CHANGE_URL': 'https://smelt.suse.de/incident/42104', '__DASHBOARD_INCIDENT_URL': 'http://dashboard.qam.suse.de/incident/42104'}}
2026-01-15 14:32:45 INFO     openqa-cli api --host https://openqa.suse.de -X post isos DISTRI=sle-micro VERSION=5.3 ARCH=x86_64 FLAVOR=MicroOS-Image-Incidents INCIDENT_ID=42104 REPOHASH=1768407371 BUILD=:42104:libsoup2 _OBSOLETE=1 _ONLY_OBSOLETE_SAME_BUILD=1 __CI_JOB_URL=https://gitlab.suse.de/qa-maintenance/bot-ng/-/jobs/5904085 RRID=SUSE:Maintenance:42104:398978 OS_TEST_ISSUES=42104 INCIDENT_REPO= _PRIORITY=60 __SOURCE_CHANGE_URL=https://smelt.suse.de/incident/42104 __DASHBOARD_INCIDENT_URL=http://dashboard.qam.suse.de/incident/42104
2026-01-15 14:32:46 INFO     Dashboard update successful: Status 200, Database ID 2318482
2026-01-15 14:32:46 INFO     Triggering job: {'api': 'api/incident_settings', 'qem': {'incident': 42104, 'arch': 'aarch64', 'flavor': 'MicroOS-Image-Incidents', 'version': '5.3', 'withAggregate': True, 'settings': {'DISTRI': 'sle-micro', 'VERSION': '5.3', 'ARCH': 'aarch64', 'FLAVOR': 'MicroOS-Image-Incidents', 'INCIDENT_ID': 42104, 'REPOHASH': 1768407347, 'BUILD': ':42104:libsoup2', '_OBSOLETE': '1', '_ONLY_OBSOLETE_SAME_BUILD': '1', '__CI_JOB_URL': 'https://gitlab.suse.de/qa-maintenance/bot-ng/-/jobs/5904085', 'RRID': 'SUSE:Maintenance:42104:398978', 'OS_TEST_ISSUES': '42104', 'INCIDENT_REPO': '', '_PRIORITY': 60, '__SOURCE_CHANGE_URL': 'https://smelt.suse.de/incident/42104', '__DASHBOARD_INCIDENT_URL': 'http://dashboard.qam.suse.de/incident/42104'}}, 'openqa': {'DISTRI': 'sle-micro', 'VERSION': '5.3', 'ARCH': 'aarch64', 'FLAVOR': 'MicroOS-Image-Incidents', 'INCIDENT_ID': 42104, 'REPOHASH': 1768407347, 'BUILD': ':42104:libsoup2', '_OBSOLETE': '1', '_ONLY_OBSOLETE_SAME_BUILD': '1', '__CI_JOB_URL': 'https://gitlab.suse.de/qa-maintenance/bot-ng/-/jobs/5904085', 'RRID': 'SUSE:Maintenance:42104:398978', 'OS_TEST_ISSUES': '42104', 'INCIDENT_REPO': '', '_PRIORITY': 60, '__SOURCE_CHANGE_URL': 'https://smelt.suse.de/incident/42104', '__DASHBOARD_INCIDENT_URL': 'http://dashboard.qam.suse.de/incident/42104'}}
2026-01-15 14:32:46 INFO     openqa-cli api --host https://openqa.suse.de -X post isos DISTRI=sle-micro VERSION=5.3 ARCH=aarch64 FLAVOR=MicroOS-Image-Incidents INCIDENT_ID=42104 REPOHASH=1768407347 BUILD=:42104:libsoup2 _OBSOLETE=1 _ONLY_OBSOLETE_SAME_BUILD=1 __CI_JOB_URL=https://gitlab.suse.de/qa-maintenance/bot-ng/-/jobs/5904085 RRID=SUSE:Maintenance:42104:398978 OS_TEST_ISSUES=42104 INCIDENT_REPO= _PRIORITY=60 __SOURCE_CHANGE_URL=https://smelt.suse.de/incident/42104 __DASHBOARD_INCIDENT_URL=http://dashboard.qam.suse.de/incident/42104
2026-01-15 14:32:46 INFO     Dashboard update successful: Status 200, Database ID 2318483
2026-01-15 14:32:46 INFO     Triggering job: {'api': 'api/incident_settings', 'qem': {'incident': 42104, 'arch': 's390x', 'flavor': 'MicroOS-Image-Incidents', 'version': '5.3', 'withAggregate': True, 'settings': {'DISTRI': 'sle-micro', 'VERSION': '5.3', 'ARCH': 's390x', 'FLAVOR': 'MicroOS-Image-Incidents', 'INCIDENT_ID': 42104, 'REPOHASH': 1768407335, 'BUILD': ':42104:libsoup2', '_OBSOLETE': '1', '_ONLY_OBSOLETE_SAME_BUILD': '1', '__CI_JOB_URL': 'https://gitlab.suse.de/qa-maintenance/bot-ng/-/jobs/5904085', 'RRID': 'SUSE:Maintenance:42104:398978', 'OS_TEST_ISSUES': '42104', 'INCIDENT_REPO': '', '_PRIORITY': 60, '__SOURCE_CHANGE_URL': 'https://smelt.suse.de/incident/42104', '__DASHBOARD_INCIDENT_URL': 'http://dashboard.qam.suse.de/incident/42104'}}, 'openqa': {'DISTRI': 'sle-micro', 'VERSION': '5.3', 'ARCH': 's390x', 'FLAVOR': 'MicroOS-Image-Incidents', 'INCIDENT_ID': 42104, 'REPOHASH': 1768407335, 'BUILD': ':42104:libsoup2', '_OBSOLETE': '1', '_ONLY_OBSOLETE_SAME_BUILD': '1', '__CI_JOB_URL': 'https://gitlab.suse.de/qa-maintenance/bot-ng/-/jobs/5904085', 'RRID': 'SUSE:Maintenance:42104:398978', 'OS_TEST_ISSUES': '42104', 'INCIDENT_REPO': '', '_PRIORITY': 60, '__SOURCE_CHANGE_URL': 'https://smelt.suse.de/incident/42104', '__DASHBOARD_INCIDENT_URL': 'http://dashboard.qam.suse.de/incident/42104'}}
2026-01-15 14:32:46 INFO     openqa-cli api --host https://openqa.suse.de -X post isos DISTRI=sle-micro VERSION=5.3 ARCH=s390x FLAVOR=MicroOS-Image-Incidents INCIDENT_ID=42104 REPOHASH=1768407335 BUILD=:42104:libsoup2 _OBSOLETE=1 _ONLY_OBSOLETE_SAME_BUILD=1 __CI_JOB_URL=https://gitlab.suse.de/qa-maintenance/bot-ng/-/jobs/5904085 RRID=SUSE:Maintenance:42104:398978 OS_TEST_ISSUES=42104 INCIDENT_REPO= _PRIORITY=60 __SOURCE_CHANGE_URL=https://smelt.suse.de/incident/42104 __DASHBOARD_INCIDENT_URL=http://dashboard.qam.suse.de/incident/42104
2026-01-15 14:32:46 INFO     Dashboard update successful: Status 200, Database ID 2318484
2026-01-15 14:32:46 INFO     Triggering job: {'api': 'api/incident_settings', 'qem': {'incident': 42104, 'arch': 'x86_64', 'flavor': 'DVD-Incidents', 'version': '5.4', 'withAggregate': True, 'settings': {'DISTRI': 'sle-micro', 'VERSION': '5.4', 'ARCH': 'x86_64', 'FLAVOR': 'DVD-Incidents', 'INCIDENT_ID': 42104, 'REPOHASH': 1768407374, 'BUILD': ':42104:libsoup2', '_OBSOLETE': '1', '_ONLY_OBSOLETE_SAME_BUILD': '1', '__CI_JOB_URL': 'https://gitlab.suse.de/qa-maintenance/bot-ng/-/jobs/5904085', 'RRID': 'SUSE:Maintenance:42104:398978', 'OS_TEST_ISSUES': '42104', 'INCIDENT_REPO': '', '_PRIORITY': 60, '__SOURCE_CHANGE_URL': 'https://smelt.suse.de/incident/42104', '__DASHBOARD_INCIDENT_URL': 'http://dashboard.qam.suse.de/incident/42104'}}, 'openqa': {'DISTRI': 'sle-micro', 'VERSION': '5.4', 'ARCH': 'x86_64', 'FLAVOR': 'DVD-Incidents', 'INCIDENT_ID': 42104, 'REPOHASH': 1768407374, 'BUILD': ':42104:libsoup2', '_OBSOLETE': '1', '_ONLY_OBSOLETE_SAME_BUILD': '1', '__CI_JOB_URL': 'https://gitlab.suse.de/qa-maintenance/bot-ng/-/jobs/5904085', 'RRID': 'SUSE:Maintenance:42104:398978', 'OS_TEST_ISSUES': '42104', 'INCIDENT_REPO': '', '_PRIORITY': 60, '__SOURCE_CHANGE_URL': 'https://smelt.suse.de/incident/42104', '__DASHBOARD_INCIDENT_URL': 'http://dashboard.qam.suse.de/incident/42104'}}
2026-01-15 14:32:46 INFO     openqa-cli api --host https://openqa.suse.de -X post isos DISTRI=sle-micro VERSION=5.4 ARCH=x86_64 FLAVOR=DVD-Incidents INCIDENT_ID=42104 REPOHASH=1768407374 BUILD=:42104:libsoup2 _OBSOLETE=1 _ONLY_OBSOLETE_SAME_BUILD=1 __CI_JOB_URL=https://gitlab.suse.de/qa-maintenance/bot-ng/-/jobs/5904085 RRID=SUSE:Maintenance:42104:398978 OS_TEST_ISSUES=42104 INCIDENT_REPO= _PRIORITY=60 __SOURCE_CHANGE_URL=https://smelt.suse.de/incident/42104 __DASHBOARD_INCIDENT_URL=http://dashboard.qam.suse.de/incident/42104
2026-01-15 14:32:46 INFO     Dashboard update successful: Status 200, Database ID 2318485
2026-01-15 14:32:46 INFO     Triggering job: {'api': 'api/incident_settings', 'qem': {'incident': 42104, 'arch': 'aarch64', 'flavor': 'DVD-Incidents', 'version': '5.4', 'withAggregate': True, 'settings': {'DISTRI': 'sle-micro', 'VERSION': '5.4', 'ARCH': 'aarch64', 'FLAVOR': 'DVD-Incidents', 'INCIDENT_ID': 42104, 'REPOHASH': 1768407350, 'BUILD': ':42104:libsoup2', '_OBSOLETE': '1', '_ONLY_OBSOLETE_SAME_BUILD': '1', '__CI_JOB_URL': 'https://gitlab.suse.de/qa-maintenance/bot-ng/-/jobs/5904085', 'RRID': 'SUSE:Maintenance:42104:398978', 'OS_TEST_ISSUES': '42104', 'INCIDENT_REPO': '', '_PRIORITY': 60, '__SOURCE_CHANGE_URL': 'https://smelt.suse.de/incident/42104', '__DASHBOARD_INCIDENT_URL': 'http://dashboard.qam.suse.de/incident/42104'}}, 'openqa': {'DISTRI': 'sle-micro', 'VERSION': '5.4', 'ARCH': 'aarch64', 'FLAVOR': 'DVD-Incidents', 'INCIDENT_ID': 42104, 'REPOHASH': 1768407350, 'BUILD': ':42104:libsoup2', '_OBSOLETE': '1', '_ONLY_OBSOLETE_SAME_BUILD': '1', '__CI_JOB_URL': 'https://gitlab.suse.de/qa-maintenance/bot-ng/-/jobs/5904085', 'RRID': 'SUSE:Maintenance:42104:398978', 'OS_TEST_ISSUES': '42104', 'INCIDENT_REPO': '', '_PRIORITY': 60, '__SOURCE_CHANGE_URL': 'https://smelt.suse.de/incident/42104', '__DASHBOARD_INCIDENT_URL': 'http://dashboard.qam.suse.de/incident/42104'}}
2026-01-15 14:32:46 INFO     openqa-cli api --host https://openqa.suse.de -X post isos DISTRI=sle-micro VERSION=5.4 ARCH=aarch64 FLAVOR=DVD-Incidents INCIDENT_ID=42104 REPOHASH=1768407350 BUILD=:42104:libsoup2 _OBSOLETE=1 _ONLY_OBSOLETE_SAME_BUILD=1 __CI_JOB_URL=https://gitlab.suse.de/qa-maintenance/bot-ng/-/jobs/5904085 RRID=SUSE:Maintenance:42104:398978 OS_TEST_ISSUES=42104 INCIDENT_REPO= _PRIORITY=60 __SOURCE_CHANGE_URL=https://smelt.suse.de/incident/42104 __DASHBOARD_INCIDENT_URL=http://dashboard.qam.suse.de/incident/42104
2026-01-15 14:32:46 INFO     Dashboard update successful: Status 200, Database ID 2318486
2026-01-15 14:32:46 INFO     Triggering job: {'api': 'api/incident_settings', 'qem': {'incident': 42104, 'arch': 's390x', 'flavor': 'DVD-Incidents', 'version': '5.4', 'withAggregate': True, 'settings': {'DISTRI': 'sle-micro', 'VERSION': '5.4', 'ARCH': 's390x', 'FLAVOR': 'DVD-Incidents', 'INCIDENT_ID': 42104, 'REPOHASH': 1768407338, 'BUILD': ':42104:libsoup2', '_OBSOLETE': '1', '_ONLY_OBSOLETE_SAME_BUILD': '1', '__CI_JOB_URL': 'https://gitlab.suse.de/qa-maintenance/bot-ng/-/jobs/5904085', 'RRID': 'SUSE:Maintenance:42104:398978', 'OS_TEST_ISSUES': '42104', 'INCIDENT_REPO': '', '_PRIORITY': 60, '__SOURCE_CHANGE_URL': 'https://smelt.suse.de/incident/42104', '__DASHBOARD_INCIDENT_URL': 'http://dashboard.qam.suse.de/incident/42104'}}, 'openqa': {'DISTRI': 'sle-micro', 'VERSION': '5.4', 'ARCH': 's390x', 'FLAVOR': 'DVD-Incidents', 'INCIDENT_ID': 42104, 'REPOHASH': 1768407338, 'BUILD': ':42104:libsoup2', '_OBSOLETE': '1', '_ONLY_OBSOLETE_SAME_BUILD': '1', '__CI_JOB_URL': 'https://gitlab.suse.de/qa-maintenance/bot-ng/-/jobs/5904085', 'RRID': 'SUSE:Maintenance:42104:398978', 'OS_TEST_ISSUES': '42104', 'INCIDENT_REPO': '', '_PRIORITY': 60, '__SOURCE_CHANGE_URL': 'https://smelt.suse.de/incident/42104', '__DASHBOARD_INCIDENT_URL': 'http://dashboard.qam.suse.de/incident/42104'}}
2026-01-15 14:32:46 INFO     openqa-cli api --host https://openqa.suse.de -X post isos DISTRI=sle-micro VERSION=5.4 ARCH=s390x FLAVOR=DVD-Incidents INCIDENT_ID=42104 REPOHASH=1768407338 BUILD=:42104:libsoup2 _OBSOLETE=1 _ONLY_OBSOLETE_SAME_BUILD=1 __CI_JOB_URL=https://gitlab.suse.de/qa-maintenance/bot-ng/-/jobs/5904085 RRID=SUSE:Maintenance:42104:398978 OS_TEST_ISSUES=42104 INCIDENT_REPO= _PRIORITY=60 __SOURCE_CHANGE_URL=https://smelt.suse.de/incident/42104 __DASHBOARD_INCIDENT_URL=http://dashboard.qam.suse.de/incident/42104
2026-01-15 14:32:46 INFO     Dashboard update successful: Status 200, Database ID 2318487
2026-01-15 14:32:46 INFO     Triggering job: {'api': 'api/incident_settings', 'qem': {'incident': 42104, 'arch': 'x86_64', 'flavor': 'Default-Incidents', 'version': '5.4', 'withAggregate': True, 'settings': {'DISTRI': 'sle-micro', 'VERSION': '5.4', 'ARCH': 'x86_64', 'FLAVOR': 'Default-Incidents', 'INCIDENT_ID': 42104, 'REPOHASH': 1768407374, 'BUILD': ':42104:libsoup2', '_OBSOLETE': '1', '_ONLY_OBSOLETE_SAME_BUILD': '1', '__CI_JOB_URL': 'https://gitlab.suse.de/qa-maintenance/bot-ng/-/jobs/5904085', 'RRID': 'SUSE:Maintenance:42104:398978', 'OS_TEST_ISSUES': '42104', 'INCIDENT_REPO': '', '_PRIORITY': 60, '__SOURCE_CHANGE_URL': 'https://smelt.suse.de/incident/42104', '__DASHBOARD_INCIDENT_URL': 'http://dashboard.qam.suse.de/incident/42104'}}, 'openqa': {'DISTRI': 'sle-micro', 'VERSION': '5.4', 'ARCH': 'x86_64', 'FLAVOR': 'Default-Incidents', 'INCIDENT_ID': 42104, 'REPOHASH': 1768407374, 'BUILD': ':42104:libsoup2', '_OBSOLETE': '1', '_ONLY_OBSOLETE_SAME_BUILD': '1', '__CI_JOB_URL': 'https://gitlab.suse.de/qa-maintenance/bot-ng/-/jobs/5904085', 'RRID': 'SUSE:Maintenance:42104:398978', 'OS_TEST_ISSUES': '42104', 'INCIDENT_REPO': '', '_PRIORITY': 60, '__SOURCE_CHANGE_URL': 'https://smelt.suse.de/incident/42104', '__DASHBOARD_INCIDENT_URL': 'http://dashboard.qam.suse.de/incident/42104'}}
2026-01-15 14:32:46 INFO     openqa-cli api --host https://openqa.suse.de -X post isos DISTRI=sle-micro VERSION=5.4 ARCH=x86_64 FLAVOR=Default-Incidents INCIDENT_ID=42104 REPOHASH=1768407374 BUILD=:42104:libsoup2 _OBSOLETE=1 _ONLY_OBSOLETE_SAME_BUILD=1 __CI_JOB_URL=https://gitlab.suse.de/qa-maintenance/bot-ng/-/jobs/5904085 RRID=SUSE:Maintenance:42104:398978 OS_TEST_ISSUES=42104 INCIDENT_REPO= _PRIORITY=60 __SOURCE_CHANGE_URL=https://smelt.suse.de/incident/42104 __DASHBOARD_INCIDENT_URL=http://dashboard.qam.suse.de/incident/42104
2026-01-15 14:32:46 INFO     Dashboard update successful: Status 200, Database ID 2318488
2026-01-15 14:32:46 INFO     Triggering job: {'api': 'api/incident_settings', 'qem': {'incident': 42104, 'arch': 'aarch64', 'flavor': 'Default-Incidents', 'version': '5.4', 'withAggregate': True, 'settings': {'DISTRI': 'sle-micro', 'VERSION': '5.4', 'ARCH': 'aarch64', 'FLAVOR': 'Default-Incidents', 'INCIDENT_ID': 42104, 'REPOHASH': 1768407350, 'BUILD': ':42104:libsoup2', '_OBSOLETE': '1', '_ONLY_OBSOLETE_SAME_BUILD': '1', '__CI_JOB_URL': 'https://gitlab.suse.de/qa-maintenance/bot-ng/-/jobs/5904085', 'RRID': 'SUSE:Maintenance:42104:398978', 'OS_TEST_ISSUES': '42104', 'INCIDENT_REPO': '', '_PRIORITY': 60, '__SOURCE_CHANGE_URL': 'https://smelt.suse.de/incident/42104', '__DASHBOARD_INCIDENT_URL': 'http://dashboard.qam.suse.de/incident/42104'}}, 'openqa': {'DISTRI': 'sle-micro', 'VERSION': '5.4', 'ARCH': 'aarch64', 'FLAVOR': 'Default-Incidents', 'INCIDENT_ID': 42104, 'REPOHASH': 1768407350, 'BUILD': ':42104:libsoup2', '_OBSOLETE': '1', '_ONLY_OBSOLETE_SAME_BUILD': '1', '__CI_JOB_URL': 'https://gitlab.suse.de/qa-maintenance/bot-ng/-/jobs/5904085', 'RRID': 'SUSE:Maintenance:42104:398978', 'OS_TEST_ISSUES': '42104', 'INCIDENT_REPO': '', '_PRIORITY': 60, '__SOURCE_CHANGE_URL': 'https://smelt.suse.de/incident/42104', '__DASHBOARD_INCIDENT_URL': 'http://dashboard.qam.suse.de/incident/42104'}}
2026-01-15 14:32:46 INFO     openqa-cli api --host https://openqa.suse.de -X post isos DISTRI=sle-micro VERSION=5.4 ARCH=aarch64 FLAVOR=Default-Incidents INCIDENT_ID=42104 REPOHASH=1768407350 BUILD=:42104:libsoup2 _OBSOLETE=1 _ONLY_OBSOLETE_SAME_BUILD=1 __CI_JOB_URL=https://gitlab.suse.de/qa-maintenance/bot-ng/-/jobs/5904085 RRID=SUSE:Maintenance:42104:398978 OS_TEST_ISSUES=42104 INCIDENT_REPO= _PRIORITY=60 __SOURCE_CHANGE_URL=https://smelt.suse.de/incident/42104 __DASHBOARD_INCIDENT_URL=http://dashboard.qam.suse.de/incident/42104
2026-01-15 14:32:46 INFO     Dashboard update successful: Status 200, Database ID 2318489
2026-01-15 14:32:46 INFO     Triggering job: {'api': 'api/incident_settings', 'qem': {'incident': 42104, 'arch': 's390x', 'flavor': 'Default-Incidents', 'version': '5.4', 'withAggregate': True, 'settings': {'DISTRI': 'sle-micro', 'VERSION': '5.4', 'ARCH': 's390x', 'FLAVOR': 'Default-Incidents', 'INCIDENT_ID': 42104, 'REPOHASH': 1768407338, 'BUILD': ':42104:libsoup2', '_OBSOLETE': '1', '_ONLY_OBSOLETE_SAME_BUILD': '1', '__CI_JOB_URL': 'https://gitlab.suse.de/qa-maintenance/bot-ng/-/jobs/5904085', 'RRID': 'SUSE:Maintenance:42104:398978', 'OS_TEST_ISSUES': '42104', 'INCIDENT_REPO': '', '_PRIORITY': 60, '__SOURCE_CHANGE_URL': 'https://smelt.suse.de/incident/42104', '__DASHBOARD_INCIDENT_URL': 'http://dashboard.qam.suse.de/incident/42104'}}, 'openqa': {'DISTRI': 'sle-micro', 'VERSION': '5.4', 'ARCH': 's390x', 'FLAVOR': 'Default-Incidents', 'INCIDENT_ID': 42104, 'REPOHASH': 1768407338, 'BUILD': ':42104:libsoup2', '_OBSOLETE': '1', '_ONLY_OBSOLETE_SAME_BUILD': '1', '__CI_JOB_URL': 'https://gitlab.suse.de/qa-maintenance/bot-ng/-/jobs/5904085', 'RRID': 'SUSE:Maintenance:42104:398978', 'OS_TEST_ISSUES': '42104', 'INCIDENT_REPO': '', '_PRIORITY': 60, '__SOURCE_CHANGE_URL': 'https://smelt.suse.de/incident/42104', '__DASHBOARD_INCIDENT_URL': 'http://dashboard.qam.suse.de/incident/42104'}}
2026-01-15 14:32:46 INFO     openqa-cli api --host https://openqa.suse.de -X post isos DISTRI=sle-micro VERSION=5.4 ARCH=s390x FLAVOR=Default-Incidents INCIDENT_ID=42104 REPOHASH=1768407338 BUILD=:42104:libsoup2 _OBSOLETE=1 _ONLY_OBSOLETE_SAME_BUILD=1 __CI_JOB_URL=https://gitlab.suse.de/qa-maintenance/bot-ng/-/jobs/5904085 RRID=SUSE:Maintenance:42104:398978 OS_TEST_ISSUES=42104 INCIDENT_REPO= _PRIORITY=60 __SOURCE_CHANGE_URL=https://smelt.suse.de/incident/42104 __DASHBOARD_INCIDENT_URL=http://dashboard.qam.suse.de/incident/42104
2026-01-15 14:32:46 INFO     Dashboard update successful: Status 200, Database ID 2318490
2026-01-15 14:32:46 INFO     Triggering job: {'api': 'api/incident_settings', 'qem': {'incident': 42104, 'arch': 'x86_64', 'flavor': 'DVD-Incidents', 'version': '5.5', 'withAggregate': True, 'settings': {'DISTRI': 'sle-micro', 'VERSION': '5.5', 'ARCH': 'x86_64', 'FLAVOR': 'DVD-Incidents', 'INCIDENT_ID': 42104, 'REPOHASH': 1768407368, 'BUILD': ':42104:libsoup2', '_OBSOLETE': '1', '_ONLY_OBSOLETE_SAME_BUILD': '1', '__CI_JOB_URL': 'https://gitlab.suse.de/qa-maintenance/bot-ng/-/jobs/5904085', 'RRID': 'SUSE:Maintenance:42104:398978', 'OS_TEST_ISSUES': '42104', 'INCIDENT_REPO': '', '_PRIORITY': 60, '__SOURCE_CHANGE_URL': 'https://smelt.suse.de/incident/42104', '__DASHBOARD_INCIDENT_URL': 'http://dashboard.qam.suse.de/incident/42104'}}, 'openqa': {'DISTRI': 'sle-micro', 'VERSION': '5.5', 'ARCH': 'x86_64', 'FLAVOR': 'DVD-Incidents', 'INCIDENT_ID': 42104, 'REPOHASH': 1768407368, 'BUILD': ':42104:libsoup2', '_OBSOLETE': '1', '_ONLY_OBSOLETE_SAME_BUILD': '1', '__CI_JOB_URL': 'https://gitlab.suse.de/qa-maintenance/bot-ng/-/jobs/5904085', 'RRID': 'SUSE:Maintenance:42104:398978', 'OS_TEST_ISSUES': '42104', 'INCIDENT_REPO': '', '_PRIORITY': 60, '__SOURCE_CHANGE_URL': 'https://smelt.suse.de/incident/42104', '__DASHBOARD_INCIDENT_URL': 'http://dashboard.qam.suse.de/incident/42104'}}
2026-01-15 14:32:46 INFO     openqa-cli api --host https://openqa.suse.de -X post isos DISTRI=sle-micro VERSION=5.5 ARCH=x86_64 FLAVOR=DVD-Incidents INCIDENT_ID=42104 REPOHASH=1768407368 BUILD=:42104:libsoup2 _OBSOLETE=1 _ONLY_OBSOLETE_SAME_BUILD=1 __CI_JOB_URL=https://gitlab.suse.de/qa-maintenance/bot-ng/-/jobs/5904085 RRID=SUSE:Maintenance:42104:398978 OS_TEST_ISSUES=42104 INCIDENT_REPO= _PRIORITY=60 __SOURCE_CHANGE_URL=https://smelt.suse.de/incident/42104 __DASHBOARD_INCIDENT_URL=http://dashboard.qam.suse.de/incident/42104
2026-01-15 14:32:46 INFO     Dashboard update successful: Status 200, Database ID 2318491
2026-01-15 14:32:46 INFO     Triggering job: {'api': 'api/incident_settings', 'qem': {'incident': 42104, 'arch': 'aarch64', 'flavor': 'DVD-Incidents', 'version': '5.5', 'withAggregate': True, 'settings': {'DISTRI': 'sle-micro', 'VERSION': '5.5', 'ARCH': 'aarch64', 'FLAVOR': 'DVD-Incidents', 'INCIDENT_ID': 42104, 'REPOHASH': 1768407344, 'BUILD': ':42104:libsoup2', '_OBSOLETE': '1', '_ONLY_OBSOLETE_SAME_BUILD': '1', '__CI_JOB_URL': 'https://gitlab.suse.de/qa-maintenance/bot-ng/-/jobs/5904085', 'RRID': 'SUSE:Maintenance:42104:398978', 'OS_TEST_ISSUES': '42104', 'INCIDENT_REPO': '', '_PRIORITY': 60, '__SOURCE_CHANGE_URL': 'https://smelt.suse.de/incident/42104', '__DASHBOARD_INCIDENT_URL': 'http://dashboard.qam.suse.de/incident/42104'}}, 'openqa': {'DISTRI': 'sle-micro', 'VERSION': '5.5', 'ARCH': 'aarch64', 'FLAVOR': 'DVD-Incidents', 'INCIDENT_ID': 42104, 'REPOHASH': 1768407344, 'BUILD': ':42104:libsoup2', '_OBSOLETE': '1', '_ONLY_OBSOLETE_SAME_BUILD': '1', '__CI_JOB_URL': 'https://gitlab.suse.de/qa-maintenance/bot-ng/-/jobs/5904085', 'RRID': 'SUSE:Maintenance:42104:398978', 'OS_TEST_ISSUES': '42104', 'INCIDENT_REPO': '', '_PRIORITY': 60, '__SOURCE_CHANGE_URL': 'https://smelt.suse.de/incident/42104', '__DASHBOARD_INCIDENT_URL': 'http://dashboard.qam.suse.de/incident/42104'}}
2026-01-15 14:32:46 INFO     openqa-cli api --host https://openqa.suse.de -X post isos DISTRI=sle-micro VERSION=5.5 ARCH=aarch64 FLAVOR=DVD-Incidents INCIDENT_ID=42104 REPOHASH=1768407344 BUILD=:42104:libsoup2 _OBSOLETE=1 _ONLY_OBSOLETE_SAME_BUILD=1 __CI_JOB_URL=https://gitlab.suse.de/qa-maintenance/bot-ng/-/jobs/5904085 RRID=SUSE:Maintenance:42104:398978 OS_TEST_ISSUES=42104 INCIDENT_REPO= _PRIORITY=60 __SOURCE_CHANGE_URL=https://smelt.suse.de/incident/42104 __DASHBOARD_INCIDENT_URL=http://dashboard.qam.suse.de/incident/42104
2026-01-15 14:32:46 INFO     Dashboard update successful: Status 200, Database ID 2318492
2026-01-15 14:32:46 INFO     Triggering job: {'api': 'api/incident_settings', 'qem': {'incident': 42104, 'arch': 's390x', 'flavor': 'DVD-Incidents', 'version': '5.5', 'withAggregate': True, 'settings': {'DISTRI': 'sle-micro', 'VERSION': '5.5', 'ARCH': 's390x', 'FLAVOR': 'DVD-Incidents', 'INCIDENT_ID': 42104, 'REPOHASH': 1768407341, 'BUILD': ':42104:libsoup2', '_OBSOLETE': '1', '_ONLY_OBSOLETE_SAME_BUILD': '1', '__CI_JOB_URL': 'https://gitlab.suse.de/qa-maintenance/bot-ng/-/jobs/5904085', 'RRID': 'SUSE:Maintenance:42104:398978', 'OS_TEST_ISSUES': '42104', 'INCIDENT_REPO': '', '_PRIORITY': 60, '__SOURCE_CHANGE_URL': 'https://smelt.suse.de/incident/42104', '__DASHBOARD_INCIDENT_URL': 'http://dashboard.qam.suse.de/incident/42104'}}, 'openqa': {'DISTRI': 'sle-micro', 'VERSION': '5.5', 'ARCH': 's390x', 'FLAVOR': 'DVD-Incidents', 'INCIDENT_ID': 42104, 'REPOHASH': 1768407341, 'BUILD': ':42104:libsoup2', '_OBSOLETE': '1', '_ONLY_OBSOLETE_SAME_BUILD': '1', '__CI_JOB_URL': 'https://gitlab.suse.de/qa-maintenance/bot-ng/-/jobs/5904085', 'RRID': 'SUSE:Maintenance:42104:398978', 'OS_TEST_ISSUES': '42104', 'INCIDENT_REPO': '', '_PRIORITY': 60, '__SOURCE_CHANGE_URL': 'https://smelt.suse.de/incident/42104', '__DASHBOARD_INCIDENT_URL': 'http://dashboard.qam.suse.de/incident/42104'}}
2026-01-15 14:32:46 INFO     openqa-cli api --host https://openqa.suse.de -X post isos DISTRI=sle-micro VERSION=5.5 ARCH=s390x FLAVOR=DVD-Incidents INCIDENT_ID=42104 REPOHASH=1768407341 BUILD=:42104:libsoup2 _OBSOLETE=1 _ONLY_OBSOLETE_SAME_BUILD=1 __CI_JOB_URL=https://gitlab.suse.de/qa-maintenance/bot-ng/-/jobs/5904085 RRID=SUSE:Maintenance:42104:398978 OS_TEST_ISSUES=42104 INCIDENT_REPO= _PRIORITY=60 __SOURCE_CHANGE_URL=https://smelt.suse.de/incident/42104 __DASHBOARD_INCIDENT_URL=http://dashboard.qam.suse.de/incident/42104
2026-01-15 14:32:46 INFO     Dashboard update successful: Status 200, Database ID 2318493
2026-01-15 14:32:46 INFO     Dashboard update successful: Status 200, Database ID 2318494
2026-01-15 14:32:46 INFO     Triggering job: {'api': 'api/incident_settings', 'qem': {'incident': 42104, 'arch': 'x86_64', 'flavor': 'Default-Incidents', 'version': '5.5', 'withAggregate': True, 'settings': {'DISTRI': 'sle-micro', 'VERSION': '5.5', 'ARCH': 'x86_64', 'FLAVOR': 'Default-Incidents', 'INCIDENT_ID': 42104, 'REPOHASH': 1768407368, 'BUILD': ':42104:libsoup2', '_OBSOLETE': '1', '_ONLY_OBSOLETE_SAME_BUILD': '1', '__CI_JOB_URL': 'https://gitlab.suse.de/qa-maintenance/bot-ng/-/jobs/5904085', 'RRID': 'SUSE:Maintenance:42104:398978', 'OS_TEST_ISSUES': '42104', 'INCIDENT_REPO': '', '_PRIORITY': 60, '__SOURCE_CHANGE_URL': 'https://smelt.suse.de/incident/42104', '__DASHBOARD_INCIDENT_URL': 'http://dashboard.qam.suse.de/incident/42104'}}, 'openqa': {'DISTRI': 'sle-micro', 'VERSION': '5.5', 'ARCH': 'x86_64', 'FLAVOR': 'Default-Incidents', 'INCIDENT_ID': 42104, 'REPOHASH': 1768407368, 'BUILD': ':42104:libsoup2', '_OBSOLETE': '1', '_ONLY_OBSOLETE_SAME_BUILD': '1', '__CI_JOB_URL': 'https://gitlab.suse.de/qa-maintenance/bot-ng/-/jobs/5904085', 'RRID': 'SUSE:Maintenance:42104:398978', 'OS_TEST_ISSUES': '42104', 'INCIDENT_REPO': '', '_PRIORITY': 60, '__SOURCE_CHANGE_URL': 'https://smelt.suse.de/incident/42104', '__DASHBOARD_INCIDENT_URL': 'http://dashboard.qam.suse.de/incident/42104'}}
2026-01-15 14:32:46 INFO     Triggering job: {'api': 'api/incident_settings', 'qem': {'incident': 42104, 'arch': 'aarch64', 'flavor': 'Default-Incidents', 'version': '5.5', 'withAggregate': True, 'settings': {'DISTRI': 'sle-micro', 'VERSION': '5.5', 'ARCH': 'aarch64', 'FLAVOR': 'Default-Incidents', 'INCIDENT_ID': 42104, 'REPOHASH': 1768407344, 'BUILD': ':42104:libsoup2', '_OBSOLETE': '1', '_ONLY_OBSOLETE_SAME_BUILD': '1', '__CI_JOB_URL': 'https://gitlab.suse.de/qa-maintenance/bot-ng/-/jobs/5904085', 'RRID': 'SUSE:Maintenance:42104:398978', 'OS_TEST_ISSUES': '42104', 'INCIDENT_REPO': '', '_PRIORITY': 60, '__SOURCE_CHANGE_URL': 'https://smelt.suse.de/incident/42104', '__DASHBOARD_INCIDENT_URL': 'http://dashboard.qam.suse.de/incident/42104'}}, 'openqa': {'DISTRI': 'sle-micro', 'VERSION': '5.5', 'ARCH': 'aarch64', 'FLAVOR': 'Default-Incidents', 'INCIDENT_ID': 42104, 'REPOHASH': 1768407344, 'BUILD': ':42104:libsoup2', '_OBSOLETE': '1', '_ONLY_OBSOLETE_SAME_BUILD': '1', '__CI_JOB_URL': 'https://gitlab.suse.de/qa-maintenance/bot-ng/-/jobs/5904085', 'RRID': 'SUSE:Maintenance:42104:398978', 'OS_TEST_ISSUES': '42104', 'INCIDENT_REPO': '', '_PRIORITY': 60, '__SOURCE_CHANGE_URL': 'https://smelt.suse.de/incident/42104', '__DASHBOARD_INCIDENT_URL': 'http://dashboard.qam.suse.de/incident/42104'}}
2026-01-15 14:32:46 INFO     openqa-cli api --host https://openqa.suse.de -X post isos DISTRI=sle-micro VERSION=5.5 ARCH=x86_64 FLAVOR=Default-Incidents INCIDENT_ID=42104 REPOHASH=1768407368 BUILD=:42104:libsoup2 _OBSOLETE=1 _ONLY_OBSOLETE_SAME_BUILD=1 __CI_JOB_URL=https://gitlab.suse.de/qa-maintenance/bot-ng/-/jobs/5904085 RRID=SUSE:Maintenance:42104:398978 OS_TEST_ISSUES=42104 INCIDENT_REPO= _PRIORITY=60 __SOURCE_CHANGE_URL=https://smelt.suse.de/incident/42104 __DASHBOARD_INCIDENT_URL=http://dashboard.qam.suse.de/incident/42104
2026-01-15 14:32:46 INFO     openqa-cli api --host https://openqa.suse.de -X post isos DISTRI=sle-micro VERSION=5.5 ARCH=aarch64 FLAVOR=Default-Incidents INCIDENT_ID=42104 REPOHASH=1768407344 BUILD=:42104:libsoup2 _OBSOLETE=1 _ONLY_OBSOLETE_SAME_BUILD=1 __CI_JOB_URL=https://gitlab.suse.de/qa-maintenance/bot-ng/-/jobs/5904085 RRID=SUSE:Maintenance:42104:398978 OS_TEST_ISSUES=42104 INCIDENT_REPO= _PRIORITY=60 __SOURCE_CHANGE_URL=https://smelt.suse.de/incident/42104 __DASHBOARD_INCIDENT_URL=http://dashboard.qam.suse.de/incident/42104
2026-01-15 14:32:46 INFO     Dashboard update successful: Status 200, Database ID 2318496
2026-01-15 14:32:46 INFO     Triggering job: {'api': 'api/incident_settings', 'qem': {'incident': 42104, 'arch': 's390x', 'flavor': 'Default-Incidents', 'version': '5.5', 'withAggregate': True, 'settings': {'DISTRI': 'sle-micro', 'VERSION': '5.5', 'ARCH': 's390x', 'FLAVOR': 'Default-Incidents', 'INCIDENT_ID': 42104, 'REPOHASH': 1768407341, 'BUILD': ':42104:libsoup2', '_OBSOLETE': '1', '_ONLY_OBSOLETE_SAME_BUILD': '1', '__CI_JOB_URL': 'https://gitlab.suse.de/qa-maintenance/bot-ng/-/jobs/5904085', 'RRID': 'SUSE:Maintenance:42104:398978', 'OS_TEST_ISSUES': '42104', 'INCIDENT_REPO': '', '_PRIORITY': 60, '__SOURCE_CHANGE_URL': 'https://smelt.suse.de/incident/42104', '__DASHBOARD_INCIDENT_URL': 'http://dashboard.qam.suse.de/incident/42104'}}, 'openqa': {'DISTRI': 'sle-micro', 'VERSION': '5.5', 'ARCH': 's390x', 'FLAVOR': 'Default-Incidents', 'INCIDENT_ID': 42104, 'REPOHASH': 1768407341, 'BUILD': ':42104:libsoup2', '_OBSOLETE': '1', '_ONLY_OBSOLETE_SAME_BUILD': '1', '__CI_JOB_URL': 'https://gitlab.suse.de/qa-maintenance/bot-ng/-/jobs/5904085', 'RRID': 'SUSE:Maintenance:42104:398978', 'OS_TEST_ISSUES': '42104', 'INCIDENT_REPO': '', '_PRIORITY': 60, '__SOURCE_CHANGE_URL': 'https://smelt.suse.de/incident/42104', '__DASHBOARD_INCIDENT_URL': 'http://dashboard.qam.suse.de/incident/42104'}}
2026-01-15 14:32:46 INFO     openqa-cli api --host https://openqa.suse.de -X post isos DISTRI=sle-micro VERSION=5.5 ARCH=s390x FLAVOR=Default-Incidents INCIDENT_ID=42104 REPOHASH=1768407341 BUILD=:42104:libsoup2 _OBSOLETE=1 _ONLY_OBSOLETE_SAME_BUILD=1 __CI_JOB_URL=https://gitlab.suse.de/qa-maintenance/bot-ng/-/jobs/5904085 RRID=SUSE:Maintenance:42104:398978 OS_TEST_ISSUES=42104 INCIDENT_REPO= _PRIORITY=60 __SOURCE_CHANGE_URL=https://smelt.suse.de/incident/42104 __DASHBOARD_INCIDENT_URL=http://dashboard.qam.suse.de/incident/42104
2026-01-15 14:32:46 INFO     Dashboard update successful: Status 200, Database ID 2318495
2026-01-15 14:32:46 INFO     Triggering job: {'api': 'api/incident_settings', 'qem': {'incident': 42104, 'arch': 'x86_64', 'flavor': 'Default-RT-Incidents', 'version': '5.5', 'withAggregate': True, 'settings': {'DISTRI': 'sle-micro', 'VERSION': '5.5', 'ARCH': 'x86_64', 'FLAVOR': 'Default-RT-Incidents', 'INCIDENT_ID': 42104, 'REPOHASH': 1768407368, 'BUILD': ':42104:libsoup2', '_OBSOLETE': '1', '_ONLY_OBSOLETE_SAME_BUILD': '1', '__CI_JOB_URL': 'https://gitlab.suse.de/qa-maintenance/bot-ng/-/jobs/5904085', 'RRID': 'SUSE:Maintenance:42104:398978', 'OS_TEST_ISSUES': '42104', 'INCIDENT_REPO': '', '_PRIORITY': 60, '__SOURCE_CHANGE_URL': 'https://smelt.suse.de/incident/42104', '__DASHBOARD_INCIDENT_URL': 'http://dashboard.qam.suse.de/incident/42104'}}, 'openqa': {'DISTRI': 'sle-micro', 'VERSION': '5.5', 'ARCH': 'x86_64', 'FLAVOR': 'Default-RT-Incidents', 'INCIDENT_ID': 42104, 'REPOHASH': 1768407368, 'BUILD': ':42104:libsoup2', '_OBSOLETE': '1', '_ONLY_OBSOLETE_SAME_BUILD': '1', '__CI_JOB_URL': 'https://gitlab.suse.de/qa-maintenance/bot-ng/-/jobs/5904085', 'RRID': 'SUSE:Maintenance:42104:398978', 'OS_TEST_ISSUES': '42104', 'INCIDENT_REPO': '', '_PRIORITY': 60, '__SOURCE_CHANGE_URL': 'https://smelt.suse.de/incident/42104', '__DASHBOARD_INCIDENT_URL': 'http://dashboard.qam.suse.de/incident/42104'}}
2026-01-15 14:32:46 INFO     openqa-cli api --host https://openqa.suse.de -X post isos DISTRI=sle-micro VERSION=5.5 ARCH=x86_64 FLAVOR=Default-RT-Incidents INCIDENT_ID=42104 REPOHASH=1768407368 BUILD=:42104:libsoup2 _OBSOLETE=1 _ONLY_OBSOLETE_SAME_BUILD=1 __CI_JOB_URL=https://gitlab.suse.de/qa-maintenance/bot-ng/-/jobs/5904085 RRID=SUSE:Maintenance:42104:398978 OS_TEST_ISSUES=42104 INCIDENT_REPO= _PRIORITY=60 __SOURCE_CHANGE_URL=https://smelt.suse.de/incident/42104 __DASHBOARD_INCIDENT_URL=http://dashboard.qam.suse.de/incident/42104
2026-01-15 14:32:46 INFO     Dashboard update successful: Status 200, Database ID 2318497
2026-01-15 14:32:46 INFO     Triggering job: {'api': 'api/incident_settings', 'qem': {'incident': 42229, 'arch': 'x86_64', 'flavor': 'Azure-BYOS-Incidents', 'version': '15-SP7', 'withAggregate': True, 'settings': {'DISTRI': 'sle', 'VERSION': '15-SP7', 'PUBLIC_CLOUD_IMAGE_ID': '', 'PUBLIC_CLOUD_AZURE_OFFER': 'sles-15-SP7-byos', 'ARCH': 'x86_64', 'FLAVOR': 'Azure-BYOS-Incidents', 'INCIDENT_ID': 42229, 'REPOHASH': 1768403670, 'BUILD': ':42229:dtb-armv7l', '_OBSOLETE': '1', '_ONLY_OBSOLETE_SAME_BUILD': '1', '__CI_JOB_URL': 'https://gitlab.suse.de/qa-maintenance/bot-ng/-/jobs/5904085', 'RRID': 'SUSE:Maintenance:42229:398981', 'BASE_TEST_ISSUES': '42229', 'SDK_TEST_ISSUES': '42229', 'INCIDENT_REPO': '', '_PRIORITY': 60, '__SOURCE_CHANGE_URL': 'https://smelt.suse.de/incident/42229', '__DASHBOARD_INCIDENT_URL': 'http://dashboard.qam.suse.de/incident/42229', 'PUBLIC_CLOUD_TOOLS_IMAGE_BASE': 'publiccloud_tools_0100.qcow2'}}, 'openqa': {'DISTRI': 'sle', 'VERSION': '15-SP7', 'PUBLIC_CLOUD_IMAGE_ID': '', 'PUBLIC_CLOUD_AZURE_OFFER': 'sles-15-SP7-byos', 'ARCH': 'x86_64', 'FLAVOR': 'Azure-BYOS-Incidents', 'INCIDENT_ID': 42229, 'REPOHASH': 1768403670, 'BUILD': ':42229:dtb-armv7l', '_OBSOLETE': '1', '_ONLY_OBSOLETE_SAME_BUILD': '1', '__CI_JOB_URL': 'https://gitlab.suse.de/qa-maintenance/bot-ng/-/jobs/5904085', 'RRID': 'SUSE:Maintenance:42229:398981', 'BASE_TEST_ISSUES': '42229', 'SDK_TEST_ISSUES': '42229', 'INCIDENT_REPO': '', '_PRIORITY': 60, '__SOURCE_CHANGE_URL': 'https://smelt.suse.de/incident/42229', '__DASHBOARD_INCIDENT_URL': 'http://dashboard.qam.suse.de/incident/42229', 'PUBLIC_CLOUD_TOOLS_IMAGE_BASE': 'publiccloud_tools_0100.qcow2'}}
2026-01-15 14:32:46 INFO     openqa-cli api --host https://openqa.suse.de -X post isos DISTRI=sle VERSION=15-SP7 PUBLIC_CLOUD_IMAGE_ID= PUBLIC_CLOUD_AZURE_OFFER=sles-15-SP7-byos ARCH=x86_64 FLAVOR=Azure-BYOS-Incidents INCIDENT_ID=42229 REPOHASH=1768403670 BUILD=:42229:dtb-armv7l _OBSOLETE=1 _ONLY_OBSOLETE_SAME_BUILD=1 __CI_JOB_URL=https://gitlab.suse.de/qa-maintenance/bot-ng/-/jobs/5904085 RRID=SUSE:Maintenance:42229:398981 BASE_TEST_ISSUES=42229 SDK_TEST_ISSUES=42229 INCIDENT_REPO= _PRIORITY=60 __SOURCE_CHANGE_URL=https://smelt.suse.de/incident/42229 __DASHBOARD_INCIDENT_URL=http://dashboard.qam.suse.de/incident/42229 PUBLIC_CLOUD_TOOLS_IMAGE_BASE=publiccloud_tools_0100.qcow2
2026-01-15 14:32:46 INFO     Dashboard update successful: Status 200, Database ID 2318498
2026-01-15 14:32:46 INFO     Triggering job: {'api': 'api/incident_settings', 'qem': {'incident': 42229, 'arch': 'aarch64', 'flavor': 'Azure-BYOS-Incidents', 'version': '15-SP7', 'withAggregate': True, 'settings': {'DISTRI': 'sle', 'VERSION': '15-SP7', 'PUBLIC_CLOUD_IMAGE_ID': '', 'PUBLIC_CLOUD_AZURE_OFFER': 'sles-15-SP7-byos-arm64', 'ARCH': 'aarch64', 'FLAVOR': 'Azure-BYOS-Incidents', 'INCIDENT_ID': 42229, 'REPOHASH': 1768408536, 'BUILD': ':42229:dtb-armv7l', '_OBSOLETE': '1', '_ONLY_OBSOLETE_SAME_BUILD': '1', '__CI_JOB_URL': 'https://gitlab.suse.de/qa-maintenance/bot-ng/-/jobs/5904085', 'RRID': 'SUSE:Maintenance:42229:398981', 'BASE_TEST_ISSUES': '42229', 'SDK_TEST_ISSUES': '42229', 'INCIDENT_REPO': '', '_PRIORITY': 60, '__SOURCE_CHANGE_URL': 'https://smelt.suse.de/incident/42229', '__DASHBOARD_INCIDENT_URL': 'http://dashboard.qam.suse.de/incident/42229', 'PUBLIC_CLOUD_TOOLS_IMAGE_BASE': 'publiccloud_tools_0100.qcow2'}}, 'openqa': {'DISTRI': 'sle', 'VERSION': '15-SP7', 'PUBLIC_CLOUD_IMAGE_ID': '', 'PUBLIC_CLOUD_AZURE_OFFER': 'sles-15-SP7-byos-arm64', 'ARCH': 'aarch64', 'FLAVOR': 'Azure-BYOS-Incidents', 'INCIDENT_ID': 42229, 'REPOHASH': 1768408536, 'BUILD': ':42229:dtb-armv7l', '_OBSOLETE': '1', '_ONLY_OBSOLETE_SAME_BUILD': '1', '__CI_JOB_URL': 'https://gitlab.suse.de/qa-maintenance/bot-ng/-/jobs/5904085', 'RRID': 'SUSE:Maintenance:42229:398981', 'BASE_TEST_ISSUES': '42229', 'SDK_TEST_ISSUES': '42229', 'INCIDENT_REPO': '', '_PRIORITY': 60, '__SOURCE_CHANGE_URL': 'https://smelt.suse.de/incident/42229', '__DASHBOARD_INCIDENT_URL': 'http://dashboard.qam.suse.de/incident/42229', 'PUBLIC_CLOUD_TOOLS_IMAGE_BASE': 'publiccloud_tools_0100.qcow2'}}
2026-01-15 14:32:46 INFO     openqa-cli api --host https://openqa.suse.de -X post isos DISTRI=sle VERSION=15-SP7 PUBLIC_CLOUD_IMAGE_ID= PUBLIC_CLOUD_AZURE_OFFER=sles-15-SP7-byos-arm64 ARCH=aarch64 FLAVOR=Azure-BYOS-Incidents INCIDENT_ID=42229 REPOHASH=1768408536 BUILD=:42229:dtb-armv7l _OBSOLETE=1 _ONLY_OBSOLETE_SAME_BUILD=1 __CI_JOB_URL=https://gitlab.suse.de/qa-maintenance/bot-ng/-/jobs/5904085 RRID=SUSE:Maintenance:42229:398981 BASE_TEST_ISSUES=42229 SDK_TEST_ISSUES=42229 INCIDENT_REPO= _PRIORITY=60 __SOURCE_CHANGE_URL=https://smelt.suse.de/incident/42229 __DASHBOARD_INCIDENT_URL=http://dashboard.qam.suse.de/incident/42229 PUBLIC_CLOUD_TOOLS_IMAGE_BASE=publiccloud_tools_0100.qcow2
2026-01-15 14:32:46 INFO     Dashboard update successful: Status 200, Database ID 2318499
2026-01-15 14:32:46 INFO     Triggering job: {'api': 'api/incident_settings', 'qem': {'incident': 42229, 'arch': 'x86_64', 'flavor': 'Azure-BYOS-Hardened-Incidents', 'version': '15-SP7', 'withAggregate': True, 'settings': {'DISTRI': 'sle', 'VERSION': '15-SP7', 'PUBLIC_CLOUD_IMAGE_ID': '', 'PUBLIC_CLOUD_AZURE_OFFER': 'sles-15-SP7-hardened-byos', 'ARCH': 'x86_64', 'FLAVOR': 'Azure-BYOS-Hardened-Incidents', 'INCIDENT_ID': 42229, 'REPOHASH': 1768403670, 'BUILD': ':42229:dtb-armv7l', '_OBSOLETE': '1', '_ONLY_OBSOLETE_SAME_BUILD': '1', '__CI_JOB_URL': 'https://gitlab.suse.de/qa-maintenance/bot-ng/-/jobs/5904085', 'RRID': 'SUSE:Maintenance:42229:398981', 'BASE_TEST_ISSUES': '42229', 'SDK_TEST_ISSUES': '42229', 'INCIDENT_REPO': '', '_PRIORITY': 60, '__SOURCE_CHANGE_URL': 'https://smelt.suse.de/incident/42229', '__DASHBOARD_INCIDENT_URL': 'http://dashboard.qam.suse.de/incident/42229', 'PUBLIC_CLOUD_TOOLS_IMAGE_BASE': 'publiccloud_tools_0100.qcow2'}}, 'openqa': {'DISTRI': 'sle', 'VERSION': '15-SP7', 'PUBLIC_CLOUD_IMAGE_ID': '', 'PUBLIC_CLOUD_AZURE_OFFER': 'sles-15-SP7-hardened-byos', 'ARCH': 'x86_64', 'FLAVOR': 'Azure-BYOS-Hardened-Incidents', 'INCIDENT_ID': 42229, 'REPOHASH': 1768403670, 'BUILD': ':42229:dtb-armv7l', '_OBSOLETE': '1', '_ONLY_OBSOLETE_SAME_BUILD': '1', '__CI_JOB_URL': 'https://gitlab.suse.de/qa-maintenance/bot-ng/-/jobs/5904085', 'RRID': 'SUSE:Maintenance:42229:398981', 'BASE_TEST_ISSUES': '42229', 'SDK_TEST_ISSUES': '42229', 'INCIDENT_REPO': '', '_PRIORITY': 60, '__SOURCE_CHANGE_URL': 'https://smelt.suse.de/incident/42229', '__DASHBOARD_INCIDENT_URL': 'http://dashboard.qam.suse.de/incident/42229', 'PUBLIC_CLOUD_TOOLS_IMAGE_BASE': 'publiccloud_tools_0100.qcow2'}}
2026-01-15 14:32:46 INFO     openqa-cli api --host https://openqa.suse.de -X post isos DISTRI=sle VERSION=15-SP7 PUBLIC_CLOUD_IMAGE_ID= PUBLIC_CLOUD_AZURE_OFFER=sles-15-SP7-hardened-byos ARCH=x86_64 FLAVOR=Azure-BYOS-Hardened-Incidents INCIDENT_ID=42229 REPOHASH=1768403670 BUILD=:42229:dtb-armv7l _OBSOLETE=1 _ONLY_OBSOLETE_SAME_BUILD=1 __CI_JOB_URL=https://gitlab.suse.de/qa-maintenance/bot-ng/-/jobs/5904085 RRID=SUSE:Maintenance:42229:398981 BASE_TEST_ISSUES=42229 SDK_TEST_ISSUES=42229 INCIDENT_REPO= _PRIORITY=60 __SOURCE_CHANGE_URL=https://smelt.suse.de/incident/42229 __DASHBOARD_INCIDENT_URL=http://dashboard.qam.suse.de/incident/42229 PUBLIC_CLOUD_TOOLS_IMAGE_BASE=publiccloud_tools_0100.qcow2
2026-01-15 14:32:46 INFO     Dashboard update successful: Status 200, Database ID 2318500
2026-01-15 14:32:46 INFO     Triggering job: {'api': 'api/incident_settings', 'qem': {'incident': 42229, 'arch': 'x86_64', 'flavor': 'Azure-Incidents', 'version': '15-SP7', 'withAggregate': True, 'settings': {'DISTRI': 'sle', 'VERSION': '15-SP7', 'PUBLIC_CLOUD_IMAGE_ID': '', 'PUBLIC_CLOUD_AZURE_OFFER': 'sles-15-SP7', 'ARCH': 'x86_64', 'FLAVOR': 'Azure-Incidents', 'INCIDENT_ID': 42229, 'REPOHASH': 1768403670, 'BUILD': ':42229:dtb-armv7l', '_OBSOLETE': '1', '_ONLY_OBSOLETE_SAME_BUILD': '1', '__CI_JOB_URL': 'https://gitlab.suse.de/qa-maintenance/bot-ng/-/jobs/5904085', 'RRID': 'SUSE:Maintenance:42229:398981', 'BASE_TEST_ISSUES': '42229', 'SDK_TEST_ISSUES': '42229', 'INCIDENT_REPO': '', '_PRIORITY': 60, '__SOURCE_CHANGE_URL': 'https://smelt.suse.de/incident/42229', '__DASHBOARD_INCIDENT_URL': 'http://dashboard.qam.suse.de/incident/42229', 'PUBLIC_CLOUD_TOOLS_IMAGE_BASE': 'publiccloud_tools_0100.qcow2'}}, 'openqa': {'DISTRI': 'sle', 'VERSION': '15-SP7', 'PUBLIC_CLOUD_IMAGE_ID': '', 'PUBLIC_CLOUD_AZURE_OFFER': 'sles-15-SP7', 'ARCH': 'x86_64', 'FLAVOR': 'Azure-Incidents', 'INCIDENT_ID': 42229, 'REPOHASH': 1768403670, 'BUILD': ':42229:dtb-armv7l', '_OBSOLETE': '1', '_ONLY_OBSOLETE_SAME_BUILD': '1', '__CI_JOB_URL': 'https://gitlab.suse.de/qa-maintenance/bot-ng/-/jobs/5904085', 'RRID': 'SUSE:Maintenance:42229:398981', 'BASE_TEST_ISSUES': '42229', 'SDK_TEST_ISSUES': '42229', 'INCIDENT_REPO': '', '_PRIORITY': 60, '__SOURCE_CHANGE_URL': 'https://smelt.suse.de/incident/42229', '__DASHBOARD_INCIDENT_URL': 'http://dashboard.qam.suse.de/incident/42229', 'PUBLIC_CLOUD_TOOLS_IMAGE_BASE': 'publiccloud_tools_0100.qcow2'}}
2026-01-15 14:32:46 INFO     openqa-cli api --host https://openqa.suse.de -X post isos DISTRI=sle VERSION=15-SP7 PUBLIC_CLOUD_IMAGE_ID= PUBLIC_CLOUD_AZURE_OFFER=sles-15-SP7 ARCH=x86_64 FLAVOR=Azure-Incidents INCIDENT_ID=42229 REPOHASH=1768403670 BUILD=:42229:dtb-armv7l _OBSOLETE=1 _ONLY_OBSOLETE_SAME_BUILD=1 __CI_JOB_URL=https://gitlab.suse.de/qa-maintenance/bot-ng/-/jobs/5904085 RRID=SUSE:Maintenance:42229:398981 BASE_TEST_ISSUES=42229 SDK_TEST_ISSUES=42229 INCIDENT_REPO= _PRIORITY=60 __SOURCE_CHANGE_URL=https://smelt.suse.de/incident/42229 __DASHBOARD_INCIDENT_URL=http://dashboard.qam.suse.de/incident/42229 PUBLIC_CLOUD_TOOLS_IMAGE_BASE=publiccloud_tools_0100.qcow2
2026-01-15 14:32:46 INFO     Dashboard update successful: Status 200, Database ID 2318501
2026-01-15 14:32:46 INFO     Triggering job: {'api': 'api/incident_settings', 'qem': {'incident': 42229, 'arch': 'x86_64', 'flavor': 'EC2-Incidents', 'version': '15-SP7', 'withAggregate': True, 'settings': {'DISTRI': 'sle', 'VERSION': '15-SP7', 'ARCH': 'x86_64', 'FLAVOR': 'EC2-Incidents', 'INCIDENT_ID': 42229, 'REPOHASH': 1768403670, 'BUILD': ':42229:dtb-armv7l', '_OBSOLETE': '1', '_ONLY_OBSOLETE_SAME_BUILD': '1', '__CI_JOB_URL': 'https://gitlab.suse.de/qa-maintenance/bot-ng/-/jobs/5904085', 'RRID': 'SUSE:Maintenance:42229:398981', 'BASE_TEST_ISSUES': '42229', 'SDK_TEST_ISSUES': '42229', 'INCIDENT_REPO': '', '_PRIORITY': 60, '__SOURCE_CHANGE_URL': 'https://smelt.suse.de/incident/42229', '__DASHBOARD_INCIDENT_URL': 'http://dashboard.qam.suse.de/incident/42229', 'PUBLIC_CLOUD_TOOLS_IMAGE_BASE': 'publiccloud_tools_0100.qcow2', 'PUBLIC_CLOUD_IMAGE_ID': 'ami-002f6648e58698297', 'PUBLIC_CLOUD_IMAGE_NAME': 'suse-sles-15-sp7-v20251022-hvm-ssd-x86_64', 'PUBLIC_CLOUD_IMAGE_STATE': 'active', 'PUBLIC_CLOUD_REGION': 'eu-west-1'}}, 'openqa': {'DISTRI': 'sle', 'VERSION': '15-SP7', 'ARCH': 'x86_64', 'FLAVOR': 'EC2-Incidents', 'INCIDENT_ID': 42229, 'REPOHASH': 1768403670, 'BUILD': ':42229:dtb-armv7l', '_OBSOLETE': '1', '_ONLY_OBSOLETE_SAME_BUILD': '1', '__CI_JOB_URL': 'https://gitlab.suse.de/qa-maintenance/bot-ng/-/jobs/5904085', 'RRID': 'SUSE:Maintenance:42229:398981', 'BASE_TEST_ISSUES': '42229', 'SDK_TEST_ISSUES': '42229', 'INCIDENT_REPO': '', '_PRIORITY': 60, '__SOURCE_CHANGE_URL': 'https://smelt.suse.de/incident/42229', '__DASHBOARD_INCIDENT_URL': 'http://dashboard.qam.suse.de/incident/42229', 'PUBLIC_CLOUD_TOOLS_IMAGE_BASE': 'publiccloud_tools_0100.qcow2', 'PUBLIC_CLOUD_IMAGE_ID': 'ami-002f6648e58698297', 'PUBLIC_CLOUD_IMAGE_NAME': 'suse-sles-15-sp7-v20251022-hvm-ssd-x86_64', 'PUBLIC_CLOUD_IMAGE_STATE': 'active', 'PUBLIC_CLOUD_REGION': 'eu-west-1'}}
2026-01-15 14:32:46 INFO     openqa-cli api --host https://openqa.suse.de -X post isos DISTRI=sle VERSION=15-SP7 ARCH=x86_64 FLAVOR=EC2-Incidents INCIDENT_ID=42229 REPOHASH=1768403670 BUILD=:42229:dtb-armv7l _OBSOLETE=1 _ONLY_OBSOLETE_SAME_BUILD=1 __CI_JOB_URL=https://gitlab.suse.de/qa-maintenance/bot-ng/-/jobs/5904085 RRID=SUSE:Maintenance:42229:398981 BASE_TEST_ISSUES=42229 SDK_TEST_ISSUES=42229 INCIDENT_REPO= _PRIORITY=60 __SOURCE_CHANGE_URL=https://smelt.suse.de/incident/42229 __DASHBOARD_INCIDENT_URL=http://dashboard.qam.suse.de/incident/42229 PUBLIC_CLOUD_TOOLS_IMAGE_BASE=publiccloud_tools_0100.qcow2 PUBLIC_CLOUD_IMAGE_ID=ami-002f6648e58698297 PUBLIC_CLOUD_IMAGE_NAME=suse-sles-15-sp7-v20251022-hvm-ssd-x86_64 PUBLIC_CLOUD_IMAGE_STATE=active PUBLIC_CLOUD_REGION=eu-west-1
2026-01-15 14:32:46 INFO     Dashboard update successful: Status 200, Database ID 2318502
2026-01-15 14:32:46 INFO     Triggering job: {'api': 'api/incident_settings', 'qem': {'incident': 42229, 'arch': 'aarch64', 'flavor': 'EC2-Incidents', 'version': '15-SP7', 'withAggregate': True, 'settings': {'DISTRI': 'sle', 'VERSION': '15-SP7', 'TEST_ISSUES_ARCH': 'aarch64', 'ARCH': 'aarch64', 'FLAVOR': 'EC2-Incidents', 'INCIDENT_ID': 42229, 'REPOHASH': 1768408536, 'BUILD': ':42229:dtb-armv7l', '_OBSOLETE': '1', '_ONLY_OBSOLETE_SAME_BUILD': '1', '__CI_JOB_URL': 'https://gitlab.suse.de/qa-maintenance/bot-ng/-/jobs/5904085', 'RRID': 'SUSE:Maintenance:42229:398981', 'BASE_TEST_ISSUES': '42229', 'SDK_TEST_ISSUES': '42229', 'INCIDENT_REPO': '', '_PRIORITY': 60, '__SOURCE_CHANGE_URL': 'https://smelt.suse.de/incident/42229', '__DASHBOARD_INCIDENT_URL': 'http://dashboard.qam.suse.de/incident/42229', 'PUBLIC_CLOUD_TOOLS_IMAGE_BASE': 'publiccloud_tools_0100.qcow2', 'PUBLIC_CLOUD_IMAGE_ID': 'ami-04560c2682cdb8d1a', 'PUBLIC_CLOUD_IMAGE_NAME': 'suse-sles-15-sp7-v20251022-hvm-ssd-arm64', 'PUBLIC_CLOUD_IMAGE_STATE': 'active', 'PUBLIC_CLOUD_REGION': 'us-east-1'}}, 'openqa': {'DISTRI': 'sle', 'VERSION': '15-SP7', 'TEST_ISSUES_ARCH': 'aarch64', 'ARCH': 'aarch64', 'FLAVOR': 'EC2-Incidents', 'INCIDENT_ID': 42229, 'REPOHASH': 1768408536, 'BUILD': ':42229:dtb-armv7l', '_OBSOLETE': '1', '_ONLY_OBSOLETE_SAME_BUILD': '1', '__CI_JOB_URL': 'https://gitlab.suse.de/qa-maintenance/bot-ng/-/jobs/5904085', 'RRID': 'SUSE:Maintenance:42229:398981', 'BASE_TEST_ISSUES': '42229', 'SDK_TEST_ISSUES': '42229', 'INCIDENT_REPO': '', '_PRIORITY': 60, '__SOURCE_CHANGE_URL': 'https://smelt.suse.de/incident/42229', '__DASHBOARD_INCIDENT_URL': 'http://dashboard.qam.suse.de/incident/42229', 'PUBLIC_CLOUD_TOOLS_IMAGE_BASE': 'publiccloud_tools_0100.qcow2', 'PUBLIC_CLOUD_IMAGE_ID': 'ami-04560c2682cdb8d1a', 'PUBLIC_CLOUD_IMAGE_NAME': 'suse-sles-15-sp7-v20251022-hvm-ssd-arm64', 'PUBLIC_CLOUD_IMAGE_STATE': 'active', 'PUBLIC_CLOUD_REGION': 'us-east-1'}}
2026-01-15 14:32:46 INFO     openqa-cli api --host https://openqa.suse.de -X post isos DISTRI=sle VERSION=15-SP7 TEST_ISSUES_ARCH=aarch64 ARCH=aarch64 FLAVOR=EC2-Incidents INCIDENT_ID=42229 REPOHASH=1768408536 BUILD=:42229:dtb-armv7l _OBSOLETE=1 _ONLY_OBSOLETE_SAME_BUILD=1 __CI_JOB_URL=https://gitlab.suse.de/qa-maintenance/bot-ng/-/jobs/5904085 RRID=SUSE:Maintenance:42229:398981 BASE_TEST_ISSUES=42229 SDK_TEST_ISSUES=42229 INCIDENT_REPO= _PRIORITY=60 __SOURCE_CHANGE_URL=https://smelt.suse.de/incident/42229 __DASHBOARD_INCIDENT_URL=http://dashboard.qam.suse.de/incident/42229 PUBLIC_CLOUD_TOOLS_IMAGE_BASE=publiccloud_tools_0100.qcow2 PUBLIC_CLOUD_IMAGE_ID=ami-04560c2682cdb8d1a PUBLIC_CLOUD_IMAGE_NAME=suse-sles-15-sp7-v20251022-hvm-ssd-arm64 PUBLIC_CLOUD_IMAGE_STATE=active PUBLIC_CLOUD_REGION=us-east-1
2026-01-15 14:32:46 INFO     Dashboard update successful: Status 200, Database ID 2318503
2026-01-15 14:32:46 INFO     Triggering job: {'api': 'api/incident_settings', 'qem': {'incident': 42229, 'arch': 'x86_64', 'flavor': 'EC2-BYOS-Incidents', 'version': '15-SP7', 'withAggregate': True, 'settings': {'DISTRI': 'sle', 'VERSION': '15-SP7', 'ARCH': 'x86_64', 'FLAVOR': 'EC2-BYOS-Incidents', 'INCIDENT_ID': 42229, 'REPOHASH': 1768403670, 'BUILD': ':42229:dtb-armv7l', '_OBSOLETE': '1', '_ONLY_OBSOLETE_SAME_BUILD': '1', '__CI_JOB_URL': 'https://gitlab.suse.de/qa-maintenance/bot-ng/-/jobs/5904085', 'RRID': 'SUSE:Maintenance:42229:398981', 'BASE_TEST_ISSUES': '42229', 'SDK_TEST_ISSUES': '42229', 'INCIDENT_REPO': '', '_PRIORITY': 60, '__SOURCE_CHANGE_URL': 'https://smelt.suse.de/incident/42229', '__DASHBOARD_INCIDENT_URL': 'http://dashboard.qam.suse.de/incident/42229', 'PUBLIC_CLOUD_TOOLS_IMAGE_BASE': 'publiccloud_tools_0100.qcow2', 'PUBLIC_CLOUD_IMAGE_ID': 'ami-02204e8de9b975d78', 'PUBLIC_CLOUD_IMAGE_NAME': 'suse-sles-15-sp7-byos-v20251022-hvm-ssd-x86_64', 'PUBLIC_CLOUD_IMAGE_STATE': 'active', 'PUBLIC_CLOUD_REGION': 'eu-west-1'}}, 'openqa': {'DISTRI': 'sle', 'VERSION': '15-SP7', 'ARCH': 'x86_64', 'FLAVOR': 'EC2-BYOS-Incidents', 'INCIDENT_ID': 42229, 'REPOHASH': 1768403670, 'BUILD': ':42229:dtb-armv7l', '_OBSOLETE': '1', '_ONLY_OBSOLETE_SAME_BUILD': '1', '__CI_JOB_URL': 'https://gitlab.suse.de/qa-maintenance/bot-ng/-/jobs/5904085', 'RRID': 'SUSE:Maintenance:42229:398981', 'BASE_TEST_ISSUES': '42229', 'SDK_TEST_ISSUES': '42229', 'INCIDENT_REPO': '', '_PRIORITY': 60, '__SOURCE_CHANGE_URL': 'https://smelt.suse.de/incident/42229', '__DASHBOARD_INCIDENT_URL': 'http://dashboard.qam.suse.de/incident/42229', 'PUBLIC_CLOUD_TOOLS_IMAGE_BASE': 'publiccloud_tools_0100.qcow2', 'PUBLIC_CLOUD_IMAGE_ID': 'ami-02204e8de9b975d78', 'PUBLIC_CLOUD_IMAGE_NAME': 'suse-sles-15-sp7-byos-v20251022-hvm-ssd-x86_64', 'PUBLIC_CLOUD_IMAGE_STATE': 'active', 'PUBLIC_CLOUD_REGION': 'eu-west-1'}}
2026-01-15 14:32:46 INFO     openqa-cli api --host https://openqa.suse.de -X post isos DISTRI=sle VERSION=15-SP7 ARCH=x86_64 FLAVOR=EC2-BYOS-Incidents INCIDENT_ID=42229 REPOHASH=1768403670 BUILD=:42229:dtb-armv7l _OBSOLETE=1 _ONLY_OBSOLETE_SAME_BUILD=1 __CI_JOB_URL=https://gitlab.suse.de/qa-maintenance/bot-ng/-/jobs/5904085 RRID=SUSE:Maintenance:42229:398981 BASE_TEST_ISSUES=42229 SDK_TEST_ISSUES=42229 INCIDENT_REPO= _PRIORITY=60 __SOURCE_CHANGE_URL=https://smelt.suse.de/incident/42229 __DASHBOARD_INCIDENT_URL=http://dashboard.qam.suse.de/incident/42229 PUBLIC_CLOUD_TOOLS_IMAGE_BASE=publiccloud_tools_0100.qcow2 PUBLIC_CLOUD_IMAGE_ID=ami-02204e8de9b975d78 PUBLIC_CLOUD_IMAGE_NAME=suse-sles-15-sp7-byos-v20251022-hvm-ssd-x86_64 PUBLIC_CLOUD_IMAGE_STATE=active PUBLIC_CLOUD_REGION=eu-west-1
2026-01-15 14:32:46 INFO     Dashboard update successful: Status 200, Database ID 2318504
2026-01-15 14:32:46 INFO     Triggering job: {'api': 'api/incident_settings', 'qem': {'incident': 42229, 'arch': 'aarch64', 'flavor': 'EC2-BYOS-Incidents', 'version': '15-SP7', 'withAggregate': True, 'settings': {'DISTRI': 'sle', 'VERSION': '15-SP7', 'PUBLIC_CLOUD_REGION': 'eu-west-1', 'TEST_ISSUES_ARCH': 'aarch64', 'ARCH': 'aarch64', 'FLAVOR': 'EC2-BYOS-Incidents', 'INCIDENT_ID': 42229, 'REPOHASH': 1768408536, 'BUILD': ':42229:dtb-armv7l', '_OBSOLETE': '1', '_ONLY_OBSOLETE_SAME_BUILD': '1', '__CI_JOB_URL': 'https://gitlab.suse.de/qa-maintenance/bot-ng/-/jobs/5904085', 'RRID': 'SUSE:Maintenance:42229:398981', 'BASE_TEST_ISSUES': '42229', 'SDK_TEST_ISSUES': '42229', 'INCIDENT_REPO': '', '_PRIORITY': 60, '__SOURCE_CHANGE_URL': 'https://smelt.suse.de/incident/42229', '__DASHBOARD_INCIDENT_URL': 'http://dashboard.qam.suse.de/incident/42229', 'PUBLIC_CLOUD_TOOLS_IMAGE_BASE': 'publiccloud_tools_0100.qcow2', 'PUBLIC_CLOUD_IMAGE_ID': 'ami-0402ddebb5940e7d5', 'PUBLIC_CLOUD_IMAGE_NAME': 'suse-sles-15-sp7-byos-v20251022-hvm-ssd-arm64', 'PUBLIC_CLOUD_IMAGE_STATE': 'active'}}, 'openqa': {'DISTRI': 'sle', 'VERSION': '15-SP7', 'PUBLIC_CLOUD_REGION': 'eu-west-1', 'TEST_ISSUES_ARCH': 'aarch64', 'ARCH': 'aarch64', 'FLAVOR': 'EC2-BYOS-Incidents', 'INCIDENT_ID': 42229, 'REPOHASH': 1768408536, 'BUILD': ':42229:dtb-armv7l', '_OBSOLETE': '1', '_ONLY_OBSOLETE_SAME_BUILD': '1', '__CI_JOB_URL': 'https://gitlab.suse.de/qa-maintenance/bot-ng/-/jobs/5904085', 'RRID': 'SUSE:Maintenance:42229:398981', 'BASE_TEST_ISSUES': '42229', 'SDK_TEST_ISSUES': '42229', 'INCIDENT_REPO': '', '_PRIORITY': 60, '__SOURCE_CHANGE_URL': 'https://smelt.suse.de/incident/42229', '__DASHBOARD_INCIDENT_URL': 'http://dashboard.qam.suse.de/incident/42229', 'PUBLIC_CLOUD_TOOLS_IMAGE_BASE': 'publiccloud_tools_0100.qcow2', 'PUBLIC_CLOUD_IMAGE_ID': 'ami-0402ddebb5940e7d5', 'PUBLIC_CLOUD_IMAGE_NAME': 'suse-sles-15-sp7-byos-v20251022-hvm-ssd-arm64', 'PUBLIC_CLOUD_IMAGE_STATE': 'active'}}
2026-01-15 14:32:46 INFO     openqa-cli api --host https://openqa.suse.de -X post isos DISTRI=sle VERSION=15-SP7 PUBLIC_CLOUD_REGION=eu-west-1 TEST_ISSUES_ARCH=aarch64 ARCH=aarch64 FLAVOR=EC2-BYOS-Incidents INCIDENT_ID=42229 REPOHASH=1768408536 BUILD=:42229:dtb-armv7l _OBSOLETE=1 _ONLY_OBSOLETE_SAME_BUILD=1 __CI_JOB_URL=https://gitlab.suse.de/qa-maintenance/bot-ng/-/jobs/5904085 RRID=SUSE:Maintenance:42229:398981 BASE_TEST_ISSUES=42229 SDK_TEST_ISSUES=42229 INCIDENT_REPO= _PRIORITY=60 __SOURCE_CHANGE_URL=https://smelt.suse.de/incident/42229 __DASHBOARD_INCIDENT_URL=http://dashboard.qam.suse.de/incident/42229 PUBLIC_CLOUD_TOOLS_IMAGE_BASE=publiccloud_tools_0100.qcow2 PUBLIC_CLOUD_IMAGE_ID=ami-0402ddebb5940e7d5 PUBLIC_CLOUD_IMAGE_NAME=suse-sles-15-sp7-byos-v20251022-hvm-ssd-arm64 PUBLIC_CLOUD_IMAGE_STATE=active
2026-01-15 14:32:46 INFO     Dashboard update successful: Status 200, Database ID 2318505
2026-01-15 14:32:46 INFO     Triggering job: {'api': 'api/incident_settings', 'qem': {'incident': 42229, 'arch': 'x86_64', 'flavor': 'EC2-BYOS-Hardened-Incidents', 'version': '15-SP7', 'withAggregate': True, 'settings': {'DISTRI': 'sle', 'VERSION': '15-SP7', 'ARCH': 'x86_64', 'FLAVOR': 'EC2-BYOS-Hardened-Incidents', 'INCIDENT_ID': 42229, 'REPOHASH': 1768403670, 'BUILD': ':42229:dtb-armv7l', '_OBSOLETE': '1', '_ONLY_OBSOLETE_SAME_BUILD': '1', '__CI_JOB_URL': 'https://gitlab.suse.de/qa-maintenance/bot-ng/-/jobs/5904085', 'RRID': 'SUSE:Maintenance:42229:398981', 'BASE_TEST_ISSUES': '42229', 'SDK_TEST_ISSUES': '42229', 'INCIDENT_REPO': '', '_PRIORITY': 60, '__SOURCE_CHANGE_URL': 'https://smelt.suse.de/incident/42229', '__DASHBOARD_INCIDENT_URL': 'http://dashboard.qam.suse.de/incident/42229', 'PUBLIC_CLOUD_TOOLS_IMAGE_BASE': 'publiccloud_tools_0100.qcow2', 'PUBLIC_CLOUD_IMAGE_ID': 'ami-0cc79d03d238bf4d5', 'PUBLIC_CLOUD_IMAGE_NAME': 'suse-sles-15-sp7-hardened-byos-v20251022-hvm-ssd-x86_64', 'PUBLIC_CLOUD_IMAGE_STATE': 'active', 'PUBLIC_CLOUD_REGION': 'eu-west-1'}}, 'openqa': {'DISTRI': 'sle', 'VERSION': '15-SP7', 'ARCH': 'x86_64', 'FLAVOR': 'EC2-BYOS-Hardened-Incidents', 'INCIDENT_ID': 42229, 'REPOHASH': 1768403670, 'BUILD': ':42229:dtb-armv7l', '_OBSOLETE': '1', '_ONLY_OBSOLETE_SAME_BUILD': '1', '__CI_JOB_URL': 'https://gitlab.suse.de/qa-maintenance/bot-ng/-/jobs/5904085', 'RRID': 'SUSE:Maintenance:42229:398981', 'BASE_TEST_ISSUES': '42229', 'SDK_TEST_ISSUES': '42229', 'INCIDENT_REPO': '', '_PRIORITY': 60, '__SOURCE_CHANGE_URL': 'https://smelt.suse.de/incident/42229', '__DASHBOARD_INCIDENT_URL': 'http://dashboard.qam.suse.de/incident/42229', 'PUBLIC_CLOUD_TOOLS_IMAGE_BASE': 'publiccloud_tools_0100.qcow2', 'PUBLIC_CLOUD_IMAGE_ID': 'ami-0cc79d03d238bf4d5', 'PUBLIC_CLOUD_IMAGE_NAME': 'suse-sles-15-sp7-hardened-byos-v20251022-hvm-ssd-x86_64', 'PUBLIC_CLOUD_IMAGE_STATE': 'active', 'PUBLIC_CLOUD_REGION': 'eu-west-1'}}
2026-01-15 14:32:46 INFO     openqa-cli api --host https://openqa.suse.de -X post isos DISTRI=sle VERSION=15-SP7 ARCH=x86_64 FLAVOR=EC2-BYOS-Hardened-Incidents INCIDENT_ID=42229 REPOHASH=1768403670 BUILD=:42229:dtb-armv7l _OBSOLETE=1 _ONLY_OBSOLETE_SAME_BUILD=1 __CI_JOB_URL=https://gitlab.suse.de/qa-maintenance/bot-ng/-/jobs/5904085 RRID=SUSE:Maintenance:42229:398981 BASE_TEST_ISSUES=42229 SDK_TEST_ISSUES=42229 INCIDENT_REPO= _PRIORITY=60 __SOURCE_CHANGE_URL=https://smelt.suse.de/incident/42229 __DASHBOARD_INCIDENT_URL=http://dashboard.qam.suse.de/incident/42229 PUBLIC_CLOUD_TOOLS_IMAGE_BASE=publiccloud_tools_0100.qcow2 PUBLIC_CLOUD_IMAGE_ID=ami-0cc79d03d238bf4d5 PUBLIC_CLOUD_IMAGE_NAME=suse-sles-15-sp7-hardened-byos-v20251022-hvm-ssd-x86_64 PUBLIC_CLOUD_IMAGE_STATE=active PUBLIC_CLOUD_REGION=eu-west-1
2026-01-15 14:32:46 INFO     Dashboard update successful: Status 200, Database ID 2318506
2026-01-15 14:32:46 INFO     Triggering job: {'api': 'api/incident_settings', 'qem': {'incident': 42229, 'arch': 'x86_64', 'flavor': 'GCE-Incidents', 'version': '15-SP7', 'withAggregate': True, 'settings': {'DISTRI': 'sle', 'VERSION': '15-SP7', 'PUBLIC_CLOUD_IMAGE_PROJECT': 'suse-cloud', 'ARCH': 'x86_64', 'FLAVOR': 'GCE-Incidents', 'INCIDENT_ID': 42229, 'REPOHASH': 1768403670, 'BUILD': ':42229:dtb-armv7l', '_OBSOLETE': '1', '_ONLY_OBSOLETE_SAME_BUILD': '1', '__CI_JOB_URL': 'https://gitlab.suse.de/qa-maintenance/bot-ng/-/jobs/5904085', 'RRID': 'SUSE:Maintenance:42229:398981', 'BASE_TEST_ISSUES': '42229', 'SDK_TEST_ISSUES': '42229', 'INCIDENT_REPO': '', '_PRIORITY': 60, '__SOURCE_CHANGE_URL': 'https://smelt.suse.de/incident/42229', '__DASHBOARD_INCIDENT_URL': 'http://dashboard.qam.suse.de/incident/42229', 'PUBLIC_CLOUD_TOOLS_IMAGE_BASE': 'publiccloud_tools_0100.qcow2', 'PUBLIC_CLOUD_IMAGE_ID': 'sles-15-sp7-v20251022-x86-64', 'PUBLIC_CLOUD_IMAGE_NAME': 'sles-15-sp7-v20251022-x86-64', 'PUBLIC_CLOUD_IMAGE_STATE': 'active'}}, 'openqa': {'DISTRI': 'sle', 'VERSION': '15-SP7', 'PUBLIC_CLOUD_IMAGE_PROJECT': 'suse-cloud', 'ARCH': 'x86_64', 'FLAVOR': 'GCE-Incidents', 'INCIDENT_ID': 42229, 'REPOHASH': 1768403670, 'BUILD': ':42229:dtb-armv7l', '_OBSOLETE': '1', '_ONLY_OBSOLETE_SAME_BUILD': '1', '__CI_JOB_URL': 'https://gitlab.suse.de/qa-maintenance/bot-ng/-/jobs/5904085', 'RRID': 'SUSE:Maintenance:42229:398981', 'BASE_TEST_ISSUES': '42229', 'SDK_TEST_ISSUES': '42229', 'INCIDENT_REPO': '', '_PRIORITY': 60, '__SOURCE_CHANGE_URL': 'https://smelt.suse.de/incident/42229', '__DASHBOARD_INCIDENT_URL': 'http://dashboard.qam.suse.de/incident/42229', 'PUBLIC_CLOUD_TOOLS_IMAGE_BASE': 'publiccloud_tools_0100.qcow2', 'PUBLIC_CLOUD_IMAGE_ID': 'sles-15-sp7-v20251022-x86-64', 'PUBLIC_CLOUD_IMAGE_NAME': 'sles-15-sp7-v20251022-x86-64', 'PUBLIC_CLOUD_IMAGE_STATE': 'active'}}
2026-01-15 14:32:46 INFO     openqa-cli api --host https://openqa.suse.de -X post isos DISTRI=sle VERSION=15-SP7 PUBLIC_CLOUD_IMAGE_PROJECT=suse-cloud ARCH=x86_64 FLAVOR=GCE-Incidents INCIDENT_ID=42229 REPOHASH=1768403670 BUILD=:42229:dtb-armv7l _OBSOLETE=1 _ONLY_OBSOLETE_SAME_BUILD=1 __CI_JOB_URL=https://gitlab.suse.de/qa-maintenance/bot-ng/-/jobs/5904085 RRID=SUSE:Maintenance:42229:398981 BASE_TEST_ISSUES=42229 SDK_TEST_ISSUES=42229 INCIDENT_REPO= _PRIORITY=60 __SOURCE_CHANGE_URL=https://smelt.suse.de/incident/42229 __DASHBOARD_INCIDENT_URL=http://dashboard.qam.suse.de/incident/42229 PUBLIC_CLOUD_TOOLS_IMAGE_BASE=publiccloud_tools_0100.qcow2 PUBLIC_CLOUD_IMAGE_ID=sles-15-sp7-v20251022-x86-64 PUBLIC_CLOUD_IMAGE_NAME=sles-15-sp7-v20251022-x86-64 PUBLIC_CLOUD_IMAGE_STATE=active
2026-01-15 14:32:46 INFO     Dashboard update successful: Status 200, Database ID 2318507
2026-01-15 14:32:46 INFO     Triggering job: {'api': 'api/incident_settings', 'qem': {'incident': 42229, 'arch': 'aarch64', 'flavor': 'GCE-Incidents', 'version': '15-SP7', 'withAggregate': True, 'settings': {'DISTRI': 'sle', 'VERSION': '15-SP7', 'PUBLIC_CLOUD_IMAGE_PROJECT': 'suse-cloud', 'ARCH': 'aarch64', 'FLAVOR': 'GCE-Incidents', 'INCIDENT_ID': 42229, 'REPOHASH': 1768408536, 'BUILD': ':42229:dtb-armv7l', '_OBSOLETE': '1', '_ONLY_OBSOLETE_SAME_BUILD': '1', '__CI_JOB_URL': 'https://gitlab.suse.de/qa-maintenance/bot-ng/-/jobs/5904085', 'RRID': 'SUSE:Maintenance:42229:398981', 'BASE_TEST_ISSUES': '42229', 'SDK_TEST_ISSUES': '42229', 'INCIDENT_REPO': '', '_PRIORITY': 60, '__SOURCE_CHANGE_URL': 'https://smelt.suse.de/incident/42229', '__DASHBOARD_INCIDENT_URL': 'http://dashboard.qam.suse.de/incident/42229', 'PUBLIC_CLOUD_TOOLS_IMAGE_BASE': 'publiccloud_tools_0100.qcow2', 'PUBLIC_CLOUD_IMAGE_ID': 'sles-15-sp7-v20251022-arm64', 'PUBLIC_CLOUD_IMAGE_NAME': 'sles-15-sp7-v20251022-arm64', 'PUBLIC_CLOUD_IMAGE_STATE': 'active'}}, 'openqa': {'DISTRI': 'sle', 'VERSION': '15-SP7', 'PUBLIC_CLOUD_IMAGE_PROJECT': 'suse-cloud', 'ARCH': 'aarch64', 'FLAVOR': 'GCE-Incidents', 'INCIDENT_ID': 42229, 'REPOHASH': 1768408536, 'BUILD': ':42229:dtb-armv7l', '_OBSOLETE': '1', '_ONLY_OBSOLETE_SAME_BUILD': '1', '__CI_JOB_URL': 'https://gitlab.suse.de/qa-maintenance/bot-ng/-/jobs/5904085', 'RRID': 'SUSE:Maintenance:42229:398981', 'BASE_TEST_ISSUES': '42229', 'SDK_TEST_ISSUES': '42229', 'INCIDENT_REPO': '', '_PRIORITY': 60, '__SOURCE_CHANGE_URL': 'https://smelt.suse.de/incident/42229', '__DASHBOARD_INCIDENT_URL': 'http://dashboard.qam.suse.de/incident/42229', 'PUBLIC_CLOUD_TOOLS_IMAGE_BASE': 'publiccloud_tools_0100.qcow2', 'PUBLIC_CLOUD_IMAGE_ID': 'sles-15-sp7-v20251022-arm64', 'PUBLIC_CLOUD_IMAGE_NAME': 'sles-15-sp7-v20251022-arm64', 'PUBLIC_CLOUD_IMAGE_STATE': 'active'}}
2026-01-15 14:32:46 INFO     openqa-cli api --host https://openqa.suse.de -X post isos DISTRI=sle VERSION=15-SP7 PUBLIC_CLOUD_IMAGE_PROJECT=suse-cloud ARCH=aarch64 FLAVOR=GCE-Incidents INCIDENT_ID=42229 REPOHASH=1768408536 BUILD=:42229:dtb-armv7l _OBSOLETE=1 _ONLY_OBSOLETE_SAME_BUILD=1 __CI_JOB_URL=https://gitlab.suse.de/qa-maintenance/bot-ng/-/jobs/5904085 RRID=SUSE:Maintenance:42229:398981 BASE_TEST_ISSUES=42229 SDK_TEST_ISSUES=42229 INCIDENT_REPO= _PRIORITY=60 __SOURCE_CHANGE_URL=https://smelt.suse.de/incident/42229 __DASHBOARD_INCIDENT_URL=http://dashboard.qam.suse.de/incident/42229 PUBLIC_CLOUD_TOOLS_IMAGE_BASE=publiccloud_tools_0100.qcow2 PUBLIC_CLOUD_IMAGE_ID=sles-15-sp7-v20251022-arm64 PUBLIC_CLOUD_IMAGE_NAME=sles-15-sp7-v20251022-arm64 PUBLIC_CLOUD_IMAGE_STATE=active
2026-01-15 14:32:46 INFO     Dashboard update successful: Status 200, Database ID 2318508
2026-01-15 14:32:46 INFO     Triggering job: {'api': 'api/incident_settings', 'qem': {'incident': 42229, 'arch': 'x86_64', 'flavor': 'GCE-BYOS-Incidents-kernel', 'version': '15-SP7', 'withAggregate': True, 'settings': {'DISTRI': 'sle', 'VERSION': '15-SP7', 'PUBLIC_CLOUD_IMAGE_PROJECT': 'suse-byos-cloud', 'ARCH': 'x86_64', 'FLAVOR': 'GCE-BYOS-Incidents-kernel', 'INCIDENT_ID': 42229, 'REPOHASH': 1768403670, 'BUILD': ':42229:dtb-armv7l', '_OBSOLETE': '1', '_ONLY_OBSOLETE_SAME_BUILD': '1', '__CI_JOB_URL': 'https://gitlab.suse.de/qa-maintenance/bot-ng/-/jobs/5904085', 'RRID': 'SUSE:Maintenance:42229:398981', 'BASE_TEST_ISSUES': '42229', 'SDK_TEST_ISSUES': '42229', 'INCIDENT_REPO': '', '_PRIORITY': 60, '__SOURCE_CHANGE_URL': 'https://smelt.suse.de/incident/42229', '__DASHBOARD_INCIDENT_URL': 'http://dashboard.qam.suse.de/incident/42229', 'PUBLIC_CLOUD_TOOLS_IMAGE_BASE': 'publiccloud_tools_0100.qcow2', 'PUBLIC_CLOUD_IMAGE_ID': 'sles-15-sp7-byos-v20251022-x86-64', 'PUBLIC_CLOUD_IMAGE_NAME': 'sles-15-sp7-byos-v20251022-x86-64', 'PUBLIC_CLOUD_IMAGE_STATE': 'active'}}, 'openqa': {'DISTRI': 'sle', 'VERSION': '15-SP7', 'PUBLIC_CLOUD_IMAGE_PROJECT': 'suse-byos-cloud', 'ARCH': 'x86_64', 'FLAVOR': 'GCE-BYOS-Incidents-kernel', 'INCIDENT_ID': 42229, 'REPOHASH': 1768403670, 'BUILD': ':42229:dtb-armv7l', '_OBSOLETE': '1', '_ONLY_OBSOLETE_SAME_BUILD': '1', '__CI_JOB_URL': 'https://gitlab.suse.de/qa-maintenance/bot-ng/-/jobs/5904085', 'RRID': 'SUSE:Maintenance:42229:398981', 'BASE_TEST_ISSUES': '42229', 'SDK_TEST_ISSUES': '42229', 'INCIDENT_REPO': '', '_PRIORITY': 60, '__SOURCE_CHANGE_URL': 'https://smelt.suse.de/incident/42229', '__DASHBOARD_INCIDENT_URL': 'http://dashboard.qam.suse.de/incident/42229', 'PUBLIC_CLOUD_TOOLS_IMAGE_BASE': 'publiccloud_tools_0100.qcow2', 'PUBLIC_CLOUD_IMAGE_ID': 'sles-15-sp7-byos-v20251022-x86-64', 'PUBLIC_CLOUD_IMAGE_NAME': 'sles-15-sp7-byos-v20251022-x86-64', 'PUBLIC_CLOUD_IMAGE_STATE': 'active'}}
2026-01-15 14:32:46 INFO     openqa-cli api --host https://openqa.suse.de -X post isos DISTRI=sle VERSION=15-SP7 PUBLIC_CLOUD_IMAGE_PROJECT=suse-byos-cloud ARCH=x86_64 FLAVOR=GCE-BYOS-Incidents-kernel INCIDENT_ID=42229 REPOHASH=1768403670 BUILD=:42229:dtb-armv7l _OBSOLETE=1 _ONLY_OBSOLETE_SAME_BUILD=1 __CI_JOB_URL=https://gitlab.suse.de/qa-maintenance/bot-ng/-/jobs/5904085 RRID=SUSE:Maintenance:42229:398981 BASE_TEST_ISSUES=42229 SDK_TEST_ISSUES=42229 INCIDENT_REPO= _PRIORITY=60 __SOURCE_CHANGE_URL=https://smelt.suse.de/incident/42229 __DASHBOARD_INCIDENT_URL=http://dashboard.qam.suse.de/incident/42229 PUBLIC_CLOUD_TOOLS_IMAGE_BASE=publiccloud_tools_0100.qcow2 PUBLIC_CLOUD_IMAGE_ID=sles-15-sp7-byos-v20251022-x86-64 PUBLIC_CLOUD_IMAGE_NAME=sles-15-sp7-byos-v20251022-x86-64 PUBLIC_CLOUD_IMAGE_STATE=active
2026-01-15 14:32:46 INFO     Dashboard update successful: Status 200, Database ID 2318509
2026-01-15 14:32:46 INFO     Triggering job: {'api': 'api/incident_settings', 'qem': {'incident': 42229, 'arch': 'aarch64', 'flavor': 'GCE-BYOS-Incidents', 'version': '15-SP7', 'withAggregate': True, 'settings': {'DISTRI': 'sle', 'VERSION': '15-SP7', 'PUBLIC_CLOUD_IMAGE_PROJECT': 'suse-byos-cloud', 'ARCH': 'aarch64', 'FLAVOR': 'GCE-BYOS-Incidents', 'INCIDENT_ID': 42229, 'REPOHASH': 1768408536, 'BUILD': ':42229:dtb-armv7l', '_OBSOLETE': '1', '_ONLY_OBSOLETE_SAME_BUILD': '1', '__CI_JOB_URL': 'https://gitlab.suse.de/qa-maintenance/bot-ng/-/jobs/5904085', 'RRID': 'SUSE:Maintenance:42229:398981', 'BASE_TEST_ISSUES': '42229', 'SDK_TEST_ISSUES': '42229', 'INCIDENT_REPO': '', '_PRIORITY': 60, '__SOURCE_CHANGE_URL': 'https://smelt.suse.de/incident/42229', '__DASHBOARD_INCIDENT_URL': 'http://dashboard.qam.suse.de/incident/42229', 'PUBLIC_CLOUD_TOOLS_IMAGE_BASE': 'publiccloud_tools_0100.qcow2', 'PUBLIC_CLOUD_IMAGE_ID': 'sles-15-sp7-byos-v20251022-arm64', 'PUBLIC_CLOUD_IMAGE_NAME': 'sles-15-sp7-byos-v20251022-arm64', 'PUBLIC_CLOUD_IMAGE_STATE': 'active'}}, 'openqa': {'DISTRI': 'sle', 'VERSION': '15-SP7', 'PUBLIC_CLOUD_IMAGE_PROJECT': 'suse-byos-cloud', 'ARCH': 'aarch64', 'FLAVOR': 'GCE-BYOS-Incidents', 'INCIDENT_ID': 42229, 'REPOHASH': 1768408536, 'BUILD': ':42229:dtb-armv7l', '_OBSOLETE': '1', '_ONLY_OBSOLETE_SAME_BUILD': '1', '__CI_JOB_URL': 'https://gitlab.suse.de/qa-maintenance/bot-ng/-/jobs/5904085', 'RRID': 'SUSE:Maintenance:42229:398981', 'BASE_TEST_ISSUES': '42229', 'SDK_TEST_ISSUES': '42229', 'INCIDENT_REPO': '', '_PRIORITY': 60, '__SOURCE_CHANGE_URL': 'https://smelt.suse.de/incident/42229', '__DASHBOARD_INCIDENT_URL': 'http://dashboard.qam.suse.de/incident/42229', 'PUBLIC_CLOUD_TOOLS_IMAGE_BASE': 'publiccloud_tools_0100.qcow2', 'PUBLIC_CLOUD_IMAGE_ID': 'sles-15-sp7-byos-v20251022-arm64', 'PUBLIC_CLOUD_IMAGE_NAME': 'sles-15-sp7-byos-v20251022-arm64', 'PUBLIC_CLOUD_IMAGE_STATE': 'active'}}
2026-01-15 14:32:46 INFO     openqa-cli api --host https://openqa.suse.de -X post isos DISTRI=sle VERSION=15-SP7 PUBLIC_CLOUD_IMAGE_PROJECT=suse-byos-cloud ARCH=aarch64 FLAVOR=GCE-BYOS-Incidents INCIDENT_ID=42229 REPOHASH=1768408536 BUILD=:42229:dtb-armv7l _OBSOLETE=1 _ONLY_OBSOLETE_SAME_BUILD=1 __CI_JOB_URL=https://gitlab.suse.de/qa-maintenance/bot-ng/-/jobs/5904085 RRID=SUSE:Maintenance:42229:398981 BASE_TEST_ISSUES=42229 SDK_TEST_ISSUES=42229 INCIDENT_REPO= _PRIORITY=60 __SOURCE_CHANGE_URL=https://smelt.suse.de/incident/42229 __DASHBOARD_INCIDENT_URL=http://dashboard.qam.suse.de/incident/42229 PUBLIC_CLOUD_TOOLS_IMAGE_BASE=publiccloud_tools_0100.qcow2 PUBLIC_CLOUD_IMAGE_ID=sles-15-sp7-byos-v20251022-arm64 PUBLIC_CLOUD_IMAGE_NAME=sles-15-sp7-byos-v20251022-arm64 PUBLIC_CLOUD_IMAGE_STATE=active
2026-01-15 14:32:46 INFO     Dashboard update successful: Status 200, Database ID 2318510
2026-01-15 14:32:46 INFO     Triggering job: {'api': 'api/incident_settings', 'qem': {'incident': 42229, 'arch': 'x86_64', 'flavor': 'GCE-BYOS-Hardened-Incidents', 'version': '15-SP7', 'withAggregate': True, 'settings': {'DISTRI': 'sle', 'VERSION': '15-SP7', 'PUBLIC_CLOUD_IMAGE_PROJECT': 'suse-byos-cloud', 'ARCH': 'x86_64', 'FLAVOR': 'GCE-BYOS-Hardened-Incidents', 'INCIDENT_ID': 42229, 'REPOHASH': 1768403670, 'BUILD': ':42229:dtb-armv7l', '_OBSOLETE': '1', '_ONLY_OBSOLETE_SAME_BUILD': '1', '__CI_JOB_URL': 'https://gitlab.suse.de/qa-maintenance/bot-ng/-/jobs/5904085', 'RRID': 'SUSE:Maintenance:42229:398981', 'BASE_TEST_ISSUES': '42229', 'SDK_TEST_ISSUES': '42229', 'INCIDENT_REPO': '', '_PRIORITY': 60, '__SOURCE_CHANGE_URL': 'https://smelt.suse.de/incident/42229', '__DASHBOARD_INCIDENT_URL': 'http://dashboard.qam.suse.de/incident/42229', 'PUBLIC_CLOUD_TOOLS_IMAGE_BASE': 'publiccloud_tools_0100.qcow2', 'PUBLIC_CLOUD_IMAGE_ID': 'sles-15-sp7-hardened-byos-v20251022-x86-64', 'PUBLIC_CLOUD_IMAGE_NAME': 'sles-15-sp7-hardened-byos-v20251022-x86-64', 'PUBLIC_CLOUD_IMAGE_STATE': 'active'}}, 'openqa': {'DISTRI': 'sle', 'VERSION': '15-SP7', 'PUBLIC_CLOUD_IMAGE_PROJECT': 'suse-byos-cloud', 'ARCH': 'x86_64', 'FLAVOR': 'GCE-BYOS-Hardened-Incidents', 'INCIDENT_ID': 42229, 'REPOHASH': 1768403670, 'BUILD': ':42229:dtb-armv7l', '_OBSOLETE': '1', '_ONLY_OBSOLETE_SAME_BUILD': '1', '__CI_JOB_URL': 'https://gitlab.suse.de/qa-maintenance/bot-ng/-/jobs/5904085', 'RRID': 'SUSE:Maintenance:42229:398981', 'BASE_TEST_ISSUES': '42229', 'SDK_TEST_ISSUES': '42229', 'INCIDENT_REPO': '', '_PRIORITY': 60, '__SOURCE_CHANGE_URL': 'https://smelt.suse.de/incident/42229', '__DASHBOARD_INCIDENT_URL': 'http://dashboard.qam.suse.de/incident/42229', 'PUBLIC_CLOUD_TOOLS_IMAGE_BASE': 'publiccloud_tools_0100.qcow2', 'PUBLIC_CLOUD_IMAGE_ID': 'sles-15-sp7-hardened-byos-v20251022-x86-64', 'PUBLIC_CLOUD_IMAGE_NAME': 'sles-15-sp7-hardened-byos-v20251022-x86-64', 'PUBLIC_CLOUD_IMAGE_STATE': 'active'}}
2026-01-15 14:32:46 INFO     openqa-cli api --host https://openqa.suse.de -X post isos DISTRI=sle VERSION=15-SP7 PUBLIC_CLOUD_IMAGE_PROJECT=suse-byos-cloud ARCH=x86_64 FLAVOR=GCE-BYOS-Hardened-Incidents INCIDENT_ID=42229 REPOHASH=1768403670 BUILD=:42229:dtb-armv7l _OBSOLETE=1 _ONLY_OBSOLETE_SAME_BUILD=1 __CI_JOB_URL=https://gitlab.suse.de/qa-maintenance/bot-ng/-/jobs/5904085 RRID=SUSE:Maintenance:42229:398981 BASE_TEST_ISSUES=42229 SDK_TEST_ISSUES=42229 INCIDENT_REPO= _PRIORITY=60 __SOURCE_CHANGE_URL=https://smelt.suse.de/incident/42229 __DASHBOARD_INCIDENT_URL=http://dashboard.qam.suse.de/incident/42229 PUBLIC_CLOUD_TOOLS_IMAGE_BASE=publiccloud_tools_0100.qcow2 PUBLIC_CLOUD_IMAGE_ID=sles-15-sp7-hardened-byos-v20251022-x86-64 PUBLIC_CLOUD_IMAGE_NAME=sles-15-sp7-hardened-byos-v20251022-x86-64 PUBLIC_CLOUD_IMAGE_STATE=active
2026-01-15 14:32:46 INFO     Dashboard update successful: Status 200, Database ID 2318511
2026-01-15 14:32:46 INFO     Triggering job: {'api': 'api/incident_settings', 'qem': {'incident': 42103, 'arch': 'x86_64', 'flavor': 'Server-DVD-SAP-Incidents', 'version': '15-SP4', 'withAggregate': False, 'settings': {'DISTRI': 'sle', 'VERSION': '15-SP4', 'ARCH': 'x86_64', 'FLAVOR': 'Server-DVD-SAP-Incidents', 'INCIDENT_ID': 42103, 'REPOHASH': 1768408824, 'BUILD': ':42103:libsoup', '_OBSOLETE': '1', '_ONLY_OBSOLETE_SAME_BUILD': '1', '__CI_JOB_URL': 'https://gitlab.suse.de/qa-maintenance/bot-ng/-/jobs/5904085', 'RRID': 'SUSE:Maintenance:42103:398982', 'OS_TEST_ISSUES': '42103', 'INCIDENT_REPO': '', '_PRIORITY': 60, '__SOURCE_CHANGE_URL': 'https://smelt.suse.de/incident/42103', '__DASHBOARD_INCIDENT_URL': 'http://dashboard.qam.suse.de/incident/42103'}}, 'openqa': {'DISTRI': 'sle', 'VERSION': '15-SP4', 'ARCH': 'x86_64', 'FLAVOR': 'Server-DVD-SAP-Incidents', 'INCIDENT_ID': 42103, 'REPOHASH': 1768408824, 'BUILD': ':42103:libsoup', '_OBSOLETE': '1', '_ONLY_OBSOLETE_SAME_BUILD': '1', '__CI_JOB_URL': 'https://gitlab.suse.de/qa-maintenance/bot-ng/-/jobs/5904085', 'RRID': 'SUSE:Maintenance:42103:398982', 'OS_TEST_ISSUES': '42103', 'INCIDENT_REPO': '', '_PRIORITY': 60, '__SOURCE_CHANGE_URL': 'https://smelt.suse.de/incident/42103', '__DASHBOARD_INCIDENT_URL': 'http://dashboard.qam.suse.de/incident/42103'}}
2026-01-15 14:32:46 INFO     openqa-cli api --host https://openqa.suse.de -X post isos DISTRI=sle VERSION=15-SP4 ARCH=x86_64 FLAVOR=Server-DVD-SAP-Incidents INCIDENT_ID=42103 REPOHASH=1768408824 BUILD=:42103:libsoup _OBSOLETE=1 _ONLY_OBSOLETE_SAME_BUILD=1 __CI_JOB_URL=https://gitlab.suse.de/qa-maintenance/bot-ng/-/jobs/5904085 RRID=SUSE:Maintenance:42103:398982 OS_TEST_ISSUES=42103 INCIDENT_REPO= _PRIORITY=60 __SOURCE_CHANGE_URL=https://smelt.suse.de/incident/42103 __DASHBOARD_INCIDENT_URL=http://dashboard.qam.suse.de/incident/42103
2026-01-15 14:32:46 INFO     Dashboard update successful: Status 200, Database ID 2318512
2026-01-15 14:32:46 INFO     Triggering job: {'api': 'api/incident_settings', 'qem': {'incident': 42104, 'arch': 'x86_64', 'flavor': 'Server-DVD-SAP-Incidents', 'version': '15-SP4', 'withAggregate': False, 'settings': {'DISTRI': 'sle', 'VERSION': '15-SP4', 'ARCH': 'x86_64', 'FLAVOR': 'Server-DVD-SAP-Incidents', 'INCIDENT_ID': 42104, 'REPOHASH': 1768407419, 'BUILD': ':42104:libsoup2', '_OBSOLETE': '1', '_ONLY_OBSOLETE_SAME_BUILD': '1', '__CI_JOB_URL': 'https://gitlab.suse.de/qa-maintenance/bot-ng/-/jobs/5904085', 'RRID': 'SUSE:Maintenance:42104:398978', 'OS_TEST_ISSUES': '42104', 'INCIDENT_REPO': '', '_PRIORITY': 60, '__SOURCE_CHANGE_URL': 'https://smelt.suse.de/incident/42104', '__DASHBOARD_INCIDENT_URL': 'http://dashboard.qam.suse.de/incident/42104'}}, 'openqa': {'DISTRI': 'sle', 'VERSION': '15-SP4', 'ARCH': 'x86_64', 'FLAVOR': 'Server-DVD-SAP-Incidents', 'INCIDENT_ID': 42104, 'REPOHASH': 1768407419, 'BUILD': ':42104:libsoup2', '_OBSOLETE': '1', '_ONLY_OBSOLETE_SAME_BUILD': '1', '__CI_JOB_URL': 'https://gitlab.suse.de/qa-maintenance/bot-ng/-/jobs/5904085', 'RRID': 'SUSE:Maintenance:42104:398978', 'OS_TEST_ISSUES': '42104', 'INCIDENT_REPO': '', '_PRIORITY': 60, '__SOURCE_CHANGE_URL': 'https://smelt.suse.de/incident/42104', '__DASHBOARD_INCIDENT_URL': 'http://dashboard.qam.suse.de/incident/42104'}}
2026-01-15 14:32:46 INFO     openqa-cli api --host https://openqa.suse.de -X post isos DISTRI=sle VERSION=15-SP4 ARCH=x86_64 FLAVOR=Server-DVD-SAP-Incidents INCIDENT_ID=42104 REPOHASH=1768407419 BUILD=:42104:libsoup2 _OBSOLETE=1 _ONLY_OBSOLETE_SAME_BUILD=1 __CI_JOB_URL=https://gitlab.suse.de/qa-maintenance/bot-ng/-/jobs/5904085 RRID=SUSE:Maintenance:42104:398978 OS_TEST_ISSUES=42104 INCIDENT_REPO= _PRIORITY=60 __SOURCE_CHANGE_URL=https://smelt.suse.de/incident/42104 __DASHBOARD_INCIDENT_URL=http://dashboard.qam.suse.de/incident/42104
2026-01-15 14:32:46 INFO     Dashboard update successful: Status 200, Database ID 2318513
2026-01-15 14:32:46 INFO     Triggering job: {'api': 'api/incident_settings', 'qem': {'incident': 42103, 'arch': 'x86_64', 'flavor': 'Server-DVD-SAP-Incidents-Install', 'version': '15-SP4', 'withAggregate': True, 'settings': {'DISTRI': 'sle', 'VERSION': '15-SP4', 'ARCH': 'x86_64', 'FLAVOR': 'Server-DVD-SAP-Incidents-Install', 'INCIDENT_ID': 42103, 'REPOHASH': 1768408824, 'BUILD': ':42103:libsoup', '_OBSOLETE': '1', '_ONLY_OBSOLETE_SAME_BUILD': '1', '__CI_JOB_URL': 'https://gitlab.suse.de/qa-maintenance/bot-ng/-/jobs/5904085', 'RRID': 'SUSE:Maintenance:42103:398982', 'OS_TEST_ISSUES': '42103', 'INCIDENT_REPO': '', '_PRIORITY': 60, '__SOURCE_CHANGE_URL': 'https://smelt.suse.de/incident/42103', '__DASHBOARD_INCIDENT_URL': 'http://dashboard.qam.suse.de/incident/42103'}}, 'openqa': {'DISTRI': 'sle', 'VERSION': '15-SP4', 'ARCH': 'x86_64', 'FLAVOR': 'Server-DVD-SAP-Incidents-Install', 'INCIDENT_ID': 42103, 'REPOHASH': 1768408824, 'BUILD': ':42103:libsoup', '_OBSOLETE': '1', '_ONLY_OBSOLETE_SAME_BUILD': '1', '__CI_JOB_URL': 'https://gitlab.suse.de/qa-maintenance/bot-ng/-/jobs/5904085', 'RRID': 'SUSE:Maintenance:42103:398982', 'OS_TEST_ISSUES': '42103', 'INCIDENT_REPO': '', '_PRIORITY': 60, '__SOURCE_CHANGE_URL': 'https://smelt.suse.de/incident/42103', '__DASHBOARD_INCIDENT_URL': 'http://dashboard.qam.suse.de/incident/42103'}}
2026-01-15 14:32:46 INFO     openqa-cli api --host https://openqa.suse.de -X post isos DISTRI=sle VERSION=15-SP4 ARCH=x86_64 FLAVOR=Server-DVD-SAP-Incidents-Install INCIDENT_ID=42103 REPOHASH=1768408824 BUILD=:42103:libsoup _OBSOLETE=1 _ONLY_OBSOLETE_SAME_BUILD=1 __CI_JOB_URL=https://gitlab.suse.de/qa-maintenance/bot-ng/-/jobs/5904085 RRID=SUSE:Maintenance:42103:398982 OS_TEST_ISSUES=42103 INCIDENT_REPO= _PRIORITY=60 __SOURCE_CHANGE_URL=https://smelt.suse.de/incident/42103 __DASHBOARD_INCIDENT_URL=http://dashboard.qam.suse.de/incident/42103
2026-01-15 14:32:46 INFO     Dashboard update successful: Status 200, Database ID 2318514
2026-01-15 14:32:46 INFO     Triggering job: {'api': 'api/incident_settings', 'qem': {'incident': 42104, 'arch': 'x86_64', 'flavor': 'Server-DVD-SAP-Incidents-Install', 'version': '15-SP4', 'withAggregate': True, 'settings': {'DISTRI': 'sle', 'VERSION': '15-SP4', 'ARCH': 'x86_64', 'FLAVOR': 'Server-DVD-SAP-Incidents-Install', 'INCIDENT_ID': 42104, 'REPOHASH': 1768407419, 'BUILD': ':42104:libsoup2', '_OBSOLETE': '1', '_ONLY_OBSOLETE_SAME_BUILD': '1', '__CI_JOB_URL': 'https://gitlab.suse.de/qa-maintenance/bot-ng/-/jobs/5904085', 'RRID': 'SUSE:Maintenance:42104:398978', 'OS_TEST_ISSUES': '42104', 'INCIDENT_REPO': '', '_PRIORITY': 60, '__SOURCE_CHANGE_URL': 'https://smelt.suse.de/incident/42104', '__DASHBOARD_INCIDENT_URL': 'http://dashboard.qam.suse.de/incident/42104'}}, 'openqa': {'DISTRI': 'sle', 'VERSION': '15-SP4', 'ARCH': 'x86_64', 'FLAVOR': 'Server-DVD-SAP-Incidents-Install', 'INCIDENT_ID': 42104, 'REPOHASH': 1768407419, 'BUILD': ':42104:libsoup2', '_OBSOLETE': '1', '_ONLY_OBSOLETE_SAME_BUILD': '1', '__CI_JOB_URL': 'https://gitlab.suse.de/qa-maintenance/bot-ng/-/jobs/5904085', 'RRID': 'SUSE:Maintenance:42104:398978', 'OS_TEST_ISSUES': '42104', 'INCIDENT_REPO': '', '_PRIORITY': 60, '__SOURCE_CHANGE_URL': 'https://smelt.suse.de/incident/42104', '__DASHBOARD_INCIDENT_URL': 'http://dashboard.qam.suse.de/incident/42104'}}
2026-01-15 14:32:46 INFO     openqa-cli api --host https://openqa.suse.de -X post isos DISTRI=sle VERSION=15-SP4 ARCH=x86_64 FLAVOR=Server-DVD-SAP-Incidents-Install INCIDENT_ID=42104 REPOHASH=1768407419 BUILD=:42104:libsoup2 _OBSOLETE=1 _ONLY_OBSOLETE_SAME_BUILD=1 __CI_JOB_URL=https://gitlab.suse.de/qa-maintenance/bot-ng/-/jobs/5904085 RRID=SUSE:Maintenance:42104:398978 OS_TEST_ISSUES=42104 INCIDENT_REPO= _PRIORITY=60 __SOURCE_CHANGE_URL=https://smelt.suse.de/incident/42104 __DASHBOARD_INCIDENT_URL=http://dashboard.qam.suse.de/incident/42104
2026-01-15 14:32:46 INFO     Dashboard update successful: Status 200, Database ID 2318515
2026-01-15 14:32:46 INFO     Triggering job: {'api': 'api/incident_settings', 'qem': {'incident': 42103, 'arch': 'ppc64le', 'flavor': 'Server-DVD-SAP-Incidents-Install', 'version': '15-SP4', 'withAggregate': True, 'settings': {'DISTRI': 'sle', 'VERSION': '15-SP4', 'ARCH': 'ppc64le', 'FLAVOR': 'Server-DVD-SAP-Incidents-Install', 'INCIDENT_ID': 42103, 'REPOHASH': 1768408836, 'BUILD': ':42103:libsoup', '_OBSOLETE': '1', '_ONLY_OBSOLETE_SAME_BUILD': '1', '__CI_JOB_URL': 'https://gitlab.suse.de/qa-maintenance/bot-ng/-/jobs/5904085', 'RRID': 'SUSE:Maintenance:42103:398982', 'OS_TEST_ISSUES': '42103', 'INCIDENT_REPO': '', '_PRIORITY': 60, '__SOURCE_CHANGE_URL': 'https://smelt.suse.de/incident/42103', '__DASHBOARD_INCIDENT_URL': 'http://dashboard.qam.suse.de/incident/42103'}}, 'openqa': {'DISTRI': 'sle', 'VERSION': '15-SP4', 'ARCH': 'ppc64le', 'FLAVOR': 'Server-DVD-SAP-Incidents-Install', 'INCIDENT_ID': 42103, 'REPOHASH': 1768408836, 'BUILD': ':42103:libsoup', '_OBSOLETE': '1', '_ONLY_OBSOLETE_SAME_BUILD': '1', '__CI_JOB_URL': 'https://gitlab.suse.de/qa-maintenance/bot-ng/-/jobs/5904085', 'RRID': 'SUSE:Maintenance:42103:398982', 'OS_TEST_ISSUES': '42103', 'INCIDENT_REPO': '', '_PRIORITY': 60, '__SOURCE_CHANGE_URL': 'https://smelt.suse.de/incident/42103', '__DASHBOARD_INCIDENT_URL': 'http://dashboard.qam.suse.de/incident/42103'}}
2026-01-15 14:32:46 INFO     openqa-cli api --host https://openqa.suse.de -X post isos DISTRI=sle VERSION=15-SP4 ARCH=ppc64le FLAVOR=Server-DVD-SAP-Incidents-Install INCIDENT_ID=42103 REPOHASH=1768408836 BUILD=:42103:libsoup _OBSOLETE=1 _ONLY_OBSOLETE_SAME_BUILD=1 __CI_JOB_URL=https://gitlab.suse.de/qa-maintenance/bot-ng/-/jobs/5904085 RRID=SUSE:Maintenance:42103:398982 OS_TEST_ISSUES=42103 INCIDENT_REPO= _PRIORITY=60 __SOURCE_CHANGE_URL=https://smelt.suse.de/incident/42103 __DASHBOARD_INCIDENT_URL=http://dashboard.qam.suse.de/incident/42103
2026-01-15 14:32:46 INFO     Dashboard update successful: Status 200, Database ID 2318516
2026-01-15 14:32:46 INFO     Triggering job: {'api': 'api/incident_settings', 'qem': {'incident': 42104, 'arch': 'ppc64le', 'flavor': 'Server-DVD-SAP-Incidents-Install', 'version': '15-SP4', 'withAggregate': True, 'settings': {'DISTRI': 'sle', 'VERSION': '15-SP4', 'ARCH': 'ppc64le', 'FLAVOR': 'Server-DVD-SAP-Incidents-Install', 'INCIDENT_ID': 42104, 'REPOHASH': 1768407416, 'BUILD': ':42104:libsoup2', '_OBSOLETE': '1', '_ONLY_OBSOLETE_SAME_BUILD': '1', '__CI_JOB_URL': 'https://gitlab.suse.de/qa-maintenance/bot-ng/-/jobs/5904085', 'RRID': 'SUSE:Maintenance:42104:398978', 'OS_TEST_ISSUES': '42104', 'INCIDENT_REPO': '', '_PRIORITY': 60, '__SOURCE_CHANGE_URL': 'https://smelt.suse.de/incident/42104', '__DASHBOARD_INCIDENT_URL': 'http://dashboard.qam.suse.de/incident/42104'}}, 'openqa': {'DISTRI': 'sle', 'VERSION': '15-SP4', 'ARCH': 'ppc64le', 'FLAVOR': 'Server-DVD-SAP-Incidents-Install', 'INCIDENT_ID': 42104, 'REPOHASH': 1768407416, 'BUILD': ':42104:libsoup2', '_OBSOLETE': '1', '_ONLY_OBSOLETE_SAME_BUILD': '1', '__CI_JOB_URL': 'https://gitlab.suse.de/qa-maintenance/bot-ng/-/jobs/5904085', 'RRID': 'SUSE:Maintenance:42104:398978', 'OS_TEST_ISSUES': '42104', 'INCIDENT_REPO': '', '_PRIORITY': 60, '__SOURCE_CHANGE_URL': 'https://smelt.suse.de/incident/42104', '__DASHBOARD_INCIDENT_URL': 'http://dashboard.qam.suse.de/incident/42104'}}
2026-01-15 14:32:46 INFO     openqa-cli api --host https://openqa.suse.de -X post isos DISTRI=sle VERSION=15-SP4 ARCH=ppc64le FLAVOR=Server-DVD-SAP-Incidents-Install INCIDENT_ID=42104 REPOHASH=1768407416 BUILD=:42104:libsoup2 _OBSOLETE=1 _ONLY_OBSOLETE_SAME_BUILD=1 __CI_JOB_URL=https://gitlab.suse.de/qa-maintenance/bot-ng/-/jobs/5904085 RRID=SUSE:Maintenance:42104:398978 OS_TEST_ISSUES=42104 INCIDENT_REPO= _PRIORITY=60 __SOURCE_CHANGE_URL=https://smelt.suse.de/incident/42104 __DASHBOARD_INCIDENT_URL=http://dashboard.qam.suse.de/incident/42104
2026-01-15 14:32:46 INFO     Dashboard update successful: Status 200, Database ID 2318517
2026-01-15 14:32:46 INFO     Triggering job: {'api': 'api/incident_settings', 'qem': {'incident': 42103, 'arch': 'x86_64', 'flavor': 'Server-DVD-SAP-Incidents', 'version': '15-SP5', 'withAggregate': False, 'settings': {'DISTRI': 'sle', 'VERSION': '15-SP5', 'ARCH': 'x86_64', 'FLAVOR': 'Server-DVD-SAP-Incidents', 'INCIDENT_ID': 42103, 'REPOHASH': 1768408842, 'BUILD': ':42103:libsoup', '_OBSOLETE': '1', '_ONLY_OBSOLETE_SAME_BUILD': '1', '__CI_JOB_URL': 'https://gitlab.suse.de/qa-maintenance/bot-ng/-/jobs/5904085', 'RRID': 'SUSE:Maintenance:42103:398982', 'OS_TEST_ISSUES': '42103', 'INCIDENT_REPO': '', '_PRIORITY': 60, '__SOURCE_CHANGE_URL': 'https://smelt.suse.de/incident/42103', '__DASHBOARD_INCIDENT_URL': 'http://dashboard.qam.suse.de/incident/42103'}}, 'openqa': {'DISTRI': 'sle', 'VERSION': '15-SP5', 'ARCH': 'x86_64', 'FLAVOR': 'Server-DVD-SAP-Incidents', 'INCIDENT_ID': 42103, 'REPOHASH': 1768408842, 'BUILD': ':42103:libsoup', '_OBSOLETE': '1', '_ONLY_OBSOLETE_SAME_BUILD': '1', '__CI_JOB_URL': 'https://gitlab.suse.de/qa-maintenance/bot-ng/-/jobs/5904085', 'RRID': 'SUSE:Maintenance:42103:398982', 'OS_TEST_ISSUES': '42103', 'INCIDENT_REPO': '', '_PRIORITY': 60, '__SOURCE_CHANGE_URL': 'https://smelt.suse.de/incident/42103', '__DASHBOARD_INCIDENT_URL': 'http://dashboard.qam.suse.de/incident/42103'}}
2026-01-15 14:32:46 INFO     openqa-cli api --host https://openqa.suse.de -X post isos DISTRI=sle VERSION=15-SP5 ARCH=x86_64 FLAVOR=Server-DVD-SAP-Incidents INCIDENT_ID=42103 REPOHASH=1768408842 BUILD=:42103:libsoup _OBSOLETE=1 _ONLY_OBSOLETE_SAME_BUILD=1 __CI_JOB_URL=https://gitlab.suse.de/qa-maintenance/bot-ng/-/jobs/5904085 RRID=SUSE:Maintenance:42103:398982 OS_TEST_ISSUES=42103 INCIDENT_REPO= _PRIORITY=60 __SOURCE_CHANGE_URL=https://smelt.suse.de/incident/42103 __DASHBOARD_INCIDENT_URL=http://dashboard.qam.suse.de/incident/42103
2026-01-15 14:32:46 INFO     Dashboard update successful: Status 200, Database ID 2318518
2026-01-15 14:32:46 INFO     Triggering job: {'api': 'api/incident_settings', 'qem': {'incident': 42104, 'arch': 'x86_64', 'flavor': 'Server-DVD-SAP-Incidents', 'version': '15-SP5', 'withAggregate': False, 'settings': {'DISTRI': 'sle', 'VERSION': '15-SP5', 'ARCH': 'x86_64', 'FLAVOR': 'Server-DVD-SAP-Incidents', 'INCIDENT_ID': 42104, 'REPOHASH': 1768407425, 'BUILD': ':42104:libsoup2', '_OBSOLETE': '1', '_ONLY_OBSOLETE_SAME_BUILD': '1', '__CI_JOB_URL': 'https://gitlab.suse.de/qa-maintenance/bot-ng/-/jobs/5904085', 'RRID': 'SUSE:Maintenance:42104:398978', 'OS_TEST_ISSUES': '42104', 'INCIDENT_REPO': '', '_PRIORITY': 60, '__SOURCE_CHANGE_URL': 'https://smelt.suse.de/incident/42104', '__DASHBOARD_INCIDENT_URL': 'http://dashboard.qam.suse.de/incident/42104'}}, 'openqa': {'DISTRI': 'sle', 'VERSION': '15-SP5', 'ARCH': 'x86_64', 'FLAVOR': 'Server-DVD-SAP-Incidents', 'INCIDENT_ID': 42104, 'REPOHASH': 1768407425, 'BUILD': ':42104:libsoup2', '_OBSOLETE': '1', '_ONLY_OBSOLETE_SAME_BUILD': '1', '__CI_JOB_URL': 'https://gitlab.suse.de/qa-maintenance/bot-ng/-/jobs/5904085', 'RRID': 'SUSE:Maintenance:42104:398978', 'OS_TEST_ISSUES': '42104', 'INCIDENT_REPO': '', '_PRIORITY': 60, '__SOURCE_CHANGE_URL': 'https://smelt.suse.de/incident/42104', '__DASHBOARD_INCIDENT_URL': 'http://dashboard.qam.suse.de/incident/42104'}}
2026-01-15 14:32:46 INFO     openqa-cli api --host https://openqa.suse.de -X post isos DISTRI=sle VERSION=15-SP5 ARCH=x86_64 FLAVOR=Server-DVD-SAP-Incidents INCIDENT_ID=42104 REPOHASH=1768407425 BUILD=:42104:libsoup2 _OBSOLETE=1 _ONLY_OBSOLETE_SAME_BUILD=1 __CI_JOB_URL=https://gitlab.suse.de/qa-maintenance/bot-ng/-/jobs/5904085 RRID=SUSE:Maintenance:42104:398978 OS_TEST_ISSUES=42104 INCIDENT_REPO= _PRIORITY=60 __SOURCE_CHANGE_URL=https://smelt.suse.de/incident/42104 __DASHBOARD_INCIDENT_URL=http://dashboard.qam.suse.de/incident/42104
2026-01-15 14:32:46 INFO     Dashboard update successful: Status 200, Database ID 2318519
2026-01-15 14:32:46 INFO     Triggering job: {'api': 'api/incident_settings', 'qem': {'incident': 42103, 'arch': 'x86_64', 'flavor': 'Server-DVD-SAP-Incidents-Install', 'version': '15-SP5', 'withAggregate': True, 'settings': {'DISTRI': 'sle', 'VERSION': '15-SP5', 'ARCH': 'x86_64', 'FLAVOR': 'Server-DVD-SAP-Incidents-Install', 'INCIDENT_ID': 42103, 'REPOHASH': 1768408842, 'BUILD': ':42103:libsoup', '_OBSOLETE': '1', '_ONLY_OBSOLETE_SAME_BUILD': '1', '__CI_JOB_URL': 'https://gitlab.suse.de/qa-maintenance/bot-ng/-/jobs/5904085', 'RRID': 'SUSE:Maintenance:42103:398982', 'OS_TEST_ISSUES': '42103', 'INCIDENT_REPO': '', '_PRIORITY': 60, '__SOURCE_CHANGE_URL': 'https://smelt.suse.de/incident/42103', '__DASHBOARD_INCIDENT_URL': 'http://dashboard.qam.suse.de/incident/42103'}}, 'openqa': {'DISTRI': 'sle', 'VERSION': '15-SP5', 'ARCH': 'x86_64', 'FLAVOR': 'Server-DVD-SAP-Incidents-Install', 'INCIDENT_ID': 42103, 'REPOHASH': 1768408842, 'BUILD': ':42103:libsoup', '_OBSOLETE': '1', '_ONLY_OBSOLETE_SAME_BUILD': '1', '__CI_JOB_URL': 'https://gitlab.suse.de/qa-maintenance/bot-ng/-/jobs/5904085', 'RRID': 'SUSE:Maintenance:42103:398982', 'OS_TEST_ISSUES': '42103', 'INCIDENT_REPO': '', '_PRIORITY': 60, '__SOURCE_CHANGE_URL': 'https://smelt.suse.de/incident/42103', '__DASHBOARD_INCIDENT_URL': 'http://dashboard.qam.suse.de/incident/42103'}}
2026-01-15 14:32:46 INFO     openqa-cli api --host https://openqa.suse.de -X post isos DISTRI=sle VERSION=15-SP5 ARCH=x86_64 FLAVOR=Server-DVD-SAP-Incidents-Install INCIDENT_ID=42103 REPOHASH=1768408842 BUILD=:42103:libsoup _OBSOLETE=1 _ONLY_OBSOLETE_SAME_BUILD=1 __CI_JOB_URL=https://gitlab.suse.de/qa-maintenance/bot-ng/-/jobs/5904085 RRID=SUSE:Maintenance:42103:398982 OS_TEST_ISSUES=42103 INCIDENT_REPO= _PRIORITY=60 __SOURCE_CHANGE_URL=https://smelt.suse.de/incident/42103 __DASHBOARD_INCIDENT_URL=http://dashboard.qam.suse.de/incident/42103
2026-01-15 14:32:46 INFO     Dashboard update successful: Status 200, Database ID 2318520
2026-01-15 14:32:46 INFO     Triggering job: {'api': 'api/incident_settings', 'qem': {'incident': 42104, 'arch': 'x86_64', 'flavor': 'Server-DVD-SAP-Incidents-Install', 'version': '15-SP5', 'withAggregate': True, 'settings': {'DISTRI': 'sle', 'VERSION': '15-SP5', 'ARCH': 'x86_64', 'FLAVOR': 'Server-DVD-SAP-Incidents-Install', 'INCIDENT_ID': 42104, 'REPOHASH': 1768407425, 'BUILD': ':42104:libsoup2', '_OBSOLETE': '1', '_ONLY_OBSOLETE_SAME_BUILD': '1', '__CI_JOB_URL': 'https://gitlab.suse.de/qa-maintenance/bot-ng/-/jobs/5904085', 'RRID': 'SUSE:Maintenance:42104:398978', 'OS_TEST_ISSUES': '42104', 'INCIDENT_REPO': '', '_PRIORITY': 60, '__SOURCE_CHANGE_URL': 'https://smelt.suse.de/incident/42104', '__DASHBOARD_INCIDENT_URL': 'http://dashboard.qam.suse.de/incident/42104'}}, 'openqa': {'DISTRI': 'sle', 'VERSION': '15-SP5', 'ARCH': 'x86_64', 'FLAVOR': 'Server-DVD-SAP-Incidents-Install', 'INCIDENT_ID': 42104, 'REPOHASH': 1768407425, 'BUILD': ':42104:libsoup2', '_OBSOLETE': '1', '_ONLY_OBSOLETE_SAME_BUILD': '1', '__CI_JOB_URL': 'https://gitlab.suse.de/qa-maintenance/bot-ng/-/jobs/5904085', 'RRID': 'SUSE:Maintenance:42104:398978', 'OS_TEST_ISSUES': '42104', 'INCIDENT_REPO': '', '_PRIORITY': 60, '__SOURCE_CHANGE_URL': 'https://smelt.suse.de/incident/42104', '__DASHBOARD_INCIDENT_URL': 'http://dashboard.qam.suse.de/incident/42104'}}
2026-01-15 14:32:46 INFO     openqa-cli api --host https://openqa.suse.de -X post isos DISTRI=sle VERSION=15-SP5 ARCH=x86_64 FLAVOR=Server-DVD-SAP-Incidents-Install INCIDENT_ID=42104 REPOHASH=1768407425 BUILD=:42104:libsoup2 _OBSOLETE=1 _ONLY_OBSOLETE_SAME_BUILD=1 __CI_JOB_URL=https://gitlab.suse.de/qa-maintenance/bot-ng/-/jobs/5904085 RRID=SUSE:Maintenance:42104:398978 OS_TEST_ISSUES=42104 INCIDENT_REPO= _PRIORITY=60 __SOURCE_CHANGE_URL=https://smelt.suse.de/incident/42104 __DASHBOARD_INCIDENT_URL=http://dashboard.qam.suse.de/incident/42104
2026-01-15 14:32:46 INFO     Dashboard update successful: Status 200, Database ID 2318521
2026-01-15 14:32:46 INFO     Triggering job: {'api': 'api/incident_settings', 'qem': {'incident': 42103, 'arch': 'ppc64le', 'flavor': 'Server-DVD-SAP-Incidents-Install', 'version': '15-SP5', 'withAggregate': True, 'settings': {'DISTRI': 'sle', 'VERSION': '15-SP5', 'ARCH': 'ppc64le', 'FLAVOR': 'Server-DVD-SAP-Incidents-Install', 'INCIDENT_ID': 42103, 'REPOHASH': 1768408833, 'BUILD': ':42103:libsoup', '_OBSOLETE': '1', '_ONLY_OBSOLETE_SAME_BUILD': '1', '__CI_JOB_URL': 'https://gitlab.suse.de/qa-maintenance/bot-ng/-/jobs/5904085', 'RRID': 'SUSE:Maintenance:42103:398982', 'OS_TEST_ISSUES': '42103', 'INCIDENT_REPO': '', '_PRIORITY': 60, '__SOURCE_CHANGE_URL': 'https://smelt.suse.de/incident/42103', '__DASHBOARD_INCIDENT_URL': 'http://dashboard.qam.suse.de/incident/42103'}}, 'openqa': {'DISTRI': 'sle', 'VERSION': '15-SP5', 'ARCH': 'ppc64le', 'FLAVOR': 'Server-DVD-SAP-Incidents-Install', 'INCIDENT_ID': 42103, 'REPOHASH': 1768408833, 'BUILD': ':42103:libsoup', '_OBSOLETE': '1', '_ONLY_OBSOLETE_SAME_BUILD': '1', '__CI_JOB_URL': 'https://gitlab.suse.de/qa-maintenance/bot-ng/-/jobs/5904085', 'RRID': 'SUSE:Maintenance:42103:398982', 'OS_TEST_ISSUES': '42103', 'INCIDENT_REPO': '', '_PRIORITY': 60, '__SOURCE_CHANGE_URL': 'https://smelt.suse.de/incident/42103', '__DASHBOARD_INCIDENT_URL': 'http://dashboard.qam.suse.de/incident/42103'}}
2026-01-15 14:32:46 INFO     openqa-cli api --host https://openqa.suse.de -X post isos DISTRI=sle VERSION=15-SP5 ARCH=ppc64le FLAVOR=Server-DVD-SAP-Incidents-Install INCIDENT_ID=42103 REPOHASH=1768408833 BUILD=:42103:libsoup _OBSOLETE=1 _ONLY_OBSOLETE_SAME_BUILD=1 __CI_JOB_URL=https://gitlab.suse.de/qa-maintenance/bot-ng/-/jobs/5904085 RRID=SUSE:Maintenance:42103:398982 OS_TEST_ISSUES=42103 INCIDENT_REPO= _PRIORITY=60 __SOURCE_CHANGE_URL=https://smelt.suse.de/incident/42103 __DASHBOARD_INCIDENT_URL=http://dashboard.qam.suse.de/incident/42103
2026-01-15 14:32:46 INFO     Dashboard update successful: Status 200, Database ID 2318522
2026-01-15 14:32:46 INFO     Triggering job: {'api': 'api/incident_settings', 'qem': {'incident': 42104, 'arch': 'ppc64le', 'flavor': 'Server-DVD-SAP-Incidents-Install', 'version': '15-SP5', 'withAggregate': True, 'settings': {'DISTRI': 'sle', 'VERSION': '15-SP5', 'ARCH': 'ppc64le', 'FLAVOR': 'Server-DVD-SAP-Incidents-Install', 'INCIDENT_ID': 42104, 'REPOHASH': 1768407422, 'BUILD': ':42104:libsoup2', '_OBSOLETE': '1', '_ONLY_OBSOLETE_SAME_BUILD': '1', '__CI_JOB_URL': 'https://gitlab.suse.de/qa-maintenance/bot-ng/-/jobs/5904085', 'RRID': 'SUSE:Maintenance:42104:398978', 'OS_TEST_ISSUES': '42104', 'INCIDENT_REPO': '', '_PRIORITY': 60, '__SOURCE_CHANGE_URL': 'https://smelt.suse.de/incident/42104', '__DASHBOARD_INCIDENT_URL': 'http://dashboard.qam.suse.de/incident/42104'}}, 'openqa': {'DISTRI': 'sle', 'VERSION': '15-SP5', 'ARCH': 'ppc64le', 'FLAVOR': 'Server-DVD-SAP-Incidents-Install', 'INCIDENT_ID': 42104, 'REPOHASH': 1768407422, 'BUILD': ':42104:libsoup2', '_OBSOLETE': '1', '_ONLY_OBSOLETE_SAME_BUILD': '1', '__CI_JOB_URL': 'https://gitlab.suse.de/qa-maintenance/bot-ng/-/jobs/5904085', 'RRID': 'SUSE:Maintenance:42104:398978', 'OS_TEST_ISSUES': '42104', 'INCIDENT_REPO': '', '_PRIORITY': 60, '__SOURCE_CHANGE_URL': 'https://smelt.suse.de/incident/42104', '__DASHBOARD_INCIDENT_URL': 'http://dashboard.qam.suse.de/incident/42104'}}
2026-01-15 14:32:46 INFO     openqa-cli api --host https://openqa.suse.de -X post isos DISTRI=sle VERSION=15-SP5 ARCH=ppc64le FLAVOR=Server-DVD-SAP-Incidents-Install INCIDENT_ID=42104 REPOHASH=1768407422 BUILD=:42104:libsoup2 _OBSOLETE=1 _ONLY_OBSOLETE_SAME_BUILD=1 __CI_JOB_URL=https://gitlab.suse.de/qa-maintenance/bot-ng/-/jobs/5904085 RRID=SUSE:Maintenance:42104:398978 OS_TEST_ISSUES=42104 INCIDENT_REPO= _PRIORITY=60 __SOURCE_CHANGE_URL=https://smelt.suse.de/incident/42104 __DASHBOARD_INCIDENT_URL=http://dashboard.qam.suse.de/incident/42104
2026-01-15 14:32:46 INFO     Dashboard update successful: Status 200, Database ID 2318523
2026-01-15 14:32:46 INFO     Triggering job: {'api': 'api/incident_settings', 'qem': {'incident': 42101, 'arch': 'x86_64', 'flavor': 'Server-DVD-SAP-Incidents', 'version': '15-SP6', 'withAggregate': False, 'settings': {'DISTRI': 'sle', 'VERSION': '15-SP6', 'ARCH': 'x86_64', 'FLAVOR': 'Server-DVD-SAP-Incidents', 'INCIDENT_ID': 42101, 'REPOHASH': 1768387891, 'BUILD': ':42101:libsoup', '_OBSOLETE': '1', '_ONLY_OBSOLETE_SAME_BUILD': '1', '__CI_JOB_URL': 'https://gitlab.suse.de/qa-maintenance/bot-ng/-/jobs/5904085', 'RRID': 'SUSE:Maintenance:42101:398980', 'OS_TEST_ISSUES': '42101', 'INCIDENT_REPO': '', '_PRIORITY': 60, '__SOURCE_CHANGE_URL': 'https://smelt.suse.de/incident/42101', '__DASHBOARD_INCIDENT_URL': 'http://dashboard.qam.suse.de/incident/42101'}}, 'openqa': {'DISTRI': 'sle', 'VERSION': '15-SP6', 'ARCH': 'x86_64', 'FLAVOR': 'Server-DVD-SAP-Incidents', 'INCIDENT_ID': 42101, 'REPOHASH': 1768387891, 'BUILD': ':42101:libsoup', '_OBSOLETE': '1', '_ONLY_OBSOLETE_SAME_BUILD': '1', '__CI_JOB_URL': 'https://gitlab.suse.de/qa-maintenance/bot-ng/-/jobs/5904085', 'RRID': 'SUSE:Maintenance:42101:398980', 'OS_TEST_ISSUES': '42101', 'INCIDENT_REPO': '', '_PRIORITY': 60, '__SOURCE_CHANGE_URL': 'https://smelt.suse.de/incident/42101', '__DASHBOARD_INCIDENT_URL': 'http://dashboard.qam.suse.de/incident/42101'}}
2026-01-15 14:32:46 INFO     openqa-cli api --host https://openqa.suse.de -X post isos DISTRI=sle VERSION=15-SP6 ARCH=x86_64 FLAVOR=Server-DVD-SAP-Incidents INCIDENT_ID=42101 REPOHASH=1768387891 BUILD=:42101:libsoup _OBSOLETE=1 _ONLY_OBSOLETE_SAME_BUILD=1 __CI_JOB_URL=https://gitlab.suse.de/qa-maintenance/bot-ng/-/jobs/5904085 RRID=SUSE:Maintenance:42101:398980 OS_TEST_ISSUES=42101 INCIDENT_REPO= _PRIORITY=60 __SOURCE_CHANGE_URL=https://smelt.suse.de/incident/42101 __DASHBOARD_INCIDENT_URL=http://dashboard.qam.suse.de/incident/42101
2026-01-15 14:32:46 INFO     Dashboard update successful: Status 200, Database ID 2318524
2026-01-15 14:32:46 INFO     Triggering job: {'api': 'api/incident_settings', 'qem': {'incident': 42102, 'arch': 'x86_64', 'flavor': 'Server-DVD-SAP-Incidents', 'version': '15-SP6', 'withAggregate': False, 'settings': {'DISTRI': 'sle', 'VERSION': '15-SP6', 'ARCH': 'x86_64', 'FLAVOR': 'Server-DVD-SAP-Incidents', 'INCIDENT_ID': 42102, 'REPOHASH': 1768409574, 'BUILD': ':42102:libsoup2', '_OBSOLETE': '1', '_ONLY_OBSOLETE_SAME_BUILD': '1', '__CI_JOB_URL': 'https://gitlab.suse.de/qa-maintenance/bot-ng/-/jobs/5904085', 'RRID': 'SUSE:Maintenance:42102:398972', 'OS_TEST_ISSUES': '42102', 'INCIDENT_REPO': '', '_PRIORITY': 60, '__SOURCE_CHANGE_URL': 'https://smelt.suse.de/incident/42102', '__DASHBOARD_INCIDENT_URL': 'http://dashboard.qam.suse.de/incident/42102'}}, 'openqa': {'DISTRI': 'sle', 'VERSION': '15-SP6', 'ARCH': 'x86_64', 'FLAVOR': 'Server-DVD-SAP-Incidents', 'INCIDENT_ID': 42102, 'REPOHASH': 1768409574, 'BUILD': ':42102:libsoup2', '_OBSOLETE': '1', '_ONLY_OBSOLETE_SAME_BUILD': '1', '__CI_JOB_URL': 'https://gitlab.suse.de/qa-maintenance/bot-ng/-/jobs/5904085', 'RRID': 'SUSE:Maintenance:42102:398972', 'OS_TEST_ISSUES': '42102', 'INCIDENT_REPO': '', '_PRIORITY': 60, '__SOURCE_CHANGE_URL': 'https://smelt.suse.de/incident/42102', '__DASHBOARD_INCIDENT_URL': 'http://dashboard.qam.suse.de/incident/42102'}}
2026-01-15 14:32:46 INFO     openqa-cli api --host https://openqa.suse.de -X post isos DISTRI=sle VERSION=15-SP6 ARCH=x86_64 FLAVOR=Server-DVD-SAP-Incidents INCIDENT_ID=42102 REPOHASH=1768409574 BUILD=:42102:libsoup2 _OBSOLETE=1 _ONLY_OBSOLETE_SAME_BUILD=1 __CI_JOB_URL=https://gitlab.suse.de/qa-maintenance/bot-ng/-/jobs/5904085 RRID=SUSE:Maintenance:42102:398972 OS_TEST_ISSUES=42102 INCIDENT_REPO= _PRIORITY=60 __SOURCE_CHANGE_URL=https://smelt.suse.de/incident/42102 __DASHBOARD_INCIDENT_URL=http://dashboard.qam.suse.de/incident/42102
2026-01-15 14:32:46 INFO     Dashboard update successful: Status 200, Database ID 2318525
2026-01-15 14:32:46 INFO     Triggering job: {'api': 'api/incident_settings', 'qem': {'incident': 42101, 'arch': 'x86_64', 'flavor': 'Server-DVD-SAP-Incidents-Install', 'version': '15-SP6', 'withAggregate': True, 'settings': {'DISTRI': 'sle', 'VERSION': '15-SP6', 'ARCH': 'x86_64', 'FLAVOR': 'Server-DVD-SAP-Incidents-Install', 'INCIDENT_ID': 42101, 'REPOHASH': 1768387891, 'BUILD': ':42101:libsoup', '_OBSOLETE': '1', '_ONLY_OBSOLETE_SAME_BUILD': '1', '__CI_JOB_URL': 'https://gitlab.suse.de/qa-maintenance/bot-ng/-/jobs/5904085', 'RRID': 'SUSE:Maintenance:42101:398980', 'OS_TEST_ISSUES': '42101', 'INCIDENT_REPO': '', '_PRIORITY': 60, '__SOURCE_CHANGE_URL': 'https://smelt.suse.de/incident/42101', '__DASHBOARD_INCIDENT_URL': 'http://dashboard.qam.suse.de/incident/42101'}}, 'openqa': {'DISTRI': 'sle', 'VERSION': '15-SP6', 'ARCH': 'x86_64', 'FLAVOR': 'Server-DVD-SAP-Incidents-Install', 'INCIDENT_ID': 42101, 'REPOHASH': 1768387891, 'BUILD': ':42101:libsoup', '_OBSOLETE': '1', '_ONLY_OBSOLETE_SAME_BUILD': '1', '__CI_JOB_URL': 'https://gitlab.suse.de/qa-maintenance/bot-ng/-/jobs/5904085', 'RRID': 'SUSE:Maintenance:42101:398980', 'OS_TEST_ISSUES': '42101', 'INCIDENT_REPO': '', '_PRIORITY': 60, '__SOURCE_CHANGE_URL': 'https://smelt.suse.de/incident/42101', '__DASHBOARD_INCIDENT_URL': 'http://dashboard.qam.suse.de/incident/42101'}}
2026-01-15 14:32:46 INFO     openqa-cli api --host https://openqa.suse.de -X post isos DISTRI=sle VERSION=15-SP6 ARCH=x86_64 FLAVOR=Server-DVD-SAP-Incidents-Install INCIDENT_ID=42101 REPOHASH=1768387891 BUILD=:42101:libsoup _OBSOLETE=1 _ONLY_OBSOLETE_SAME_BUILD=1 __CI_JOB_URL=https://gitlab.suse.de/qa-maintenance/bot-ng/-/jobs/5904085 RRID=SUSE:Maintenance:42101:398980 OS_TEST_ISSUES=42101 INCIDENT_REPO= _PRIORITY=60 __SOURCE_CHANGE_URL=https://smelt.suse.de/incident/42101 __DASHBOARD_INCIDENT_URL=http://dashboard.qam.suse.de/incident/42101
2026-01-15 14:32:46 INFO     Dashboard update successful: Status 200, Database ID 2318526
2026-01-15 14:32:46 INFO     Triggering job: {'api': 'api/incident_settings', 'qem': {'incident': 42102, 'arch': 'x86_64', 'flavor': 'Server-DVD-SAP-Incidents-Install', 'version': '15-SP6', 'withAggregate': True, 'settings': {'DISTRI': 'sle', 'VERSION': '15-SP6', 'ARCH': 'x86_64', 'FLAVOR': 'Server-DVD-SAP-Incidents-Install', 'INCIDENT_ID': 42102, 'REPOHASH': 1768409574, 'BUILD': ':42102:libsoup2', '_OBSOLETE': '1', '_ONLY_OBSOLETE_SAME_BUILD': '1', '__CI_JOB_URL': 'https://gitlab.suse.de/qa-maintenance/bot-ng/-/jobs/5904085', 'RRID': 'SUSE:Maintenance:42102:398972', 'OS_TEST_ISSUES': '42102', 'INCIDENT_REPO': '', '_PRIORITY': 60, '__SOURCE_CHANGE_URL': 'https://smelt.suse.de/incident/42102', '__DASHBOARD_INCIDENT_URL': 'http://dashboard.qam.suse.de/incident/42102'}}, 'openqa': {'DISTRI': 'sle', 'VERSION': '15-SP6', 'ARCH': 'x86_64', 'FLAVOR': 'Server-DVD-SAP-Incidents-Install', 'INCIDENT_ID': 42102, 'REPOHASH': 1768409574, 'BUILD': ':42102:libsoup2', '_OBSOLETE': '1', '_ONLY_OBSOLETE_SAME_BUILD': '1', '__CI_JOB_URL': 'https://gitlab.suse.de/qa-maintenance/bot-ng/-/jobs/5904085', 'RRID': 'SUSE:Maintenance:42102:398972', 'OS_TEST_ISSUES': '42102', 'INCIDENT_REPO': '', '_PRIORITY': 60, '__SOURCE_CHANGE_URL': 'https://smelt.suse.de/incident/42102', '__DASHBOARD_INCIDENT_URL': 'http://dashboard.qam.suse.de/incident/42102'}}
2026-01-15 14:32:46 INFO     openqa-cli api --host https://openqa.suse.de -X post isos DISTRI=sle VERSION=15-SP6 ARCH=x86_64 FLAVOR=Server-DVD-SAP-Incidents-Install INCIDENT_ID=42102 REPOHASH=1768409574 BUILD=:42102:libsoup2 _OBSOLETE=1 _ONLY_OBSOLETE_SAME_BUILD=1 __CI_JOB_URL=https://gitlab.suse.de/qa-maintenance/bot-ng/-/jobs/5904085 RRID=SUSE:Maintenance:42102:398972 OS_TEST_ISSUES=42102 INCIDENT_REPO= _PRIORITY=60 __SOURCE_CHANGE_URL=https://smelt.suse.de/incident/42102 __DASHBOARD_INCIDENT_URL=http://dashboard.qam.suse.de/incident/42102
2026-01-15 14:32:46 INFO     Dashboard update successful: Status 200, Database ID 2318527
2026-01-15 14:32:46 INFO     Triggering job: {'api': 'api/incident_settings', 'qem': {'incident': 42101, 'arch': 'ppc64le', 'flavor': 'Server-DVD-SAP-Incidents-Install', 'version': '15-SP6', 'withAggregate': True, 'settings': {'DISTRI': 'sle', 'VERSION': '15-SP6', 'ARCH': 'ppc64le', 'FLAVOR': 'Server-DVD-SAP-Incidents-Install', 'INCIDENT_ID': 42101, 'REPOHASH': 1768387900, 'BUILD': ':42101:libsoup', '_OBSOLETE': '1', '_ONLY_OBSOLETE_SAME_BUILD': '1', '__CI_JOB_URL': 'https://gitlab.suse.de/qa-maintenance/bot-ng/-/jobs/5904085', 'RRID': 'SUSE:Maintenance:42101:398980', 'OS_TEST_ISSUES': '42101', 'INCIDENT_REPO': '', '_PRIORITY': 60, '__SOURCE_CHANGE_URL': 'https://smelt.suse.de/incident/42101', '__DASHBOARD_INCIDENT_URL': 'http://dashboard.qam.suse.de/incident/42101'}}, 'openqa': {'DISTRI': 'sle', 'VERSION': '15-SP6', 'ARCH': 'ppc64le', 'FLAVOR': 'Server-DVD-SAP-Incidents-Install', 'INCIDENT_ID': 42101, 'REPOHASH': 1768387900, 'BUILD': ':42101:libsoup', '_OBSOLETE': '1', '_ONLY_OBSOLETE_SAME_BUILD': '1', '__CI_JOB_URL': 'https://gitlab.suse.de/qa-maintenance/bot-ng/-/jobs/5904085', 'RRID': 'SUSE:Maintenance:42101:398980', 'OS_TEST_ISSUES': '42101', 'INCIDENT_REPO': '', '_PRIORITY': 60, '__SOURCE_CHANGE_URL': 'https://smelt.suse.de/incident/42101', '__DASHBOARD_INCIDENT_URL': 'http://dashboard.qam.suse.de/incident/42101'}}
2026-01-15 14:32:46 INFO     openqa-cli api --host https://openqa.suse.de -X post isos DISTRI=sle VERSION=15-SP6 ARCH=ppc64le FLAVOR=Server-DVD-SAP-Incidents-Install INCIDENT_ID=42101 REPOHASH=1768387900 BUILD=:42101:libsoup _OBSOLETE=1 _ONLY_OBSOLETE_SAME_BUILD=1 __CI_JOB_URL=https://gitlab.suse.de/qa-maintenance/bot-ng/-/jobs/5904085 RRID=SUSE:Maintenance:42101:398980 OS_TEST_ISSUES=42101 INCIDENT_REPO= _PRIORITY=60 __SOURCE_CHANGE_URL=https://smelt.suse.de/incident/42101 __DASHBOARD_INCIDENT_URL=http://dashboard.qam.suse.de/incident/42101
2026-01-15 14:32:46 INFO     Dashboard update successful: Status 200, Database ID 2318528
2026-01-15 14:32:46 INFO     Triggering job: {'api': 'api/incident_settings', 'qem': {'incident': 42102, 'arch': 'ppc64le', 'flavor': 'Server-DVD-SAP-Incidents-Install', 'version': '15-SP6', 'withAggregate': True, 'settings': {'DISTRI': 'sle', 'VERSION': '15-SP6', 'ARCH': 'ppc64le', 'FLAVOR': 'Server-DVD-SAP-Incidents-Install', 'INCIDENT_ID': 42102, 'REPOHASH': 1768409571, 'BUILD': ':42102:libsoup2', '_OBSOLETE': '1', '_ONLY_OBSOLETE_SAME_BUILD': '1', '__CI_JOB_URL': 'https://gitlab.suse.de/qa-maintenance/bot-ng/-/jobs/5904085', 'RRID': 'SUSE:Maintenance:42102:398972', 'OS_TEST_ISSUES': '42102', 'INCIDENT_REPO': '', '_PRIORITY': 60, '__SOURCE_CHANGE_URL': 'https://smelt.suse.de/incident/42102', '__DASHBOARD_INCIDENT_URL': 'http://dashboard.qam.suse.de/incident/42102'}}, 'openqa': {'DISTRI': 'sle', 'VERSION': '15-SP6', 'ARCH': 'ppc64le', 'FLAVOR': 'Server-DVD-SAP-Incidents-Install', 'INCIDENT_ID': 42102, 'REPOHASH': 1768409571, 'BUILD': ':42102:libsoup2', '_OBSOLETE': '1', '_ONLY_OBSOLETE_SAME_BUILD': '1', '__CI_JOB_URL': 'https://gitlab.suse.de/qa-maintenance/bot-ng/-/jobs/5904085', 'RRID': 'SUSE:Maintenance:42102:398972', 'OS_TEST_ISSUES': '42102', 'INCIDENT_REPO': '', '_PRIORITY': 60, '__SOURCE_CHANGE_URL': 'https://smelt.suse.de/incident/42102', '__DASHBOARD_INCIDENT_URL': 'http://dashboard.qam.suse.de/incident/42102'}}
2026-01-15 14:32:46 INFO     openqa-cli api --host https://openqa.suse.de -X post isos DISTRI=sle VERSION=15-SP6 ARCH=ppc64le FLAVOR=Server-DVD-SAP-Incidents-Install INCIDENT_ID=42102 REPOHASH=1768409571 BUILD=:42102:libsoup2 _OBSOLETE=1 _ONLY_OBSOLETE_SAME_BUILD=1 __CI_JOB_URL=https://gitlab.suse.de/qa-maintenance/bot-ng/-/jobs/5904085 RRID=SUSE:Maintenance:42102:398972 OS_TEST_ISSUES=42102 INCIDENT_REPO= _PRIORITY=60 __SOURCE_CHANGE_URL=https://smelt.suse.de/incident/42102 __DASHBOARD_INCIDENT_URL=http://dashboard.qam.suse.de/incident/42102
2026-01-15 14:32:46 INFO     Dashboard update successful: Status 200, Database ID 2318529
2026-01-15 14:32:46 INFO     Triggering job: {'api': 'api/incident_settings', 'qem': {'incident': 42101, 'arch': 'x86_64', 'flavor': 'Server-DVD-SAP-Incidents', 'version': '15-SP7', 'withAggregate': False, 'settings': {'DISTRI': 'sle', 'VERSION': '15-SP7', 'ARCH': 'x86_64', 'FLAVOR': 'Server-DVD-SAP-Incidents', 'INCIDENT_ID': 42101, 'REPOHASH': 1768387888, 'BUILD': ':42101:libsoup', '_OBSOLETE': '1', '_ONLY_OBSOLETE_SAME_BUILD': '1', '__CI_JOB_URL': 'https://gitlab.suse.de/qa-maintenance/bot-ng/-/jobs/5904085', 'RRID': 'SUSE:Maintenance:42101:398980', 'BASE_TEST_ISSUES': '42101', 'INCIDENT_REPO': '', '_PRIORITY': 60, '__SOURCE_CHANGE_URL': 'https://smelt.suse.de/incident/42101', '__DASHBOARD_INCIDENT_URL': 'http://dashboard.qam.suse.de/incident/42101'}}, 'openqa': {'DISTRI': 'sle', 'VERSION': '15-SP7', 'ARCH': 'x86_64', 'FLAVOR': 'Server-DVD-SAP-Incidents', 'INCIDENT_ID': 42101, 'REPOHASH': 1768387888, 'BUILD': ':42101:libsoup', '_OBSOLETE': '1', '_ONLY_OBSOLETE_SAME_BUILD': '1', '__CI_JOB_URL': 'https://gitlab.suse.de/qa-maintenance/bot-ng/-/jobs/5904085', 'RRID': 'SUSE:Maintenance:42101:398980', 'BASE_TEST_ISSUES': '42101', 'INCIDENT_REPO': '', '_PRIORITY': 60, '__SOURCE_CHANGE_URL': 'https://smelt.suse.de/incident/42101', '__DASHBOARD_INCIDENT_URL': 'http://dashboard.qam.suse.de/incident/42101'}}
2026-01-15 14:32:46 INFO     openqa-cli api --host https://openqa.suse.de -X post isos DISTRI=sle VERSION=15-SP7 ARCH=x86_64 FLAVOR=Server-DVD-SAP-Incidents INCIDENT_ID=42101 REPOHASH=1768387888 BUILD=:42101:libsoup _OBSOLETE=1 _ONLY_OBSOLETE_SAME_BUILD=1 __CI_JOB_URL=https://gitlab.suse.de/qa-maintenance/bot-ng/-/jobs/5904085 RRID=SUSE:Maintenance:42101:398980 BASE_TEST_ISSUES=42101 INCIDENT_REPO= _PRIORITY=60 __SOURCE_CHANGE_URL=https://smelt.suse.de/incident/42101 __DASHBOARD_INCIDENT_URL=http://dashboard.qam.suse.de/incident/42101
2026-01-15 14:32:46 INFO     Dashboard update successful: Status 200, Database ID 2318530
2026-01-15 14:32:46 INFO     Triggering job: {'api': 'api/incident_settings', 'qem': {'incident': 42102, 'arch': 'x86_64', 'flavor': 'Server-DVD-SAP-Incidents', 'version': '15-SP7', 'withAggregate': False, 'settings': {'DISTRI': 'sle', 'VERSION': '15-SP7', 'ARCH': 'x86_64', 'FLAVOR': 'Server-DVD-SAP-Incidents', 'INCIDENT_ID': 42102, 'REPOHASH': 1768409559, 'BUILD': ':42102:libsoup2', '_OBSOLETE': '1', '_ONLY_OBSOLETE_SAME_BUILD': '1', '__CI_JOB_URL': 'https://gitlab.suse.de/qa-maintenance/bot-ng/-/jobs/5904085', 'RRID': 'SUSE:Maintenance:42102:398972', 'BASE_TEST_ISSUES': '42102', 'INCIDENT_REPO': '', '_PRIORITY': 60, '__SOURCE_CHANGE_URL': 'https://smelt.suse.de/incident/42102', '__DASHBOARD_INCIDENT_URL': 'http://dashboard.qam.suse.de/incident/42102'}}, 'openqa': {'DISTRI': 'sle', 'VERSION': '15-SP7', 'ARCH': 'x86_64', 'FLAVOR': 'Server-DVD-SAP-Incidents', 'INCIDENT_ID': 42102, 'REPOHASH': 1768409559, 'BUILD': ':42102:libsoup2', '_OBSOLETE': '1', '_ONLY_OBSOLETE_SAME_BUILD': '1', '__CI_JOB_URL': 'https://gitlab.suse.de/qa-maintenance/bot-ng/-/jobs/5904085', 'RRID': 'SUSE:Maintenance:42102:398972', 'BASE_TEST_ISSUES': '42102', 'INCIDENT_REPO': '', '_PRIORITY': 60, '__SOURCE_CHANGE_URL': 'https://smelt.suse.de/incident/42102', '__DASHBOARD_INCIDENT_URL': 'http://dashboard.qam.suse.de/incident/42102'}}
2026-01-15 14:32:46 INFO     openqa-cli api --host https://openqa.suse.de -X post isos DISTRI=sle VERSION=15-SP7 ARCH=x86_64 FLAVOR=Server-DVD-SAP-Incidents INCIDENT_ID=42102 REPOHASH=1768409559 BUILD=:42102:libsoup2 _OBSOLETE=1 _ONLY_OBSOLETE_SAME_BUILD=1 __CI_JOB_URL=https://gitlab.suse.de/qa-maintenance/bot-ng/-/jobs/5904085 RRID=SUSE:Maintenance:42102:398972 BASE_TEST_ISSUES=42102 INCIDENT_REPO= _PRIORITY=60 __SOURCE_CHANGE_URL=https://smelt.suse.de/incident/42102 __DASHBOARD_INCIDENT_URL=http://dashboard.qam.suse.de/incident/42102
2026-01-15 14:32:46 INFO     Dashboard update successful: Status 200, Database ID 2318531
2026-01-15 14:32:46 INFO     Triggering job: {'api': 'api/incident_settings', 'qem': {'incident': 42226, 'arch': 'x86_64', 'flavor': 'Server-DVD-SAP-Incidents', 'version': '15-SP7', 'withAggregate': False, 'settings': {'DISTRI': 'sle', 'VERSION': '15-SP7', 'ARCH': 'x86_64', 'FLAVOR': 'Server-DVD-SAP-Incidents', 'INCIDENT_ID': 42226, 'REPOHASH': 1768382386, 'BUILD': ':42226:supportutils', '_OBSOLETE': '1', '_ONLY_OBSOLETE_SAME_BUILD': '1', '__CI_JOB_URL': 'https://gitlab.suse.de/qa-maintenance/bot-ng/-/jobs/5904085', 'RRID': 'SUSE:Maintenance:42226:398973', 'BASE_TEST_ISSUES': '42226', 'INCIDENT_REPO': '', '_PRIORITY': 60, '__SOURCE_CHANGE_URL': 'https://smelt.suse.de/incident/42226', '__DASHBOARD_INCIDENT_URL': 'http://dashboard.qam.suse.de/incident/42226'}}, 'openqa': {'DISTRI': 'sle', 'VERSION': '15-SP7', 'ARCH': 'x86_64', 'FLAVOR': 'Server-DVD-SAP-Incidents', 'INCIDENT_ID': 42226, 'REPOHASH': 1768382386, 'BUILD': ':42226:supportutils', '_OBSOLETE': '1', '_ONLY_OBSOLETE_SAME_BUILD': '1', '__CI_JOB_URL': 'https://gitlab.suse.de/qa-maintenance/bot-ng/-/jobs/5904085', 'RRID': 'SUSE:Maintenance:42226:398973', 'BASE_TEST_ISSUES': '42226', 'INCIDENT_REPO': '', '_PRIORITY': 60, '__SOURCE_CHANGE_URL': 'https://smelt.suse.de/incident/42226', '__DASHBOARD_INCIDENT_URL': 'http://dashboard.qam.suse.de/incident/42226'}}
2026-01-15 14:32:46 INFO     openqa-cli api --host https://openqa.suse.de -X post isos DISTRI=sle VERSION=15-SP7 ARCH=x86_64 FLAVOR=Server-DVD-SAP-Incidents INCIDENT_ID=42226 REPOHASH=1768382386 BUILD=:42226:supportutils _OBSOLETE=1 _ONLY_OBSOLETE_SAME_BUILD=1 __CI_JOB_URL=https://gitlab.suse.de/qa-maintenance/bot-ng/-/jobs/5904085 RRID=SUSE:Maintenance:42226:398973 BASE_TEST_ISSUES=42226 INCIDENT_REPO= _PRIORITY=60 __SOURCE_CHANGE_URL=https://smelt.suse.de/incident/42226 __DASHBOARD_INCIDENT_URL=http://dashboard.qam.suse.de/incident/42226
2026-01-15 14:32:46 INFO     Dashboard update successful: Status 200, Database ID 2318532
2026-01-15 14:32:46 INFO     Triggering job: {'api': 'api/incident_settings', 'qem': {'incident': 42229, 'arch': 'x86_64', 'flavor': 'Server-DVD-SAP-Incidents', 'version': '15-SP7', 'withAggregate': False, 'settings': {'DISTRI': 'sle', 'VERSION': '15-SP7', 'ARCH': 'x86_64', 'FLAVOR': 'Server-DVD-SAP-Incidents', 'INCIDENT_ID': 42229, 'REPOHASH': 1768403670, 'BUILD': ':42229:dtb-armv7l', '_OBSOLETE': '1', '_ONLY_OBSOLETE_SAME_BUILD': '1', '__CI_JOB_URL': 'https://gitlab.suse.de/qa-maintenance/bot-ng/-/jobs/5904085', 'RRID': 'SUSE:Maintenance:42229:398981', 'BASE_TEST_ISSUES': '42229', 'HA_TEST_ISSUES': '42229', 'SDK_TEST_ISSUES': '42229', 'INCIDENT_REPO': '', '_PRIORITY': 60, '__SOURCE_CHANGE_URL': 'https://smelt.suse.de/incident/42229', '__DASHBOARD_INCIDENT_URL': 'http://dashboard.qam.suse.de/incident/42229'}}, 'openqa': {'DISTRI': 'sle', 'VERSION': '15-SP7', 'ARCH': 'x86_64', 'FLAVOR': 'Server-DVD-SAP-Incidents', 'INCIDENT_ID': 42229, 'REPOHASH': 1768403670, 'BUILD': ':42229:dtb-armv7l', '_OBSOLETE': '1', '_ONLY_OBSOLETE_SAME_BUILD': '1', '__CI_JOB_URL': 'https://gitlab.suse.de/qa-maintenance/bot-ng/-/jobs/5904085', 'RRID': 'SUSE:Maintenance:42229:398981', 'BASE_TEST_ISSUES': '42229', 'HA_TEST_ISSUES': '42229', 'SDK_TEST_ISSUES': '42229', 'INCIDENT_REPO': '', '_PRIORITY': 60, '__SOURCE_CHANGE_URL': 'https://smelt.suse.de/incident/42229', '__DASHBOARD_INCIDENT_URL': 'http://dashboard.qam.suse.de/incident/42229'}}
2026-01-15 14:32:46 INFO     openqa-cli api --host https://openqa.suse.de -X post isos DISTRI=sle VERSION=15-SP7 ARCH=x86_64 FLAVOR=Server-DVD-SAP-Incidents INCIDENT_ID=42229 REPOHASH=1768403670 BUILD=:42229:dtb-armv7l _OBSOLETE=1 _ONLY_OBSOLETE_SAME_BUILD=1 __CI_JOB_URL=https://gitlab.suse.de/qa-maintenance/bot-ng/-/jobs/5904085 RRID=SUSE:Maintenance:42229:398981 BASE_TEST_ISSUES=42229 HA_TEST_ISSUES=42229 SDK_TEST_ISSUES=42229 INCIDENT_REPO= _PRIORITY=60 __SOURCE_CHANGE_URL=https://smelt.suse.de/incident/42229 __DASHBOARD_INCIDENT_URL=http://dashboard.qam.suse.de/incident/42229
2026-01-15 14:32:46 INFO     Dashboard update successful: Status 200, Database ID 2318533
2026-01-15 14:32:46 INFO     Triggering job: {'api': 'api/incident_settings', 'qem': {'incident': 42101, 'arch': 'x86_64', 'flavor': 'Server-DVD-SAP-Incidents-Install', 'version': '15-SP7', 'withAggregate': True, 'settings': {'DISTRI': 'sle', 'VERSION': '15-SP7', 'ARCH': 'x86_64', 'FLAVOR': 'Server-DVD-SAP-Incidents-Install', 'INCIDENT_ID': 42101, 'REPOHASH': 1768387888, 'BUILD': ':42101:libsoup', '_OBSOLETE': '1', '_ONLY_OBSOLETE_SAME_BUILD': '1', '__CI_JOB_URL': 'https://gitlab.suse.de/qa-maintenance/bot-ng/-/jobs/5904085', 'RRID': 'SUSE:Maintenance:42101:398980', 'BASE_TEST_ISSUES': '42101', 'INCIDENT_REPO': '', '_PRIORITY': 60, '__SOURCE_CHANGE_URL': 'https://smelt.suse.de/incident/42101', '__DASHBOARD_INCIDENT_URL': 'http://dashboard.qam.suse.de/incident/42101'}}, 'openqa': {'DISTRI': 'sle', 'VERSION': '15-SP7', 'ARCH': 'x86_64', 'FLAVOR': 'Server-DVD-SAP-Incidents-Install', 'INCIDENT_ID': 42101, 'REPOHASH': 1768387888, 'BUILD': ':42101:libsoup', '_OBSOLETE': '1', '_ONLY_OBSOLETE_SAME_BUILD': '1', '__CI_JOB_URL': 'https://gitlab.suse.de/qa-maintenance/bot-ng/-/jobs/5904085', 'RRID': 'SUSE:Maintenance:42101:398980', 'BASE_TEST_ISSUES': '42101', 'INCIDENT_REPO': '', '_PRIORITY': 60, '__SOURCE_CHANGE_URL': 'https://smelt.suse.de/incident/42101', '__DASHBOARD_INCIDENT_URL': 'http://dashboard.qam.suse.de/incident/42101'}}
2026-01-15 14:32:46 INFO     openqa-cli api --host https://openqa.suse.de -X post isos DISTRI=sle VERSION=15-SP7 ARCH=x86_64 FLAVOR=Server-DVD-SAP-Incidents-Install INCIDENT_ID=42101 REPOHASH=1768387888 BUILD=:42101:libsoup _OBSOLETE=1 _ONLY_OBSOLETE_SAME_BUILD=1 __CI_JOB_URL=https://gitlab.suse.de/qa-maintenance/bot-ng/-/jobs/5904085 RRID=SUSE:Maintenance:42101:398980 BASE_TEST_ISSUES=42101 INCIDENT_REPO= _PRIORITY=60 __SOURCE_CHANGE_URL=https://smelt.suse.de/incident/42101 __DASHBOARD_INCIDENT_URL=http://dashboard.qam.suse.de/incident/42101
2026-01-15 14:32:47 INFO     Dashboard update successful: Status 200, Database ID 2318534
2026-01-15 14:32:47 INFO     Triggering job: {'api': 'api/incident_settings', 'qem': {'incident': 42102, 'arch': 'x86_64', 'flavor': 'Server-DVD-SAP-Incidents-Install', 'version': '15-SP7', 'withAggregate': True, 'settings': {'DISTRI': 'sle', 'VERSION': '15-SP7', 'ARCH': 'x86_64', 'FLAVOR': 'Server-DVD-SAP-Incidents-Install', 'INCIDENT_ID': 42102, 'REPOHASH': 1768409559, 'BUILD': ':42102:libsoup2', '_OBSOLETE': '1', '_ONLY_OBSOLETE_SAME_BUILD': '1', '__CI_JOB_URL': 'https://gitlab.suse.de/qa-maintenance/bot-ng/-/jobs/5904085', 'RRID': 'SUSE:Maintenance:42102:398972', 'BASE_TEST_ISSUES': '42102', 'INCIDENT_REPO': '', '_PRIORITY': 60, '__SOURCE_CHANGE_URL': 'https://smelt.suse.de/incident/42102', '__DASHBOARD_INCIDENT_URL': 'http://dashboard.qam.suse.de/incident/42102'}}, 'openqa': {'DISTRI': 'sle', 'VERSION': '15-SP7', 'ARCH': 'x86_64', 'FLAVOR': 'Server-DVD-SAP-Incidents-Install', 'INCIDENT_ID': 42102, 'REPOHASH': 1768409559, 'BUILD': ':42102:libsoup2', '_OBSOLETE': '1', '_ONLY_OBSOLETE_SAME_BUILD': '1', '__CI_JOB_URL': 'https://gitlab.suse.de/qa-maintenance/bot-ng/-/jobs/5904085', 'RRID': 'SUSE:Maintenance:42102:398972', 'BASE_TEST_ISSUES': '42102', 'INCIDENT_REPO': '', '_PRIORITY': 60, '__SOURCE_CHANGE_URL': 'https://smelt.suse.de/incident/42102', '__DASHBOARD_INCIDENT_URL': 'http://dashboard.qam.suse.de/incident/42102'}}
2026-01-15 14:32:47 INFO     openqa-cli api --host https://openqa.suse.de -X post isos DISTRI=sle VERSION=15-SP7 ARCH=x86_64 FLAVOR=Server-DVD-SAP-Incidents-Install INCIDENT_ID=42102 REPOHASH=1768409559 BUILD=:42102:libsoup2 _OBSOLETE=1 _ONLY_OBSOLETE_SAME_BUILD=1 __CI_JOB_URL=https://gitlab.suse.de/qa-maintenance/bot-ng/-/jobs/5904085 RRID=SUSE:Maintenance:42102:398972 BASE_TEST_ISSUES=42102 INCIDENT_REPO= _PRIORITY=60 __SOURCE_CHANGE_URL=https://smelt.suse.de/incident/42102 __DASHBOARD_INCIDENT_URL=http://dashboard.qam.suse.de/incident/42102
2026-01-15 14:32:47 INFO     Dashboard update successful: Status 200, Database ID 2318535
2026-01-15 14:32:47 INFO     Triggering job: {'api': 'api/incident_settings', 'qem': {'incident': 42226, 'arch': 'x86_64', 'flavor': 'Server-DVD-SAP-Incidents-Install', 'version': '15-SP7', 'withAggregate': True, 'settings': {'DISTRI': 'sle', 'VERSION': '15-SP7', 'ARCH': 'x86_64', 'FLAVOR': 'Server-DVD-SAP-Incidents-Install', 'INCIDENT_ID': 42226, 'REPOHASH': 1768382386, 'BUILD': ':42226:supportutils', '_OBSOLETE': '1', '_ONLY_OBSOLETE_SAME_BUILD': '1', '__CI_JOB_URL': 'https://gitlab.suse.de/qa-maintenance/bot-ng/-/jobs/5904085', 'RRID': 'SUSE:Maintenance:42226:398973', 'BASE_TEST_ISSUES': '42226', 'INCIDENT_REPO': '', '_PRIORITY': 60, '__SOURCE_CHANGE_URL': 'https://smelt.suse.de/incident/42226', '__DASHBOARD_INCIDENT_URL': 'http://dashboard.qam.suse.de/incident/42226'}}, 'openqa': {'DISTRI': 'sle', 'VERSION': '15-SP7', 'ARCH': 'x86_64', 'FLAVOR': 'Server-DVD-SAP-Incidents-Install', 'INCIDENT_ID': 42226, 'REPOHASH': 1768382386, 'BUILD': ':42226:supportutils', '_OBSOLETE': '1', '_ONLY_OBSOLETE_SAME_BUILD': '1', '__CI_JOB_URL': 'https://gitlab.suse.de/qa-maintenance/bot-ng/-/jobs/5904085', 'RRID': 'SUSE:Maintenance:42226:398973', 'BASE_TEST_ISSUES': '42226', 'INCIDENT_REPO': '', '_PRIORITY': 60, '__SOURCE_CHANGE_URL': 'https://smelt.suse.de/incident/42226', '__DASHBOARD_INCIDENT_URL': 'http://dashboard.qam.suse.de/incident/42226'}}
2026-01-15 14:32:47 INFO     openqa-cli api --host https://openqa.suse.de -X post isos DISTRI=sle VERSION=15-SP7 ARCH=x86_64 FLAVOR=Server-DVD-SAP-Incidents-Install INCIDENT_ID=42226 REPOHASH=1768382386 BUILD=:42226:supportutils _OBSOLETE=1 _ONLY_OBSOLETE_SAME_BUILD=1 __CI_JOB_URL=https://gitlab.suse.de/qa-maintenance/bot-ng/-/jobs/5904085 RRID=SUSE:Maintenance:42226:398973 BASE_TEST_ISSUES=42226 INCIDENT_REPO= _PRIORITY=60 __SOURCE_CHANGE_URL=https://smelt.suse.de/incident/42226 __DASHBOARD_INCIDENT_URL=http://dashboard.qam.suse.de/incident/42226
2026-01-15 14:32:47 INFO     Dashboard update successful: Status 200, Database ID 2318536
2026-01-15 14:32:47 INFO     Triggering job: {'api': 'api/incident_settings', 'qem': {'incident': 42229, 'arch': 'x86_64', 'flavor': 'Server-DVD-SAP-Incidents-Install', 'version': '15-SP7', 'withAggregate': True, 'settings': {'DISTRI': 'sle', 'VERSION': '15-SP7', 'ARCH': 'x86_64', 'FLAVOR': 'Server-DVD-SAP-Incidents-Install', 'INCIDENT_ID': 42229, 'REPOHASH': 1768403670, 'BUILD': ':42229:dtb-armv7l', '_OBSOLETE': '1', '_ONLY_OBSOLETE_SAME_BUILD': '1', '__CI_JOB_URL': 'https://gitlab.suse.de/qa-maintenance/bot-ng/-/jobs/5904085', 'RRID': 'SUSE:Maintenance:42229:398981', 'BASE_TEST_ISSUES': '42229', 'HA_TEST_ISSUES': '42229', 'SDK_TEST_ISSUES': '42229', 'INCIDENT_REPO': '', '_PRIORITY': 60, '__SOURCE_CHANGE_URL': 'https://smelt.suse.de/incident/42229', '__DASHBOARD_INCIDENT_URL': 'http://dashboard.qam.suse.de/incident/42229'}}, 'openqa': {'DISTRI': 'sle', 'VERSION': '15-SP7', 'ARCH': 'x86_64', 'FLAVOR': 'Server-DVD-SAP-Incidents-Install', 'INCIDENT_ID': 42229, 'REPOHASH': 1768403670, 'BUILD': ':42229:dtb-armv7l', '_OBSOLETE': '1', '_ONLY_OBSOLETE_SAME_BUILD': '1', '__CI_JOB_URL': 'https://gitlab.suse.de/qa-maintenance/bot-ng/-/jobs/5904085', 'RRID': 'SUSE:Maintenance:42229:398981', 'BASE_TEST_ISSUES': '42229', 'HA_TEST_ISSUES': '42229', 'SDK_TEST_ISSUES': '42229', 'INCIDENT_REPO': '', '_PRIORITY': 60, '__SOURCE_CHANGE_URL': 'https://smelt.suse.de/incident/42229', '__DASHBOARD_INCIDENT_URL': 'http://dashboard.qam.suse.de/incident/42229'}}
2026-01-15 14:32:47 INFO     openqa-cli api --host https://openqa.suse.de -X post isos DISTRI=sle VERSION=15-SP7 ARCH=x86_64 FLAVOR=Server-DVD-SAP-Incidents-Install INCIDENT_ID=42229 REPOHASH=1768403670 BUILD=:42229:dtb-armv7l _OBSOLETE=1 _ONLY_OBSOLETE_SAME_BUILD=1 __CI_JOB_URL=https://gitlab.suse.de/qa-maintenance/bot-ng/-/jobs/5904085 RRID=SUSE:Maintenance:42229:398981 BASE_TEST_ISSUES=42229 HA_TEST_ISSUES=42229 SDK_TEST_ISSUES=42229 INCIDENT_REPO= _PRIORITY=60 __SOURCE_CHANGE_URL=https://smelt.suse.de/incident/42229 __DASHBOARD_INCIDENT_URL=http://dashboard.qam.suse.de/incident/42229
2026-01-15 14:32:47 INFO     Dashboard update successful: Status 200, Database ID 2318537
2026-01-15 14:32:47 INFO     Triggering job: {'api': 'api/incident_settings', 'qem': {'incident': 42101, 'arch': 'ppc64le', 'flavor': 'Server-DVD-SAP-Incidents-Install', 'version': '15-SP7', 'withAggregate': True, 'settings': {'DISTRI': 'sle', 'VERSION': '15-SP7', 'ARCH': 'ppc64le', 'FLAVOR': 'Server-DVD-SAP-Incidents-Install', 'INCIDENT_ID': 42101, 'REPOHASH': 1768387903, 'BUILD': ':42101:libsoup', '_OBSOLETE': '1', '_ONLY_OBSOLETE_SAME_BUILD': '1', '__CI_JOB_URL': 'https://gitlab.suse.de/qa-maintenance/bot-ng/-/jobs/5904085', 'RRID': 'SUSE:Maintenance:42101:398980', 'BASE_TEST_ISSUES': '42101', 'INCIDENT_REPO': '', '_PRIORITY': 60, '__SOURCE_CHANGE_URL': 'https://smelt.suse.de/incident/42101', '__DASHBOARD_INCIDENT_URL': 'http://dashboard.qam.suse.de/incident/42101'}}, 'openqa': {'DISTRI': 'sle', 'VERSION': '15-SP7', 'ARCH': 'ppc64le', 'FLAVOR': 'Server-DVD-SAP-Incidents-Install', 'INCIDENT_ID': 42101, 'REPOHASH': 1768387903, 'BUILD': ':42101:libsoup', '_OBSOLETE': '1', '_ONLY_OBSOLETE_SAME_BUILD': '1', '__CI_JOB_URL': 'https://gitlab.suse.de/qa-maintenance/bot-ng/-/jobs/5904085', 'RRID': 'SUSE:Maintenance:42101:398980', 'BASE_TEST_ISSUES': '42101', 'INCIDENT_REPO': '', '_PRIORITY': 60, '__SOURCE_CHANGE_URL': 'https://smelt.suse.de/incident/42101', '__DASHBOARD_INCIDENT_URL': 'http://dashboard.qam.suse.de/incident/42101'}}
2026-01-15 14:32:47 INFO     openqa-cli api --host https://openqa.suse.de -X post isos DISTRI=sle VERSION=15-SP7 ARCH=ppc64le FLAVOR=Server-DVD-SAP-Incidents-Install INCIDENT_ID=42101 REPOHASH=1768387903 BUILD=:42101:libsoup _OBSOLETE=1 _ONLY_OBSOLETE_SAME_BUILD=1 __CI_JOB_URL=https://gitlab.suse.de/qa-maintenance/bot-ng/-/jobs/5904085 RRID=SUSE:Maintenance:42101:398980 BASE_TEST_ISSUES=42101 INCIDENT_REPO= _PRIORITY=60 __SOURCE_CHANGE_URL=https://smelt.suse.de/incident/42101 __DASHBOARD_INCIDENT_URL=http://dashboard.qam.suse.de/incident/42101
2026-01-15 14:32:47 INFO     Dashboard update successful: Status 200, Database ID 2318538
2026-01-15 14:32:47 INFO     Triggering job: {'api': 'api/incident_settings', 'qem': {'incident': 42102, 'arch': 'ppc64le', 'flavor': 'Server-DVD-SAP-Incidents-Install', 'version': '15-SP7', 'withAggregate': True, 'settings': {'DISTRI': 'sle', 'VERSION': '15-SP7', 'ARCH': 'ppc64le', 'FLAVOR': 'Server-DVD-SAP-Incidents-Install', 'INCIDENT_ID': 42102, 'REPOHASH': 1768409553, 'BUILD': ':42102:libsoup2', '_OBSOLETE': '1', '_ONLY_OBSOLETE_SAME_BUILD': '1', '__CI_JOB_URL': 'https://gitlab.suse.de/qa-maintenance/bot-ng/-/jobs/5904085', 'RRID': 'SUSE:Maintenance:42102:398972', 'BASE_TEST_ISSUES': '42102', 'INCIDENT_REPO': '', '_PRIORITY': 60, '__SOURCE_CHANGE_URL': 'https://smelt.suse.de/incident/42102', '__DASHBOARD_INCIDENT_URL': 'http://dashboard.qam.suse.de/incident/42102'}}, 'openqa': {'DISTRI': 'sle', 'VERSION': '15-SP7', 'ARCH': 'ppc64le', 'FLAVOR': 'Server-DVD-SAP-Incidents-Install', 'INCIDENT_ID': 42102, 'REPOHASH': 1768409553, 'BUILD': ':42102:libsoup2', '_OBSOLETE': '1', '_ONLY_OBSOLETE_SAME_BUILD': '1', '__CI_JOB_URL': 'https://gitlab.suse.de/qa-maintenance/bot-ng/-/jobs/5904085', 'RRID': 'SUSE:Maintenance:42102:398972', 'BASE_TEST_ISSUES': '42102', 'INCIDENT_REPO': '', '_PRIORITY': 60, '__SOURCE_CHANGE_URL': 'https://smelt.suse.de/incident/42102', '__DASHBOARD_INCIDENT_URL': 'http://dashboard.qam.suse.de/incident/42102'}}
2026-01-15 14:32:47 INFO     openqa-cli api --host https://openqa.suse.de -X post isos DISTRI=sle VERSION=15-SP7 ARCH=ppc64le FLAVOR=Server-DVD-SAP-Incidents-Install INCIDENT_ID=42102 REPOHASH=1768409553 BUILD=:42102:libsoup2 _OBSOLETE=1 _ONLY_OBSOLETE_SAME_BUILD=1 __CI_JOB_URL=https://gitlab.suse.de/qa-maintenance/bot-ng/-/jobs/5904085 RRID=SUSE:Maintenance:42102:398972 BASE_TEST_ISSUES=42102 INCIDENT_REPO= _PRIORITY=60 __SOURCE_CHANGE_URL=https://smelt.suse.de/incident/42102 __DASHBOARD_INCIDENT_URL=http://dashboard.qam.suse.de/incident/42102
2026-01-15 14:32:47 INFO     Dashboard update successful: Status 200, Database ID 2318539
2026-01-15 14:32:47 INFO     Triggering job: {'api': 'api/incident_settings', 'qem': {'incident': 42226, 'arch': 'ppc64le', 'flavor': 'Server-DVD-SAP-Incidents-Install', 'version': '15-SP7', 'withAggregate': True, 'settings': {'DISTRI': 'sle', 'VERSION': '15-SP7', 'ARCH': 'ppc64le', 'FLAVOR': 'Server-DVD-SAP-Incidents-Install', 'INCIDENT_ID': 42226, 'REPOHASH': 1768382427, 'BUILD': ':42226:supportutils', '_OBSOLETE': '1', '_ONLY_OBSOLETE_SAME_BUILD': '1', '__CI_JOB_URL': 'https://gitlab.suse.de/qa-maintenance/bot-ng/-/jobs/5904085', 'RRID': 'SUSE:Maintenance:42226:398973', 'BASE_TEST_ISSUES': '42226', 'INCIDENT_REPO': '', '_PRIORITY': 60, '__SOURCE_CHANGE_URL': 'https://smelt.suse.de/incident/42226', '__DASHBOARD_INCIDENT_URL': 'http://dashboard.qam.suse.de/incident/42226'}}, 'openqa': {'DISTRI': 'sle', 'VERSION': '15-SP7', 'ARCH': 'ppc64le', 'FLAVOR': 'Server-DVD-SAP-Incidents-Install', 'INCIDENT_ID': 42226, 'REPOHASH': 1768382427, 'BUILD': ':42226:supportutils', '_OBSOLETE': '1', '_ONLY_OBSOLETE_SAME_BUILD': '1', '__CI_JOB_URL': 'https://gitlab.suse.de/qa-maintenance/bot-ng/-/jobs/5904085', 'RRID': 'SUSE:Maintenance:42226:398973', 'BASE_TEST_ISSUES': '42226', 'INCIDENT_REPO': '', '_PRIORITY': 60, '__SOURCE_CHANGE_URL': 'https://smelt.suse.de/incident/42226', '__DASHBOARD_INCIDENT_URL': 'http://dashboard.qam.suse.de/incident/42226'}}
2026-01-15 14:32:47 INFO     openqa-cli api --host https://openqa.suse.de -X post isos DISTRI=sle VERSION=15-SP7 ARCH=ppc64le FLAVOR=Server-DVD-SAP-Incidents-Install INCIDENT_ID=42226 REPOHASH=1768382427 BUILD=:42226:supportutils _OBSOLETE=1 _ONLY_OBSOLETE_SAME_BUILD=1 __CI_JOB_URL=https://gitlab.suse.de/qa-maintenance/bot-ng/-/jobs/5904085 RRID=SUSE:Maintenance:42226:398973 BASE_TEST_ISSUES=42226 INCIDENT_REPO= _PRIORITY=60 __SOURCE_CHANGE_URL=https://smelt.suse.de/incident/42226 __DASHBOARD_INCIDENT_URL=http://dashboard.qam.suse.de/incident/42226
2026-01-15 14:32:47 INFO     Dashboard update successful: Status 200, Database ID 2318541
2026-01-15 14:32:47 INFO     Triggering job: {'api': 'api/incident_settings', 'qem': {'incident': 42229, 'arch': 'ppc64le', 'flavor': 'Server-DVD-SAP-Incidents-Install', 'version': '15-SP7', 'withAggregate': True, 'settings': {'DISTRI': 'sle', 'VERSION': '15-SP7', 'ARCH': 'ppc64le', 'FLAVOR': 'Server-DVD-SAP-Incidents-Install', 'INCIDENT_ID': 42229, 'REPOHASH': 1768406991, 'BUILD': ':42229:dtb-armv7l', '_OBSOLETE': '1', '_ONLY_OBSOLETE_SAME_BUILD': '1', '__CI_JOB_URL': 'https://gitlab.suse.de/qa-maintenance/bot-ng/-/jobs/5904085', 'RRID': 'SUSE:Maintenance:42229:398981', 'BASE_TEST_ISSUES': '42229', 'HA_TEST_ISSUES': '42229', 'SDK_TEST_ISSUES': '42229', 'INCIDENT_REPO': '', '_PRIORITY': 60, '__SOURCE_CHANGE_URL': 'https://smelt.suse.de/incident/42229', '__DASHBOARD_INCIDENT_URL': 'http://dashboard.qam.suse.de/incident/42229'}}, 'openqa': {'DISTRI': 'sle', 'VERSION': '15-SP7', 'ARCH': 'ppc64le', 'FLAVOR': 'Server-DVD-SAP-Incidents-Install', 'INCIDENT_ID': 42229, 'REPOHASH': 1768406991, 'BUILD': ':42229:dtb-armv7l', '_OBSOLETE': '1', '_ONLY_OBSOLETE_SAME_BUILD': '1', '__CI_JOB_URL': 'https://gitlab.suse.de/qa-maintenance/bot-ng/-/jobs/5904085', 'RRID': 'SUSE:Maintenance:42229:398981', 'BASE_TEST_ISSUES': '42229', 'HA_TEST_ISSUES': '42229', 'SDK_TEST_ISSUES': '42229', 'INCIDENT_REPO': '', '_PRIORITY': 60, '__SOURCE_CHANGE_URL': 'https://smelt.suse.de/incident/42229', '__DASHBOARD_INCIDENT_URL': 'http://dashboard.qam.suse.de/incident/42229'}}
2026-01-15 14:32:47 INFO     openqa-cli api --host https://openqa.suse.de -X post isos DISTRI=sle VERSION=15-SP7 ARCH=ppc64le FLAVOR=Server-DVD-SAP-Incidents-Install INCIDENT_ID=42229 REPOHASH=1768406991 BUILD=:42229:dtb-armv7l _OBSOLETE=1 _ONLY_OBSOLETE_SAME_BUILD=1 __CI_JOB_URL=https://gitlab.suse.de/qa-maintenance/bot-ng/-/jobs/5904085 RRID=SUSE:Maintenance:42229:398981 BASE_TEST_ISSUES=42229 HA_TEST_ISSUES=42229 SDK_TEST_ISSUES=42229 INCIDENT_REPO= _PRIORITY=60 __SOURCE_CHANGE_URL=https://smelt.suse.de/incident/42229 __DASHBOARD_INCIDENT_URL=http://dashboard.qam.suse.de/incident/42229
2026-01-15 14:32:47 INFO     Dashboard update successful: Status 200, Database ID 2318542
2026-01-15 14:32:47 INFO     Triggering job: {'api': 'api/incident_settings', 'qem': {'incident': 42229, 'arch': 'x86_64', 'flavor': 'Server-DVD-SAP-Incidents-saptune', 'version': '15-SP7', 'withAggregate': False, 'settings': {'DISTRI': 'sle', 'VERSION': '15-SP7', 'ARCH': 'x86_64', 'FLAVOR': 'Server-DVD-SAP-Incidents-saptune', 'INCIDENT_ID': 42229, 'REPOHASH': 1768403670, 'BUILD': ':42229:dtb-armv7l', '_OBSOLETE': '1', '_ONLY_OBSOLETE_SAME_BUILD': '1', '__CI_JOB_URL': 'https://gitlab.suse.de/qa-maintenance/bot-ng/-/jobs/5904085', 'RRID': 'SUSE:Maintenance:42229:398981', 'BASE_TEST_ISSUES': '42229', 'HA_TEST_ISSUES': '42229', 'SDK_TEST_ISSUES': '42229', 'INCIDENT_REPO': '', '_PRIORITY': 60, '__SOURCE_CHANGE_URL': 'https://smelt.suse.de/incident/42229', '__DASHBOARD_INCIDENT_URL': 'http://dashboard.qam.suse.de/incident/42229'}}, 'openqa': {'DISTRI': 'sle', 'VERSION': '15-SP7', 'ARCH': 'x86_64', 'FLAVOR': 'Server-DVD-SAP-Incidents-saptune', 'INCIDENT_ID': 42229, 'REPOHASH': 1768403670, 'BUILD': ':42229:dtb-armv7l', '_OBSOLETE': '1', '_ONLY_OBSOLETE_SAME_BUILD': '1', '__CI_JOB_URL': 'https://gitlab.suse.de/qa-maintenance/bot-ng/-/jobs/5904085', 'RRID': 'SUSE:Maintenance:42229:398981', 'BASE_TEST_ISSUES': '42229', 'HA_TEST_ISSUES': '42229', 'SDK_TEST_ISSUES': '42229', 'INCIDENT_REPO': '', '_PRIORITY': 60, '__SOURCE_CHANGE_URL': 'https://smelt.suse.de/incident/42229', '__DASHBOARD_INCIDENT_URL': 'http://dashboard.qam.suse.de/incident/42229'}}
2026-01-15 14:32:47 INFO     openqa-cli api --host https://openqa.suse.de -X post isos DISTRI=sle VERSION=15-SP7 ARCH=x86_64 FLAVOR=Server-DVD-SAP-Incidents-saptune INCIDENT_ID=42229 REPOHASH=1768403670 BUILD=:42229:dtb-armv7l _OBSOLETE=1 _ONLY_OBSOLETE_SAME_BUILD=1 __CI_JOB_URL=https://gitlab.suse.de/qa-maintenance/bot-ng/-/jobs/5904085 RRID=SUSE:Maintenance:42229:398981 BASE_TEST_ISSUES=42229 HA_TEST_ISSUES=42229 SDK_TEST_ISSUES=42229 INCIDENT_REPO= _PRIORITY=60 __SOURCE_CHANGE_URL=https://smelt.suse.de/incident/42229 __DASHBOARD_INCIDENT_URL=http://dashboard.qam.suse.de/incident/42229
2026-01-15 14:32:47 INFO     Dashboard update successful: Status 200, Database ID 2318540
2026-01-15 14:32:47 INFO     Triggering job: {'api': 'api/incident_settings', 'qem': {'incident': 42229, 'arch': 'x86_64', 'flavor': 'Azure-SAP-BYOS-Incidents-saptune', 'version': '15-SP7', 'withAggregate': False, 'settings': {'DISTRI': 'sle', 'VERSION': '15-SP7', 'ARCH': 'x86_64', 'FLAVOR': 'Azure-SAP-BYOS-Incidents-saptune', 'INCIDENT_ID': 42229, 'REPOHASH': 1768403670, 'BUILD': ':42229:dtb-armv7l', '_OBSOLETE': '1', '_ONLY_OBSOLETE_SAME_BUILD': '1', '__CI_JOB_URL': 'https://gitlab.suse.de/qa-maintenance/bot-ng/-/jobs/5904085', 'RRID': 'SUSE:Maintenance:42229:398981', 'BASE_TEST_ISSUES': '42229', 'HA_TEST_ISSUES': '42229', 'SDK_TEST_ISSUES': '42229', 'INCIDENT_REPO': '', '_PRIORITY': 60, 'PUBLIC_CLOUD_IMAGE_ID': 'suse:sles-sap-15-sp7-byos:gen2:latest', '__SOURCE_CHANGE_URL': 'https://smelt.suse.de/incident/42229', '__DASHBOARD_INCIDENT_URL': 'http://dashboard.qam.suse.de/incident/42229'}}, 'openqa': {'DISTRI': 'sle', 'VERSION': '15-SP7', 'ARCH': 'x86_64', 'FLAVOR': 'Azure-SAP-BYOS-Incidents-saptune', 'INCIDENT_ID': 42229, 'REPOHASH': 1768403670, 'BUILD': ':42229:dtb-armv7l', '_OBSOLETE': '1', '_ONLY_OBSOLETE_SAME_BUILD': '1', '__CI_JOB_URL': 'https://gitlab.suse.de/qa-maintenance/bot-ng/-/jobs/5904085', 'RRID': 'SUSE:Maintenance:42229:398981', 'BASE_TEST_ISSUES': '42229', 'HA_TEST_ISSUES': '42229', 'SDK_TEST_ISSUES': '42229', 'INCIDENT_REPO': '', '_PRIORITY': 60, 'PUBLIC_CLOUD_IMAGE_ID': 'suse:sles-sap-15-sp7-byos:gen2:latest', '__SOURCE_CHANGE_URL': 'https://smelt.suse.de/incident/42229', '__DASHBOARD_INCIDENT_URL': 'http://dashboard.qam.suse.de/incident/42229'}}
2026-01-15 14:32:47 INFO     openqa-cli api --host https://openqa.suse.de -X post isos DISTRI=sle VERSION=15-SP7 ARCH=x86_64 FLAVOR=Azure-SAP-BYOS-Incidents-saptune INCIDENT_ID=42229 REPOHASH=1768403670 BUILD=:42229:dtb-armv7l _OBSOLETE=1 _ONLY_OBSOLETE_SAME_BUILD=1 __CI_JOB_URL=https://gitlab.suse.de/qa-maintenance/bot-ng/-/jobs/5904085 RRID=SUSE:Maintenance:42229:398981 BASE_TEST_ISSUES=42229 HA_TEST_ISSUES=42229 SDK_TEST_ISSUES=42229 INCIDENT_REPO= _PRIORITY=60 PUBLIC_CLOUD_IMAGE_ID=suse:sles-sap-15-sp7-byos:gen2:latest __SOURCE_CHANGE_URL=https://smelt.suse.de/incident/42229 __DASHBOARD_INCIDENT_URL=http://dashboard.qam.suse.de/incident/42229
2026-01-15 14:32:47 INFO     Dashboard update successful: Status 200, Database ID 2318543
2026-01-15 14:32:47 INFO     Triggering job: {'api': 'api/incident_settings', 'qem': {'incident': 42229, 'arch': 'x86_64', 'flavor': 'Azure-SAP-PAYG-Incidents-saptune', 'version': '15-SP7', 'withAggregate': False, 'settings': {'DISTRI': 'sle', 'VERSION': '15-SP7', 'ARCH': 'x86_64', 'FLAVOR': 'Azure-SAP-PAYG-Incidents-saptune', 'INCIDENT_ID': 42229, 'REPOHASH': 1768403670, 'BUILD': ':42229:dtb-armv7l', '_OBSOLETE': '1', '_ONLY_OBSOLETE_SAME_BUILD': '1', '__CI_JOB_URL': 'https://gitlab.suse.de/qa-maintenance/bot-ng/-/jobs/5904085', 'RRID': 'SUSE:Maintenance:42229:398981', 'BASE_TEST_ISSUES': '42229', 'HA_TEST_ISSUES': '42229', 'SDK_TEST_ISSUES': '42229', 'INCIDENT_REPO': '', '_PRIORITY': 60, 'PUBLIC_CLOUD_IMAGE_ID': 'suse:sles-sap-15-sp7:gen2:latest', '__SOURCE_CHANGE_URL': 'https://smelt.suse.de/incident/42229', '__DASHBOARD_INCIDENT_URL': 'http://dashboard.qam.suse.de/incident/42229'}}, 'openqa': {'DISTRI': 'sle', 'VERSION': '15-SP7', 'ARCH': 'x86_64', 'FLAVOR': 'Azure-SAP-PAYG-Incidents-saptune', 'INCIDENT_ID': 42229, 'REPOHASH': 1768403670, 'BUILD': ':42229:dtb-armv7l', '_OBSOLETE': '1', '_ONLY_OBSOLETE_SAME_BUILD': '1', '__CI_JOB_URL': 'https://gitlab.suse.de/qa-maintenance/bot-ng/-/jobs/5904085', 'RRID': 'SUSE:Maintenance:42229:398981', 'BASE_TEST_ISSUES': '42229', 'HA_TEST_ISSUES': '42229', 'SDK_TEST_ISSUES': '42229', 'INCIDENT_REPO': '', '_PRIORITY': 60, 'PUBLIC_CLOUD_IMAGE_ID': 'suse:sles-sap-15-sp7:gen2:latest', '__SOURCE_CHANGE_URL': 'https://smelt.suse.de/incident/42229', '__DASHBOARD_INCIDENT_URL': 'http://dashboard.qam.suse.de/incident/42229'}}
2026-01-15 14:32:47 INFO     openqa-cli api --host https://openqa.suse.de -X post isos DISTRI=sle VERSION=15-SP7 ARCH=x86_64 FLAVOR=Azure-SAP-PAYG-Incidents-saptune INCIDENT_ID=42229 REPOHASH=1768403670 BUILD=:42229:dtb-armv7l _OBSOLETE=1 _ONLY_OBSOLETE_SAME_BUILD=1 __CI_JOB_URL=https://gitlab.suse.de/qa-maintenance/bot-ng/-/jobs/5904085 RRID=SUSE:Maintenance:42229:398981 BASE_TEST_ISSUES=42229 HA_TEST_ISSUES=42229 SDK_TEST_ISSUES=42229 INCIDENT_REPO= _PRIORITY=60 PUBLIC_CLOUD_IMAGE_ID=suse:sles-sap-15-sp7:gen2:latest __SOURCE_CHANGE_URL=https://smelt.suse.de/incident/42229 __DASHBOARD_INCIDENT_URL=http://dashboard.qam.suse.de/incident/42229
2026-01-15 14:32:47 INFO     Dashboard update successful: Status 200, Database ID 2318544
2026-01-15 14:32:47 INFO     Triggering job: {'api': 'api/incident_settings', 'qem': {'incident': 42229, 'arch': 'x86_64', 'flavor': 'EC2-SAP-BYOS-Incidents-saptune', 'version': '15-SP7', 'withAggregate': False, 'settings': {'DISTRI': 'sle', 'VERSION': '15-SP7', 'ARCH': 'x86_64', 'FLAVOR': 'EC2-SAP-BYOS-Incidents-saptune', 'INCIDENT_ID': 42229, 'REPOHASH': 1768403670, 'BUILD': ':42229:dtb-armv7l', '_OBSOLETE': '1', '_ONLY_OBSOLETE_SAME_BUILD': '1', '__CI_JOB_URL': 'https://gitlab.suse.de/qa-maintenance/bot-ng/-/jobs/5904085', 'RRID': 'SUSE:Maintenance:42229:398981', 'BASE_TEST_ISSUES': '42229', 'HA_TEST_ISSUES': '42229', 'SDK_TEST_ISSUES': '42229', 'INCIDENT_REPO': '', '_PRIORITY': 60, '__SOURCE_CHANGE_URL': 'https://smelt.suse.de/incident/42229', '__DASHBOARD_INCIDENT_URL': 'http://dashboard.qam.suse.de/incident/42229', 'PUBLIC_CLOUD_IMAGE_ID': 'ami-049a36d9a34372bd5', 'PUBLIC_CLOUD_IMAGE_NAME': 'suse-sles-sap-15-sp7-byos-v20251022-hvm-ssd-x86_64', 'PUBLIC_CLOUD_IMAGE_STATE': 'active', 'PUBLIC_CLOUD_REGION': 'eu-central-1'}}, 'openqa': {'DISTRI': 'sle', 'VERSION': '15-SP7', 'ARCH': 'x86_64', 'FLAVOR': 'EC2-SAP-BYOS-Incidents-saptune', 'INCIDENT_ID': 42229, 'REPOHASH': 1768403670, 'BUILD': ':42229:dtb-armv7l', '_OBSOLETE': '1', '_ONLY_OBSOLETE_SAME_BUILD': '1', '__CI_JOB_URL': 'https://gitlab.suse.de/qa-maintenance/bot-ng/-/jobs/5904085', 'RRID': 'SUSE:Maintenance:42229:398981', 'BASE_TEST_ISSUES': '42229', 'HA_TEST_ISSUES': '42229', 'SDK_TEST_ISSUES': '42229', 'INCIDENT_REPO': '', '_PRIORITY': 60, '__SOURCE_CHANGE_URL': 'https://smelt.suse.de/incident/42229', '__DASHBOARD_INCIDENT_URL': 'http://dashboard.qam.suse.de/incident/42229', 'PUBLIC_CLOUD_IMAGE_ID': 'ami-049a36d9a34372bd5', 'PUBLIC_CLOUD_IMAGE_NAME': 'suse-sles-sap-15-sp7-byos-v20251022-hvm-ssd-x86_64', 'PUBLIC_CLOUD_IMAGE_STATE': 'active', 'PUBLIC_CLOUD_REGION': 'eu-central-1'}}
2026-01-15 14:32:47 INFO     openqa-cli api --host https://openqa.suse.de -X post isos DISTRI=sle VERSION=15-SP7 ARCH=x86_64 FLAVOR=EC2-SAP-BYOS-Incidents-saptune INCIDENT_ID=42229 REPOHASH=1768403670 BUILD=:42229:dtb-armv7l _OBSOLETE=1 _ONLY_OBSOLETE_SAME_BUILD=1 __CI_JOB_URL=https://gitlab.suse.de/qa-maintenance/bot-ng/-/jobs/5904085 RRID=SUSE:Maintenance:42229:398981 BASE_TEST_ISSUES=42229 HA_TEST_ISSUES=42229 SDK_TEST_ISSUES=42229 INCIDENT_REPO= _PRIORITY=60 __SOURCE_CHANGE_URL=https://smelt.suse.de/incident/42229 __DASHBOARD_INCIDENT_URL=http://dashboard.qam.suse.de/incident/42229 PUBLIC_CLOUD_IMAGE_ID=ami-049a36d9a34372bd5 PUBLIC_CLOUD_IMAGE_NAME=suse-sles-sap-15-sp7-byos-v20251022-hvm-ssd-x86_64 PUBLIC_CLOUD_IMAGE_STATE=active PUBLIC_CLOUD_REGION=eu-central-1
2026-01-15 14:32:47 INFO     Dashboard update successful: Status 200, Database ID 2318545
2026-01-15 14:32:47 INFO     Triggering job: {'api': 'api/incident_settings', 'qem': {'incident': 42229, 'arch': 'x86_64', 'flavor': 'EC2-SAP-PAYG-Incidents-saptune', 'version': '15-SP7', 'withAggregate': False, 'settings': {'DISTRI': 'sle', 'VERSION': '15-SP7', 'ARCH': 'x86_64', 'FLAVOR': 'EC2-SAP-PAYG-Incidents-saptune', 'INCIDENT_ID': 42229, 'REPOHASH': 1768403670, 'BUILD': ':42229:dtb-armv7l', '_OBSOLETE': '1', '_ONLY_OBSOLETE_SAME_BUILD': '1', '__CI_JOB_URL': 'https://gitlab.suse.de/qa-maintenance/bot-ng/-/jobs/5904085', 'RRID': 'SUSE:Maintenance:42229:398981', 'BASE_TEST_ISSUES': '42229', 'HA_TEST_ISSUES': '42229', 'SDK_TEST_ISSUES': '42229', 'INCIDENT_REPO': '', '_PRIORITY': 60, '__SOURCE_CHANGE_URL': 'https://smelt.suse.de/incident/42229', '__DASHBOARD_INCIDENT_URL': 'http://dashboard.qam.suse.de/incident/42229', 'PUBLIC_CLOUD_IMAGE_ID': 'ami-092b46a383b45a03f', 'PUBLIC_CLOUD_IMAGE_NAME': 'suse-sles-sap-15-sp7-v20251022-hvm-ssd-x86_64', 'PUBLIC_CLOUD_IMAGE_STATE': 'active', 'PUBLIC_CLOUD_REGION': 'eu-central-1'}}, 'openqa': {'DISTRI': 'sle', 'VERSION': '15-SP7', 'ARCH': 'x86_64', 'FLAVOR': 'EC2-SAP-PAYG-Incidents-saptune', 'INCIDENT_ID': 42229, 'REPOHASH': 1768403670, 'BUILD': ':42229:dtb-armv7l', '_OBSOLETE': '1', '_ONLY_OBSOLETE_SAME_BUILD': '1', '__CI_JOB_URL': 'https://gitlab.suse.de/qa-maintenance/bot-ng/-/jobs/5904085', 'RRID': 'SUSE:Maintenance:42229:398981', 'BASE_TEST_ISSUES': '42229', 'HA_TEST_ISSUES': '42229', 'SDK_TEST_ISSUES': '42229', 'INCIDENT_REPO': '', '_PRIORITY': 60, '__SOURCE_CHANGE_URL': 'https://smelt.suse.de/incident/42229', '__DASHBOARD_INCIDENT_URL': 'http://dashboard.qam.suse.de/incident/42229', 'PUBLIC_CLOUD_IMAGE_ID': 'ami-092b46a383b45a03f', 'PUBLIC_CLOUD_IMAGE_NAME': 'suse-sles-sap-15-sp7-v20251022-hvm-ssd-x86_64', 'PUBLIC_CLOUD_IMAGE_STATE': 'active', 'PUBLIC_CLOUD_REGION': 'eu-central-1'}}
2026-01-15 14:32:47 INFO     openqa-cli api --host https://openqa.suse.de -X post isos DISTRI=sle VERSION=15-SP7 ARCH=x86_64 FLAVOR=EC2-SAP-PAYG-Incidents-saptune INCIDENT_ID=42229 REPOHASH=1768403670 BUILD=:42229:dtb-armv7l _OBSOLETE=1 _ONLY_OBSOLETE_SAME_BUILD=1 __CI_JOB_URL=https://gitlab.suse.de/qa-maintenance/bot-ng/-/jobs/5904085 RRID=SUSE:Maintenance:42229:398981 BASE_TEST_ISSUES=42229 HA_TEST_ISSUES=42229 SDK_TEST_ISSUES=42229 INCIDENT_REPO= _PRIORITY=60 __SOURCE_CHANGE_URL=https://smelt.suse.de/incident/42229 __DASHBOARD_INCIDENT_URL=http://dashboard.qam.suse.de/incident/42229 PUBLIC_CLOUD_IMAGE_ID=ami-092b46a383b45a03f PUBLIC_CLOUD_IMAGE_NAME=suse-sles-sap-15-sp7-v20251022-hvm-ssd-x86_64 PUBLIC_CLOUD_IMAGE_STATE=active PUBLIC_CLOUD_REGION=eu-central-1
2026-01-15 14:32:47 INFO     Dashboard update successful: Status 200, Database ID 2318546
2026-01-15 14:32:47 INFO     Triggering job: {'api': 'api/incident_settings', 'qem': {'incident': 42229, 'arch': 'x86_64', 'flavor': 'GCE-SAP-BYOS-Incidents-saptune', 'version': '15-SP7', 'withAggregate': False, 'settings': {'DISTRI': 'sle', 'VERSION': '15-SP7', 'ARCH': 'x86_64', 'FLAVOR': 'GCE-SAP-BYOS-Incidents-saptune', 'INCIDENT_ID': 42229, 'REPOHASH': 1768403670, 'BUILD': ':42229:dtb-armv7l', '_OBSOLETE': '1', '_ONLY_OBSOLETE_SAME_BUILD': '1', '__CI_JOB_URL': 'https://gitlab.suse.de/qa-maintenance/bot-ng/-/jobs/5904085', 'RRID': 'SUSE:Maintenance:42229:398981', 'BASE_TEST_ISSUES': '42229', 'HA_TEST_ISSUES': '42229', 'SDK_TEST_ISSUES': '42229', 'INCIDENT_REPO': '', '_PRIORITY': 60, 'PUBLIC_CLOUD_IMAGE_PROJECT': 'suse-byos-cloud', '__SOURCE_CHANGE_URL': 'https://smelt.suse.de/incident/42229', '__DASHBOARD_INCIDENT_URL': 'http://dashboard.qam.suse.de/incident/42229', 'PUBLIC_CLOUD_IMAGE_ID': 'sles-15-sp7-sap-byos-v20250619-x86-64', 'PUBLIC_CLOUD_IMAGE_NAME': 'sles-15-sp7-sap-byos-v20250619-x86-64', 'PUBLIC_CLOUD_IMAGE_STATE': 'deprecated'}}, 'openqa': {'DISTRI': 'sle', 'VERSION': '15-SP7', 'ARCH': 'x86_64', 'FLAVOR': 'GCE-SAP-BYOS-Incidents-saptune', 'INCIDENT_ID': 42229, 'REPOHASH': 1768403670, 'BUILD': ':42229:dtb-armv7l', '_OBSOLETE': '1', '_ONLY_OBSOLETE_SAME_BUILD': '1', '__CI_JOB_URL': 'https://gitlab.suse.de/qa-maintenance/bot-ng/-/jobs/5904085', 'RRID': 'SUSE:Maintenance:42229:398981', 'BASE_TEST_ISSUES': '42229', 'HA_TEST_ISSUES': '42229', 'SDK_TEST_ISSUES': '42229', 'INCIDENT_REPO': '', '_PRIORITY': 60, 'PUBLIC_CLOUD_IMAGE_PROJECT': 'suse-byos-cloud', '__SOURCE_CHANGE_URL': 'https://smelt.suse.de/incident/42229', '__DASHBOARD_INCIDENT_URL': 'http://dashboard.qam.suse.de/incident/42229', 'PUBLIC_CLOUD_IMAGE_ID': 'sles-15-sp7-sap-byos-v20250619-x86-64', 'PUBLIC_CLOUD_IMAGE_NAME': 'sles-15-sp7-sap-byos-v20250619-x86-64', 'PUBLIC_CLOUD_IMAGE_STATE': 'deprecated'}}
2026-01-15 14:32:47 INFO     openqa-cli api --host https://openqa.suse.de -X post isos DISTRI=sle VERSION=15-SP7 ARCH=x86_64 FLAVOR=GCE-SAP-BYOS-Incidents-saptune INCIDENT_ID=42229 REPOHASH=1768403670 BUILD=:42229:dtb-armv7l _OBSOLETE=1 _ONLY_OBSOLETE_SAME_BUILD=1 __CI_JOB_URL=https://gitlab.suse.de/qa-maintenance/bot-ng/-/jobs/5904085 RRID=SUSE:Maintenance:42229:398981 BASE_TEST_ISSUES=42229 HA_TEST_ISSUES=42229 SDK_TEST_ISSUES=42229 INCIDENT_REPO= _PRIORITY=60 PUBLIC_CLOUD_IMAGE_PROJECT=suse-byos-cloud __SOURCE_CHANGE_URL=https://smelt.suse.de/incident/42229 __DASHBOARD_INCIDENT_URL=http://dashboard.qam.suse.de/incident/42229 PUBLIC_CLOUD_IMAGE_ID=sles-15-sp7-sap-byos-v20250619-x86-64 PUBLIC_CLOUD_IMAGE_NAME=sles-15-sp7-sap-byos-v20250619-x86-64 PUBLIC_CLOUD_IMAGE_STATE=deprecated
2026-01-15 14:32:47 INFO     Dashboard update successful: Status 200, Database ID 2318547
2026-01-15 14:32:47 INFO     Triggering job: {'api': 'api/incident_settings', 'qem': {'incident': 42229, 'arch': 'x86_64', 'flavor': 'GCE-SAP-PAYG-Incidents-saptune', 'version': '15-SP7', 'withAggregate': False, 'settings': {'DISTRI': 'sle', 'VERSION': '15-SP7', 'ARCH': 'x86_64', 'FLAVOR': 'GCE-SAP-PAYG-Incidents-saptune', 'INCIDENT_ID': 42229, 'REPOHASH': 1768403670, 'BUILD': ':42229:dtb-armv7l', '_OBSOLETE': '1', '_ONLY_OBSOLETE_SAME_BUILD': '1', '__CI_JOB_URL': 'https://gitlab.suse.de/qa-maintenance/bot-ng/-/jobs/5904085', 'RRID': 'SUSE:Maintenance:42229:398981', 'BASE_TEST_ISSUES': '42229', 'HA_TEST_ISSUES': '42229', 'SDK_TEST_ISSUES': '42229', 'INCIDENT_REPO': '', '_PRIORITY': 60, 'PUBLIC_CLOUD_IMAGE_PROJECT': 'suse-sap-cloud', '__SOURCE_CHANGE_URL': 'https://smelt.suse.de/incident/42229', '__DASHBOARD_INCIDENT_URL': 'http://dashboard.qam.suse.de/incident/42229', 'PUBLIC_CLOUD_IMAGE_ID': 'sles-15-sp7-sap-v20250619-x86-64', 'PUBLIC_CLOUD_IMAGE_NAME': 'sles-15-sp7-sap-v20250619-x86-64', 'PUBLIC_CLOUD_IMAGE_STATE': 'deprecated'}}, 'openqa': {'DISTRI': 'sle', 'VERSION': '15-SP7', 'ARCH': 'x86_64', 'FLAVOR': 'GCE-SAP-PAYG-Incidents-saptune', 'INCIDENT_ID': 42229, 'REPOHASH': 1768403670, 'BUILD': ':42229:dtb-armv7l', '_OBSOLETE': '1', '_ONLY_OBSOLETE_SAME_BUILD': '1', '__CI_JOB_URL': 'https://gitlab.suse.de/qa-maintenance/bot-ng/-/jobs/5904085', 'RRID': 'SUSE:Maintenance:42229:398981', 'BASE_TEST_ISSUES': '42229', 'HA_TEST_ISSUES': '42229', 'SDK_TEST_ISSUES': '42229', 'INCIDENT_REPO': '', '_PRIORITY': 60, 'PUBLIC_CLOUD_IMAGE_PROJECT': 'suse-sap-cloud', '__SOURCE_CHANGE_URL': 'https://smelt.suse.de/incident/42229', '__DASHBOARD_INCIDENT_URL': 'http://dashboard.qam.suse.de/incident/42229', 'PUBLIC_CLOUD_IMAGE_ID': 'sles-15-sp7-sap-v20250619-x86-64', 'PUBLIC_CLOUD_IMAGE_NAME': 'sles-15-sp7-sap-v20250619-x86-64', 'PUBLIC_CLOUD_IMAGE_STATE': 'deprecated'}}
2026-01-15 14:32:47 INFO     openqa-cli api --host https://openqa.suse.de -X post isos DISTRI=sle VERSION=15-SP7 ARCH=x86_64 FLAVOR=GCE-SAP-PAYG-Incidents-saptune INCIDENT_ID=42229 REPOHASH=1768403670 BUILD=:42229:dtb-armv7l _OBSOLETE=1 _ONLY_OBSOLETE_SAME_BUILD=1 __CI_JOB_URL=https://gitlab.suse.de/qa-maintenance/bot-ng/-/jobs/5904085 RRID=SUSE:Maintenance:42229:398981 BASE_TEST_ISSUES=42229 HA_TEST_ISSUES=42229 SDK_TEST_ISSUES=42229 INCIDENT_REPO= _PRIORITY=60 PUBLIC_CLOUD_IMAGE_PROJECT=suse-sap-cloud __SOURCE_CHANGE_URL=https://smelt.suse.de/incident/42229 __DASHBOARD_INCIDENT_URL=http://dashboard.qam.suse.de/incident/42229 PUBLIC_CLOUD_IMAGE_ID=sles-15-sp7-sap-v20250619-x86-64 PUBLIC_CLOUD_IMAGE_NAME=sles-15-sp7-sap-v20250619-x86-64 PUBLIC_CLOUD_IMAGE_STATE=deprecated
2026-01-15 14:32:47 INFO     Dashboard update successful: Status 200, Database ID 2318548
2026-01-15 14:32:47 INFO     Triggering job: {'api': 'api/incident_settings', 'qem': {'incident': 42226, 'arch': 'x86_64', 'flavor': 'Azure-SAP-BYOS-Incidents', 'version': '15-SP7', 'withAggregate': False, 'settings': {'DISTRI': 'sle', 'VERSION': '15-SP7', 'ARCH': 'x86_64', 'FLAVOR': 'Azure-SAP-BYOS-Incidents', 'INCIDENT_ID': 42226, 'REPOHASH': 1768382386, 'BUILD': ':42226:supportutils', '_OBSOLETE': '1', '_ONLY_OBSOLETE_SAME_BUILD': '1', '__CI_JOB_URL': 'https://gitlab.suse.de/qa-maintenance/bot-ng/-/jobs/5904085', 'RRID': 'SUSE:Maintenance:42226:398973', 'BASE_TEST_ISSUES': '42226', 'INCIDENT_REPO': '', '_PRIORITY': 60, 'PUBLIC_CLOUD_IMAGE_ID': 'suse:sles-sap-15-sp7-byos:gen2:latest', '__SOURCE_CHANGE_URL': 'https://smelt.suse.de/incident/42226', '__DASHBOARD_INCIDENT_URL': 'http://dashboard.qam.suse.de/incident/42226'}}, 'openqa': {'DISTRI': 'sle', 'VERSION': '15-SP7', 'ARCH': 'x86_64', 'FLAVOR': 'Azure-SAP-BYOS-Incidents', 'INCIDENT_ID': 42226, 'REPOHASH': 1768382386, 'BUILD': ':42226:supportutils', '_OBSOLETE': '1', '_ONLY_OBSOLETE_SAME_BUILD': '1', '__CI_JOB_URL': 'https://gitlab.suse.de/qa-maintenance/bot-ng/-/jobs/5904085', 'RRID': 'SUSE:Maintenance:42226:398973', 'BASE_TEST_ISSUES': '42226', 'INCIDENT_REPO': '', '_PRIORITY': 60, 'PUBLIC_CLOUD_IMAGE_ID': 'suse:sles-sap-15-sp7-byos:gen2:latest', '__SOURCE_CHANGE_URL': 'https://smelt.suse.de/incident/42226', '__DASHBOARD_INCIDENT_URL': 'http://dashboard.qam.suse.de/incident/42226'}}
2026-01-15 14:32:47 INFO     openqa-cli api --host https://openqa.suse.de -X post isos DISTRI=sle VERSION=15-SP7 ARCH=x86_64 FLAVOR=Azure-SAP-BYOS-Incidents INCIDENT_ID=42226 REPOHASH=1768382386 BUILD=:42226:supportutils _OBSOLETE=1 _ONLY_OBSOLETE_SAME_BUILD=1 __CI_JOB_URL=https://gitlab.suse.de/qa-maintenance/bot-ng/-/jobs/5904085 RRID=SUSE:Maintenance:42226:398973 BASE_TEST_ISSUES=42226 INCIDENT_REPO= _PRIORITY=60 PUBLIC_CLOUD_IMAGE_ID=suse:sles-sap-15-sp7-byos:gen2:latest __SOURCE_CHANGE_URL=https://smelt.suse.de/incident/42226 __DASHBOARD_INCIDENT_URL=http://dashboard.qam.suse.de/incident/42226
2026-01-15 14:32:47 INFO     Dashboard update successful: Status 200, Database ID 2318549
2026-01-15 14:32:47 INFO     Triggering job: {'api': 'api/incident_settings', 'qem': {'incident': 42229, 'arch': 'x86_64', 'flavor': 'Azure-SAP-BYOS-Incidents', 'version': '15-SP7', 'withAggregate': False, 'settings': {'DISTRI': 'sle', 'VERSION': '15-SP7', 'ARCH': 'x86_64', 'FLAVOR': 'Azure-SAP-BYOS-Incidents', 'INCIDENT_ID': 42229, 'REPOHASH': 1768403670, 'BUILD': ':42229:dtb-armv7l', '_OBSOLETE': '1', '_ONLY_OBSOLETE_SAME_BUILD': '1', '__CI_JOB_URL': 'https://gitlab.suse.de/qa-maintenance/bot-ng/-/jobs/5904085', 'RRID': 'SUSE:Maintenance:42229:398981', 'BASE_TEST_ISSUES': '42229', 'HA_TEST_ISSUES': '42229', 'SDK_TEST_ISSUES': '42229', 'INCIDENT_REPO': '', '_PRIORITY': 60, 'PUBLIC_CLOUD_IMAGE_ID': 'suse:sles-sap-15-sp7-byos:gen2:latest', '__SOURCE_CHANGE_URL': 'https://smelt.suse.de/incident/42229', '__DASHBOARD_INCIDENT_URL': 'http://dashboard.qam.suse.de/incident/42229'}}, 'openqa': {'DISTRI': 'sle', 'VERSION': '15-SP7', 'ARCH': 'x86_64', 'FLAVOR': 'Azure-SAP-BYOS-Incidents', 'INCIDENT_ID': 42229, 'REPOHASH': 1768403670, 'BUILD': ':42229:dtb-armv7l', '_OBSOLETE': '1', '_ONLY_OBSOLETE_SAME_BUILD': '1', '__CI_JOB_URL': 'https://gitlab.suse.de/qa-maintenance/bot-ng/-/jobs/5904085', 'RRID': 'SUSE:Maintenance:42229:398981', 'BASE_TEST_ISSUES': '42229', 'HA_TEST_ISSUES': '42229', 'SDK_TEST_ISSUES': '42229', 'INCIDENT_REPO': '', '_PRIORITY': 60, 'PUBLIC_CLOUD_IMAGE_ID': 'suse:sles-sap-15-sp7-byos:gen2:latest', '__SOURCE_CHANGE_URL': 'https://smelt.suse.de/incident/42229', '__DASHBOARD_INCIDENT_URL': 'http://dashboard.qam.suse.de/incident/42229'}}
2026-01-15 14:32:47 INFO     openqa-cli api --host https://openqa.suse.de -X post isos DISTRI=sle VERSION=15-SP7 ARCH=x86_64 FLAVOR=Azure-SAP-BYOS-Incidents INCIDENT_ID=42229 REPOHASH=1768403670 BUILD=:42229:dtb-armv7l _OBSOLETE=1 _ONLY_OBSOLETE_SAME_BUILD=1 __CI_JOB_URL=https://gitlab.suse.de/qa-maintenance/bot-ng/-/jobs/5904085 RRID=SUSE:Maintenance:42229:398981 BASE_TEST_ISSUES=42229 HA_TEST_ISSUES=42229 SDK_TEST_ISSUES=42229 INCIDENT_REPO= _PRIORITY=60 PUBLIC_CLOUD_IMAGE_ID=suse:sles-sap-15-sp7-byos:gen2:latest __SOURCE_CHANGE_URL=https://smelt.suse.de/incident/42229 __DASHBOARD_INCIDENT_URL=http://dashboard.qam.suse.de/incident/42229
2026-01-15 14:32:47 INFO     Dashboard update successful: Status 200, Database ID 2318550
2026-01-15 14:32:47 INFO     Triggering job: {'api': 'api/incident_settings', 'qem': {'incident': 42226, 'arch': 'x86_64', 'flavor': 'Azure-SAP-PAYG-Incidents', 'version': '15-SP7', 'withAggregate': False, 'settings': {'DISTRI': 'sle', 'VERSION': '15-SP7', 'ARCH': 'x86_64', 'FLAVOR': 'Azure-SAP-PAYG-Incidents', 'INCIDENT_ID': 42226, 'REPOHASH': 1768382386, 'BUILD': ':42226:supportutils', '_OBSOLETE': '1', '_ONLY_OBSOLETE_SAME_BUILD': '1', '__CI_JOB_URL': 'https://gitlab.suse.de/qa-maintenance/bot-ng/-/jobs/5904085', 'RRID': 'SUSE:Maintenance:42226:398973', 'BASE_TEST_ISSUES': '42226', 'INCIDENT_REPO': '', '_PRIORITY': 60, 'PUBLIC_CLOUD_IMAGE_ID': 'suse:sles-sap-15-sp7:gen2:latest', '__SOURCE_CHANGE_URL': 'https://smelt.suse.de/incident/42226', '__DASHBOARD_INCIDENT_URL': 'http://dashboard.qam.suse.de/incident/42226'}}, 'openqa': {'DISTRI': 'sle', 'VERSION': '15-SP7', 'ARCH': 'x86_64', 'FLAVOR': 'Azure-SAP-PAYG-Incidents', 'INCIDENT_ID': 42226, 'REPOHASH': 1768382386, 'BUILD': ':42226:supportutils', '_OBSOLETE': '1', '_ONLY_OBSOLETE_SAME_BUILD': '1', '__CI_JOB_URL': 'https://gitlab.suse.de/qa-maintenance/bot-ng/-/jobs/5904085', 'RRID': 'SUSE:Maintenance:42226:398973', 'BASE_TEST_ISSUES': '42226', 'INCIDENT_REPO': '', '_PRIORITY': 60, 'PUBLIC_CLOUD_IMAGE_ID': 'suse:sles-sap-15-sp7:gen2:latest', '__SOURCE_CHANGE_URL': 'https://smelt.suse.de/incident/42226', '__DASHBOARD_INCIDENT_URL': 'http://dashboard.qam.suse.de/incident/42226'}}
2026-01-15 14:32:47 INFO     openqa-cli api --host https://openqa.suse.de -X post isos DISTRI=sle VERSION=15-SP7 ARCH=x86_64 FLAVOR=Azure-SAP-PAYG-Incidents INCIDENT_ID=42226 REPOHASH=1768382386 BUILD=:42226:supportutils _OBSOLETE=1 _ONLY_OBSOLETE_SAME_BUILD=1 __CI_JOB_URL=https://gitlab.suse.de/qa-maintenance/bot-ng/-/jobs/5904085 RRID=SUSE:Maintenance:42226:398973 BASE_TEST_ISSUES=42226 INCIDENT_REPO= _PRIORITY=60 PUBLIC_CLOUD_IMAGE_ID=suse:sles-sap-15-sp7:gen2:latest __SOURCE_CHANGE_URL=https://smelt.suse.de/incident/42226 __DASHBOARD_INCIDENT_URL=http://dashboard.qam.suse.de/incident/42226
2026-01-15 14:32:47 INFO     Dashboard update successful: Status 200, Database ID 2318551
2026-01-15 14:32:47 INFO     Triggering job: {'api': 'api/incident_settings', 'qem': {'incident': 42229, 'arch': 'x86_64', 'flavor': 'Azure-SAP-PAYG-Incidents', 'version': '15-SP7', 'withAggregate': False, 'settings': {'DISTRI': 'sle', 'VERSION': '15-SP7', 'ARCH': 'x86_64', 'FLAVOR': 'Azure-SAP-PAYG-Incidents', 'INCIDENT_ID': 42229, 'REPOHASH': 1768403670, 'BUILD': ':42229:dtb-armv7l', '_OBSOLETE': '1', '_ONLY_OBSOLETE_SAME_BUILD': '1', '__CI_JOB_URL': 'https://gitlab.suse.de/qa-maintenance/bot-ng/-/jobs/5904085', 'RRID': 'SUSE:Maintenance:42229:398981', 'BASE_TEST_ISSUES': '42229', 'HA_TEST_ISSUES': '42229', 'SDK_TEST_ISSUES': '42229', 'INCIDENT_REPO': '', '_PRIORITY': 60, 'PUBLIC_CLOUD_IMAGE_ID': 'suse:sles-sap-15-sp7:gen2:latest', '__SOURCE_CHANGE_URL': 'https://smelt.suse.de/incident/42229', '__DASHBOARD_INCIDENT_URL': 'http://dashboard.qam.suse.de/incident/42229'}}, 'openqa': {'DISTRI': 'sle', 'VERSION': '15-SP7', 'ARCH': 'x86_64', 'FLAVOR': 'Azure-SAP-PAYG-Incidents', 'INCIDENT_ID': 42229, 'REPOHASH': 1768403670, 'BUILD': ':42229:dtb-armv7l', '_OBSOLETE': '1', '_ONLY_OBSOLETE_SAME_BUILD': '1', '__CI_JOB_URL': 'https://gitlab.suse.de/qa-maintenance/bot-ng/-/jobs/5904085', 'RRID': 'SUSE:Maintenance:42229:398981', 'BASE_TEST_ISSUES': '42229', 'HA_TEST_ISSUES': '42229', 'SDK_TEST_ISSUES': '42229', 'INCIDENT_REPO': '', '_PRIORITY': 60, 'PUBLIC_CLOUD_IMAGE_ID': 'suse:sles-sap-15-sp7:gen2:latest', '__SOURCE_CHANGE_URL': 'https://smelt.suse.de/incident/42229', '__DASHBOARD_INCIDENT_URL': 'http://dashboard.qam.suse.de/incident/42229'}}
2026-01-15 14:32:47 INFO     openqa-cli api --host https://openqa.suse.de -X post isos DISTRI=sle VERSION=15-SP7 ARCH=x86_64 FLAVOR=Azure-SAP-PAYG-Incidents INCIDENT_ID=42229 REPOHASH=1768403670 BUILD=:42229:dtb-armv7l _OBSOLETE=1 _ONLY_OBSOLETE_SAME_BUILD=1 __CI_JOB_URL=https://gitlab.suse.de/qa-maintenance/bot-ng/-/jobs/5904085 RRID=SUSE:Maintenance:42229:398981 BASE_TEST_ISSUES=42229 HA_TEST_ISSUES=42229 SDK_TEST_ISSUES=42229 INCIDENT_REPO= _PRIORITY=60 PUBLIC_CLOUD_IMAGE_ID=suse:sles-sap-15-sp7:gen2:latest __SOURCE_CHANGE_URL=https://smelt.suse.de/incident/42229 __DASHBOARD_INCIDENT_URL=http://dashboard.qam.suse.de/incident/42229
2026-01-15 14:32:47 INFO     Dashboard update successful: Status 200, Database ID 2318552
2026-01-15 14:32:47 INFO     Triggering job: {'api': 'api/incident_settings', 'qem': {'incident': 42226, 'arch': 'x86_64', 'flavor': 'EC2-SAP-BYOS-Incidents', 'version': '15-SP7', 'withAggregate': False, 'settings': {'DISTRI': 'sle', 'VERSION': '15-SP7', 'ARCH': 'x86_64', 'FLAVOR': 'EC2-SAP-BYOS-Incidents', 'INCIDENT_ID': 42226, 'REPOHASH': 1768382386, 'BUILD': ':42226:supportutils', '_OBSOLETE': '1', '_ONLY_OBSOLETE_SAME_BUILD': '1', '__CI_JOB_URL': 'https://gitlab.suse.de/qa-maintenance/bot-ng/-/jobs/5904085', 'RRID': 'SUSE:Maintenance:42226:398973', 'BASE_TEST_ISSUES': '42226', 'INCIDENT_REPO': '', '_PRIORITY': 60, '__SOURCE_CHANGE_URL': 'https://smelt.suse.de/incident/42226', '__DASHBOARD_INCIDENT_URL': 'http://dashboard.qam.suse.de/incident/42226', 'PUBLIC_CLOUD_IMAGE_ID': 'ami-049a36d9a34372bd5', 'PUBLIC_CLOUD_IMAGE_NAME': 'suse-sles-sap-15-sp7-byos-v20251022-hvm-ssd-x86_64', 'PUBLIC_CLOUD_IMAGE_STATE': 'active', 'PUBLIC_CLOUD_REGION': 'eu-central-1'}}, 'openqa': {'DISTRI': 'sle', 'VERSION': '15-SP7', 'ARCH': 'x86_64', 'FLAVOR': 'EC2-SAP-BYOS-Incidents', 'INCIDENT_ID': 42226, 'REPOHASH': 1768382386, 'BUILD': ':42226:supportutils', '_OBSOLETE': '1', '_ONLY_OBSOLETE_SAME_BUILD': '1', '__CI_JOB_URL': 'https://gitlab.suse.de/qa-maintenance/bot-ng/-/jobs/5904085', 'RRID': 'SUSE:Maintenance:42226:398973', 'BASE_TEST_ISSUES': '42226', 'INCIDENT_REPO': '', '_PRIORITY': 60, '__SOURCE_CHANGE_URL': 'https://smelt.suse.de/incident/42226', '__DASHBOARD_INCIDENT_URL': 'http://dashboard.qam.suse.de/incident/42226', 'PUBLIC_CLOUD_IMAGE_ID': 'ami-049a36d9a34372bd5', 'PUBLIC_CLOUD_IMAGE_NAME': 'suse-sles-sap-15-sp7-byos-v20251022-hvm-ssd-x86_64', 'PUBLIC_CLOUD_IMAGE_STATE': 'active', 'PUBLIC_CLOUD_REGION': 'eu-central-1'}}
2026-01-15 14:32:47 INFO     openqa-cli api --host https://openqa.suse.de -X post isos DISTRI=sle VERSION=15-SP7 ARCH=x86_64 FLAVOR=EC2-SAP-BYOS-Incidents INCIDENT_ID=42226 REPOHASH=1768382386 BUILD=:42226:supportutils _OBSOLETE=1 _ONLY_OBSOLETE_SAME_BUILD=1 __CI_JOB_URL=https://gitlab.suse.de/qa-maintenance/bot-ng/-/jobs/5904085 RRID=SUSE:Maintenance:42226:398973 BASE_TEST_ISSUES=42226 INCIDENT_REPO= _PRIORITY=60 __SOURCE_CHANGE_URL=https://smelt.suse.de/incident/42226 __DASHBOARD_INCIDENT_URL=http://dashboard.qam.suse.de/incident/42226 PUBLIC_CLOUD_IMAGE_ID=ami-049a36d9a34372bd5 PUBLIC_CLOUD_IMAGE_NAME=suse-sles-sap-15-sp7-byos-v20251022-hvm-ssd-x86_64 PUBLIC_CLOUD_IMAGE_STATE=active PUBLIC_CLOUD_REGION=eu-central-1
2026-01-15 14:32:47 INFO     Dashboard update successful: Status 200, Database ID 2318553
2026-01-15 14:32:47 INFO     Triggering job: {'api': 'api/incident_settings', 'qem': {'incident': 42229, 'arch': 'x86_64', 'flavor': 'EC2-SAP-BYOS-Incidents', 'version': '15-SP7', 'withAggregate': False, 'settings': {'DISTRI': 'sle', 'VERSION': '15-SP7', 'ARCH': 'x86_64', 'FLAVOR': 'EC2-SAP-BYOS-Incidents', 'INCIDENT_ID': 42229, 'REPOHASH': 1768403670, 'BUILD': ':42229:dtb-armv7l', '_OBSOLETE': '1', '_ONLY_OBSOLETE_SAME_BUILD': '1', '__CI_JOB_URL': 'https://gitlab.suse.de/qa-maintenance/bot-ng/-/jobs/5904085', 'RRID': 'SUSE:Maintenance:42229:398981', 'BASE_TEST_ISSUES': '42229', 'HA_TEST_ISSUES': '42229', 'SDK_TEST_ISSUES': '42229', 'INCIDENT_REPO': '', '_PRIORITY': 60, '__SOURCE_CHANGE_URL': 'https://smelt.suse.de/incident/42229', '__DASHBOARD_INCIDENT_URL': 'http://dashboard.qam.suse.de/incident/42229', 'PUBLIC_CLOUD_IMAGE_ID': 'ami-049a36d9a34372bd5', 'PUBLIC_CLOUD_IMAGE_NAME': 'suse-sles-sap-15-sp7-byos-v20251022-hvm-ssd-x86_64', 'PUBLIC_CLOUD_IMAGE_STATE': 'active', 'PUBLIC_CLOUD_REGION': 'eu-central-1'}}, 'openqa': {'DISTRI': 'sle', 'VERSION': '15-SP7', 'ARCH': 'x86_64', 'FLAVOR': 'EC2-SAP-BYOS-Incidents', 'INCIDENT_ID': 42229, 'REPOHASH': 1768403670, 'BUILD': ':42229:dtb-armv7l', '_OBSOLETE': '1', '_ONLY_OBSOLETE_SAME_BUILD': '1', '__CI_JOB_URL': 'https://gitlab.suse.de/qa-maintenance/bot-ng/-/jobs/5904085', 'RRID': 'SUSE:Maintenance:42229:398981', 'BASE_TEST_ISSUES': '42229', 'HA_TEST_ISSUES': '42229', 'SDK_TEST_ISSUES': '42229', 'INCIDENT_REPO': '', '_PRIORITY': 60, '__SOURCE_CHANGE_URL': 'https://smelt.suse.de/incident/42229', '__DASHBOARD_INCIDENT_URL': 'http://dashboard.qam.suse.de/incident/42229', 'PUBLIC_CLOUD_IMAGE_ID': 'ami-049a36d9a34372bd5', 'PUBLIC_CLOUD_IMAGE_NAME': 'suse-sles-sap-15-sp7-byos-v20251022-hvm-ssd-x86_64', 'PUBLIC_CLOUD_IMAGE_STATE': 'active', 'PUBLIC_CLOUD_REGION': 'eu-central-1'}}
2026-01-15 14:32:47 INFO     openqa-cli api --host https://openqa.suse.de -X post isos DISTRI=sle VERSION=15-SP7 ARCH=x86_64 FLAVOR=EC2-SAP-BYOS-Incidents INCIDENT_ID=42229 REPOHASH=1768403670 BUILD=:42229:dtb-armv7l _OBSOLETE=1 _ONLY_OBSOLETE_SAME_BUILD=1 __CI_JOB_URL=https://gitlab.suse.de/qa-maintenance/bot-ng/-/jobs/5904085 RRID=SUSE:Maintenance:42229:398981 BASE_TEST_ISSUES=42229 HA_TEST_ISSUES=42229 SDK_TEST_ISSUES=42229 INCIDENT_REPO= _PRIORITY=60 __SOURCE_CHANGE_URL=https://smelt.suse.de/incident/42229 __DASHBOARD_INCIDENT_URL=http://dashboard.qam.suse.de/incident/42229 PUBLIC_CLOUD_IMAGE_ID=ami-049a36d9a34372bd5 PUBLIC_CLOUD_IMAGE_NAME=suse-sles-sap-15-sp7-byos-v20251022-hvm-ssd-x86_64 PUBLIC_CLOUD_IMAGE_STATE=active PUBLIC_CLOUD_REGION=eu-central-1
2026-01-15 14:32:47 INFO     Dashboard update successful: Status 200, Database ID 2318554
2026-01-15 14:32:47 INFO     Triggering job: {'api': 'api/incident_settings', 'qem': {'incident': 42226, 'arch': 'x86_64', 'flavor': 'EC2-SAP-PAYG-Incidents', 'version': '15-SP7', 'withAggregate': False, 'settings': {'DISTRI': 'sle', 'VERSION': '15-SP7', 'ARCH': 'x86_64', 'FLAVOR': 'EC2-SAP-PAYG-Incidents', 'INCIDENT_ID': 42226, 'REPOHASH': 1768382386, 'BUILD': ':42226:supportutils', '_OBSOLETE': '1', '_ONLY_OBSOLETE_SAME_BUILD': '1', '__CI_JOB_URL': 'https://gitlab.suse.de/qa-maintenance/bot-ng/-/jobs/5904085', 'RRID': 'SUSE:Maintenance:42226:398973', 'BASE_TEST_ISSUES': '42226', 'INCIDENT_REPO': '', '_PRIORITY': 60, '__SOURCE_CHANGE_URL': 'https://smelt.suse.de/incident/42226', '__DASHBOARD_INCIDENT_URL': 'http://dashboard.qam.suse.de/incident/42226', 'PUBLIC_CLOUD_IMAGE_ID': 'ami-092b46a383b45a03f', 'PUBLIC_CLOUD_IMAGE_NAME': 'suse-sles-sap-15-sp7-v20251022-hvm-ssd-x86_64', 'PUBLIC_CLOUD_IMAGE_STATE': 'active', 'PUBLIC_CLOUD_REGION': 'eu-central-1'}}, 'openqa': {'DISTRI': 'sle', 'VERSION': '15-SP7', 'ARCH': 'x86_64', 'FLAVOR': 'EC2-SAP-PAYG-Incidents', 'INCIDENT_ID': 42226, 'REPOHASH': 1768382386, 'BUILD': ':42226:supportutils', '_OBSOLETE': '1', '_ONLY_OBSOLETE_SAME_BUILD': '1', '__CI_JOB_URL': 'https://gitlab.suse.de/qa-maintenance/bot-ng/-/jobs/5904085', 'RRID': 'SUSE:Maintenance:42226:398973', 'BASE_TEST_ISSUES': '42226', 'INCIDENT_REPO': '', '_PRIORITY': 60, '__SOURCE_CHANGE_URL': 'https://smelt.suse.de/incident/42226', '__DASHBOARD_INCIDENT_URL': 'http://dashboard.qam.suse.de/incident/42226', 'PUBLIC_CLOUD_IMAGE_ID': 'ami-092b46a383b45a03f', 'PUBLIC_CLOUD_IMAGE_NAME': 'suse-sles-sap-15-sp7-v20251022-hvm-ssd-x86_64', 'PUBLIC_CLOUD_IMAGE_STATE': 'active', 'PUBLIC_CLOUD_REGION': 'eu-central-1'}}
2026-01-15 14:32:47 INFO     openqa-cli api --host https://openqa.suse.de -X post isos DISTRI=sle VERSION=15-SP7 ARCH=x86_64 FLAVOR=EC2-SAP-PAYG-Incidents INCIDENT_ID=42226 REPOHASH=1768382386 BUILD=:42226:supportutils _OBSOLETE=1 _ONLY_OBSOLETE_SAME_BUILD=1 __CI_JOB_URL=https://gitlab.suse.de/qa-maintenance/bot-ng/-/jobs/5904085 RRID=SUSE:Maintenance:42226:398973 BASE_TEST_ISSUES=42226 INCIDENT_REPO= _PRIORITY=60 __SOURCE_CHANGE_URL=https://smelt.suse.de/incident/42226 __DASHBOARD_INCIDENT_URL=http://dashboard.qam.suse.de/incident/42226 PUBLIC_CLOUD_IMAGE_ID=ami-092b46a383b45a03f PUBLIC_CLOUD_IMAGE_NAME=suse-sles-sap-15-sp7-v20251022-hvm-ssd-x86_64 PUBLIC_CLOUD_IMAGE_STATE=active PUBLIC_CLOUD_REGION=eu-central-1
2026-01-15 14:32:47 INFO     Dashboard update successful: Status 200, Database ID 2318555
2026-01-15 14:32:47 INFO     Triggering job: {'api': 'api/incident_settings', 'qem': {'incident': 42229, 'arch': 'x86_64', 'flavor': 'EC2-SAP-PAYG-Incidents', 'version': '15-SP7', 'withAggregate': False, 'settings': {'DISTRI': 'sle', 'VERSION': '15-SP7', 'ARCH': 'x86_64', 'FLAVOR': 'EC2-SAP-PAYG-Incidents', 'INCIDENT_ID': 42229, 'REPOHASH': 1768403670, 'BUILD': ':42229:dtb-armv7l', '_OBSOLETE': '1', '_ONLY_OBSOLETE_SAME_BUILD': '1', '__CI_JOB_URL': 'https://gitlab.suse.de/qa-maintenance/bot-ng/-/jobs/5904085', 'RRID': 'SUSE:Maintenance:42229:398981', 'BASE_TEST_ISSUES': '42229', 'HA_TEST_ISSUES': '42229', 'SDK_TEST_ISSUES': '42229', 'INCIDENT_REPO': '', '_PRIORITY': 60, '__SOURCE_CHANGE_URL': 'https://smelt.suse.de/incident/42229', '__DASHBOARD_INCIDENT_URL': 'http://dashboard.qam.suse.de/incident/42229', 'PUBLIC_CLOUD_IMAGE_ID': 'ami-092b46a383b45a03f', 'PUBLIC_CLOUD_IMAGE_NAME': 'suse-sles-sap-15-sp7-v20251022-hvm-ssd-x86_64', 'PUBLIC_CLOUD_IMAGE_STATE': 'active', 'PUBLIC_CLOUD_REGION': 'eu-central-1'}}, 'openqa': {'DISTRI': 'sle', 'VERSION': '15-SP7', 'ARCH': 'x86_64', 'FLAVOR': 'EC2-SAP-PAYG-Incidents', 'INCIDENT_ID': 42229, 'REPOHASH': 1768403670, 'BUILD': ':42229:dtb-armv7l', '_OBSOLETE': '1', '_ONLY_OBSOLETE_SAME_BUILD': '1', '__CI_JOB_URL': 'https://gitlab.suse.de/qa-maintenance/bot-ng/-/jobs/5904085', 'RRID': 'SUSE:Maintenance:42229:398981', 'BASE_TEST_ISSUES': '42229', 'HA_TEST_ISSUES': '42229', 'SDK_TEST_ISSUES': '42229', 'INCIDENT_REPO': '', '_PRIORITY': 60, '__SOURCE_CHANGE_URL': 'https://smelt.suse.de/incident/42229', '__DASHBOARD_INCIDENT_URL': 'http://dashboard.qam.suse.de/incident/42229', 'PUBLIC_CLOUD_IMAGE_ID': 'ami-092b46a383b45a03f', 'PUBLIC_CLOUD_IMAGE_NAME': 'suse-sles-sap-15-sp7-v20251022-hvm-ssd-x86_64', 'PUBLIC_CLOUD_IMAGE_STATE': 'active', 'PUBLIC_CLOUD_REGION': 'eu-central-1'}}
2026-01-15 14:32:47 INFO     openqa-cli api --host https://openqa.suse.de -X post isos DISTRI=sle VERSION=15-SP7 ARCH=x86_64 FLAVOR=EC2-SAP-PAYG-Incidents INCIDENT_ID=42229 REPOHASH=1768403670 BUILD=:42229:dtb-armv7l _OBSOLETE=1 _ONLY_OBSOLETE_SAME_BUILD=1 __CI_JOB_URL=https://gitlab.suse.de/qa-maintenance/bot-ng/-/jobs/5904085 RRID=SUSE:Maintenance:42229:398981 BASE_TEST_ISSUES=42229 HA_TEST_ISSUES=42229 SDK_TEST_ISSUES=42229 INCIDENT_REPO= _PRIORITY=60 __SOURCE_CHANGE_URL=https://smelt.suse.de/incident/42229 __DASHBOARD_INCIDENT_URL=http://dashboard.qam.suse.de/incident/42229 PUBLIC_CLOUD_IMAGE_ID=ami-092b46a383b45a03f PUBLIC_CLOUD_IMAGE_NAME=suse-sles-sap-15-sp7-v20251022-hvm-ssd-x86_64 PUBLIC_CLOUD_IMAGE_STATE=active PUBLIC_CLOUD_REGION=eu-central-1
2026-01-15 14:32:47 INFO     Dashboard update successful: Status 200, Database ID 2318556
2026-01-15 14:32:47 INFO     Triggering job: {'api': 'api/incident_settings', 'qem': {'incident': 42226, 'arch': 'x86_64', 'flavor': 'GCE-SAP-BYOS-Incidents', 'version': '15-SP7', 'withAggregate': False, 'settings': {'DISTRI': 'sle', 'VERSION': '15-SP7', 'ARCH': 'x86_64', 'FLAVOR': 'GCE-SAP-BYOS-Incidents', 'INCIDENT_ID': 42226, 'REPOHASH': 1768382386, 'BUILD': ':42226:supportutils', '_OBSOLETE': '1', '_ONLY_OBSOLETE_SAME_BUILD': '1', '__CI_JOB_URL': 'https://gitlab.suse.de/qa-maintenance/bot-ng/-/jobs/5904085', 'RRID': 'SUSE:Maintenance:42226:398973', 'BASE_TEST_ISSUES': '42226', 'INCIDENT_REPO': '', '_PRIORITY': 60, 'PUBLIC_CLOUD_IMAGE_PROJECT': 'suse-byos-cloud', '__SOURCE_CHANGE_URL': 'https://smelt.suse.de/incident/42226', '__DASHBOARD_INCIDENT_URL': 'http://dashboard.qam.suse.de/incident/42226', 'PUBLIC_CLOUD_IMAGE_ID': 'sles-15-sp7-sap-byos-v20250619-x86-64', 'PUBLIC_CLOUD_IMAGE_NAME': 'sles-15-sp7-sap-byos-v20250619-x86-64', 'PUBLIC_CLOUD_IMAGE_STATE': 'deprecated'}}, 'openqa': {'DISTRI': 'sle', 'VERSION': '15-SP7', 'ARCH': 'x86_64', 'FLAVOR': 'GCE-SAP-BYOS-Incidents', 'INCIDENT_ID': 42226, 'REPOHASH': 1768382386, 'BUILD': ':42226:supportutils', '_OBSOLETE': '1', '_ONLY_OBSOLETE_SAME_BUILD': '1', '__CI_JOB_URL': 'https://gitlab.suse.de/qa-maintenance/bot-ng/-/jobs/5904085', 'RRID': 'SUSE:Maintenance:42226:398973', 'BASE_TEST_ISSUES': '42226', 'INCIDENT_REPO': '', '_PRIORITY': 60, 'PUBLIC_CLOUD_IMAGE_PROJECT': 'suse-byos-cloud', '__SOURCE_CHANGE_URL': 'https://smelt.suse.de/incident/42226', '__DASHBOARD_INCIDENT_URL': 'http://dashboard.qam.suse.de/incident/42226', 'PUBLIC_CLOUD_IMAGE_ID': 'sles-15-sp7-sap-byos-v20250619-x86-64', 'PUBLIC_CLOUD_IMAGE_NAME': 'sles-15-sp7-sap-byos-v20250619-x86-64', 'PUBLIC_CLOUD_IMAGE_STATE': 'deprecated'}}
2026-01-15 14:32:47 INFO     openqa-cli api --host https://openqa.suse.de -X post isos DISTRI=sle VERSION=15-SP7 ARCH=x86_64 FLAVOR=GCE-SAP-BYOS-Incidents INCIDENT_ID=42226 REPOHASH=1768382386 BUILD=:42226:supportutils _OBSOLETE=1 _ONLY_OBSOLETE_SAME_BUILD=1 __CI_JOB_URL=https://gitlab.suse.de/qa-maintenance/bot-ng/-/jobs/5904085 RRID=SUSE:Maintenance:42226:398973 BASE_TEST_ISSUES=42226 INCIDENT_REPO= _PRIORITY=60 PUBLIC_CLOUD_IMAGE_PROJECT=suse-byos-cloud __SOURCE_CHANGE_URL=https://smelt.suse.de/incident/42226 __DASHBOARD_INCIDENT_URL=http://dashboard.qam.suse.de/incident/42226 PUBLIC_CLOUD_IMAGE_ID=sles-15-sp7-sap-byos-v20250619-x86-64 PUBLIC_CLOUD_IMAGE_NAME=sles-15-sp7-sap-byos-v20250619-x86-64 PUBLIC_CLOUD_IMAGE_STATE=deprecated
2026-01-15 14:32:47 INFO     Dashboard update successful: Status 200, Database ID 2318557
2026-01-15 14:32:47 INFO     Triggering job: {'api': 'api/incident_settings', 'qem': {'incident': 42229, 'arch': 'x86_64', 'flavor': 'GCE-SAP-BYOS-Incidents', 'version': '15-SP7', 'withAggregate': False, 'settings': {'DISTRI': 'sle', 'VERSION': '15-SP7', 'ARCH': 'x86_64', 'FLAVOR': 'GCE-SAP-BYOS-Incidents', 'INCIDENT_ID': 42229, 'REPOHASH': 1768403670, 'BUILD': ':42229:dtb-armv7l', '_OBSOLETE': '1', '_ONLY_OBSOLETE_SAME_BUILD': '1', '__CI_JOB_URL': 'https://gitlab.suse.de/qa-maintenance/bot-ng/-/jobs/5904085', 'RRID': 'SUSE:Maintenance:42229:398981', 'BASE_TEST_ISSUES': '42229', 'HA_TEST_ISSUES': '42229', 'SDK_TEST_ISSUES': '42229', 'INCIDENT_REPO': '', '_PRIORITY': 60, 'PUBLIC_CLOUD_IMAGE_PROJECT': 'suse-byos-cloud', '__SOURCE_CHANGE_URL': 'https://smelt.suse.de/incident/42229', '__DASHBOARD_INCIDENT_URL': 'http://dashboard.qam.suse.de/incident/42229', 'PUBLIC_CLOUD_IMAGE_ID': 'sles-15-sp7-sap-byos-v20250619-x86-64', 'PUBLIC_CLOUD_IMAGE_NAME': 'sles-15-sp7-sap-byos-v20250619-x86-64', 'PUBLIC_CLOUD_IMAGE_STATE': 'deprecated'}}, 'openqa': {'DISTRI': 'sle', 'VERSION': '15-SP7', 'ARCH': 'x86_64', 'FLAVOR': 'GCE-SAP-BYOS-Incidents', 'INCIDENT_ID': 42229, 'REPOHASH': 1768403670, 'BUILD': ':42229:dtb-armv7l', '_OBSOLETE': '1', '_ONLY_OBSOLETE_SAME_BUILD': '1', '__CI_JOB_URL': 'https://gitlab.suse.de/qa-maintenance/bot-ng/-/jobs/5904085', 'RRID': 'SUSE:Maintenance:42229:398981', 'BASE_TEST_ISSUES': '42229', 'HA_TEST_ISSUES': '42229', 'SDK_TEST_ISSUES': '42229', 'INCIDENT_REPO': '', '_PRIORITY': 60, 'PUBLIC_CLOUD_IMAGE_PROJECT': 'suse-byos-cloud', '__SOURCE_CHANGE_URL': 'https://smelt.suse.de/incident/42229', '__DASHBOARD_INCIDENT_URL': 'http://dashboard.qam.suse.de/incident/42229', 'PUBLIC_CLOUD_IMAGE_ID': 'sles-15-sp7-sap-byos-v20250619-x86-64', 'PUBLIC_CLOUD_IMAGE_NAME': 'sles-15-sp7-sap-byos-v20250619-x86-64', 'PUBLIC_CLOUD_IMAGE_STATE': 'deprecated'}}
2026-01-15 14:32:47 INFO     openqa-cli api --host https://openqa.suse.de -X post isos DISTRI=sle VERSION=15-SP7 ARCH=x86_64 FLAVOR=GCE-SAP-BYOS-Incidents INCIDENT_ID=42229 REPOHASH=1768403670 BUILD=:42229:dtb-armv7l _OBSOLETE=1 _ONLY_OBSOLETE_SAME_BUILD=1 __CI_JOB_URL=https://gitlab.suse.de/qa-maintenance/bot-ng/-/jobs/5904085 RRID=SUSE:Maintenance:42229:398981 BASE_TEST_ISSUES=42229 HA_TEST_ISSUES=42229 SDK_TEST_ISSUES=42229 INCIDENT_REPO= _PRIORITY=60 PUBLIC_CLOUD_IMAGE_PROJECT=suse-byos-cloud __SOURCE_CHANGE_URL=https://smelt.suse.de/incident/42229 __DASHBOARD_INCIDENT_URL=http://dashboard.qam.suse.de/incident/42229 PUBLIC_CLOUD_IMAGE_ID=sles-15-sp7-sap-byos-v20250619-x86-64 PUBLIC_CLOUD_IMAGE_NAME=sles-15-sp7-sap-byos-v20250619-x86-64 PUBLIC_CLOUD_IMAGE_STATE=deprecated
2026-01-15 14:32:48 INFO     Dashboard update successful: Status 200, Database ID 2318558
2026-01-15 14:32:48 INFO     Triggering job: {'api': 'api/incident_settings', 'qem': {'incident': 42226, 'arch': 'x86_64', 'flavor': 'GCE-SAP-PAYG-Incidents', 'version': '15-SP7', 'withAggregate': False, 'settings': {'DISTRI': 'sle', 'VERSION': '15-SP7', 'ARCH': 'x86_64', 'FLAVOR': 'GCE-SAP-PAYG-Incidents', 'INCIDENT_ID': 42226, 'REPOHASH': 1768382386, 'BUILD': ':42226:supportutils', '_OBSOLETE': '1', '_ONLY_OBSOLETE_SAME_BUILD': '1', '__CI_JOB_URL': 'https://gitlab.suse.de/qa-maintenance/bot-ng/-/jobs/5904085', 'RRID': 'SUSE:Maintenance:42226:398973', 'BASE_TEST_ISSUES': '42226', 'INCIDENT_REPO': '', '_PRIORITY': 60, 'PUBLIC_CLOUD_IMAGE_PROJECT': 'suse-sap-cloud', '__SOURCE_CHANGE_URL': 'https://smelt.suse.de/incident/42226', '__DASHBOARD_INCIDENT_URL': 'http://dashboard.qam.suse.de/incident/42226', 'PUBLIC_CLOUD_IMAGE_ID': 'sles-15-sp7-sap-v20250619-x86-64', 'PUBLIC_CLOUD_IMAGE_NAME': 'sles-15-sp7-sap-v20250619-x86-64', 'PUBLIC_CLOUD_IMAGE_STATE': 'deprecated'}}, 'openqa': {'DISTRI': 'sle', 'VERSION': '15-SP7', 'ARCH': 'x86_64', 'FLAVOR': 'GCE-SAP-PAYG-Incidents', 'INCIDENT_ID': 42226, 'REPOHASH': 1768382386, 'BUILD': ':42226:supportutils', '_OBSOLETE': '1', '_ONLY_OBSOLETE_SAME_BUILD': '1', '__CI_JOB_URL': 'https://gitlab.suse.de/qa-maintenance/bot-ng/-/jobs/5904085', 'RRID': 'SUSE:Maintenance:42226:398973', 'BASE_TEST_ISSUES': '42226', 'INCIDENT_REPO': '', '_PRIORITY': 60, 'PUBLIC_CLOUD_IMAGE_PROJECT': 'suse-sap-cloud', '__SOURCE_CHANGE_URL': 'https://smelt.suse.de/incident/42226', '__DASHBOARD_INCIDENT_URL': 'http://dashboard.qam.suse.de/incident/42226', 'PUBLIC_CLOUD_IMAGE_ID': 'sles-15-sp7-sap-v20250619-x86-64', 'PUBLIC_CLOUD_IMAGE_NAME': 'sles-15-sp7-sap-v20250619-x86-64', 'PUBLIC_CLOUD_IMAGE_STATE': 'deprecated'}}
2026-01-15 14:32:48 INFO     openqa-cli api --host https://openqa.suse.de -X post isos DISTRI=sle VERSION=15-SP7 ARCH=x86_64 FLAVOR=GCE-SAP-PAYG-Incidents INCIDENT_ID=42226 REPOHASH=1768382386 BUILD=:42226:supportutils _OBSOLETE=1 _ONLY_OBSOLETE_SAME_BUILD=1 __CI_JOB_URL=https://gitlab.suse.de/qa-maintenance/bot-ng/-/jobs/5904085 RRID=SUSE:Maintenance:42226:398973 BASE_TEST_ISSUES=42226 INCIDENT_REPO= _PRIORITY=60 PUBLIC_CLOUD_IMAGE_PROJECT=suse-sap-cloud __SOURCE_CHANGE_URL=https://smelt.suse.de/incident/42226 __DASHBOARD_INCIDENT_URL=http://dashboard.qam.suse.de/incident/42226 PUBLIC_CLOUD_IMAGE_ID=sles-15-sp7-sap-v20250619-x86-64 PUBLIC_CLOUD_IMAGE_NAME=sles-15-sp7-sap-v20250619-x86-64 PUBLIC_CLOUD_IMAGE_STATE=deprecated
2026-01-15 14:32:48 INFO     Dashboard update successful: Status 200, Database ID 2318559
2026-01-15 14:32:48 INFO     Triggering job: {'api': 'api/incident_settings', 'qem': {'incident': 42229, 'arch': 'x86_64', 'flavor': 'GCE-SAP-PAYG-Incidents', 'version': '15-SP7', 'withAggregate': False, 'settings': {'DISTRI': 'sle', 'VERSION': '15-SP7', 'ARCH': 'x86_64', 'FLAVOR': 'GCE-SAP-PAYG-Incidents', 'INCIDENT_ID': 42229, 'REPOHASH': 1768403670, 'BUILD': ':42229:dtb-armv7l', '_OBSOLETE': '1', '_ONLY_OBSOLETE_SAME_BUILD': '1', '__CI_JOB_URL': 'https://gitlab.suse.de/qa-maintenance/bot-ng/-/jobs/5904085', 'RRID': 'SUSE:Maintenance:42229:398981', 'BASE_TEST_ISSUES': '42229', 'HA_TEST_ISSUES': '42229', 'SDK_TEST_ISSUES': '42229', 'INCIDENT_REPO': '', '_PRIORITY': 60, 'PUBLIC_CLOUD_IMAGE_PROJECT': 'suse-sap-cloud', '__SOURCE_CHANGE_URL': 'https://smelt.suse.de/incident/42229', '__DASHBOARD_INCIDENT_URL': 'http://dashboard.qam.suse.de/incident/42229', 'PUBLIC_CLOUD_IMAGE_ID': 'sles-15-sp7-sap-v20250619-x86-64', 'PUBLIC_CLOUD_IMAGE_NAME': 'sles-15-sp7-sap-v20250619-x86-64', 'PUBLIC_CLOUD_IMAGE_STATE': 'deprecated'}}, 'openqa': {'DISTRI': 'sle', 'VERSION': '15-SP7', 'ARCH': 'x86_64', 'FLAVOR': 'GCE-SAP-PAYG-Incidents', 'INCIDENT_ID': 42229, 'REPOHASH': 1768403670, 'BUILD': ':42229:dtb-armv7l', '_OBSOLETE': '1', '_ONLY_OBSOLETE_SAME_BUILD': '1', '__CI_JOB_URL': 'https://gitlab.suse.de/qa-maintenance/bot-ng/-/jobs/5904085', 'RRID': 'SUSE:Maintenance:42229:398981', 'BASE_TEST_ISSUES': '42229', 'HA_TEST_ISSUES': '42229', 'SDK_TEST_ISSUES': '42229', 'INCIDENT_REPO': '', '_PRIORITY': 60, 'PUBLIC_CLOUD_IMAGE_PROJECT': 'suse-sap-cloud', '__SOURCE_CHANGE_URL': 'https://smelt.suse.de/incident/42229', '__DASHBOARD_INCIDENT_URL': 'http://dashboard.qam.suse.de/incident/42229', 'PUBLIC_CLOUD_IMAGE_ID': 'sles-15-sp7-sap-v20250619-x86-64', 'PUBLIC_CLOUD_IMAGE_NAME': 'sles-15-sp7-sap-v20250619-x86-64', 'PUBLIC_CLOUD_IMAGE_STATE': 'deprecated'}}
2026-01-15 14:32:48 INFO     openqa-cli api --host https://openqa.suse.de -X post isos DISTRI=sle VERSION=15-SP7 ARCH=x86_64 FLAVOR=GCE-SAP-PAYG-Incidents INCIDENT_ID=42229 REPOHASH=1768403670 BUILD=:42229:dtb-armv7l _OBSOLETE=1 _ONLY_OBSOLETE_SAME_BUILD=1 __CI_JOB_URL=https://gitlab.suse.de/qa-maintenance/bot-ng/-/jobs/5904085 RRID=SUSE:Maintenance:42229:398981 BASE_TEST_ISSUES=42229 HA_TEST_ISSUES=42229 SDK_TEST_ISSUES=42229 INCIDENT_REPO= _PRIORITY=60 PUBLIC_CLOUD_IMAGE_PROJECT=suse-sap-cloud __SOURCE_CHANGE_URL=https://smelt.suse.de/incident/42229 __DASHBOARD_INCIDENT_URL=http://dashboard.qam.suse.de/incident/42229 PUBLIC_CLOUD_IMAGE_ID=sles-15-sp7-sap-v20250619-x86-64 PUBLIC_CLOUD_IMAGE_NAME=sles-15-sp7-sap-v20250619-x86-64 PUBLIC_CLOUD_IMAGE_STATE=deprecated
2026-01-15 14:32:48 INFO     Dashboard update successful: Status 200, Database ID 2318560
2026-01-15 14:32:48 INFO     Triggering job: {'api': 'api/incident_settings', 'qem': {'incident': 42101, 'arch': 'x86_64', 'flavor': 'Desktop-DVD-Incidents', 'version': '15-SP7', 'withAggregate': True, 'settings': {'DISTRI': 'sle', 'VERSION': '15-SP7', 'ARCH': 'x86_64', 'FLAVOR': 'Desktop-DVD-Incidents', 'INCIDENT_ID': 42101, 'REPOHASH': 1768387888, 'BUILD': ':42101:libsoup', '_OBSOLETE': '1', '_ONLY_OBSOLETE_SAME_BUILD': '1', '__CI_JOB_URL': 'https://gitlab.suse.de/qa-maintenance/bot-ng/-/jobs/5904085', 'RRID': 'SUSE:Maintenance:42101:398980', 'BASE_TEST_ISSUES': '42101', 'INCIDENT_REPO': '', '_PRIORITY': 60, '__SOURCE_CHANGE_URL': 'https://smelt.suse.de/incident/42101', '__DASHBOARD_INCIDENT_URL': 'http://dashboard.qam.suse.de/incident/42101'}}, 'openqa': {'DISTRI': 'sle', 'VERSION': '15-SP7', 'ARCH': 'x86_64', 'FLAVOR': 'Desktop-DVD-Incidents', 'INCIDENT_ID': 42101, 'REPOHASH': 1768387888, 'BUILD': ':42101:libsoup', '_OBSOLETE': '1', '_ONLY_OBSOLETE_SAME_BUILD': '1', '__CI_JOB_URL': 'https://gitlab.suse.de/qa-maintenance/bot-ng/-/jobs/5904085', 'RRID': 'SUSE:Maintenance:42101:398980', 'BASE_TEST_ISSUES': '42101', 'INCIDENT_REPO': '', '_PRIORITY': 60, '__SOURCE_CHANGE_URL': 'https://smelt.suse.de/incident/42101', '__DASHBOARD_INCIDENT_URL': 'http://dashboard.qam.suse.de/incident/42101'}}
2026-01-15 14:32:48 INFO     openqa-cli api --host https://openqa.suse.de -X post isos DISTRI=sle VERSION=15-SP7 ARCH=x86_64 FLAVOR=Desktop-DVD-Incidents INCIDENT_ID=42101 REPOHASH=1768387888 BUILD=:42101:libsoup _OBSOLETE=1 _ONLY_OBSOLETE_SAME_BUILD=1 __CI_JOB_URL=https://gitlab.suse.de/qa-maintenance/bot-ng/-/jobs/5904085 RRID=SUSE:Maintenance:42101:398980 BASE_TEST_ISSUES=42101 INCIDENT_REPO= _PRIORITY=60 __SOURCE_CHANGE_URL=https://smelt.suse.de/incident/42101 __DASHBOARD_INCIDENT_URL=http://dashboard.qam.suse.de/incident/42101
2026-01-15 14:32:48 INFO     Dashboard update successful: Status 200, Database ID 2318561
2026-01-15 14:32:48 INFO     Triggering job: {'api': 'api/incident_settings', 'qem': {'incident': 42102, 'arch': 'x86_64', 'flavor': 'Desktop-DVD-Incidents', 'version': '15-SP7', 'withAggregate': True, 'settings': {'DISTRI': 'sle', 'VERSION': '15-SP7', 'ARCH': 'x86_64', 'FLAVOR': 'Desktop-DVD-Incidents', 'INCIDENT_ID': 42102, 'REPOHASH': 1768409559, 'BUILD': ':42102:libsoup2', '_OBSOLETE': '1', '_ONLY_OBSOLETE_SAME_BUILD': '1', '__CI_JOB_URL': 'https://gitlab.suse.de/qa-maintenance/bot-ng/-/jobs/5904085', 'RRID': 'SUSE:Maintenance:42102:398972', 'BASE_TEST_ISSUES': '42102', 'INCIDENT_REPO': '', '_PRIORITY': 60, '__SOURCE_CHANGE_URL': 'https://smelt.suse.de/incident/42102', '__DASHBOARD_INCIDENT_URL': 'http://dashboard.qam.suse.de/incident/42102'}}, 'openqa': {'DISTRI': 'sle', 'VERSION': '15-SP7', 'ARCH': 'x86_64', 'FLAVOR': 'Desktop-DVD-Incidents', 'INCIDENT_ID': 42102, 'REPOHASH': 1768409559, 'BUILD': ':42102:libsoup2', '_OBSOLETE': '1', '_ONLY_OBSOLETE_SAME_BUILD': '1', '__CI_JOB_URL': 'https://gitlab.suse.de/qa-maintenance/bot-ng/-/jobs/5904085', 'RRID': 'SUSE:Maintenance:42102:398972', 'BASE_TEST_ISSUES': '42102', 'INCIDENT_REPO': '', '_PRIORITY': 60, '__SOURCE_CHANGE_URL': 'https://smelt.suse.de/incident/42102', '__DASHBOARD_INCIDENT_URL': 'http://dashboard.qam.suse.de/incident/42102'}}
2026-01-15 14:32:48 INFO     openqa-cli api --host https://openqa.suse.de -X post isos DISTRI=sle VERSION=15-SP7 ARCH=x86_64 FLAVOR=Desktop-DVD-Incidents INCIDENT_ID=42102 REPOHASH=1768409559 BUILD=:42102:libsoup2 _OBSOLETE=1 _ONLY_OBSOLETE_SAME_BUILD=1 __CI_JOB_URL=https://gitlab.suse.de/qa-maintenance/bot-ng/-/jobs/5904085 RRID=SUSE:Maintenance:42102:398972 BASE_TEST_ISSUES=42102 INCIDENT_REPO= _PRIORITY=60 __SOURCE_CHANGE_URL=https://smelt.suse.de/incident/42102 __DASHBOARD_INCIDENT_URL=http://dashboard.qam.suse.de/incident/42102
2026-01-15 14:32:48 INFO     Dashboard update successful: Status 200, Database ID 2318562
2026-01-15 14:32:48 INFO     Triggering job: {'api': 'api/incident_settings', 'qem': {'incident': 42226, 'arch': 'x86_64', 'flavor': 'Desktop-DVD-Incidents', 'version': '15-SP7', 'withAggregate': True, 'settings': {'DISTRI': 'sle', 'VERSION': '15-SP7', 'ARCH': 'x86_64', 'FLAVOR': 'Desktop-DVD-Incidents', 'INCIDENT_ID': 42226, 'REPOHASH': 1768382386, 'BUILD': ':42226:supportutils', '_OBSOLETE': '1', '_ONLY_OBSOLETE_SAME_BUILD': '1', '__CI_JOB_URL': 'https://gitlab.suse.de/qa-maintenance/bot-ng/-/jobs/5904085', 'RRID': 'SUSE:Maintenance:42226:398973', 'BASE_TEST_ISSUES': '42226', 'INCIDENT_REPO': '', '_PRIORITY': 60, '__SOURCE_CHANGE_URL': 'https://smelt.suse.de/incident/42226', '__DASHBOARD_INCIDENT_URL': 'http://dashboard.qam.suse.de/incident/42226'}}, 'openqa': {'DISTRI': 'sle', 'VERSION': '15-SP7', 'ARCH': 'x86_64', 'FLAVOR': 'Desktop-DVD-Incidents', 'INCIDENT_ID': 42226, 'REPOHASH': 1768382386, 'BUILD': ':42226:supportutils', '_OBSOLETE': '1', '_ONLY_OBSOLETE_SAME_BUILD': '1', '__CI_JOB_URL': 'https://gitlab.suse.de/qa-maintenance/bot-ng/-/jobs/5904085', 'RRID': 'SUSE:Maintenance:42226:398973', 'BASE_TEST_ISSUES': '42226', 'INCIDENT_REPO': '', '_PRIORITY': 60, '__SOURCE_CHANGE_URL': 'https://smelt.suse.de/incident/42226', '__DASHBOARD_INCIDENT_URL': 'http://dashboard.qam.suse.de/incident/42226'}}
2026-01-15 14:32:48 INFO     openqa-cli api --host https://openqa.suse.de -X post isos DISTRI=sle VERSION=15-SP7 ARCH=x86_64 FLAVOR=Desktop-DVD-Incidents INCIDENT_ID=42226 REPOHASH=1768382386 BUILD=:42226:supportutils _OBSOLETE=1 _ONLY_OBSOLETE_SAME_BUILD=1 __CI_JOB_URL=https://gitlab.suse.de/qa-maintenance/bot-ng/-/jobs/5904085 RRID=SUSE:Maintenance:42226:398973 BASE_TEST_ISSUES=42226 INCIDENT_REPO= _PRIORITY=60 __SOURCE_CHANGE_URL=https://smelt.suse.de/incident/42226 __DASHBOARD_INCIDENT_URL=http://dashboard.qam.suse.de/incident/42226
2026-01-15 14:32:48 INFO     Dashboard update successful: Status 200, Database ID 2318563
2026-01-15 14:32:48 INFO     Triggering job: {'api': 'api/incident_settings', 'qem': {'incident': 42229, 'arch': 'x86_64', 'flavor': 'Desktop-DVD-Incidents', 'version': '15-SP7', 'withAggregate': True, 'settings': {'DISTRI': 'sle', 'VERSION': '15-SP7', 'ARCH': 'x86_64', 'FLAVOR': 'Desktop-DVD-Incidents', 'INCIDENT_ID': 42229, 'REPOHASH': 1768403670, 'BUILD': ':42229:dtb-armv7l', '_OBSOLETE': '1', '_ONLY_OBSOLETE_SAME_BUILD': '1', '__CI_JOB_URL': 'https://gitlab.suse.de/qa-maintenance/bot-ng/-/jobs/5904085', 'RRID': 'SUSE:Maintenance:42229:398981', 'BASE_TEST_ISSUES': '42229', 'SDK_TEST_ISSUES': '42229', 'WE_TEST_ISSUES': '42229', 'INCIDENT_REPO': '', '_PRIORITY': 60, '__SOURCE_CHANGE_URL': 'https://smelt.suse.de/incident/42229', '__DASHBOARD_INCIDENT_URL': 'http://dashboard.qam.suse.de/incident/42229'}}, 'openqa': {'DISTRI': 'sle', 'VERSION': '15-SP7', 'ARCH': 'x86_64', 'FLAVOR': 'Desktop-DVD-Incidents', 'INCIDENT_ID': 42229, 'REPOHASH': 1768403670, 'BUILD': ':42229:dtb-armv7l', '_OBSOLETE': '1', '_ONLY_OBSOLETE_SAME_BUILD': '1', '__CI_JOB_URL': 'https://gitlab.suse.de/qa-maintenance/bot-ng/-/jobs/5904085', 'RRID': 'SUSE:Maintenance:42229:398981', 'BASE_TEST_ISSUES': '42229', 'SDK_TEST_ISSUES': '42229', 'WE_TEST_ISSUES': '42229', 'INCIDENT_REPO': '', '_PRIORITY': 60, '__SOURCE_CHANGE_URL': 'https://smelt.suse.de/incident/42229', '__DASHBOARD_INCIDENT_URL': 'http://dashboard.qam.suse.de/incident/42229'}}
2026-01-15 14:32:48 INFO     openqa-cli api --host https://openqa.suse.de -X post isos DISTRI=sle VERSION=15-SP7 ARCH=x86_64 FLAVOR=Desktop-DVD-Incidents INCIDENT_ID=42229 REPOHASH=1768403670 BUILD=:42229:dtb-armv7l _OBSOLETE=1 _ONLY_OBSOLETE_SAME_BUILD=1 __CI_JOB_URL=https://gitlab.suse.de/qa-maintenance/bot-ng/-/jobs/5904085 RRID=SUSE:Maintenance:42229:398981 BASE_TEST_ISSUES=42229 SDK_TEST_ISSUES=42229 WE_TEST_ISSUES=42229 INCIDENT_REPO= _PRIORITY=60 __SOURCE_CHANGE_URL=https://smelt.suse.de/incident/42229 __DASHBOARD_INCIDENT_URL=http://dashboard.qam.suse.de/incident/42229
2026-01-15 14:32:48 INFO     Dashboard update successful: Status 200, Database ID 2318564
2026-01-15 14:32:48 INFO     Triggering job: {'api': 'api/incident_settings', 'qem': {'incident': 42101, 'arch': 'x86_64', 'flavor': 'Desktop-DVD-Incidents-Install', 'version': '15-SP7', 'withAggregate': True, 'settings': {'DISTRI': 'sle', 'VERSION': '15-SP7', 'ARCH': 'x86_64', 'FLAVOR': 'Desktop-DVD-Incidents-Install', 'INCIDENT_ID': 42101, 'REPOHASH': 1768387888, 'BUILD': ':42101:libsoup', '_OBSOLETE': '1', '_ONLY_OBSOLETE_SAME_BUILD': '1', '__CI_JOB_URL': 'https://gitlab.suse.de/qa-maintenance/bot-ng/-/jobs/5904085', 'RRID': 'SUSE:Maintenance:42101:398980', 'BASE_TEST_ISSUES': '42101', 'INCIDENT_REPO': '', '_PRIORITY': 60, '__SOURCE_CHANGE_URL': 'https://smelt.suse.de/incident/42101', '__DASHBOARD_INCIDENT_URL': 'http://dashboard.qam.suse.de/incident/42101'}}, 'openqa': {'DISTRI': 'sle', 'VERSION': '15-SP7', 'ARCH': 'x86_64', 'FLAVOR': 'Desktop-DVD-Incidents-Install', 'INCIDENT_ID': 42101, 'REPOHASH': 1768387888, 'BUILD': ':42101:libsoup', '_OBSOLETE': '1', '_ONLY_OBSOLETE_SAME_BUILD': '1', '__CI_JOB_URL': 'https://gitlab.suse.de/qa-maintenance/bot-ng/-/jobs/5904085', 'RRID': 'SUSE:Maintenance:42101:398980', 'BASE_TEST_ISSUES': '42101', 'INCIDENT_REPO': '', '_PRIORITY': 60, '__SOURCE_CHANGE_URL': 'https://smelt.suse.de/incident/42101', '__DASHBOARD_INCIDENT_URL': 'http://dashboard.qam.suse.de/incident/42101'}}
2026-01-15 14:32:48 INFO     openqa-cli api --host https://openqa.suse.de -X post isos DISTRI=sle VERSION=15-SP7 ARCH=x86_64 FLAVOR=Desktop-DVD-Incidents-Install INCIDENT_ID=42101 REPOHASH=1768387888 BUILD=:42101:libsoup _OBSOLETE=1 _ONLY_OBSOLETE_SAME_BUILD=1 __CI_JOB_URL=https://gitlab.suse.de/qa-maintenance/bot-ng/-/jobs/5904085 RRID=SUSE:Maintenance:42101:398980 BASE_TEST_ISSUES=42101 INCIDENT_REPO= _PRIORITY=60 __SOURCE_CHANGE_URL=https://smelt.suse.de/incident/42101 __DASHBOARD_INCIDENT_URL=http://dashboard.qam.suse.de/incident/42101
2026-01-15 14:32:48 INFO     Dashboard update successful: Status 200, Database ID 2318565
2026-01-15 14:32:48 INFO     Triggering job: {'api': 'api/incident_settings', 'qem': {'incident': 42102, 'arch': 'x86_64', 'flavor': 'Desktop-DVD-Incidents-Install', 'version': '15-SP7', 'withAggregate': True, 'settings': {'DISTRI': 'sle', 'VERSION': '15-SP7', 'ARCH': 'x86_64', 'FLAVOR': 'Desktop-DVD-Incidents-Install', 'INCIDENT_ID': 42102, 'REPOHASH': 1768409559, 'BUILD': ':42102:libsoup2', '_OBSOLETE': '1', '_ONLY_OBSOLETE_SAME_BUILD': '1', '__CI_JOB_URL': 'https://gitlab.suse.de/qa-maintenance/bot-ng/-/jobs/5904085', 'RRID': 'SUSE:Maintenance:42102:398972', 'BASE_TEST_ISSUES': '42102', 'INCIDENT_REPO': '', '_PRIORITY': 60, '__SOURCE_CHANGE_URL': 'https://smelt.suse.de/incident/42102', '__DASHBOARD_INCIDENT_URL': 'http://dashboard.qam.suse.de/incident/42102'}}, 'openqa': {'DISTRI': 'sle', 'VERSION': '15-SP7', 'ARCH': 'x86_64', 'FLAVOR': 'Desktop-DVD-Incidents-Install', 'INCIDENT_ID': 42102, 'REPOHASH': 1768409559, 'BUILD': ':42102:libsoup2', '_OBSOLETE': '1', '_ONLY_OBSOLETE_SAME_BUILD': '1', '__CI_JOB_URL': 'https://gitlab.suse.de/qa-maintenance/bot-ng/-/jobs/5904085', 'RRID': 'SUSE:Maintenance:42102:398972', 'BASE_TEST_ISSUES': '42102', 'INCIDENT_REPO': '', '_PRIORITY': 60, '__SOURCE_CHANGE_URL': 'https://smelt.suse.de/incident/42102', '__DASHBOARD_INCIDENT_URL': 'http://dashboard.qam.suse.de/incident/42102'}}
2026-01-15 14:32:48 INFO     openqa-cli api --host https://openqa.suse.de -X post isos DISTRI=sle VERSION=15-SP7 ARCH=x86_64 FLAVOR=Desktop-DVD-Incidents-Install INCIDENT_ID=42102 REPOHASH=1768409559 BUILD=:42102:libsoup2 _OBSOLETE=1 _ONLY_OBSOLETE_SAME_BUILD=1 __CI_JOB_URL=https://gitlab.suse.de/qa-maintenance/bot-ng/-/jobs/5904085 RRID=SUSE:Maintenance:42102:398972 BASE_TEST_ISSUES=42102 INCIDENT_REPO= _PRIORITY=60 __SOURCE_CHANGE_URL=https://smelt.suse.de/incident/42102 __DASHBOARD_INCIDENT_URL=http://dashboard.qam.suse.de/incident/42102
2026-01-15 14:32:48 INFO     Dashboard update successful: Status 200, Database ID 2318566
2026-01-15 14:32:48 INFO     Triggering job: {'api': 'api/incident_settings', 'qem': {'incident': 42226, 'arch': 'x86_64', 'flavor': 'Desktop-DVD-Incidents-Install', 'version': '15-SP7', 'withAggregate': True, 'settings': {'DISTRI': 'sle', 'VERSION': '15-SP7', 'ARCH': 'x86_64', 'FLAVOR': 'Desktop-DVD-Incidents-Install', 'INCIDENT_ID': 42226, 'REPOHASH': 1768382386, 'BUILD': ':42226:supportutils', '_OBSOLETE': '1', '_ONLY_OBSOLETE_SAME_BUILD': '1', '__CI_JOB_URL': 'https://gitlab.suse.de/qa-maintenance/bot-ng/-/jobs/5904085', 'RRID': 'SUSE:Maintenance:42226:398973', 'BASE_TEST_ISSUES': '42226', 'INCIDENT_REPO': '', '_PRIORITY': 60, '__SOURCE_CHANGE_URL': 'https://smelt.suse.de/incident/42226', '__DASHBOARD_INCIDENT_URL': 'http://dashboard.qam.suse.de/incident/42226'}}, 'openqa': {'DISTRI': 'sle', 'VERSION': '15-SP7', 'ARCH': 'x86_64', 'FLAVOR': 'Desktop-DVD-Incidents-Install', 'INCIDENT_ID': 42226, 'REPOHASH': 1768382386, 'BUILD': ':42226:supportutils', '_OBSOLETE': '1', '_ONLY_OBSOLETE_SAME_BUILD': '1', '__CI_JOB_URL': 'https://gitlab.suse.de/qa-maintenance/bot-ng/-/jobs/5904085', 'RRID': 'SUSE:Maintenance:42226:398973', 'BASE_TEST_ISSUES': '42226', 'INCIDENT_REPO': '', '_PRIORITY': 60, '__SOURCE_CHANGE_URL': 'https://smelt.suse.de/incident/42226', '__DASHBOARD_INCIDENT_URL': 'http://dashboard.qam.suse.de/incident/42226'}}
2026-01-15 14:32:48 INFO     openqa-cli api --host https://openqa.suse.de -X post isos DISTRI=sle VERSION=15-SP7 ARCH=x86_64 FLAVOR=Desktop-DVD-Incidents-Install INCIDENT_ID=42226 REPOHASH=1768382386 BUILD=:42226:supportutils _OBSOLETE=1 _ONLY_OBSOLETE_SAME_BUILD=1 __CI_JOB_URL=https://gitlab.suse.de/qa-maintenance/bot-ng/-/jobs/5904085 RRID=SUSE:Maintenance:42226:398973 BASE_TEST_ISSUES=42226 INCIDENT_REPO= _PRIORITY=60 __SOURCE_CHANGE_URL=https://smelt.suse.de/incident/42226 __DASHBOARD_INCIDENT_URL=http://dashboard.qam.suse.de/incident/42226
2026-01-15 14:32:48 INFO     Dashboard update successful: Status 200, Database ID 2318567
2026-01-15 14:32:48 INFO     Triggering job: {'api': 'api/incident_settings', 'qem': {'incident': 42229, 'arch': 'x86_64', 'flavor': 'Desktop-DVD-Incidents-Install', 'version': '15-SP7', 'withAggregate': True, 'settings': {'DISTRI': 'sle', 'VERSION': '15-SP7', 'ARCH': 'x86_64', 'FLAVOR': 'Desktop-DVD-Incidents-Install', 'INCIDENT_ID': 42229, 'REPOHASH': 1768403670, 'BUILD': ':42229:dtb-armv7l', '_OBSOLETE': '1', '_ONLY_OBSOLETE_SAME_BUILD': '1', '__CI_JOB_URL': 'https://gitlab.suse.de/qa-maintenance/bot-ng/-/jobs/5904085', 'RRID': 'SUSE:Maintenance:42229:398981', 'BASE_TEST_ISSUES': '42229', 'SDK_TEST_ISSUES': '42229', 'WE_TEST_ISSUES': '42229', 'INCIDENT_REPO': '', '_PRIORITY': 60, '__SOURCE_CHANGE_URL': 'https://smelt.suse.de/incident/42229', '__DASHBOARD_INCIDENT_URL': 'http://dashboard.qam.suse.de/incident/42229'}}, 'openqa': {'DISTRI': 'sle', 'VERSION': '15-SP7', 'ARCH': 'x86_64', 'FLAVOR': 'Desktop-DVD-Incidents-Install', 'INCIDENT_ID': 42229, 'REPOHASH': 1768403670, 'BUILD': ':42229:dtb-armv7l', '_OBSOLETE': '1', '_ONLY_OBSOLETE_SAME_BUILD': '1', '__CI_JOB_URL': 'https://gitlab.suse.de/qa-maintenance/bot-ng/-/jobs/5904085', 'RRID': 'SUSE:Maintenance:42229:398981', 'BASE_TEST_ISSUES': '42229', 'SDK_TEST_ISSUES': '42229', 'WE_TEST_ISSUES': '42229', 'INCIDENT_REPO': '', '_PRIORITY': 60, '__SOURCE_CHANGE_URL': 'https://smelt.suse.de/incident/42229', '__DASHBOARD_INCIDENT_URL': 'http://dashboard.qam.suse.de/incident/42229'}}
2026-01-15 14:32:48 INFO     openqa-cli api --host https://openqa.suse.de -X post isos DISTRI=sle VERSION=15-SP7 ARCH=x86_64 FLAVOR=Desktop-DVD-Incidents-Install INCIDENT_ID=42229 REPOHASH=1768403670 BUILD=:42229:dtb-armv7l _OBSOLETE=1 _ONLY_OBSOLETE_SAME_BUILD=1 __CI_JOB_URL=https://gitlab.suse.de/qa-maintenance/bot-ng/-/jobs/5904085 RRID=SUSE:Maintenance:42229:398981 BASE_TEST_ISSUES=42229 SDK_TEST_ISSUES=42229 WE_TEST_ISSUES=42229 INCIDENT_REPO= _PRIORITY=60 __SOURCE_CHANGE_URL=https://smelt.suse.de/incident/42229 __DASHBOARD_INCIDENT_URL=http://dashboard.qam.suse.de/incident/42229
2026-01-15 14:32:48 INFO     Dashboard update successful: Status 200, Database ID 2318568
2026-01-15 14:32:48 INFO     Triggering job: {'api': 'api/incident_settings', 'qem': {'incident': 42103, 'arch': 'x86_64', 'flavor': 'Server-DVD-Incidents', 'version': '15-SP4', 'withAggregate': True, 'settings': {'DISTRI': 'sle', 'VERSION': '15-SP4', 'ARCH': 'x86_64', 'FLAVOR': 'Server-DVD-Incidents', 'INCIDENT_ID': 42103, 'REPOHASH': 1768408824, 'BUILD': ':42103:libsoup', '_OBSOLETE': '1', '_ONLY_OBSOLETE_SAME_BUILD': '1', '__CI_JOB_URL': 'https://gitlab.suse.de/qa-maintenance/bot-ng/-/jobs/5904085', 'RRID': 'SUSE:Maintenance:42103:398982', 'LTSS_TEST_ISSUES': '42103', 'INCIDENT_REPO': '', '_PRIORITY': 60, '__SOURCE_CHANGE_URL': 'https://smelt.suse.de/incident/42103', '__DASHBOARD_INCIDENT_URL': 'http://dashboard.qam.suse.de/incident/42103'}}, 'openqa': {'DISTRI': 'sle', 'VERSION': '15-SP4', 'ARCH': 'x86_64', 'FLAVOR': 'Server-DVD-Incidents', 'INCIDENT_ID': 42103, 'REPOHASH': 1768408824, 'BUILD': ':42103:libsoup', '_OBSOLETE': '1', '_ONLY_OBSOLETE_SAME_BUILD': '1', '__CI_JOB_URL': 'https://gitlab.suse.de/qa-maintenance/bot-ng/-/jobs/5904085', 'RRID': 'SUSE:Maintenance:42103:398982', 'LTSS_TEST_ISSUES': '42103', 'INCIDENT_REPO': '', '_PRIORITY': 60, '__SOURCE_CHANGE_URL': 'https://smelt.suse.de/incident/42103', '__DASHBOARD_INCIDENT_URL': 'http://dashboard.qam.suse.de/incident/42103'}}
2026-01-15 14:32:48 INFO     openqa-cli api --host https://openqa.suse.de -X post isos DISTRI=sle VERSION=15-SP4 ARCH=x86_64 FLAVOR=Server-DVD-Incidents INCIDENT_ID=42103 REPOHASH=1768408824 BUILD=:42103:libsoup _OBSOLETE=1 _ONLY_OBSOLETE_SAME_BUILD=1 __CI_JOB_URL=https://gitlab.suse.de/qa-maintenance/bot-ng/-/jobs/5904085 RRID=SUSE:Maintenance:42103:398982 LTSS_TEST_ISSUES=42103 INCIDENT_REPO= _PRIORITY=60 __SOURCE_CHANGE_URL=https://smelt.suse.de/incident/42103 __DASHBOARD_INCIDENT_URL=http://dashboard.qam.suse.de/incident/42103
2026-01-15 14:32:48 INFO     Dashboard update successful: Status 200, Database ID 2318569
2026-01-15 14:32:48 INFO     Triggering job: {'api': 'api/incident_settings', 'qem': {'incident': 42104, 'arch': 'x86_64', 'flavor': 'Server-DVD-Incidents', 'version': '15-SP4', 'withAggregate': True, 'settings': {'DISTRI': 'sle', 'VERSION': '15-SP4', 'ARCH': 'x86_64', 'FLAVOR': 'Server-DVD-Incidents', 'INCIDENT_ID': 42104, 'REPOHASH': 1768407419, 'BUILD': ':42104:libsoup2', '_OBSOLETE': '1', '_ONLY_OBSOLETE_SAME_BUILD': '1', '__CI_JOB_URL': 'https://gitlab.suse.de/qa-maintenance/bot-ng/-/jobs/5904085', 'RRID': 'SUSE:Maintenance:42104:398978', 'LTSS_TEST_ISSUES': '42104', 'INCIDENT_REPO': '', '_PRIORITY': 60, '__SOURCE_CHANGE_URL': 'https://smelt.suse.de/incident/42104', '__DASHBOARD_INCIDENT_URL': 'http://dashboard.qam.suse.de/incident/42104'}}, 'openqa': {'DISTRI': 'sle', 'VERSION': '15-SP4', 'ARCH': 'x86_64', 'FLAVOR': 'Server-DVD-Incidents', 'INCIDENT_ID': 42104, 'REPOHASH': 1768407419, 'BUILD': ':42104:libsoup2', '_OBSOLETE': '1', '_ONLY_OBSOLETE_SAME_BUILD': '1', '__CI_JOB_URL': 'https://gitlab.suse.de/qa-maintenance/bot-ng/-/jobs/5904085', 'RRID': 'SUSE:Maintenance:42104:398978', 'LTSS_TEST_ISSUES': '42104', 'INCIDENT_REPO': '', '_PRIORITY': 60, '__SOURCE_CHANGE_URL': 'https://smelt.suse.de/incident/42104', '__DASHBOARD_INCIDENT_URL': 'http://dashboard.qam.suse.de/incident/42104'}}
2026-01-15 14:32:48 INFO     openqa-cli api --host https://openqa.suse.de -X post isos DISTRI=sle VERSION=15-SP4 ARCH=x86_64 FLAVOR=Server-DVD-Incidents INCIDENT_ID=42104 REPOHASH=1768407419 BUILD=:42104:libsoup2 _OBSOLETE=1 _ONLY_OBSOLETE_SAME_BUILD=1 __CI_JOB_URL=https://gitlab.suse.de/qa-maintenance/bot-ng/-/jobs/5904085 RRID=SUSE:Maintenance:42104:398978 LTSS_TEST_ISSUES=42104 INCIDENT_REPO= _PRIORITY=60 __SOURCE_CHANGE_URL=https://smelt.suse.de/incident/42104 __DASHBOARD_INCIDENT_URL=http://dashboard.qam.suse.de/incident/42104
2026-01-15 14:32:48 INFO     Dashboard update successful: Status 200, Database ID 2318570
2026-01-15 14:32:48 INFO     Triggering job: {'api': 'api/incident_settings', 'qem': {'incident': 42103, 'arch': 'x86_64', 'flavor': 'Server-DVD-Incidents-Install', 'version': '15-SP4', 'withAggregate': True, 'settings': {'DISTRI': 'sle', 'VERSION': '15-SP4', 'ARCH': 'x86_64', 'FLAVOR': 'Server-DVD-Incidents-Install', 'INCIDENT_ID': 42103, 'REPOHASH': 1768408824, 'BUILD': ':42103:libsoup', '_OBSOLETE': '1', '_ONLY_OBSOLETE_SAME_BUILD': '1', '__CI_JOB_URL': 'https://gitlab.suse.de/qa-maintenance/bot-ng/-/jobs/5904085', 'RRID': 'SUSE:Maintenance:42103:398982', 'LTSS_TEST_ISSUES': '42103', 'INCIDENT_REPO': '', '_PRIORITY': 60, '__SOURCE_CHANGE_URL': 'https://smelt.suse.de/incident/42103', '__DASHBOARD_INCIDENT_URL': 'http://dashboard.qam.suse.de/incident/42103'}}, 'openqa': {'DISTRI': 'sle', 'VERSION': '15-SP4', 'ARCH': 'x86_64', 'FLAVOR': 'Server-DVD-Incidents-Install', 'INCIDENT_ID': 42103, 'REPOHASH': 1768408824, 'BUILD': ':42103:libsoup', '_OBSOLETE': '1', '_ONLY_OBSOLETE_SAME_BUILD': '1', '__CI_JOB_URL': 'https://gitlab.suse.de/qa-maintenance/bot-ng/-/jobs/5904085', 'RRID': 'SUSE:Maintenance:42103:398982', 'LTSS_TEST_ISSUES': '42103', 'INCIDENT_REPO': '', '_PRIORITY': 60, '__SOURCE_CHANGE_URL': 'https://smelt.suse.de/incident/42103', '__DASHBOARD_INCIDENT_URL': 'http://dashboard.qam.suse.de/incident/42103'}}
2026-01-15 14:32:48 INFO     openqa-cli api --host https://openqa.suse.de -X post isos DISTRI=sle VERSION=15-SP4 ARCH=x86_64 FLAVOR=Server-DVD-Incidents-Install INCIDENT_ID=42103 REPOHASH=1768408824 BUILD=:42103:libsoup _OBSOLETE=1 _ONLY_OBSOLETE_SAME_BUILD=1 __CI_JOB_URL=https://gitlab.suse.de/qa-maintenance/bot-ng/-/jobs/5904085 RRID=SUSE:Maintenance:42103:398982 LTSS_TEST_ISSUES=42103 INCIDENT_REPO= _PRIORITY=60 __SOURCE_CHANGE_URL=https://smelt.suse.de/incident/42103 __DASHBOARD_INCIDENT_URL=http://dashboard.qam.suse.de/incident/42103
2026-01-15 14:32:48 INFO     Dashboard update successful: Status 200, Database ID 2318571
2026-01-15 14:32:48 INFO     Triggering job: {'api': 'api/incident_settings', 'qem': {'incident': 42104, 'arch': 'x86_64', 'flavor': 'Server-DVD-Incidents-Install', 'version': '15-SP4', 'withAggregate': True, 'settings': {'DISTRI': 'sle', 'VERSION': '15-SP4', 'ARCH': 'x86_64', 'FLAVOR': 'Server-DVD-Incidents-Install', 'INCIDENT_ID': 42104, 'REPOHASH': 1768407419, 'BUILD': ':42104:libsoup2', '_OBSOLETE': '1', '_ONLY_OBSOLETE_SAME_BUILD': '1', '__CI_JOB_URL': 'https://gitlab.suse.de/qa-maintenance/bot-ng/-/jobs/5904085', 'RRID': 'SUSE:Maintenance:42104:398978', 'LTSS_TEST_ISSUES': '42104', 'INCIDENT_REPO': '', '_PRIORITY': 60, '__SOURCE_CHANGE_URL': 'https://smelt.suse.de/incident/42104', '__DASHBOARD_INCIDENT_URL': 'http://dashboard.qam.suse.de/incident/42104'}}, 'openqa': {'DISTRI': 'sle', 'VERSION': '15-SP4', 'ARCH': 'x86_64', 'FLAVOR': 'Server-DVD-Incidents-Install', 'INCIDENT_ID': 42104, 'REPOHASH': 1768407419, 'BUILD': ':42104:libsoup2', '_OBSOLETE': '1', '_ONLY_OBSOLETE_SAME_BUILD': '1', '__CI_JOB_URL': 'https://gitlab.suse.de/qa-maintenance/bot-ng/-/jobs/5904085', 'RRID': 'SUSE:Maintenance:42104:398978', 'LTSS_TEST_ISSUES': '42104', 'INCIDENT_REPO': '', '_PRIORITY': 60, '__SOURCE_CHANGE_URL': 'https://smelt.suse.de/incident/42104', '__DASHBOARD_INCIDENT_URL': 'http://dashboard.qam.suse.de/incident/42104'}}
2026-01-15 14:32:48 INFO     openqa-cli api --host https://openqa.suse.de -X post isos DISTRI=sle VERSION=15-SP4 ARCH=x86_64 FLAVOR=Server-DVD-Incidents-Install INCIDENT_ID=42104 REPOHASH=1768407419 BUILD=:42104:libsoup2 _OBSOLETE=1 _ONLY_OBSOLETE_SAME_BUILD=1 __CI_JOB_URL=https://gitlab.suse.de/qa-maintenance/bot-ng/-/jobs/5904085 RRID=SUSE:Maintenance:42104:398978 LTSS_TEST_ISSUES=42104 INCIDENT_REPO= _PRIORITY=60 __SOURCE_CHANGE_URL=https://smelt.suse.de/incident/42104 __DASHBOARD_INCIDENT_URL=http://dashboard.qam.suse.de/incident/42104
2026-01-15 14:32:48 INFO     Dashboard update successful: Status 200, Database ID 2318572
2026-01-15 14:32:48 INFO     Triggering job: {'api': 'api/incident_settings', 'qem': {'incident': 42103, 'arch': 'ppc64le', 'flavor': 'Server-DVD-Incidents-Install', 'version': '15-SP4', 'withAggregate': True, 'settings': {'DISTRI': 'sle', 'VERSION': '15-SP4', 'ARCH': 'ppc64le', 'FLAVOR': 'Server-DVD-Incidents-Install', 'INCIDENT_ID': 42103, 'REPOHASH': 1768408836, 'BUILD': ':42103:libsoup', '_OBSOLETE': '1', '_ONLY_OBSOLETE_SAME_BUILD': '1', '__CI_JOB_URL': 'https://gitlab.suse.de/qa-maintenance/bot-ng/-/jobs/5904085', 'RRID': 'SUSE:Maintenance:42103:398982', 'LTSS_TEST_ISSUES': '42103', 'INCIDENT_REPO': '', '_PRIORITY': 60, '__SOURCE_CHANGE_URL': 'https://smelt.suse.de/incident/42103', '__DASHBOARD_INCIDENT_URL': 'http://dashboard.qam.suse.de/incident/42103'}}, 'openqa': {'DISTRI': 'sle', 'VERSION': '15-SP4', 'ARCH': 'ppc64le', 'FLAVOR': 'Server-DVD-Incidents-Install', 'INCIDENT_ID': 42103, 'REPOHASH': 1768408836, 'BUILD': ':42103:libsoup', '_OBSOLETE': '1', '_ONLY_OBSOLETE_SAME_BUILD': '1', '__CI_JOB_URL': 'https://gitlab.suse.de/qa-maintenance/bot-ng/-/jobs/5904085', 'RRID': 'SUSE:Maintenance:42103:398982', 'LTSS_TEST_ISSUES': '42103', 'INCIDENT_REPO': '', '_PRIORITY': 60, '__SOURCE_CHANGE_URL': 'https://smelt.suse.de/incident/42103', '__DASHBOARD_INCIDENT_URL': 'http://dashboard.qam.suse.de/incident/42103'}}
2026-01-15 14:32:48 INFO     openqa-cli api --host https://openqa.suse.de -X post isos DISTRI=sle VERSION=15-SP4 ARCH=ppc64le FLAVOR=Server-DVD-Incidents-Install INCIDENT_ID=42103 REPOHASH=1768408836 BUILD=:42103:libsoup _OBSOLETE=1 _ONLY_OBSOLETE_SAME_BUILD=1 __CI_JOB_URL=https://gitlab.suse.de/qa-maintenance/bot-ng/-/jobs/5904085 RRID=SUSE:Maintenance:42103:398982 LTSS_TEST_ISSUES=42103 INCIDENT_REPO= _PRIORITY=60 __SOURCE_CHANGE_URL=https://smelt.suse.de/incident/42103 __DASHBOARD_INCIDENT_URL=http://dashboard.qam.suse.de/incident/42103
2026-01-15 14:32:48 INFO     Dashboard update successful: Status 200, Database ID 2318573
2026-01-15 14:32:48 INFO     Triggering job: {'api': 'api/incident_settings', 'qem': {'incident': 42104, 'arch': 'ppc64le', 'flavor': 'Server-DVD-Incidents-Install', 'version': '15-SP4', 'withAggregate': True, 'settings': {'DISTRI': 'sle', 'VERSION': '15-SP4', 'ARCH': 'ppc64le', 'FLAVOR': 'Server-DVD-Incidents-Install', 'INCIDENT_ID': 42104, 'REPOHASH': 1768407416, 'BUILD': ':42104:libsoup2', '_OBSOLETE': '1', '_ONLY_OBSOLETE_SAME_BUILD': '1', '__CI_JOB_URL': 'https://gitlab.suse.de/qa-maintenance/bot-ng/-/jobs/5904085', 'RRID': 'SUSE:Maintenance:42104:398978', 'LTSS_TEST_ISSUES': '42104', 'INCIDENT_REPO': '', '_PRIORITY': 60, '__SOURCE_CHANGE_URL': 'https://smelt.suse.de/incident/42104', '__DASHBOARD_INCIDENT_URL': 'http://dashboard.qam.suse.de/incident/42104'}}, 'openqa': {'DISTRI': 'sle', 'VERSION': '15-SP4', 'ARCH': 'ppc64le', 'FLAVOR': 'Server-DVD-Incidents-Install', 'INCIDENT_ID': 42104, 'REPOHASH': 1768407416, 'BUILD': ':42104:libsoup2', '_OBSOLETE': '1', '_ONLY_OBSOLETE_SAME_BUILD': '1', '__CI_JOB_URL': 'https://gitlab.suse.de/qa-maintenance/bot-ng/-/jobs/5904085', 'RRID': 'SUSE:Maintenance:42104:398978', 'LTSS_TEST_ISSUES': '42104', 'INCIDENT_REPO': '', '_PRIORITY': 60, '__SOURCE_CHANGE_URL': 'https://smelt.suse.de/incident/42104', '__DASHBOARD_INCIDENT_URL': 'http://dashboard.qam.suse.de/incident/42104'}}
2026-01-15 14:32:48 INFO     openqa-cli api --host https://openqa.suse.de -X post isos DISTRI=sle VERSION=15-SP4 ARCH=ppc64le FLAVOR=Server-DVD-Incidents-Install INCIDENT_ID=42104 REPOHASH=1768407416 BUILD=:42104:libsoup2 _OBSOLETE=1 _ONLY_OBSOLETE_SAME_BUILD=1 __CI_JOB_URL=https://gitlab.suse.de/qa-maintenance/bot-ng/-/jobs/5904085 RRID=SUSE:Maintenance:42104:398978 LTSS_TEST_ISSUES=42104 INCIDENT_REPO= _PRIORITY=60 __SOURCE_CHANGE_URL=https://smelt.suse.de/incident/42104 __DASHBOARD_INCIDENT_URL=http://dashboard.qam.suse.de/incident/42104
2026-01-15 14:32:48 INFO     Dashboard update successful: Status 200, Database ID 2318574
2026-01-15 14:32:48 INFO     Triggering job: {'api': 'api/incident_settings', 'qem': {'incident': 42103, 'arch': 'aarch64', 'flavor': 'Server-DVD-Incidents-Install', 'version': '15-SP4', 'withAggregate': True, 'settings': {'DISTRI': 'sle', 'VERSION': '15-SP4', 'ARCH': 'aarch64', 'FLAVOR': 'Server-DVD-Incidents-Install', 'INCIDENT_ID': 42103, 'REPOHASH': 1768408791, 'BUILD': ':42103:libsoup', '_OBSOLETE': '1', '_ONLY_OBSOLETE_SAME_BUILD': '1', '__CI_JOB_URL': 'https://gitlab.suse.de/qa-maintenance/bot-ng/-/jobs/5904085', 'RRID': 'SUSE:Maintenance:42103:398982', 'LTSS_TEST_ISSUES': '42103', 'INCIDENT_REPO': '', '_PRIORITY': 60, '__SOURCE_CHANGE_URL': 'https://smelt.suse.de/incident/42103', '__DASHBOARD_INCIDENT_URL': 'http://dashboard.qam.suse.de/incident/42103'}}, 'openqa': {'DISTRI': 'sle', 'VERSION': '15-SP4', 'ARCH': 'aarch64', 'FLAVOR': 'Server-DVD-Incidents-Install', 'INCIDENT_ID': 42103, 'REPOHASH': 1768408791, 'BUILD': ':42103:libsoup', '_OBSOLETE': '1', '_ONLY_OBSOLETE_SAME_BUILD': '1', '__CI_JOB_URL': 'https://gitlab.suse.de/qa-maintenance/bot-ng/-/jobs/5904085', 'RRID': 'SUSE:Maintenance:42103:398982', 'LTSS_TEST_ISSUES': '42103', 'INCIDENT_REPO': '', '_PRIORITY': 60, '__SOURCE_CHANGE_URL': 'https://smelt.suse.de/incident/42103', '__DASHBOARD_INCIDENT_URL': 'http://dashboard.qam.suse.de/incident/42103'}}
2026-01-15 14:32:48 INFO     openqa-cli api --host https://openqa.suse.de -X post isos DISTRI=sle VERSION=15-SP4 ARCH=aarch64 FLAVOR=Server-DVD-Incidents-Install INCIDENT_ID=42103 REPOHASH=1768408791 BUILD=:42103:libsoup _OBSOLETE=1 _ONLY_OBSOLETE_SAME_BUILD=1 __CI_JOB_URL=https://gitlab.suse.de/qa-maintenance/bot-ng/-/jobs/5904085 RRID=SUSE:Maintenance:42103:398982 LTSS_TEST_ISSUES=42103 INCIDENT_REPO= _PRIORITY=60 __SOURCE_CHANGE_URL=https://smelt.suse.de/incident/42103 __DASHBOARD_INCIDENT_URL=http://dashboard.qam.suse.de/incident/42103
2026-01-15 14:32:48 INFO     Dashboard update successful: Status 200, Database ID 2318575
2026-01-15 14:32:48 INFO     Triggering job: {'api': 'api/incident_settings', 'qem': {'incident': 42104, 'arch': 'aarch64', 'flavor': 'Server-DVD-Incidents-Install', 'version': '15-SP4', 'withAggregate': True, 'settings': {'DISTRI': 'sle', 'VERSION': '15-SP4', 'ARCH': 'aarch64', 'FLAVOR': 'Server-DVD-Incidents-Install', 'INCIDENT_ID': 42104, 'REPOHASH': 1768407389, 'BUILD': ':42104:libsoup2', '_OBSOLETE': '1', '_ONLY_OBSOLETE_SAME_BUILD': '1', '__CI_JOB_URL': 'https://gitlab.suse.de/qa-maintenance/bot-ng/-/jobs/5904085', 'RRID': 'SUSE:Maintenance:42104:398978', 'LTSS_TEST_ISSUES': '42104', 'INCIDENT_REPO': '', '_PRIORITY': 60, '__SOURCE_CHANGE_URL': 'https://smelt.suse.de/incident/42104', '__DASHBOARD_INCIDENT_URL': 'http://dashboard.qam.suse.de/incident/42104'}}, 'openqa': {'DISTRI': 'sle', 'VERSION': '15-SP4', 'ARCH': 'aarch64', 'FLAVOR': 'Server-DVD-Incidents-Install', 'INCIDENT_ID': 42104, 'REPOHASH': 1768407389, 'BUILD': ':42104:libsoup2', '_OBSOLETE': '1', '_ONLY_OBSOLETE_SAME_BUILD': '1', '__CI_JOB_URL': 'https://gitlab.suse.de/qa-maintenance/bot-ng/-/jobs/5904085', 'RRID': 'SUSE:Maintenance:42104:398978', 'LTSS_TEST_ISSUES': '42104', 'INCIDENT_REPO': '', '_PRIORITY': 60, '__SOURCE_CHANGE_URL': 'https://smelt.suse.de/incident/42104', '__DASHBOARD_INCIDENT_URL': 'http://dashboard.qam.suse.de/incident/42104'}}
2026-01-15 14:32:48 INFO     openqa-cli api --host https://openqa.suse.de -X post isos DISTRI=sle VERSION=15-SP4 ARCH=aarch64 FLAVOR=Server-DVD-Incidents-Install INCIDENT_ID=42104 REPOHASH=1768407389 BUILD=:42104:libsoup2 _OBSOLETE=1 _ONLY_OBSOLETE_SAME_BUILD=1 __CI_JOB_URL=https://gitlab.suse.de/qa-maintenance/bot-ng/-/jobs/5904085 RRID=SUSE:Maintenance:42104:398978 LTSS_TEST_ISSUES=42104 INCIDENT_REPO= _PRIORITY=60 __SOURCE_CHANGE_URL=https://smelt.suse.de/incident/42104 __DASHBOARD_INCIDENT_URL=http://dashboard.qam.suse.de/incident/42104
2026-01-15 14:32:48 INFO     Dashboard update successful: Status 200, Database ID 2318576
2026-01-15 14:32:48 INFO     Triggering job: {'api': 'api/incident_settings', 'qem': {'incident': 42103, 'arch': 's390x', 'flavor': 'Server-DVD-Incidents-Install', 'version': '15-SP4', 'withAggregate': True, 'settings': {'DISTRI': 'sle', 'VERSION': '15-SP4', 'ARCH': 's390x', 'FLAVOR': 'Server-DVD-Incidents-Install', 'INCIDENT_ID': 42103, 'REPOHASH': 1768408830, 'BUILD': ':42103:libsoup', '_OBSOLETE': '1', '_ONLY_OBSOLETE_SAME_BUILD': '1', '__CI_JOB_URL': 'https://gitlab.suse.de/qa-maintenance/bot-ng/-/jobs/5904085', 'RRID': 'SUSE:Maintenance:42103:398982', 'LTSS_TEST_ISSUES': '42103', 'INCIDENT_REPO': '', '_PRIORITY': 60, '__SOURCE_CHANGE_URL': 'https://smelt.suse.de/incident/42103', '__DASHBOARD_INCIDENT_URL': 'http://dashboard.qam.suse.de/incident/42103'}}, 'openqa': {'DISTRI': 'sle', 'VERSION': '15-SP4', 'ARCH': 's390x', 'FLAVOR': 'Server-DVD-Incidents-Install', 'INCIDENT_ID': 42103, 'REPOHASH': 1768408830, 'BUILD': ':42103:libsoup', '_OBSOLETE': '1', '_ONLY_OBSOLETE_SAME_BUILD': '1', '__CI_JOB_URL': 'https://gitlab.suse.de/qa-maintenance/bot-ng/-/jobs/5904085', 'RRID': 'SUSE:Maintenance:42103:398982', 'LTSS_TEST_ISSUES': '42103', 'INCIDENT_REPO': '', '_PRIORITY': 60, '__SOURCE_CHANGE_URL': 'https://smelt.suse.de/incident/42103', '__DASHBOARD_INCIDENT_URL': 'http://dashboard.qam.suse.de/incident/42103'}}
2026-01-15 14:32:48 INFO     openqa-cli api --host https://openqa.suse.de -X post isos DISTRI=sle VERSION=15-SP4 ARCH=s390x FLAVOR=Server-DVD-Incidents-Install INCIDENT_ID=42103 REPOHASH=1768408830 BUILD=:42103:libsoup _OBSOLETE=1 _ONLY_OBSOLETE_SAME_BUILD=1 __CI_JOB_URL=https://gitlab.suse.de/qa-maintenance/bot-ng/-/jobs/5904085 RRID=SUSE:Maintenance:42103:398982 LTSS_TEST_ISSUES=42103 INCIDENT_REPO= _PRIORITY=60 __SOURCE_CHANGE_URL=https://smelt.suse.de/incident/42103 __DASHBOARD_INCIDENT_URL=http://dashboard.qam.suse.de/incident/42103
2026-01-15 14:32:48 INFO     Dashboard update successful: Status 200, Database ID 2318577
2026-01-15 14:32:48 INFO     Triggering job: {'api': 'api/incident_settings', 'qem': {'incident': 42104, 'arch': 's390x', 'flavor': 'Server-DVD-Incidents-Install', 'version': '15-SP4', 'withAggregate': True, 'settings': {'DISTRI': 'sle', 'VERSION': '15-SP4', 'ARCH': 's390x', 'FLAVOR': 'Server-DVD-Incidents-Install', 'INCIDENT_ID': 42104, 'REPOHASH': 1768407395, 'BUILD': ':42104:libsoup2', '_OBSOLETE': '1', '_ONLY_OBSOLETE_SAME_BUILD': '1', '__CI_JOB_URL': 'https://gitlab.suse.de/qa-maintenance/bot-ng/-/jobs/5904085', 'RRID': 'SUSE:Maintenance:42104:398978', 'LTSS_TEST_ISSUES': '42104', 'INCIDENT_REPO': '', '_PRIORITY': 60, '__SOURCE_CHANGE_URL': 'https://smelt.suse.de/incident/42104', '__DASHBOARD_INCIDENT_URL': 'http://dashboard.qam.suse.de/incident/42104'}}, 'openqa': {'DISTRI': 'sle', 'VERSION': '15-SP4', 'ARCH': 's390x', 'FLAVOR': 'Server-DVD-Incidents-Install', 'INCIDENT_ID': 42104, 'REPOHASH': 1768407395, 'BUILD': ':42104:libsoup2', '_OBSOLETE': '1', '_ONLY_OBSOLETE_SAME_BUILD': '1', '__CI_JOB_URL': 'https://gitlab.suse.de/qa-maintenance/bot-ng/-/jobs/5904085', 'RRID': 'SUSE:Maintenance:42104:398978', 'LTSS_TEST_ISSUES': '42104', 'INCIDENT_REPO': '', '_PRIORITY': 60, '__SOURCE_CHANGE_URL': 'https://smelt.suse.de/incident/42104', '__DASHBOARD_INCIDENT_URL': 'http://dashboard.qam.suse.de/incident/42104'}}
2026-01-15 14:32:48 INFO     openqa-cli api --host https://openqa.suse.de -X post isos DISTRI=sle VERSION=15-SP4 ARCH=s390x FLAVOR=Server-DVD-Incidents-Install INCIDENT_ID=42104 REPOHASH=1768407395 BUILD=:42104:libsoup2 _OBSOLETE=1 _ONLY_OBSOLETE_SAME_BUILD=1 __CI_JOB_URL=https://gitlab.suse.de/qa-maintenance/bot-ng/-/jobs/5904085 RRID=SUSE:Maintenance:42104:398978 LTSS_TEST_ISSUES=42104 INCIDENT_REPO= _PRIORITY=60 __SOURCE_CHANGE_URL=https://smelt.suse.de/incident/42104 __DASHBOARD_INCIDENT_URL=http://dashboard.qam.suse.de/incident/42104
2026-01-15 14:32:48 INFO     Dashboard update successful: Status 200, Database ID 2318578
2026-01-15 14:32:48 INFO     Triggering job: {'api': 'api/incident_settings', 'qem': {'incident': 42103, 'arch': 'x86_64', 'flavor': 'Server-DVD-Incidents-TERADATA', 'version': '15-SP4', 'withAggregate': True, 'settings': {'DISTRI': 'sle', 'VERSION': '15-SP4', 'ARCH': 'x86_64', 'FLAVOR': 'Server-DVD-Incidents-TERADATA', 'INCIDENT_ID': 42103, 'REPOHASH': 1768408824, 'BUILD': ':42103:libsoup', '_OBSOLETE': '1', '_ONLY_OBSOLETE_SAME_BUILD': '1', '__CI_JOB_URL': 'https://gitlab.suse.de/qa-maintenance/bot-ng/-/jobs/5904085', 'RRID': 'SUSE:Maintenance:42103:398982', 'LTSS_TEST_ISSUES': '42103', 'TERADATA_TEST_ISSUES': '42103', 'INCIDENT_REPO': '', '_PRIORITY': 60, '__SOURCE_CHANGE_URL': 'https://smelt.suse.de/incident/42103', '__DASHBOARD_INCIDENT_URL': 'http://dashboard.qam.suse.de/incident/42103'}}, 'openqa': {'DISTRI': 'sle', 'VERSION': '15-SP4', 'ARCH': 'x86_64', 'FLAVOR': 'Server-DVD-Incidents-TERADATA', 'INCIDENT_ID': 42103, 'REPOHASH': 1768408824, 'BUILD': ':42103:libsoup', '_OBSOLETE': '1', '_ONLY_OBSOLETE_SAME_BUILD': '1', '__CI_JOB_URL': 'https://gitlab.suse.de/qa-maintenance/bot-ng/-/jobs/5904085', 'RRID': 'SUSE:Maintenance:42103:398982', 'LTSS_TEST_ISSUES': '42103', 'TERADATA_TEST_ISSUES': '42103', 'INCIDENT_REPO': '', '_PRIORITY': 60, '__SOURCE_CHANGE_URL': 'https://smelt.suse.de/incident/42103', '__DASHBOARD_INCIDENT_URL': 'http://dashboard.qam.suse.de/incident/42103'}}
2026-01-15 14:32:48 INFO     openqa-cli api --host https://openqa.suse.de -X post isos DISTRI=sle VERSION=15-SP4 ARCH=x86_64 FLAVOR=Server-DVD-Incidents-TERADATA INCIDENT_ID=42103 REPOHASH=1768408824 BUILD=:42103:libsoup _OBSOLETE=1 _ONLY_OBSOLETE_SAME_BUILD=1 __CI_JOB_URL=https://gitlab.suse.de/qa-maintenance/bot-ng/-/jobs/5904085 RRID=SUSE:Maintenance:42103:398982 LTSS_TEST_ISSUES=42103 TERADATA_TEST_ISSUES=42103 INCIDENT_REPO= _PRIORITY=60 __SOURCE_CHANGE_URL=https://smelt.suse.de/incident/42103 __DASHBOARD_INCIDENT_URL=http://dashboard.qam.suse.de/incident/42103
2026-01-15 14:32:48 INFO     Dashboard update successful: Status 200, Database ID 2318579
2026-01-15 14:32:48 INFO     Triggering job: {'api': 'api/incident_settings', 'qem': {'incident': 42104, 'arch': 'x86_64', 'flavor': 'Server-DVD-Incidents-TERADATA', 'version': '15-SP4', 'withAggregate': True, 'settings': {'DISTRI': 'sle', 'VERSION': '15-SP4', 'ARCH': 'x86_64', 'FLAVOR': 'Server-DVD-Incidents-TERADATA', 'INCIDENT_ID': 42104, 'REPOHASH': 1768407419, 'BUILD': ':42104:libsoup2', '_OBSOLETE': '1', '_ONLY_OBSOLETE_SAME_BUILD': '1', '__CI_JOB_URL': 'https://gitlab.suse.de/qa-maintenance/bot-ng/-/jobs/5904085', 'RRID': 'SUSE:Maintenance:42104:398978', 'LTSS_TEST_ISSUES': '42104', 'TERADATA_TEST_ISSUES': '42104', 'INCIDENT_REPO': '', '_PRIORITY': 60, '__SOURCE_CHANGE_URL': 'https://smelt.suse.de/incident/42104', '__DASHBOARD_INCIDENT_URL': 'http://dashboard.qam.suse.de/incident/42104'}}, 'openqa': {'DISTRI': 'sle', 'VERSION': '15-SP4', 'ARCH': 'x86_64', 'FLAVOR': 'Server-DVD-Incidents-TERADATA', 'INCIDENT_ID': 42104, 'REPOHASH': 1768407419, 'BUILD': ':42104:libsoup2', '_OBSOLETE': '1', '_ONLY_OBSOLETE_SAME_BUILD': '1', '__CI_JOB_URL': 'https://gitlab.suse.de/qa-maintenance/bot-ng/-/jobs/5904085', 'RRID': 'SUSE:Maintenance:42104:398978', 'LTSS_TEST_ISSUES': '42104', 'TERADATA_TEST_ISSUES': '42104', 'INCIDENT_REPO': '', '_PRIORITY': 60, '__SOURCE_CHANGE_URL': 'https://smelt.suse.de/incident/42104', '__DASHBOARD_INCIDENT_URL': 'http://dashboard.qam.suse.de/incident/42104'}}
2026-01-15 14:32:48 INFO     openqa-cli api --host https://openqa.suse.de -X post isos DISTRI=sle VERSION=15-SP4 ARCH=x86_64 FLAVOR=Server-DVD-Incidents-TERADATA INCIDENT_ID=42104 REPOHASH=1768407419 BUILD=:42104:libsoup2 _OBSOLETE=1 _ONLY_OBSOLETE_SAME_BUILD=1 __CI_JOB_URL=https://gitlab.suse.de/qa-maintenance/bot-ng/-/jobs/5904085 RRID=SUSE:Maintenance:42104:398978 LTSS_TEST_ISSUES=42104 TERADATA_TEST_ISSUES=42104 INCIDENT_REPO= _PRIORITY=60 __SOURCE_CHANGE_URL=https://smelt.suse.de/incident/42104 __DASHBOARD_INCIDENT_URL=http://dashboard.qam.suse.de/incident/42104
2026-01-15 14:32:48 INFO     Dashboard update successful: Status 200, Database ID 2318580
2026-01-15 14:32:48 INFO     Triggering job: {'api': 'api/incident_settings', 'qem': {'incident': 42103, 'arch': 'x86_64', 'flavor': 'Server-DVD-Incidents-Install-TERADATA', 'version': '15-SP4', 'withAggregate': True, 'settings': {'DISTRI': 'sle', 'VERSION': '15-SP4', 'ARCH': 'x86_64', 'FLAVOR': 'Server-DVD-Incidents-Install-TERADATA', 'INCIDENT_ID': 42103, 'REPOHASH': 1768408824, 'BUILD': ':42103:libsoup', '_OBSOLETE': '1', '_ONLY_OBSOLETE_SAME_BUILD': '1', '__CI_JOB_URL': 'https://gitlab.suse.de/qa-maintenance/bot-ng/-/jobs/5904085', 'RRID': 'SUSE:Maintenance:42103:398982', 'LTSS_TEST_ISSUES': '42103', 'TERADATA_TEST_ISSUES': '42103', 'INCIDENT_REPO': '', '_PRIORITY': 60, '__SOURCE_CHANGE_URL': 'https://smelt.suse.de/incident/42103', '__DASHBOARD_INCIDENT_URL': 'http://dashboard.qam.suse.de/incident/42103'}}, 'openqa': {'DISTRI': 'sle', 'VERSION': '15-SP4', 'ARCH': 'x86_64', 'FLAVOR': 'Server-DVD-Incidents-Install-TERADATA', 'INCIDENT_ID': 42103, 'REPOHASH': 1768408824, 'BUILD': ':42103:libsoup', '_OBSOLETE': '1', '_ONLY_OBSOLETE_SAME_BUILD': '1', '__CI_JOB_URL': 'https://gitlab.suse.de/qa-maintenance/bot-ng/-/jobs/5904085', 'RRID': 'SUSE:Maintenance:42103:398982', 'LTSS_TEST_ISSUES': '42103', 'TERADATA_TEST_ISSUES': '42103', 'INCIDENT_REPO': '', '_PRIORITY': 60, '__SOURCE_CHANGE_URL': 'https://smelt.suse.de/incident/42103', '__DASHBOARD_INCIDENT_URL': 'http://dashboard.qam.suse.de/incident/42103'}}
2026-01-15 14:32:48 INFO     openqa-cli api --host https://openqa.suse.de -X post isos DISTRI=sle VERSION=15-SP4 ARCH=x86_64 FLAVOR=Server-DVD-Incidents-Install-TERADATA INCIDENT_ID=42103 REPOHASH=1768408824 BUILD=:42103:libsoup _OBSOLETE=1 _ONLY_OBSOLETE_SAME_BUILD=1 __CI_JOB_URL=https://gitlab.suse.de/qa-maintenance/bot-ng/-/jobs/5904085 RRID=SUSE:Maintenance:42103:398982 LTSS_TEST_ISSUES=42103 TERADATA_TEST_ISSUES=42103 INCIDENT_REPO= _PRIORITY=60 __SOURCE_CHANGE_URL=https://smelt.suse.de/incident/42103 __DASHBOARD_INCIDENT_URL=http://dashboard.qam.suse.de/incident/42103
2026-01-15 14:32:48 INFO     Dashboard update successful: Status 200, Database ID 2318581
2026-01-15 14:32:48 INFO     Triggering job: {'api': 'api/incident_settings', 'qem': {'incident': 42104, 'arch': 'x86_64', 'flavor': 'Server-DVD-Incidents-Install-TERADATA', 'version': '15-SP4', 'withAggregate': True, 'settings': {'DISTRI': 'sle', 'VERSION': '15-SP4', 'ARCH': 'x86_64', 'FLAVOR': 'Server-DVD-Incidents-Install-TERADATA', 'INCIDENT_ID': 42104, 'REPOHASH': 1768407419, 'BUILD': ':42104:libsoup2', '_OBSOLETE': '1', '_ONLY_OBSOLETE_SAME_BUILD': '1', '__CI_JOB_URL': 'https://gitlab.suse.de/qa-maintenance/bot-ng/-/jobs/5904085', 'RRID': 'SUSE:Maintenance:42104:398978', 'LTSS_TEST_ISSUES': '42104', 'TERADATA_TEST_ISSUES': '42104', 'INCIDENT_REPO': '', '_PRIORITY': 60, '__SOURCE_CHANGE_URL': 'https://smelt.suse.de/incident/42104', '__DASHBOARD_INCIDENT_URL': 'http://dashboard.qam.suse.de/incident/42104'}}, 'openqa': {'DISTRI': 'sle', 'VERSION': '15-SP4', 'ARCH': 'x86_64', 'FLAVOR': 'Server-DVD-Incidents-Install-TERADATA', 'INCIDENT_ID': 42104, 'REPOHASH': 1768407419, 'BUILD': ':42104:libsoup2', '_OBSOLETE': '1', '_ONLY_OBSOLETE_SAME_BUILD': '1', '__CI_JOB_URL': 'https://gitlab.suse.de/qa-maintenance/bot-ng/-/jobs/5904085', 'RRID': 'SUSE:Maintenance:42104:398978', 'LTSS_TEST_ISSUES': '42104', 'TERADATA_TEST_ISSUES': '42104', 'INCIDENT_REPO': '', '_PRIORITY': 60, '__SOURCE_CHANGE_URL': 'https://smelt.suse.de/incident/42104', '__DASHBOARD_INCIDENT_URL': 'http://dashboard.qam.suse.de/incident/42104'}}
2026-01-15 14:32:48 INFO     openqa-cli api --host https://openqa.suse.de -X post isos DISTRI=sle VERSION=15-SP4 ARCH=x86_64 FLAVOR=Server-DVD-Incidents-Install-TERADATA INCIDENT_ID=42104 REPOHASH=1768407419 BUILD=:42104:libsoup2 _OBSOLETE=1 _ONLY_OBSOLETE_SAME_BUILD=1 __CI_JOB_URL=https://gitlab.suse.de/qa-maintenance/bot-ng/-/jobs/5904085 RRID=SUSE:Maintenance:42104:398978 LTSS_TEST_ISSUES=42104 TERADATA_TEST_ISSUES=42104 INCIDENT_REPO= _PRIORITY=60 __SOURCE_CHANGE_URL=https://smelt.suse.de/incident/42104 __DASHBOARD_INCIDENT_URL=http://dashboard.qam.suse.de/incident/42104
2026-01-15 14:32:48 INFO     Dashboard update successful: Status 200, Database ID 2318582
2026-01-15 14:32:48 INFO     Triggering job: {'api': 'api/incident_settings', 'qem': {'incident': 42103, 'arch': 'x86_64', 'flavor': 'Server-DVD-Incidents', 'version': '15-SP5', 'withAggregate': True, 'settings': {'DISTRI': 'sle', 'VERSION': '15-SP5', 'ARCH': 'x86_64', 'FLAVOR': 'Server-DVD-Incidents', 'INCIDENT_ID': 42103, 'REPOHASH': 1768408842, 'BUILD': ':42103:libsoup', '_OBSOLETE': '1', '_ONLY_OBSOLETE_SAME_BUILD': '1', '__CI_JOB_URL': 'https://gitlab.suse.de/qa-maintenance/bot-ng/-/jobs/5904085', 'RRID': 'SUSE:Maintenance:42103:398982', 'LTSS_TEST_ISSUES': '42103', 'INCIDENT_REPO': '', '_PRIORITY': 60, '__SOURCE_CHANGE_URL': 'https://smelt.suse.de/incident/42103', '__DASHBOARD_INCIDENT_URL': 'http://dashboard.qam.suse.de/incident/42103'}}, 'openqa': {'DISTRI': 'sle', 'VERSION': '15-SP5', 'ARCH': 'x86_64', 'FLAVOR': 'Server-DVD-Incidents', 'INCIDENT_ID': 42103, 'REPOHASH': 1768408842, 'BUILD': ':42103:libsoup', '_OBSOLETE': '1', '_ONLY_OBSOLETE_SAME_BUILD': '1', '__CI_JOB_URL': 'https://gitlab.suse.de/qa-maintenance/bot-ng/-/jobs/5904085', 'RRID': 'SUSE:Maintenance:42103:398982', 'LTSS_TEST_ISSUES': '42103', 'INCIDENT_REPO': '', '_PRIORITY': 60, '__SOURCE_CHANGE_URL': 'https://smelt.suse.de/incident/42103', '__DASHBOARD_INCIDENT_URL': 'http://dashboard.qam.suse.de/incident/42103'}}
2026-01-15 14:32:48 INFO     openqa-cli api --host https://openqa.suse.de -X post isos DISTRI=sle VERSION=15-SP5 ARCH=x86_64 FLAVOR=Server-DVD-Incidents INCIDENT_ID=42103 REPOHASH=1768408842 BUILD=:42103:libsoup _OBSOLETE=1 _ONLY_OBSOLETE_SAME_BUILD=1 __CI_JOB_URL=https://gitlab.suse.de/qa-maintenance/bot-ng/-/jobs/5904085 RRID=SUSE:Maintenance:42103:398982 LTSS_TEST_ISSUES=42103 INCIDENT_REPO= _PRIORITY=60 __SOURCE_CHANGE_URL=https://smelt.suse.de/incident/42103 __DASHBOARD_INCIDENT_URL=http://dashboard.qam.suse.de/incident/42103
2026-01-15 14:32:48 INFO     Dashboard update successful: Status 200, Database ID 2318583
2026-01-15 14:32:48 INFO     Triggering job: {'api': 'api/incident_settings', 'qem': {'incident': 42104, 'arch': 'x86_64', 'flavor': 'Server-DVD-Incidents', 'version': '15-SP5', 'withAggregate': True, 'settings': {'DISTRI': 'sle', 'VERSION': '15-SP5', 'ARCH': 'x86_64', 'FLAVOR': 'Server-DVD-Incidents', 'INCIDENT_ID': 42104, 'REPOHASH': 1768407425, 'BUILD': ':42104:libsoup2', '_OBSOLETE': '1', '_ONLY_OBSOLETE_SAME_BUILD': '1', '__CI_JOB_URL': 'https://gitlab.suse.de/qa-maintenance/bot-ng/-/jobs/5904085', 'RRID': 'SUSE:Maintenance:42104:398978', 'LTSS_TEST_ISSUES': '42104', 'INCIDENT_REPO': '', '_PRIORITY': 60, '__SOURCE_CHANGE_URL': 'https://smelt.suse.de/incident/42104', '__DASHBOARD_INCIDENT_URL': 'http://dashboard.qam.suse.de/incident/42104'}}, 'openqa': {'DISTRI': 'sle', 'VERSION': '15-SP5', 'ARCH': 'x86_64', 'FLAVOR': 'Server-DVD-Incidents', 'INCIDENT_ID': 42104, 'REPOHASH': 1768407425, 'BUILD': ':42104:libsoup2', '_OBSOLETE': '1', '_ONLY_OBSOLETE_SAME_BUILD': '1', '__CI_JOB_URL': 'https://gitlab.suse.de/qa-maintenance/bot-ng/-/jobs/5904085', 'RRID': 'SUSE:Maintenance:42104:398978', 'LTSS_TEST_ISSUES': '42104', 'INCIDENT_REPO': '', '_PRIORITY': 60, '__SOURCE_CHANGE_URL': 'https://smelt.suse.de/incident/42104', '__DASHBOARD_INCIDENT_URL': 'http://dashboard.qam.suse.de/incident/42104'}}
2026-01-15 14:32:48 INFO     openqa-cli api --host https://openqa.suse.de -X post isos DISTRI=sle VERSION=15-SP5 ARCH=x86_64 FLAVOR=Server-DVD-Incidents INCIDENT_ID=42104 REPOHASH=1768407425 BUILD=:42104:libsoup2 _OBSOLETE=1 _ONLY_OBSOLETE_SAME_BUILD=1 __CI_JOB_URL=https://gitlab.suse.de/qa-maintenance/bot-ng/-/jobs/5904085 RRID=SUSE:Maintenance:42104:398978 LTSS_TEST_ISSUES=42104 INCIDENT_REPO= _PRIORITY=60 __SOURCE_CHANGE_URL=https://smelt.suse.de/incident/42104 __DASHBOARD_INCIDENT_URL=http://dashboard.qam.suse.de/incident/42104
2026-01-15 14:32:48 INFO     Dashboard update successful: Status 200, Database ID 2318584
2026-01-15 14:32:48 INFO     Triggering job: {'api': 'api/incident_settings', 'qem': {'incident': 42103, 'arch': 'x86_64', 'flavor': 'Server-DVD-Incidents-Install', 'version': '15-SP5', 'withAggregate': True, 'settings': {'DISTRI': 'sle', 'VERSION': '15-SP5', 'ARCH': 'x86_64', 'FLAVOR': 'Server-DVD-Incidents-Install', 'INCIDENT_ID': 42103, 'REPOHASH': 1768408842, 'BUILD': ':42103:libsoup', '_OBSOLETE': '1', '_ONLY_OBSOLETE_SAME_BUILD': '1', '__CI_JOB_URL': 'https://gitlab.suse.de/qa-maintenance/bot-ng/-/jobs/5904085', 'RRID': 'SUSE:Maintenance:42103:398982', 'LTSS_TEST_ISSUES': '42103', 'INCIDENT_REPO': '', '_PRIORITY': 60, '__SOURCE_CHANGE_URL': 'https://smelt.suse.de/incident/42103', '__DASHBOARD_INCIDENT_URL': 'http://dashboard.qam.suse.de/incident/42103'}}, 'openqa': {'DISTRI': 'sle', 'VERSION': '15-SP5', 'ARCH': 'x86_64', 'FLAVOR': 'Server-DVD-Incidents-Install', 'INCIDENT_ID': 42103, 'REPOHASH': 1768408842, 'BUILD': ':42103:libsoup', '_OBSOLETE': '1', '_ONLY_OBSOLETE_SAME_BUILD': '1', '__CI_JOB_URL': 'https://gitlab.suse.de/qa-maintenance/bot-ng/-/jobs/5904085', 'RRID': 'SUSE:Maintenance:42103:398982', 'LTSS_TEST_ISSUES': '42103', 'INCIDENT_REPO': '', '_PRIORITY': 60, '__SOURCE_CHANGE_URL': 'https://smelt.suse.de/incident/42103', '__DASHBOARD_INCIDENT_URL': 'http://dashboard.qam.suse.de/incident/42103'}}
2026-01-15 14:32:48 INFO     openqa-cli api --host https://openqa.suse.de -X post isos DISTRI=sle VERSION=15-SP5 ARCH=x86_64 FLAVOR=Server-DVD-Incidents-Install INCIDENT_ID=42103 REPOHASH=1768408842 BUILD=:42103:libsoup _OBSOLETE=1 _ONLY_OBSOLETE_SAME_BUILD=1 __CI_JOB_URL=https://gitlab.suse.de/qa-maintenance/bot-ng/-/jobs/5904085 RRID=SUSE:Maintenance:42103:398982 LTSS_TEST_ISSUES=42103 INCIDENT_REPO= _PRIORITY=60 __SOURCE_CHANGE_URL=https://smelt.suse.de/incident/42103 __DASHBOARD_INCIDENT_URL=http://dashboard.qam.suse.de/incident/42103
2026-01-15 14:32:48 INFO     Dashboard update successful: Status 200, Database ID 2318585
2026-01-15 14:32:48 INFO     Triggering job: {'api': 'api/incident_settings', 'qem': {'incident': 42104, 'arch': 'x86_64', 'flavor': 'Server-DVD-Incidents-Install', 'version': '15-SP5', 'withAggregate': True, 'settings': {'DISTRI': 'sle', 'VERSION': '15-SP5', 'ARCH': 'x86_64', 'FLAVOR': 'Server-DVD-Incidents-Install', 'INCIDENT_ID': 42104, 'REPOHASH': 1768407425, 'BUILD': ':42104:libsoup2', '_OBSOLETE': '1', '_ONLY_OBSOLETE_SAME_BUILD': '1', '__CI_JOB_URL': 'https://gitlab.suse.de/qa-maintenance/bot-ng/-/jobs/5904085', 'RRID': 'SUSE:Maintenance:42104:398978', 'LTSS_TEST_ISSUES': '42104', 'INCIDENT_REPO': '', '_PRIORITY': 60, '__SOURCE_CHANGE_URL': 'https://smelt.suse.de/incident/42104', '__DASHBOARD_INCIDENT_URL': 'http://dashboard.qam.suse.de/incident/42104'}}, 'openqa': {'DISTRI': 'sle', 'VERSION': '15-SP5', 'ARCH': 'x86_64', 'FLAVOR': 'Server-DVD-Incidents-Install', 'INCIDENT_ID': 42104, 'REPOHASH': 1768407425, 'BUILD': ':42104:libsoup2', '_OBSOLETE': '1', '_ONLY_OBSOLETE_SAME_BUILD': '1', '__CI_JOB_URL': 'https://gitlab.suse.de/qa-maintenance/bot-ng/-/jobs/5904085', 'RRID': 'SUSE:Maintenance:42104:398978', 'LTSS_TEST_ISSUES': '42104', 'INCIDENT_REPO': '', '_PRIORITY': 60, '__SOURCE_CHANGE_URL': 'https://smelt.suse.de/incident/42104', '__DASHBOARD_INCIDENT_URL': 'http://dashboard.qam.suse.de/incident/42104'}}
2026-01-15 14:32:48 INFO     openqa-cli api --host https://openqa.suse.de -X post isos DISTRI=sle VERSION=15-SP5 ARCH=x86_64 FLAVOR=Server-DVD-Incidents-Install INCIDENT_ID=42104 REPOHASH=1768407425 BUILD=:42104:libsoup2 _OBSOLETE=1 _ONLY_OBSOLETE_SAME_BUILD=1 __CI_JOB_URL=https://gitlab.suse.de/qa-maintenance/bot-ng/-/jobs/5904085 RRID=SUSE:Maintenance:42104:398978 LTSS_TEST_ISSUES=42104 INCIDENT_REPO= _PRIORITY=60 __SOURCE_CHANGE_URL=https://smelt.suse.de/incident/42104 __DASHBOARD_INCIDENT_URL=http://dashboard.qam.suse.de/incident/42104
2026-01-15 14:32:48 INFO     Dashboard update successful: Status 200, Database ID 2318586
2026-01-15 14:32:48 INFO     Triggering job: {'api': 'api/incident_settings', 'qem': {'incident': 42103, 'arch': 'ppc64le', 'flavor': 'Server-DVD-Incidents-Install', 'version': '15-SP5', 'withAggregate': True, 'settings': {'DISTRI': 'sle', 'VERSION': '15-SP5', 'ARCH': 'ppc64le', 'FLAVOR': 'Server-DVD-Incidents-Install', 'INCIDENT_ID': 42103, 'REPOHASH': 1768408833, 'BUILD': ':42103:libsoup', '_OBSOLETE': '1', '_ONLY_OBSOLETE_SAME_BUILD': '1', '__CI_JOB_URL': 'https://gitlab.suse.de/qa-maintenance/bot-ng/-/jobs/5904085', 'RRID': 'SUSE:Maintenance:42103:398982', 'LTSS_TEST_ISSUES': '42103', 'INCIDENT_REPO': '', '_PRIORITY': 60, '__SOURCE_CHANGE_URL': 'https://smelt.suse.de/incident/42103', '__DASHBOARD_INCIDENT_URL': 'http://dashboard.qam.suse.de/incident/42103'}}, 'openqa': {'DISTRI': 'sle', 'VERSION': '15-SP5', 'ARCH': 'ppc64le', 'FLAVOR': 'Server-DVD-Incidents-Install', 'INCIDENT_ID': 42103, 'REPOHASH': 1768408833, 'BUILD': ':42103:libsoup', '_OBSOLETE': '1', '_ONLY_OBSOLETE_SAME_BUILD': '1', '__CI_JOB_URL': 'https://gitlab.suse.de/qa-maintenance/bot-ng/-/jobs/5904085', 'RRID': 'SUSE:Maintenance:42103:398982', 'LTSS_TEST_ISSUES': '42103', 'INCIDENT_REPO': '', '_PRIORITY': 60, '__SOURCE_CHANGE_URL': 'https://smelt.suse.de/incident/42103', '__DASHBOARD_INCIDENT_URL': 'http://dashboard.qam.suse.de/incident/42103'}}
2026-01-15 14:32:48 INFO     openqa-cli api --host https://openqa.suse.de -X post isos DISTRI=sle VERSION=15-SP5 ARCH=ppc64le FLAVOR=Server-DVD-Incidents-Install INCIDENT_ID=42103 REPOHASH=1768408833 BUILD=:42103:libsoup _OBSOLETE=1 _ONLY_OBSOLETE_SAME_BUILD=1 __CI_JOB_URL=https://gitlab.suse.de/qa-maintenance/bot-ng/-/jobs/5904085 RRID=SUSE:Maintenance:42103:398982 LTSS_TEST_ISSUES=42103 INCIDENT_REPO= _PRIORITY=60 __SOURCE_CHANGE_URL=https://smelt.suse.de/incident/42103 __DASHBOARD_INCIDENT_URL=http://dashboard.qam.suse.de/incident/42103
2026-01-15 14:32:48 INFO     Dashboard update successful: Status 200, Database ID 2318587
2026-01-15 14:32:48 INFO     Triggering job: {'api': 'api/incident_settings', 'qem': {'incident': 42104, 'arch': 'ppc64le', 'flavor': 'Server-DVD-Incidents-Install', 'version': '15-SP5', 'withAggregate': True, 'settings': {'DISTRI': 'sle', 'VERSION': '15-SP5', 'ARCH': 'ppc64le', 'FLAVOR': 'Server-DVD-Incidents-Install', 'INCIDENT_ID': 42104, 'REPOHASH': 1768407422, 'BUILD': ':42104:libsoup2', '_OBSOLETE': '1', '_ONLY_OBSOLETE_SAME_BUILD': '1', '__CI_JOB_URL': 'https://gitlab.suse.de/qa-maintenance/bot-ng/-/jobs/5904085', 'RRID': 'SUSE:Maintenance:42104:398978', 'LTSS_TEST_ISSUES': '42104', 'INCIDENT_REPO': '', '_PRIORITY': 60, '__SOURCE_CHANGE_URL': 'https://smelt.suse.de/incident/42104', '__DASHBOARD_INCIDENT_URL': 'http://dashboard.qam.suse.de/incident/42104'}}, 'openqa': {'DISTRI': 'sle', 'VERSION': '15-SP5', 'ARCH': 'ppc64le', 'FLAVOR': 'Server-DVD-Incidents-Install', 'INCIDENT_ID': 42104, 'REPOHASH': 1768407422, 'BUILD': ':42104:libsoup2', '_OBSOLETE': '1', '_ONLY_OBSOLETE_SAME_BUILD': '1', '__CI_JOB_URL': 'https://gitlab.suse.de/qa-maintenance/bot-ng/-/jobs/5904085', 'RRID': 'SUSE:Maintenance:42104:398978', 'LTSS_TEST_ISSUES': '42104', 'INCIDENT_REPO': '', '_PRIORITY': 60, '__SOURCE_CHANGE_URL': 'https://smelt.suse.de/incident/42104', '__DASHBOARD_INCIDENT_URL': 'http://dashboard.qam.suse.de/incident/42104'}}
2026-01-15 14:32:48 INFO     openqa-cli api --host https://openqa.suse.de -X post isos DISTRI=sle VERSION=15-SP5 ARCH=ppc64le FLAVOR=Server-DVD-Incidents-Install INCIDENT_ID=42104 REPOHASH=1768407422 BUILD=:42104:libsoup2 _OBSOLETE=1 _ONLY_OBSOLETE_SAME_BUILD=1 __CI_JOB_URL=https://gitlab.suse.de/qa-maintenance/bot-ng/-/jobs/5904085 RRID=SUSE:Maintenance:42104:398978 LTSS_TEST_ISSUES=42104 INCIDENT_REPO= _PRIORITY=60 __SOURCE_CHANGE_URL=https://smelt.suse.de/incident/42104 __DASHBOARD_INCIDENT_URL=http://dashboard.qam.suse.de/incident/42104
2026-01-15 14:32:48 INFO     Dashboard update successful: Status 200, Database ID 2318588
2026-01-15 14:32:48 INFO     Triggering job: {'api': 'api/incident_settings', 'qem': {'incident': 42103, 'arch': 'aarch64', 'flavor': 'Server-DVD-Incidents-Install', 'version': '15-SP5', 'withAggregate': True, 'settings': {'DISTRI': 'sle', 'VERSION': '15-SP5', 'ARCH': 'aarch64', 'FLAVOR': 'Server-DVD-Incidents-Install', 'INCIDENT_ID': 42103, 'REPOHASH': 1768408797, 'BUILD': ':42103:libsoup', '_OBSOLETE': '1', '_ONLY_OBSOLETE_SAME_BUILD': '1', '__CI_JOB_URL': 'https://gitlab.suse.de/qa-maintenance/bot-ng/-/jobs/5904085', 'RRID': 'SUSE:Maintenance:42103:398982', 'LTSS_TEST_ISSUES': '42103', 'INCIDENT_REPO': '', '_PRIORITY': 60, '__SOURCE_CHANGE_URL': 'https://smelt.suse.de/incident/42103', '__DASHBOARD_INCIDENT_URL': 'http://dashboard.qam.suse.de/incident/42103'}}, 'openqa': {'DISTRI': 'sle', 'VERSION': '15-SP5', 'ARCH': 'aarch64', 'FLAVOR': 'Server-DVD-Incidents-Install', 'INCIDENT_ID': 42103, 'REPOHASH': 1768408797, 'BUILD': ':42103:libsoup', '_OBSOLETE': '1', '_ONLY_OBSOLETE_SAME_BUILD': '1', '__CI_JOB_URL': 'https://gitlab.suse.de/qa-maintenance/bot-ng/-/jobs/5904085', 'RRID': 'SUSE:Maintenance:42103:398982', 'LTSS_TEST_ISSUES': '42103', 'INCIDENT_REPO': '', '_PRIORITY': 60, '__SOURCE_CHANGE_URL': 'https://smelt.suse.de/incident/42103', '__DASHBOARD_INCIDENT_URL': 'http://dashboard.qam.suse.de/incident/42103'}}
2026-01-15 14:32:48 INFO     openqa-cli api --host https://openqa.suse.de -X post isos DISTRI=sle VERSION=15-SP5 ARCH=aarch64 FLAVOR=Server-DVD-Incidents-Install INCIDENT_ID=42103 REPOHASH=1768408797 BUILD=:42103:libsoup _OBSOLETE=1 _ONLY_OBSOLETE_SAME_BUILD=1 __CI_JOB_URL=https://gitlab.suse.de/qa-maintenance/bot-ng/-/jobs/5904085 RRID=SUSE:Maintenance:42103:398982 LTSS_TEST_ISSUES=42103 INCIDENT_REPO= _PRIORITY=60 __SOURCE_CHANGE_URL=https://smelt.suse.de/incident/42103 __DASHBOARD_INCIDENT_URL=http://dashboard.qam.suse.de/incident/42103
2026-01-15 14:32:48 INFO     Dashboard update successful: Status 200, Database ID 2318589
2026-01-15 14:32:48 INFO     Triggering job: {'api': 'api/incident_settings', 'qem': {'incident': 42104, 'arch': 'aarch64', 'flavor': 'Server-DVD-Incidents-Install', 'version': '15-SP5', 'withAggregate': True, 'settings': {'DISTRI': 'sle', 'VERSION': '15-SP5', 'ARCH': 'aarch64', 'FLAVOR': 'Server-DVD-Incidents-Install', 'INCIDENT_ID': 42104, 'REPOHASH': 1768407404, 'BUILD': ':42104:libsoup2', '_OBSOLETE': '1', '_ONLY_OBSOLETE_SAME_BUILD': '1', '__CI_JOB_URL': 'https://gitlab.suse.de/qa-maintenance/bot-ng/-/jobs/5904085', 'RRID': 'SUSE:Maintenance:42104:398978', 'LTSS_TEST_ISSUES': '42104', 'INCIDENT_REPO': '', '_PRIORITY': 60, '__SOURCE_CHANGE_URL': 'https://smelt.suse.de/incident/42104', '__DASHBOARD_INCIDENT_URL': 'http://dashboard.qam.suse.de/incident/42104'}}, 'openqa': {'DISTRI': 'sle', 'VERSION': '15-SP5', 'ARCH': 'aarch64', 'FLAVOR': 'Server-DVD-Incidents-Install', 'INCIDENT_ID': 42104, 'REPOHASH': 1768407404, 'BUILD': ':42104:libsoup2', '_OBSOLETE': '1', '_ONLY_OBSOLETE_SAME_BUILD': '1', '__CI_JOB_URL': 'https://gitlab.suse.de/qa-maintenance/bot-ng/-/jobs/5904085', 'RRID': 'SUSE:Maintenance:42104:398978', 'LTSS_TEST_ISSUES': '42104', 'INCIDENT_REPO': '', '_PRIORITY': 60, '__SOURCE_CHANGE_URL': 'https://smelt.suse.de/incident/42104', '__DASHBOARD_INCIDENT_URL': 'http://dashboard.qam.suse.de/incident/42104'}}
2026-01-15 14:32:48 INFO     openqa-cli api --host https://openqa.suse.de -X post isos DISTRI=sle VERSION=15-SP5 ARCH=aarch64 FLAVOR=Server-DVD-Incidents-Install INCIDENT_ID=42104 REPOHASH=1768407404 BUILD=:42104:libsoup2 _OBSOLETE=1 _ONLY_OBSOLETE_SAME_BUILD=1 __CI_JOB_URL=https://gitlab.suse.de/qa-maintenance/bot-ng/-/jobs/5904085 RRID=SUSE:Maintenance:42104:398978 LTSS_TEST_ISSUES=42104 INCIDENT_REPO= _PRIORITY=60 __SOURCE_CHANGE_URL=https://smelt.suse.de/incident/42104 __DASHBOARD_INCIDENT_URL=http://dashboard.qam.suse.de/incident/42104
2026-01-15 14:32:48 INFO     Dashboard update successful: Status 200, Database ID 2318590
2026-01-15 14:32:48 INFO     Triggering job: {'api': 'api/incident_settings', 'qem': {'incident': 42103, 'arch': 's390x', 'flavor': 'Server-DVD-Incidents-Install', 'version': '15-SP5', 'withAggregate': True, 'settings': {'DISTRI': 'sle', 'VERSION': '15-SP5', 'ARCH': 's390x', 'FLAVOR': 'Server-DVD-Incidents-Install', 'INCIDENT_ID': 42103, 'REPOHASH': 1768408839, 'BUILD': ':42103:libsoup', '_OBSOLETE': '1', '_ONLY_OBSOLETE_SAME_BUILD': '1', '__CI_JOB_URL': 'https://gitlab.suse.de/qa-maintenance/bot-ng/-/jobs/5904085', 'RRID': 'SUSE:Maintenance:42103:398982', 'LTSS_TEST_ISSUES': '42103', 'INCIDENT_REPO': '', '_PRIORITY': 60, '__SOURCE_CHANGE_URL': 'https://smelt.suse.de/incident/42103', '__DASHBOARD_INCIDENT_URL': 'http://dashboard.qam.suse.de/incident/42103'}}, 'openqa': {'DISTRI': 'sle', 'VERSION': '15-SP5', 'ARCH': 's390x', 'FLAVOR': 'Server-DVD-Incidents-Install', 'INCIDENT_ID': 42103, 'REPOHASH': 1768408839, 'BUILD': ':42103:libsoup', '_OBSOLETE': '1', '_ONLY_OBSOLETE_SAME_BUILD': '1', '__CI_JOB_URL': 'https://gitlab.suse.de/qa-maintenance/bot-ng/-/jobs/5904085', 'RRID': 'SUSE:Maintenance:42103:398982', 'LTSS_TEST_ISSUES': '42103', 'INCIDENT_REPO': '', '_PRIORITY': 60, '__SOURCE_CHANGE_URL': 'https://smelt.suse.de/incident/42103', '__DASHBOARD_INCIDENT_URL': 'http://dashboard.qam.suse.de/incident/42103'}}
2026-01-15 14:32:48 INFO     openqa-cli api --host https://openqa.suse.de -X post isos DISTRI=sle VERSION=15-SP5 ARCH=s390x FLAVOR=Server-DVD-Incidents-Install INCIDENT_ID=42103 REPOHASH=1768408839 BUILD=:42103:libsoup _OBSOLETE=1 _ONLY_OBSOLETE_SAME_BUILD=1 __CI_JOB_URL=https://gitlab.suse.de/qa-maintenance/bot-ng/-/jobs/5904085 RRID=SUSE:Maintenance:42103:398982 LTSS_TEST_ISSUES=42103 INCIDENT_REPO= _PRIORITY=60 __SOURCE_CHANGE_URL=https://smelt.suse.de/incident/42103 __DASHBOARD_INCIDENT_URL=http://dashboard.qam.suse.de/incident/42103
2026-01-15 14:32:48 INFO     Dashboard update successful: Status 200, Database ID 2318591
2026-01-15 14:32:48 INFO     Triggering job: {'api': 'api/incident_settings', 'qem': {'incident': 42104, 'arch': 's390x', 'flavor': 'Server-DVD-Incidents-Install', 'version': '15-SP5', 'withAggregate': True, 'settings': {'DISTRI': 'sle', 'VERSION': '15-SP5', 'ARCH': 's390x', 'FLAVOR': 'Server-DVD-Incidents-Install', 'INCIDENT_ID': 42104, 'REPOHASH': 1768407410, 'BUILD': ':42104:libsoup2', '_OBSOLETE': '1', '_ONLY_OBSOLETE_SAME_BUILD': '1', '__CI_JOB_URL': 'https://gitlab.suse.de/qa-maintenance/bot-ng/-/jobs/5904085', 'RRID': 'SUSE:Maintenance:42104:398978', 'LTSS_TEST_ISSUES': '42104', 'INCIDENT_REPO': '', '_PRIORITY': 60, '__SOURCE_CHANGE_URL': 'https://smelt.suse.de/incident/42104', '__DASHBOARD_INCIDENT_URL': 'http://dashboard.qam.suse.de/incident/42104'}}, 'openqa': {'DISTRI': 'sle', 'VERSION': '15-SP5', 'ARCH': 's390x', 'FLAVOR': 'Server-DVD-Incidents-Install', 'INCIDENT_ID': 42104, 'REPOHASH': 1768407410, 'BUILD': ':42104:libsoup2', '_OBSOLETE': '1', '_ONLY_OBSOLETE_SAME_BUILD': '1', '__CI_JOB_URL': 'https://gitlab.suse.de/qa-maintenance/bot-ng/-/jobs/5904085', 'RRID': 'SUSE:Maintenance:42104:398978', 'LTSS_TEST_ISSUES': '42104', 'INCIDENT_REPO': '', '_PRIORITY': 60, '__SOURCE_CHANGE_URL': 'https://smelt.suse.de/incident/42104', '__DASHBOARD_INCIDENT_URL': 'http://dashboard.qam.suse.de/incident/42104'}}
2026-01-15 14:32:48 INFO     openqa-cli api --host https://openqa.suse.de -X post isos DISTRI=sle VERSION=15-SP5 ARCH=s390x FLAVOR=Server-DVD-Incidents-Install INCIDENT_ID=42104 REPOHASH=1768407410 BUILD=:42104:libsoup2 _OBSOLETE=1 _ONLY_OBSOLETE_SAME_BUILD=1 __CI_JOB_URL=https://gitlab.suse.de/qa-maintenance/bot-ng/-/jobs/5904085 RRID=SUSE:Maintenance:42104:398978 LTSS_TEST_ISSUES=42104 INCIDENT_REPO= _PRIORITY=60 __SOURCE_CHANGE_URL=https://smelt.suse.de/incident/42104 __DASHBOARD_INCIDENT_URL=http://dashboard.qam.suse.de/incident/42104
2026-01-15 14:32:48 INFO     Dashboard update successful: Status 200, Database ID 2318592
2026-01-15 14:32:48 INFO     Triggering job: {'api': 'api/incident_settings', 'qem': {'incident': 42101, 'arch': 'x86_64', 'flavor': 'Server-DVD-Incidents', 'version': '15-SP6', 'withAggregate': True, 'settings': {'DISTRI': 'sle', 'VERSION': '15-SP6', 'ARCH': 'x86_64', 'FLAVOR': 'Server-DVD-Incidents', 'INCIDENT_ID': 42101, 'REPOHASH': 1768387891, 'BUILD': ':42101:libsoup', '_OBSOLETE': '1', '_ONLY_OBSOLETE_SAME_BUILD': '1', '__CI_JOB_URL': 'https://gitlab.suse.de/qa-maintenance/bot-ng/-/jobs/5904085', 'RRID': 'SUSE:Maintenance:42101:398980', 'LTSS_TEST_ISSUES': '42101', 'INCIDENT_REPO': '', '_PRIORITY': 60, '__SOURCE_CHANGE_URL': 'https://smelt.suse.de/incident/42101', '__DASHBOARD_INCIDENT_URL': 'http://dashboard.qam.suse.de/incident/42101'}}, 'openqa': {'DISTRI': 'sle', 'VERSION': '15-SP6', 'ARCH': 'x86_64', 'FLAVOR': 'Server-DVD-Incidents', 'INCIDENT_ID': 42101, 'REPOHASH': 1768387891, 'BUILD': ':42101:libsoup', '_OBSOLETE': '1', '_ONLY_OBSOLETE_SAME_BUILD': '1', '__CI_JOB_URL': 'https://gitlab.suse.de/qa-maintenance/bot-ng/-/jobs/5904085', 'RRID': 'SUSE:Maintenance:42101:398980', 'LTSS_TEST_ISSUES': '42101', 'INCIDENT_REPO': '', '_PRIORITY': 60, '__SOURCE_CHANGE_URL': 'https://smelt.suse.de/incident/42101', '__DASHBOARD_INCIDENT_URL': 'http://dashboard.qam.suse.de/incident/42101'}}
2026-01-15 14:32:48 INFO     openqa-cli api --host https://openqa.suse.de -X post isos DISTRI=sle VERSION=15-SP6 ARCH=x86_64 FLAVOR=Server-DVD-Incidents INCIDENT_ID=42101 REPOHASH=1768387891 BUILD=:42101:libsoup _OBSOLETE=1 _ONLY_OBSOLETE_SAME_BUILD=1 __CI_JOB_URL=https://gitlab.suse.de/qa-maintenance/bot-ng/-/jobs/5904085 RRID=SUSE:Maintenance:42101:398980 LTSS_TEST_ISSUES=42101 INCIDENT_REPO= _PRIORITY=60 __SOURCE_CHANGE_URL=https://smelt.suse.de/incident/42101 __DASHBOARD_INCIDENT_URL=http://dashboard.qam.suse.de/incident/42101
2026-01-15 14:32:48 INFO     Dashboard update successful: Status 200, Database ID 2318593
2026-01-15 14:32:48 INFO     Triggering job: {'api': 'api/incident_settings', 'qem': {'incident': 42102, 'arch': 'x86_64', 'flavor': 'Server-DVD-Incidents', 'version': '15-SP6', 'withAggregate': True, 'settings': {'DISTRI': 'sle', 'VERSION': '15-SP6', 'ARCH': 'x86_64', 'FLAVOR': 'Server-DVD-Incidents', 'INCIDENT_ID': 42102, 'REPOHASH': 1768409574, 'BUILD': ':42102:libsoup2', '_OBSOLETE': '1', '_ONLY_OBSOLETE_SAME_BUILD': '1', '__CI_JOB_URL': 'https://gitlab.suse.de/qa-maintenance/bot-ng/-/jobs/5904085', 'RRID': 'SUSE:Maintenance:42102:398972', 'LTSS_TEST_ISSUES': '42102', 'INCIDENT_REPO': '', '_PRIORITY': 60, '__SOURCE_CHANGE_URL': 'https://smelt.suse.de/incident/42102', '__DASHBOARD_INCIDENT_URL': 'http://dashboard.qam.suse.de/incident/42102'}}, 'openqa': {'DISTRI': 'sle', 'VERSION': '15-SP6', 'ARCH': 'x86_64', 'FLAVOR': 'Server-DVD-Incidents', 'INCIDENT_ID': 42102, 'REPOHASH': 1768409574, 'BUILD': ':42102:libsoup2', '_OBSOLETE': '1', '_ONLY_OBSOLETE_SAME_BUILD': '1', '__CI_JOB_URL': 'https://gitlab.suse.de/qa-maintenance/bot-ng/-/jobs/5904085', 'RRID': 'SUSE:Maintenance:42102:398972', 'LTSS_TEST_ISSUES': '42102', 'INCIDENT_REPO': '', '_PRIORITY': 60, '__SOURCE_CHANGE_URL': 'https://smelt.suse.de/incident/42102', '__DASHBOARD_INCIDENT_URL': 'http://dashboard.qam.suse.de/incident/42102'}}
2026-01-15 14:32:48 INFO     openqa-cli api --host https://openqa.suse.de -X post isos DISTRI=sle VERSION=15-SP6 ARCH=x86_64 FLAVOR=Server-DVD-Incidents INCIDENT_ID=42102 REPOHASH=1768409574 BUILD=:42102:libsoup2 _OBSOLETE=1 _ONLY_OBSOLETE_SAME_BUILD=1 __CI_JOB_URL=https://gitlab.suse.de/qa-maintenance/bot-ng/-/jobs/5904085 RRID=SUSE:Maintenance:42102:398972 LTSS_TEST_ISSUES=42102 INCIDENT_REPO= _PRIORITY=60 __SOURCE_CHANGE_URL=https://smelt.suse.de/incident/42102 __DASHBOARD_INCIDENT_URL=http://dashboard.qam.suse.de/incident/42102
2026-01-15 14:32:48 INFO     Dashboard update successful: Status 200, Database ID 2318594
2026-01-15 14:32:48 INFO     Triggering job: {'api': 'api/incident_settings', 'qem': {'incident': 42101, 'arch': 'x86_64', 'flavor': 'Server-DVD-Incidents-Install', 'version': '15-SP6', 'withAggregate': True, 'settings': {'DISTRI': 'sle', 'VERSION': '15-SP6', 'ARCH': 'x86_64', 'FLAVOR': 'Server-DVD-Incidents-Install', 'INCIDENT_ID': 42101, 'REPOHASH': 1768387891, 'BUILD': ':42101:libsoup', '_OBSOLETE': '1', '_ONLY_OBSOLETE_SAME_BUILD': '1', '__CI_JOB_URL': 'https://gitlab.suse.de/qa-maintenance/bot-ng/-/jobs/5904085', 'RRID': 'SUSE:Maintenance:42101:398980', 'LTSS_TEST_ISSUES': '42101', 'INCIDENT_REPO': '', '_PRIORITY': 60, '__SOURCE_CHANGE_URL': 'https://smelt.suse.de/incident/42101', '__DASHBOARD_INCIDENT_URL': 'http://dashboard.qam.suse.de/incident/42101'}}, 'openqa': {'DISTRI': 'sle', 'VERSION': '15-SP6', 'ARCH': 'x86_64', 'FLAVOR': 'Server-DVD-Incidents-Install', 'INCIDENT_ID': 42101, 'REPOHASH': 1768387891, 'BUILD': ':42101:libsoup', '_OBSOLETE': '1', '_ONLY_OBSOLETE_SAME_BUILD': '1', '__CI_JOB_URL': 'https://gitlab.suse.de/qa-maintenance/bot-ng/-/jobs/5904085', 'RRID': 'SUSE:Maintenance:42101:398980', 'LTSS_TEST_ISSUES': '42101', 'INCIDENT_REPO': '', '_PRIORITY': 60, '__SOURCE_CHANGE_URL': 'https://smelt.suse.de/incident/42101', '__DASHBOARD_INCIDENT_URL': 'http://dashboard.qam.suse.de/incident/42101'}}
2026-01-15 14:32:48 INFO     openqa-cli api --host https://openqa.suse.de -X post isos DISTRI=sle VERSION=15-SP6 ARCH=x86_64 FLAVOR=Server-DVD-Incidents-Install INCIDENT_ID=42101 REPOHASH=1768387891 BUILD=:42101:libsoup _OBSOLETE=1 _ONLY_OBSOLETE_SAME_BUILD=1 __CI_JOB_URL=https://gitlab.suse.de/qa-maintenance/bot-ng/-/jobs/5904085 RRID=SUSE:Maintenance:42101:398980 LTSS_TEST_ISSUES=42101 INCIDENT_REPO= _PRIORITY=60 __SOURCE_CHANGE_URL=https://smelt.suse.de/incident/42101 __DASHBOARD_INCIDENT_URL=http://dashboard.qam.suse.de/incident/42101
2026-01-15 14:32:48 INFO     Dashboard update successful: Status 200, Database ID 2318595
2026-01-15 14:32:48 INFO     Triggering job: {'api': 'api/incident_settings', 'qem': {'incident': 42102, 'arch': 'x86_64', 'flavor': 'Server-DVD-Incidents-Install', 'version': '15-SP6', 'withAggregate': True, 'settings': {'DISTRI': 'sle', 'VERSION': '15-SP6', 'ARCH': 'x86_64', 'FLAVOR': 'Server-DVD-Incidents-Install', 'INCIDENT_ID': 42102, 'REPOHASH': 1768409574, 'BUILD': ':42102:libsoup2', '_OBSOLETE': '1', '_ONLY_OBSOLETE_SAME_BUILD': '1', '__CI_JOB_URL': 'https://gitlab.suse.de/qa-maintenance/bot-ng/-/jobs/5904085', 'RRID': 'SUSE:Maintenance:42102:398972', 'LTSS_TEST_ISSUES': '42102', 'INCIDENT_REPO': '', '_PRIORITY': 60, '__SOURCE_CHANGE_URL': 'https://smelt.suse.de/incident/42102', '__DASHBOARD_INCIDENT_URL': 'http://dashboard.qam.suse.de/incident/42102'}}, 'openqa': {'DISTRI': 'sle', 'VERSION': '15-SP6', 'ARCH': 'x86_64', 'FLAVOR': 'Server-DVD-Incidents-Install', 'INCIDENT_ID': 42102, 'REPOHASH': 1768409574, 'BUILD': ':42102:libsoup2', '_OBSOLETE': '1', '_ONLY_OBSOLETE_SAME_BUILD': '1', '__CI_JOB_URL': 'https://gitlab.suse.de/qa-maintenance/bot-ng/-/jobs/5904085', 'RRID': 'SUSE:Maintenance:42102:398972', 'LTSS_TEST_ISSUES': '42102', 'INCIDENT_REPO': '', '_PRIORITY': 60, '__SOURCE_CHANGE_URL': 'https://smelt.suse.de/incident/42102', '__DASHBOARD_INCIDENT_URL': 'http://dashboard.qam.suse.de/incident/42102'}}
2026-01-15 14:32:48 INFO     openqa-cli api --host https://openqa.suse.de -X post isos DISTRI=sle VERSION=15-SP6 ARCH=x86_64 FLAVOR=Server-DVD-Incidents-Install INCIDENT_ID=42102 REPOHASH=1768409574 BUILD=:42102:libsoup2 _OBSOLETE=1 _ONLY_OBSOLETE_SAME_BUILD=1 __CI_JOB_URL=https://gitlab.suse.de/qa-maintenance/bot-ng/-/jobs/5904085 RRID=SUSE:Maintenance:42102:398972 LTSS_TEST_ISSUES=42102 INCIDENT_REPO= _PRIORITY=60 __SOURCE_CHANGE_URL=https://smelt.suse.de/incident/42102 __DASHBOARD_INCIDENT_URL=http://dashboard.qam.suse.de/incident/42102
2026-01-15 14:32:48 INFO     Dashboard update successful: Status 200, Database ID 2318596
2026-01-15 14:32:48 INFO     Triggering job: {'api': 'api/incident_settings', 'qem': {'incident': 42101, 'arch': 'ppc64le', 'flavor': 'Server-DVD-Incidents-Install', 'version': '15-SP6', 'withAggregate': True, 'settings': {'DISTRI': 'sle', 'VERSION': '15-SP6', 'ARCH': 'ppc64le', 'FLAVOR': 'Server-DVD-Incidents-Install', 'INCIDENT_ID': 42101, 'REPOHASH': 1768387900, 'BUILD': ':42101:libsoup', '_OBSOLETE': '1', '_ONLY_OBSOLETE_SAME_BUILD': '1', '__CI_JOB_URL': 'https://gitlab.suse.de/qa-maintenance/bot-ng/-/jobs/5904085', 'RRID': 'SUSE:Maintenance:42101:398980', 'LTSS_TEST_ISSUES': '42101', 'INCIDENT_REPO': '', '_PRIORITY': 60, '__SOURCE_CHANGE_URL': 'https://smelt.suse.de/incident/42101', '__DASHBOARD_INCIDENT_URL': 'http://dashboard.qam.suse.de/incident/42101'}}, 'openqa': {'DISTRI': 'sle', 'VERSION': '15-SP6', 'ARCH': 'ppc64le', 'FLAVOR': 'Server-DVD-Incidents-Install', 'INCIDENT_ID': 42101, 'REPOHASH': 1768387900, 'BUILD': ':42101:libsoup', '_OBSOLETE': '1', '_ONLY_OBSOLETE_SAME_BUILD': '1', '__CI_JOB_URL': 'https://gitlab.suse.de/qa-maintenance/bot-ng/-/jobs/5904085', 'RRID': 'SUSE:Maintenance:42101:398980', 'LTSS_TEST_ISSUES': '42101', 'INCIDENT_REPO': '', '_PRIORITY': 60, '__SOURCE_CHANGE_URL': 'https://smelt.suse.de/incident/42101', '__DASHBOARD_INCIDENT_URL': 'http://dashboard.qam.suse.de/incident/42101'}}
2026-01-15 14:32:48 INFO     openqa-cli api --host https://openqa.suse.de -X post isos DISTRI=sle VERSION=15-SP6 ARCH=ppc64le FLAVOR=Server-DVD-Incidents-Install INCIDENT_ID=42101 REPOHASH=1768387900 BUILD=:42101:libsoup _OBSOLETE=1 _ONLY_OBSOLETE_SAME_BUILD=1 __CI_JOB_URL=https://gitlab.suse.de/qa-maintenance/bot-ng/-/jobs/5904085 RRID=SUSE:Maintenance:42101:398980 LTSS_TEST_ISSUES=42101 INCIDENT_REPO= _PRIORITY=60 __SOURCE_CHANGE_URL=https://smelt.suse.de/incident/42101 __DASHBOARD_INCIDENT_URL=http://dashboard.qam.suse.de/incident/42101
2026-01-15 14:32:48 INFO     Dashboard update successful: Status 200, Database ID 2318597
2026-01-15 14:32:48 INFO     Triggering job: {'api': 'api/incident_settings', 'qem': {'incident': 42102, 'arch': 'ppc64le', 'flavor': 'Server-DVD-Incidents-Install', 'version': '15-SP6', 'withAggregate': True, 'settings': {'DISTRI': 'sle', 'VERSION': '15-SP6', 'ARCH': 'ppc64le', 'FLAVOR': 'Server-DVD-Incidents-Install', 'INCIDENT_ID': 42102, 'REPOHASH': 1768409571, 'BUILD': ':42102:libsoup2', '_OBSOLETE': '1', '_ONLY_OBSOLETE_SAME_BUILD': '1', '__CI_JOB_URL': 'https://gitlab.suse.de/qa-maintenance/bot-ng/-/jobs/5904085', 'RRID': 'SUSE:Maintenance:42102:398972', 'LTSS_TEST_ISSUES': '42102', 'INCIDENT_REPO': '', '_PRIORITY': 60, '__SOURCE_CHANGE_URL': 'https://smelt.suse.de/incident/42102', '__DASHBOARD_INCIDENT_URL': 'http://dashboard.qam.suse.de/incident/42102'}}, 'openqa': {'DISTRI': 'sle', 'VERSION': '15-SP6', 'ARCH': 'ppc64le', 'FLAVOR': 'Server-DVD-Incidents-Install', 'INCIDENT_ID': 42102, 'REPOHASH': 1768409571, 'BUILD': ':42102:libsoup2', '_OBSOLETE': '1', '_ONLY_OBSOLETE_SAME_BUILD': '1', '__CI_JOB_URL': 'https://gitlab.suse.de/qa-maintenance/bot-ng/-/jobs/5904085', 'RRID': 'SUSE:Maintenance:42102:398972', 'LTSS_TEST_ISSUES': '42102', 'INCIDENT_REPO': '', '_PRIORITY': 60, '__SOURCE_CHANGE_URL': 'https://smelt.suse.de/incident/42102', '__DASHBOARD_INCIDENT_URL': 'http://dashboard.qam.suse.de/incident/42102'}}
2026-01-15 14:32:48 INFO     openqa-cli api --host https://openqa.suse.de -X post isos DISTRI=sle VERSION=15-SP6 ARCH=ppc64le FLAVOR=Server-DVD-Incidents-Install INCIDENT_ID=42102 REPOHASH=1768409571 BUILD=:42102:libsoup2 _OBSOLETE=1 _ONLY_OBSOLETE_SAME_BUILD=1 __CI_JOB_URL=https://gitlab.suse.de/qa-maintenance/bot-ng/-/jobs/5904085 RRID=SUSE:Maintenance:42102:398972 LTSS_TEST_ISSUES=42102 INCIDENT_REPO= _PRIORITY=60 __SOURCE_CHANGE_URL=https://smelt.suse.de/incident/42102 __DASHBOARD_INCIDENT_URL=http://dashboard.qam.suse.de/incident/42102
2026-01-15 14:32:48 INFO     Dashboard update successful: Status 200, Database ID 2318598
2026-01-15 14:32:48 INFO     Triggering job: {'api': 'api/incident_settings', 'qem': {'incident': 42101, 'arch': 'aarch64', 'flavor': 'Server-DVD-Incidents-Install', 'version': '15-SP6', 'withAggregate': True, 'settings': {'DISTRI': 'sle', 'VERSION': '15-SP6', 'ARCH': 'aarch64', 'FLAVOR': 'Server-DVD-Incidents-Install', 'INCIDENT_ID': 42101, 'REPOHASH': 1768387871, 'BUILD': ':42101:libsoup', '_OBSOLETE': '1', '_ONLY_OBSOLETE_SAME_BUILD': '1', '__CI_JOB_URL': 'https://gitlab.suse.de/qa-maintenance/bot-ng/-/jobs/5904085', 'RRID': 'SUSE:Maintenance:42101:398980', 'LTSS_TEST_ISSUES': '42101', 'INCIDENT_REPO': '', '_PRIORITY': 60, '__SOURCE_CHANGE_URL': 'https://smelt.suse.de/incident/42101', '__DASHBOARD_INCIDENT_URL': 'http://dashboard.qam.suse.de/incident/42101'}}, 'openqa': {'DISTRI': 'sle', 'VERSION': '15-SP6', 'ARCH': 'aarch64', 'FLAVOR': 'Server-DVD-Incidents-Install', 'INCIDENT_ID': 42101, 'REPOHASH': 1768387871, 'BUILD': ':42101:libsoup', '_OBSOLETE': '1', '_ONLY_OBSOLETE_SAME_BUILD': '1', '__CI_JOB_URL': 'https://gitlab.suse.de/qa-maintenance/bot-ng/-/jobs/5904085', 'RRID': 'SUSE:Maintenance:42101:398980', 'LTSS_TEST_ISSUES': '42101', 'INCIDENT_REPO': '', '_PRIORITY': 60, '__SOURCE_CHANGE_URL': 'https://smelt.suse.de/incident/42101', '__DASHBOARD_INCIDENT_URL': 'http://dashboard.qam.suse.de/incident/42101'}}
2026-01-15 14:32:48 INFO     openqa-cli api --host https://openqa.suse.de -X post isos DISTRI=sle VERSION=15-SP6 ARCH=aarch64 FLAVOR=Server-DVD-Incidents-Install INCIDENT_ID=42101 REPOHASH=1768387871 BUILD=:42101:libsoup _OBSOLETE=1 _ONLY_OBSOLETE_SAME_BUILD=1 __CI_JOB_URL=https://gitlab.suse.de/qa-maintenance/bot-ng/-/jobs/5904085 RRID=SUSE:Maintenance:42101:398980 LTSS_TEST_ISSUES=42101 INCIDENT_REPO= _PRIORITY=60 __SOURCE_CHANGE_URL=https://smelt.suse.de/incident/42101 __DASHBOARD_INCIDENT_URL=http://dashboard.qam.suse.de/incident/42101
2026-01-15 14:32:49 INFO     Dashboard update successful: Status 200, Database ID 2318599
2026-01-15 14:32:49 INFO     Triggering job: {'api': 'api/incident_settings', 'qem': {'incident': 42102, 'arch': 'aarch64', 'flavor': 'Server-DVD-Incidents-Install', 'version': '15-SP6', 'withAggregate': True, 'settings': {'DISTRI': 'sle', 'VERSION': '15-SP6', 'ARCH': 'aarch64', 'FLAVOR': 'Server-DVD-Incidents-Install', 'INCIDENT_ID': 42102, 'REPOHASH': 1768409562, 'BUILD': ':42102:libsoup2', '_OBSOLETE': '1', '_ONLY_OBSOLETE_SAME_BUILD': '1', '__CI_JOB_URL': 'https://gitlab.suse.de/qa-maintenance/bot-ng/-/jobs/5904085', 'RRID': 'SUSE:Maintenance:42102:398972', 'LTSS_TEST_ISSUES': '42102', 'INCIDENT_REPO': '', '_PRIORITY': 60, '__SOURCE_CHANGE_URL': 'https://smelt.suse.de/incident/42102', '__DASHBOARD_INCIDENT_URL': 'http://dashboard.qam.suse.de/incident/42102'}}, 'openqa': {'DISTRI': 'sle', 'VERSION': '15-SP6', 'ARCH': 'aarch64', 'FLAVOR': 'Server-DVD-Incidents-Install', 'INCIDENT_ID': 42102, 'REPOHASH': 1768409562, 'BUILD': ':42102:libsoup2', '_OBSOLETE': '1', '_ONLY_OBSOLETE_SAME_BUILD': '1', '__CI_JOB_URL': 'https://gitlab.suse.de/qa-maintenance/bot-ng/-/jobs/5904085', 'RRID': 'SUSE:Maintenance:42102:398972', 'LTSS_TEST_ISSUES': '42102', 'INCIDENT_REPO': '', '_PRIORITY': 60, '__SOURCE_CHANGE_URL': 'https://smelt.suse.de/incident/42102', '__DASHBOARD_INCIDENT_URL': 'http://dashboard.qam.suse.de/incident/42102'}}
2026-01-15 14:32:49 INFO     openqa-cli api --host https://openqa.suse.de -X post isos DISTRI=sle VERSION=15-SP6 ARCH=aarch64 FLAVOR=Server-DVD-Incidents-Install INCIDENT_ID=42102 REPOHASH=1768409562 BUILD=:42102:libsoup2 _OBSOLETE=1 _ONLY_OBSOLETE_SAME_BUILD=1 __CI_JOB_URL=https://gitlab.suse.de/qa-maintenance/bot-ng/-/jobs/5904085 RRID=SUSE:Maintenance:42102:398972 LTSS_TEST_ISSUES=42102 INCIDENT_REPO= _PRIORITY=60 __SOURCE_CHANGE_URL=https://smelt.suse.de/incident/42102 __DASHBOARD_INCIDENT_URL=http://dashboard.qam.suse.de/incident/42102
2026-01-15 14:32:49 INFO     Dashboard update successful: Status 200, Database ID 2318600
2026-01-15 14:32:49 INFO     Triggering job: {'api': 'api/incident_settings', 'qem': {'incident': 42101, 'arch': 's390x', 'flavor': 'Server-DVD-Incidents-Install', 'version': '15-SP6', 'withAggregate': True, 'settings': {'DISTRI': 'sle', 'VERSION': '15-SP6', 'ARCH': 's390x', 'FLAVOR': 'Server-DVD-Incidents-Install', 'INCIDENT_ID': 42101, 'REPOHASH': 1768387917, 'BUILD': ':42101:libsoup', '_OBSOLETE': '1', '_ONLY_OBSOLETE_SAME_BUILD': '1', '__CI_JOB_URL': 'https://gitlab.suse.de/qa-maintenance/bot-ng/-/jobs/5904085', 'RRID': 'SUSE:Maintenance:42101:398980', 'LTSS_TEST_ISSUES': '42101', 'INCIDENT_REPO': '', '_PRIORITY': 60, '__SOURCE_CHANGE_URL': 'https://smelt.suse.de/incident/42101', '__DASHBOARD_INCIDENT_URL': 'http://dashboard.qam.suse.de/incident/42101'}}, 'openqa': {'DISTRI': 'sle', 'VERSION': '15-SP6', 'ARCH': 's390x', 'FLAVOR': 'Server-DVD-Incidents-Install', 'INCIDENT_ID': 42101, 'REPOHASH': 1768387917, 'BUILD': ':42101:libsoup', '_OBSOLETE': '1', '_ONLY_OBSOLETE_SAME_BUILD': '1', '__CI_JOB_URL': 'https://gitlab.suse.de/qa-maintenance/bot-ng/-/jobs/5904085', 'RRID': 'SUSE:Maintenance:42101:398980', 'LTSS_TEST_ISSUES': '42101', 'INCIDENT_REPO': '', '_PRIORITY': 60, '__SOURCE_CHANGE_URL': 'https://smelt.suse.de/incident/42101', '__DASHBOARD_INCIDENT_URL': 'http://dashboard.qam.suse.de/incident/42101'}}
2026-01-15 14:32:49 INFO     openqa-cli api --host https://openqa.suse.de -X post isos DISTRI=sle VERSION=15-SP6 ARCH=s390x FLAVOR=Server-DVD-Incidents-Install INCIDENT_ID=42101 REPOHASH=1768387917 BUILD=:42101:libsoup _OBSOLETE=1 _ONLY_OBSOLETE_SAME_BUILD=1 __CI_JOB_URL=https://gitlab.suse.de/qa-maintenance/bot-ng/-/jobs/5904085 RRID=SUSE:Maintenance:42101:398980 LTSS_TEST_ISSUES=42101 INCIDENT_REPO= _PRIORITY=60 __SOURCE_CHANGE_URL=https://smelt.suse.de/incident/42101 __DASHBOARD_INCIDENT_URL=http://dashboard.qam.suse.de/incident/42101
2026-01-15 14:32:49 INFO     Dashboard update successful: Status 200, Database ID 2318601
2026-01-15 14:32:49 INFO     Triggering job: {'api': 'api/incident_settings', 'qem': {'incident': 42102, 'arch': 's390x', 'flavor': 'Server-DVD-Incidents-Install', 'version': '15-SP6', 'withAggregate': True, 'settings': {'DISTRI': 'sle', 'VERSION': '15-SP6', 'ARCH': 's390x', 'FLAVOR': 'Server-DVD-Incidents-Install', 'INCIDENT_ID': 42102, 'REPOHASH': 1768409542, 'BUILD': ':42102:libsoup2', '_OBSOLETE': '1', '_ONLY_OBSOLETE_SAME_BUILD': '1', '__CI_JOB_URL': 'https://gitlab.suse.de/qa-maintenance/bot-ng/-/jobs/5904085', 'RRID': 'SUSE:Maintenance:42102:398972', 'LTSS_TEST_ISSUES': '42102', 'INCIDENT_REPO': '', '_PRIORITY': 60, '__SOURCE_CHANGE_URL': 'https://smelt.suse.de/incident/42102', '__DASHBOARD_INCIDENT_URL': 'http://dashboard.qam.suse.de/incident/42102'}}, 'openqa': {'DISTRI': 'sle', 'VERSION': '15-SP6', 'ARCH': 's390x', 'FLAVOR': 'Server-DVD-Incidents-Install', 'INCIDENT_ID': 42102, 'REPOHASH': 1768409542, 'BUILD': ':42102:libsoup2', '_OBSOLETE': '1', '_ONLY_OBSOLETE_SAME_BUILD': '1', '__CI_JOB_URL': 'https://gitlab.suse.de/qa-maintenance/bot-ng/-/jobs/5904085', 'RRID': 'SUSE:Maintenance:42102:398972', 'LTSS_TEST_ISSUES': '42102', 'INCIDENT_REPO': '', '_PRIORITY': 60, '__SOURCE_CHANGE_URL': 'https://smelt.suse.de/incident/42102', '__DASHBOARD_INCIDENT_URL': 'http://dashboard.qam.suse.de/incident/42102'}}
2026-01-15 14:32:49 INFO     openqa-cli api --host https://openqa.suse.de -X post isos DISTRI=sle VERSION=15-SP6 ARCH=s390x FLAVOR=Server-DVD-Incidents-Install INCIDENT_ID=42102 REPOHASH=1768409542 BUILD=:42102:libsoup2 _OBSOLETE=1 _ONLY_OBSOLETE_SAME_BUILD=1 __CI_JOB_URL=https://gitlab.suse.de/qa-maintenance/bot-ng/-/jobs/5904085 RRID=SUSE:Maintenance:42102:398972 LTSS_TEST_ISSUES=42102 INCIDENT_REPO= _PRIORITY=60 __SOURCE_CHANGE_URL=https://smelt.suse.de/incident/42102 __DASHBOARD_INCIDENT_URL=http://dashboard.qam.suse.de/incident/42102
2026-01-15 14:32:49 INFO     Dashboard update successful: Status 200, Database ID 2318602
2026-01-15 14:32:49 INFO     Triggering job: {'api': 'api/incident_settings', 'qem': {'incident': 42101, 'arch': 'x86_64', 'flavor': 'Server-DVD-Incidents', 'version': '15-SP7', 'withAggregate': True, 'settings': {'DISTRI': 'sle', 'VERSION': '15-SP7', 'ARCH': 'x86_64', 'FLAVOR': 'Server-DVD-Incidents', 'INCIDENT_ID': 42101, 'REPOHASH': 1768387888, 'BUILD': ':42101:libsoup', '_OBSOLETE': '1', '_ONLY_OBSOLETE_SAME_BUILD': '1', '__CI_JOB_URL': 'https://gitlab.suse.de/qa-maintenance/bot-ng/-/jobs/5904085', 'RRID': 'SUSE:Maintenance:42101:398980', 'BASE_TEST_ISSUES': '42101', 'INCIDENT_REPO': '', '_PRIORITY': 60, '__SOURCE_CHANGE_URL': 'https://smelt.suse.de/incident/42101', '__DASHBOARD_INCIDENT_URL': 'http://dashboard.qam.suse.de/incident/42101'}}, 'openqa': {'DISTRI': 'sle', 'VERSION': '15-SP7', 'ARCH': 'x86_64', 'FLAVOR': 'Server-DVD-Incidents', 'INCIDENT_ID': 42101, 'REPOHASH': 1768387888, 'BUILD': ':42101:libsoup', '_OBSOLETE': '1', '_ONLY_OBSOLETE_SAME_BUILD': '1', '__CI_JOB_URL': 'https://gitlab.suse.de/qa-maintenance/bot-ng/-/jobs/5904085', 'RRID': 'SUSE:Maintenance:42101:398980', 'BASE_TEST_ISSUES': '42101', 'INCIDENT_REPO': '', '_PRIORITY': 60, '__SOURCE_CHANGE_URL': 'https://smelt.suse.de/incident/42101', '__DASHBOARD_INCIDENT_URL': 'http://dashboard.qam.suse.de/incident/42101'}}
2026-01-15 14:32:49 INFO     openqa-cli api --host https://openqa.suse.de -X post isos DISTRI=sle VERSION=15-SP7 ARCH=x86_64 FLAVOR=Server-DVD-Incidents INCIDENT_ID=42101 REPOHASH=1768387888 BUILD=:42101:libsoup _OBSOLETE=1 _ONLY_OBSOLETE_SAME_BUILD=1 __CI_JOB_URL=https://gitlab.suse.de/qa-maintenance/bot-ng/-/jobs/5904085 RRID=SUSE:Maintenance:42101:398980 BASE_TEST_ISSUES=42101 INCIDENT_REPO= _PRIORITY=60 __SOURCE_CHANGE_URL=https://smelt.suse.de/incident/42101 __DASHBOARD_INCIDENT_URL=http://dashboard.qam.suse.de/incident/42101
2026-01-15 14:32:49 INFO     Dashboard update successful: Status 200, Database ID 2318603
2026-01-15 14:32:49 INFO     Triggering job: {'api': 'api/incident_settings', 'qem': {'incident': 42102, 'arch': 'x86_64', 'flavor': 'Server-DVD-Incidents', 'version': '15-SP7', 'withAggregate': True, 'settings': {'DISTRI': 'sle', 'VERSION': '15-SP7', 'ARCH': 'x86_64', 'FLAVOR': 'Server-DVD-Incidents', 'INCIDENT_ID': 42102, 'REPOHASH': 1768409559, 'BUILD': ':42102:libsoup2', '_OBSOLETE': '1', '_ONLY_OBSOLETE_SAME_BUILD': '1', '__CI_JOB_URL': 'https://gitlab.suse.de/qa-maintenance/bot-ng/-/jobs/5904085', 'RRID': 'SUSE:Maintenance:42102:398972', 'BASE_TEST_ISSUES': '42102', 'INCIDENT_REPO': '', '_PRIORITY': 60, '__SOURCE_CHANGE_URL': 'https://smelt.suse.de/incident/42102', '__DASHBOARD_INCIDENT_URL': 'http://dashboard.qam.suse.de/incident/42102'}}, 'openqa': {'DISTRI': 'sle', 'VERSION': '15-SP7', 'ARCH': 'x86_64', 'FLAVOR': 'Server-DVD-Incidents', 'INCIDENT_ID': 42102, 'REPOHASH': 1768409559, 'BUILD': ':42102:libsoup2', '_OBSOLETE': '1', '_ONLY_OBSOLETE_SAME_BUILD': '1', '__CI_JOB_URL': 'https://gitlab.suse.de/qa-maintenance/bot-ng/-/jobs/5904085', 'RRID': 'SUSE:Maintenance:42102:398972', 'BASE_TEST_ISSUES': '42102', 'INCIDENT_REPO': '', '_PRIORITY': 60, '__SOURCE_CHANGE_URL': 'https://smelt.suse.de/incident/42102', '__DASHBOARD_INCIDENT_URL': 'http://dashboard.qam.suse.de/incident/42102'}}
2026-01-15 14:32:49 INFO     openqa-cli api --host https://openqa.suse.de -X post isos DISTRI=sle VERSION=15-SP7 ARCH=x86_64 FLAVOR=Server-DVD-Incidents INCIDENT_ID=42102 REPOHASH=1768409559 BUILD=:42102:libsoup2 _OBSOLETE=1 _ONLY_OBSOLETE_SAME_BUILD=1 __CI_JOB_URL=https://gitlab.suse.de/qa-maintenance/bot-ng/-/jobs/5904085 RRID=SUSE:Maintenance:42102:398972 BASE_TEST_ISSUES=42102 INCIDENT_REPO= _PRIORITY=60 __SOURCE_CHANGE_URL=https://smelt.suse.de/incident/42102 __DASHBOARD_INCIDENT_URL=http://dashboard.qam.suse.de/incident/42102
2026-01-15 14:32:49 INFO     Dashboard update successful: Status 200, Database ID 2318604
2026-01-15 14:32:49 INFO     Triggering job: {'api': 'api/incident_settings', 'qem': {'incident': 42226, 'arch': 'x86_64', 'flavor': 'Server-DVD-Incidents', 'version': '15-SP7', 'withAggregate': True, 'settings': {'DISTRI': 'sle', 'VERSION': '15-SP7', 'ARCH': 'x86_64', 'FLAVOR': 'Server-DVD-Incidents', 'INCIDENT_ID': 42226, 'REPOHASH': 1768382386, 'BUILD': ':42226:supportutils', '_OBSOLETE': '1', '_ONLY_OBSOLETE_SAME_BUILD': '1', '__CI_JOB_URL': 'https://gitlab.suse.de/qa-maintenance/bot-ng/-/jobs/5904085', 'RRID': 'SUSE:Maintenance:42226:398973', 'BASE_TEST_ISSUES': '42226', 'INCIDENT_REPO': '', '_PRIORITY': 60, '__SOURCE_CHANGE_URL': 'https://smelt.suse.de/incident/42226', '__DASHBOARD_INCIDENT_URL': 'http://dashboard.qam.suse.de/incident/42226'}}, 'openqa': {'DISTRI': 'sle', 'VERSION': '15-SP7', 'ARCH': 'x86_64', 'FLAVOR': 'Server-DVD-Incidents', 'INCIDENT_ID': 42226, 'REPOHASH': 1768382386, 'BUILD': ':42226:supportutils', '_OBSOLETE': '1', '_ONLY_OBSOLETE_SAME_BUILD': '1', '__CI_JOB_URL': 'https://gitlab.suse.de/qa-maintenance/bot-ng/-/jobs/5904085', 'RRID': 'SUSE:Maintenance:42226:398973', 'BASE_TEST_ISSUES': '42226', 'INCIDENT_REPO': '', '_PRIORITY': 60, '__SOURCE_CHANGE_URL': 'https://smelt.suse.de/incident/42226', '__DASHBOARD_INCIDENT_URL': 'http://dashboard.qam.suse.de/incident/42226'}}
2026-01-15 14:32:49 INFO     openqa-cli api --host https://openqa.suse.de -X post isos DISTRI=sle VERSION=15-SP7 ARCH=x86_64 FLAVOR=Server-DVD-Incidents INCIDENT_ID=42226 REPOHASH=1768382386 BUILD=:42226:supportutils _OBSOLETE=1 _ONLY_OBSOLETE_SAME_BUILD=1 __CI_JOB_URL=https://gitlab.suse.de/qa-maintenance/bot-ng/-/jobs/5904085 RRID=SUSE:Maintenance:42226:398973 BASE_TEST_ISSUES=42226 INCIDENT_REPO= _PRIORITY=60 __SOURCE_CHANGE_URL=https://smelt.suse.de/incident/42226 __DASHBOARD_INCIDENT_URL=http://dashboard.qam.suse.de/incident/42226
2026-01-15 14:32:49 INFO     Dashboard update successful: Status 200, Database ID 2318605
2026-01-15 14:32:49 INFO     Triggering job: {'api': 'api/incident_settings', 'qem': {'incident': 42229, 'arch': 'x86_64', 'flavor': 'Server-DVD-Incidents', 'version': '15-SP7', 'withAggregate': True, 'settings': {'DISTRI': 'sle', 'VERSION': '15-SP7', 'ARCH': 'x86_64', 'FLAVOR': 'Server-DVD-Incidents', 'INCIDENT_ID': 42229, 'REPOHASH': 1768403670, 'BUILD': ':42229:dtb-armv7l', '_OBSOLETE': '1', '_ONLY_OBSOLETE_SAME_BUILD': '1', '__CI_JOB_URL': 'https://gitlab.suse.de/qa-maintenance/bot-ng/-/jobs/5904085', 'RRID': 'SUSE:Maintenance:42229:398981', 'BASE_TEST_ISSUES': '42229', 'LEGACY_TEST_ISSUES': '42229', 'SDK_TEST_ISSUES': '42229', 'WE_TEST_ISSUES': '42229', 'INCIDENT_REPO': '', '_PRIORITY': 60, '__SOURCE_CHANGE_URL': 'https://smelt.suse.de/incident/42229', '__DASHBOARD_INCIDENT_URL': 'http://dashboard.qam.suse.de/incident/42229'}}, 'openqa': {'DISTRI': 'sle', 'VERSION': '15-SP7', 'ARCH': 'x86_64', 'FLAVOR': 'Server-DVD-Incidents', 'INCIDENT_ID': 42229, 'REPOHASH': 1768403670, 'BUILD': ':42229:dtb-armv7l', '_OBSOLETE': '1', '_ONLY_OBSOLETE_SAME_BUILD': '1', '__CI_JOB_URL': 'https://gitlab.suse.de/qa-maintenance/bot-ng/-/jobs/5904085', 'RRID': 'SUSE:Maintenance:42229:398981', 'BASE_TEST_ISSUES': '42229', 'LEGACY_TEST_ISSUES': '42229', 'SDK_TEST_ISSUES': '42229', 'WE_TEST_ISSUES': '42229', 'INCIDENT_REPO': '', '_PRIORITY': 60, '__SOURCE_CHANGE_URL': 'https://smelt.suse.de/incident/42229', '__DASHBOARD_INCIDENT_URL': 'http://dashboard.qam.suse.de/incident/42229'}}
2026-01-15 14:32:49 INFO     openqa-cli api --host https://openqa.suse.de -X post isos DISTRI=sle VERSION=15-SP7 ARCH=x86_64 FLAVOR=Server-DVD-Incidents INCIDENT_ID=42229 REPOHASH=1768403670 BUILD=:42229:dtb-armv7l _OBSOLETE=1 _ONLY_OBSOLETE_SAME_BUILD=1 __CI_JOB_URL=https://gitlab.suse.de/qa-maintenance/bot-ng/-/jobs/5904085 RRID=SUSE:Maintenance:42229:398981 BASE_TEST_ISSUES=42229 LEGACY_TEST_ISSUES=42229 SDK_TEST_ISSUES=42229 WE_TEST_ISSUES=42229 INCIDENT_REPO= _PRIORITY=60 __SOURCE_CHANGE_URL=https://smelt.suse.de/incident/42229 __DASHBOARD_INCIDENT_URL=http://dashboard.qam.suse.de/incident/42229
2026-01-15 14:32:49 INFO     Dashboard update successful: Status 200, Database ID 2318606
2026-01-15 14:32:49 INFO     Triggering job: {'api': 'api/incident_settings', 'qem': {'incident': 42101, 'arch': 'x86_64', 'flavor': 'Server-DVD-Incidents-Install', 'version': '15-SP7', 'withAggregate': True, 'settings': {'DISTRI': 'sle', 'VERSION': '15-SP7', 'ARCH': 'x86_64', 'FLAVOR': 'Server-DVD-Incidents-Install', 'INCIDENT_ID': 42101, 'REPOHASH': 1768387888, 'BUILD': ':42101:libsoup', '_OBSOLETE': '1', '_ONLY_OBSOLETE_SAME_BUILD': '1', '__CI_JOB_URL': 'https://gitlab.suse.de/qa-maintenance/bot-ng/-/jobs/5904085', 'RRID': 'SUSE:Maintenance:42101:398980', 'BASE_TEST_ISSUES': '42101', 'INCIDENT_REPO': '', '_PRIORITY': 60, '__SOURCE_CHANGE_URL': 'https://smelt.suse.de/incident/42101', '__DASHBOARD_INCIDENT_URL': 'http://dashboard.qam.suse.de/incident/42101'}}, 'openqa': {'DISTRI': 'sle', 'VERSION': '15-SP7', 'ARCH': 'x86_64', 'FLAVOR': 'Server-DVD-Incidents-Install', 'INCIDENT_ID': 42101, 'REPOHASH': 1768387888, 'BUILD': ':42101:libsoup', '_OBSOLETE': '1', '_ONLY_OBSOLETE_SAME_BUILD': '1', '__CI_JOB_URL': 'https://gitlab.suse.de/qa-maintenance/bot-ng/-/jobs/5904085', 'RRID': 'SUSE:Maintenance:42101:398980', 'BASE_TEST_ISSUES': '42101', 'INCIDENT_REPO': '', '_PRIORITY': 60, '__SOURCE_CHANGE_URL': 'https://smelt.suse.de/incident/42101', '__DASHBOARD_INCIDENT_URL': 'http://dashboard.qam.suse.de/incident/42101'}}
2026-01-15 14:32:49 INFO     openqa-cli api --host https://openqa.suse.de -X post isos DISTRI=sle VERSION=15-SP7 ARCH=x86_64 FLAVOR=Server-DVD-Incidents-Install INCIDENT_ID=42101 REPOHASH=1768387888 BUILD=:42101:libsoup _OBSOLETE=1 _ONLY_OBSOLETE_SAME_BUILD=1 __CI_JOB_URL=https://gitlab.suse.de/qa-maintenance/bot-ng/-/jobs/5904085 RRID=SUSE:Maintenance:42101:398980 BASE_TEST_ISSUES=42101 INCIDENT_REPO= _PRIORITY=60 __SOURCE_CHANGE_URL=https://smelt.suse.de/incident/42101 __DASHBOARD_INCIDENT_URL=http://dashboard.qam.suse.de/incident/42101
2026-01-15 14:32:49 INFO     Dashboard update successful: Status 200, Database ID 2318607
2026-01-15 14:32:49 INFO     Triggering job: {'api': 'api/incident_settings', 'qem': {'incident': 42102, 'arch': 'x86_64', 'flavor': 'Server-DVD-Incidents-Install', 'version': '15-SP7', 'withAggregate': True, 'settings': {'DISTRI': 'sle', 'VERSION': '15-SP7', 'ARCH': 'x86_64', 'FLAVOR': 'Server-DVD-Incidents-Install', 'INCIDENT_ID': 42102, 'REPOHASH': 1768409559, 'BUILD': ':42102:libsoup2', '_OBSOLETE': '1', '_ONLY_OBSOLETE_SAME_BUILD': '1', '__CI_JOB_URL': 'https://gitlab.suse.de/qa-maintenance/bot-ng/-/jobs/5904085', 'RRID': 'SUSE:Maintenance:42102:398972', 'BASE_TEST_ISSUES': '42102', 'INCIDENT_REPO': '', '_PRIORITY': 60, '__SOURCE_CHANGE_URL': 'https://smelt.suse.de/incident/42102', '__DASHBOARD_INCIDENT_URL': 'http://dashboard.qam.suse.de/incident/42102'}}, 'openqa': {'DISTRI': 'sle', 'VERSION': '15-SP7', 'ARCH': 'x86_64', 'FLAVOR': 'Server-DVD-Incidents-Install', 'INCIDENT_ID': 42102, 'REPOHASH': 1768409559, 'BUILD': ':42102:libsoup2', '_OBSOLETE': '1', '_ONLY_OBSOLETE_SAME_BUILD': '1', '__CI_JOB_URL': 'https://gitlab.suse.de/qa-maintenance/bot-ng/-/jobs/5904085', 'RRID': 'SUSE:Maintenance:42102:398972', 'BASE_TEST_ISSUES': '42102', 'INCIDENT_REPO': '', '_PRIORITY': 60, '__SOURCE_CHANGE_URL': 'https://smelt.suse.de/incident/42102', '__DASHBOARD_INCIDENT_URL': 'http://dashboard.qam.suse.de/incident/42102'}}
2026-01-15 14:32:49 INFO     openqa-cli api --host https://openqa.suse.de -X post isos DISTRI=sle VERSION=15-SP7 ARCH=x86_64 FLAVOR=Server-DVD-Incidents-Install INCIDENT_ID=42102 REPOHASH=1768409559 BUILD=:42102:libsoup2 _OBSOLETE=1 _ONLY_OBSOLETE_SAME_BUILD=1 __CI_JOB_URL=https://gitlab.suse.de/qa-maintenance/bot-ng/-/jobs/5904085 RRID=SUSE:Maintenance:42102:398972 BASE_TEST_ISSUES=42102 INCIDENT_REPO= _PRIORITY=60 __SOURCE_CHANGE_URL=https://smelt.suse.de/incident/42102 __DASHBOARD_INCIDENT_URL=http://dashboard.qam.suse.de/incident/42102
2026-01-15 14:32:49 INFO     Dashboard update successful: Status 200, Database ID 2318608
2026-01-15 14:32:49 INFO     Triggering job: {'api': 'api/incident_settings', 'qem': {'incident': 42226, 'arch': 'x86_64', 'flavor': 'Server-DVD-Incidents-Install', 'version': '15-SP7', 'withAggregate': True, 'settings': {'DISTRI': 'sle', 'VERSION': '15-SP7', 'ARCH': 'x86_64', 'FLAVOR': 'Server-DVD-Incidents-Install', 'INCIDENT_ID': 42226, 'REPOHASH': 1768382386, 'BUILD': ':42226:supportutils', '_OBSOLETE': '1', '_ONLY_OBSOLETE_SAME_BUILD': '1', '__CI_JOB_URL': 'https://gitlab.suse.de/qa-maintenance/bot-ng/-/jobs/5904085', 'RRID': 'SUSE:Maintenance:42226:398973', 'BASE_TEST_ISSUES': '42226', 'INCIDENT_REPO': '', '_PRIORITY': 60, '__SOURCE_CHANGE_URL': 'https://smelt.suse.de/incident/42226', '__DASHBOARD_INCIDENT_URL': 'http://dashboard.qam.suse.de/incident/42226'}}, 'openqa': {'DISTRI': 'sle', 'VERSION': '15-SP7', 'ARCH': 'x86_64', 'FLAVOR': 'Server-DVD-Incidents-Install', 'INCIDENT_ID': 42226, 'REPOHASH': 1768382386, 'BUILD': ':42226:supportutils', '_OBSOLETE': '1', '_ONLY_OBSOLETE_SAME_BUILD': '1', '__CI_JOB_URL': 'https://gitlab.suse.de/qa-maintenance/bot-ng/-/jobs/5904085', 'RRID': 'SUSE:Maintenance:42226:398973', 'BASE_TEST_ISSUES': '42226', 'INCIDENT_REPO': '', '_PRIORITY': 60, '__SOURCE_CHANGE_URL': 'https://smelt.suse.de/incident/42226', '__DASHBOARD_INCIDENT_URL': 'http://dashboard.qam.suse.de/incident/42226'}}
2026-01-15 14:32:49 INFO     openqa-cli api --host https://openqa.suse.de -X post isos DISTRI=sle VERSION=15-SP7 ARCH=x86_64 FLAVOR=Server-DVD-Incidents-Install INCIDENT_ID=42226 REPOHASH=1768382386 BUILD=:42226:supportutils _OBSOLETE=1 _ONLY_OBSOLETE_SAME_BUILD=1 __CI_JOB_URL=https://gitlab.suse.de/qa-maintenance/bot-ng/-/jobs/5904085 RRID=SUSE:Maintenance:42226:398973 BASE_TEST_ISSUES=42226 INCIDENT_REPO= _PRIORITY=60 __SOURCE_CHANGE_URL=https://smelt.suse.de/incident/42226 __DASHBOARD_INCIDENT_URL=http://dashboard.qam.suse.de/incident/42226
2026-01-15 14:32:49 INFO     Dashboard update successful: Status 200, Database ID 2318609
2026-01-15 14:32:49 INFO     Triggering job: {'api': 'api/incident_settings', 'qem': {'incident': 42229, 'arch': 'x86_64', 'flavor': 'Server-DVD-Incidents-Install', 'version': '15-SP7', 'withAggregate': True, 'settings': {'DISTRI': 'sle', 'VERSION': '15-SP7', 'ARCH': 'x86_64', 'FLAVOR': 'Server-DVD-Incidents-Install', 'INCIDENT_ID': 42229, 'REPOHASH': 1768403670, 'BUILD': ':42229:dtb-armv7l', '_OBSOLETE': '1', '_ONLY_OBSOLETE_SAME_BUILD': '1', '__CI_JOB_URL': 'https://gitlab.suse.de/qa-maintenance/bot-ng/-/jobs/5904085', 'RRID': 'SUSE:Maintenance:42229:398981', 'BASE_TEST_ISSUES': '42229', 'LEGACY_TEST_ISSUES': '42229', 'SDK_TEST_ISSUES': '42229', 'WE_TEST_ISSUES': '42229', 'INCIDENT_REPO': '', '_PRIORITY': 60, '__SOURCE_CHANGE_URL': 'https://smelt.suse.de/incident/42229', '__DASHBOARD_INCIDENT_URL': 'http://dashboard.qam.suse.de/incident/42229'}}, 'openqa': {'DISTRI': 'sle', 'VERSION': '15-SP7', 'ARCH': 'x86_64', 'FLAVOR': 'Server-DVD-Incidents-Install', 'INCIDENT_ID': 42229, 'REPOHASH': 1768403670, 'BUILD': ':42229:dtb-armv7l', '_OBSOLETE': '1', '_ONLY_OBSOLETE_SAME_BUILD': '1', '__CI_JOB_URL': 'https://gitlab.suse.de/qa-maintenance/bot-ng/-/jobs/5904085', 'RRID': 'SUSE:Maintenance:42229:398981', 'BASE_TEST_ISSUES': '42229', 'LEGACY_TEST_ISSUES': '42229', 'SDK_TEST_ISSUES': '42229', 'WE_TEST_ISSUES': '42229', 'INCIDENT_REPO': '', '_PRIORITY': 60, '__SOURCE_CHANGE_URL': 'https://smelt.suse.de/incident/42229', '__DASHBOARD_INCIDENT_URL': 'http://dashboard.qam.suse.de/incident/42229'}}
2026-01-15 14:32:49 INFO     openqa-cli api --host https://openqa.suse.de -X post isos DISTRI=sle VERSION=15-SP7 ARCH=x86_64 FLAVOR=Server-DVD-Incidents-Install INCIDENT_ID=42229 REPOHASH=1768403670 BUILD=:42229:dtb-armv7l _OBSOLETE=1 _ONLY_OBSOLETE_SAME_BUILD=1 __CI_JOB_URL=https://gitlab.suse.de/qa-maintenance/bot-ng/-/jobs/5904085 RRID=SUSE:Maintenance:42229:398981 BASE_TEST_ISSUES=42229 LEGACY_TEST_ISSUES=42229 SDK_TEST_ISSUES=42229 WE_TEST_ISSUES=42229 INCIDENT_REPO= _PRIORITY=60 __SOURCE_CHANGE_URL=https://smelt.suse.de/incident/42229 __DASHBOARD_INCIDENT_URL=http://dashboard.qam.suse.de/incident/42229
2026-01-15 14:32:49 INFO     Dashboard update successful: Status 200, Database ID 2318610
2026-01-15 14:32:49 INFO     Triggering job: {'api': 'api/incident_settings', 'qem': {'incident': 42101, 'arch': 'ppc64le', 'flavor': 'Server-DVD-Incidents-Install', 'version': '15-SP7', 'withAggregate': True, 'settings': {'DISTRI': 'sle', 'VERSION': '15-SP7', 'ARCH': 'ppc64le', 'FLAVOR': 'Server-DVD-Incidents-Install', 'INCIDENT_ID': 42101, 'REPOHASH': 1768387903, 'BUILD': ':42101:libsoup', '_OBSOLETE': '1', '_ONLY_OBSOLETE_SAME_BUILD': '1', '__CI_JOB_URL': 'https://gitlab.suse.de/qa-maintenance/bot-ng/-/jobs/5904085', 'RRID': 'SUSE:Maintenance:42101:398980', 'BASE_TEST_ISSUES': '42101', 'INCIDENT_REPO': '', '_PRIORITY': 60, '__SOURCE_CHANGE_URL': 'https://smelt.suse.de/incident/42101', '__DASHBOARD_INCIDENT_URL': 'http://dashboard.qam.suse.de/incident/42101'}}, 'openqa': {'DISTRI': 'sle', 'VERSION': '15-SP7', 'ARCH': 'ppc64le', 'FLAVOR': 'Server-DVD-Incidents-Install', 'INCIDENT_ID': 42101, 'REPOHASH': 1768387903, 'BUILD': ':42101:libsoup', '_OBSOLETE': '1', '_ONLY_OBSOLETE_SAME_BUILD': '1', '__CI_JOB_URL': 'https://gitlab.suse.de/qa-maintenance/bot-ng/-/jobs/5904085', 'RRID': 'SUSE:Maintenance:42101:398980', 'BASE_TEST_ISSUES': '42101', 'INCIDENT_REPO': '', '_PRIORITY': 60, '__SOURCE_CHANGE_URL': 'https://smelt.suse.de/incident/42101', '__DASHBOARD_INCIDENT_URL': 'http://dashboard.qam.suse.de/incident/42101'}}
2026-01-15 14:32:49 INFO     openqa-cli api --host https://openqa.suse.de -X post isos DISTRI=sle VERSION=15-SP7 ARCH=ppc64le FLAVOR=Server-DVD-Incidents-Install INCIDENT_ID=42101 REPOHASH=1768387903 BUILD=:42101:libsoup _OBSOLETE=1 _ONLY_OBSOLETE_SAME_BUILD=1 __CI_JOB_URL=https://gitlab.suse.de/qa-maintenance/bot-ng/-/jobs/5904085 RRID=SUSE:Maintenance:42101:398980 BASE_TEST_ISSUES=42101 INCIDENT_REPO= _PRIORITY=60 __SOURCE_CHANGE_URL=https://smelt.suse.de/incident/42101 __DASHBOARD_INCIDENT_URL=http://dashboard.qam.suse.de/incident/42101
2026-01-15 14:32:49 INFO     Dashboard update successful: Status 200, Database ID 2318611
2026-01-15 14:32:49 INFO     Triggering job: {'api': 'api/incident_settings', 'qem': {'incident': 42102, 'arch': 'ppc64le', 'flavor': 'Server-DVD-Incidents-Install', 'version': '15-SP7', 'withAggregate': True, 'settings': {'DISTRI': 'sle', 'VERSION': '15-SP7', 'ARCH': 'ppc64le', 'FLAVOR': 'Server-DVD-Incidents-Install', 'INCIDENT_ID': 42102, 'REPOHASH': 1768409553, 'BUILD': ':42102:libsoup2', '_OBSOLETE': '1', '_ONLY_OBSOLETE_SAME_BUILD': '1', '__CI_JOB_URL': 'https://gitlab.suse.de/qa-maintenance/bot-ng/-/jobs/5904085', 'RRID': 'SUSE:Maintenance:42102:398972', 'BASE_TEST_ISSUES': '42102', 'INCIDENT_REPO': '', '_PRIORITY': 60, '__SOURCE_CHANGE_URL': 'https://smelt.suse.de/incident/42102', '__DASHBOARD_INCIDENT_URL': 'http://dashboard.qam.suse.de/incident/42102'}}, 'openqa': {'DISTRI': 'sle', 'VERSION': '15-SP7', 'ARCH': 'ppc64le', 'FLAVOR': 'Server-DVD-Incidents-Install', 'INCIDENT_ID': 42102, 'REPOHASH': 1768409553, 'BUILD': ':42102:libsoup2', '_OBSOLETE': '1', '_ONLY_OBSOLETE_SAME_BUILD': '1', '__CI_JOB_URL': 'https://gitlab.suse.de/qa-maintenance/bot-ng/-/jobs/5904085', 'RRID': 'SUSE:Maintenance:42102:398972', 'BASE_TEST_ISSUES': '42102', 'INCIDENT_REPO': '', '_PRIORITY': 60, '__SOURCE_CHANGE_URL': 'https://smelt.suse.de/incident/42102', '__DASHBOARD_INCIDENT_URL': 'http://dashboard.qam.suse.de/incident/42102'}}
2026-01-15 14:32:49 INFO     openqa-cli api --host https://openqa.suse.de -X post isos DISTRI=sle VERSION=15-SP7 ARCH=ppc64le FLAVOR=Server-DVD-Incidents-Install INCIDENT_ID=42102 REPOHASH=1768409553 BUILD=:42102:libsoup2 _OBSOLETE=1 _ONLY_OBSOLETE_SAME_BUILD=1 __CI_JOB_URL=https://gitlab.suse.de/qa-maintenance/bot-ng/-/jobs/5904085 RRID=SUSE:Maintenance:42102:398972 BASE_TEST_ISSUES=42102 INCIDENT_REPO= _PRIORITY=60 __SOURCE_CHANGE_URL=https://smelt.suse.de/incident/42102 __DASHBOARD_INCIDENT_URL=http://dashboard.qam.suse.de/incident/42102
2026-01-15 14:32:49 INFO     Dashboard update successful: Status 200, Database ID 2318612
2026-01-15 14:32:49 INFO     Triggering job: {'api': 'api/incident_settings', 'qem': {'incident': 42226, 'arch': 'ppc64le', 'flavor': 'Server-DVD-Incidents-Install', 'version': '15-SP7', 'withAggregate': True, 'settings': {'DISTRI': 'sle', 'VERSION': '15-SP7', 'ARCH': 'ppc64le', 'FLAVOR': 'Server-DVD-Incidents-Install', 'INCIDENT_ID': 42226, 'REPOHASH': 1768382427, 'BUILD': ':42226:supportutils', '_OBSOLETE': '1', '_ONLY_OBSOLETE_SAME_BUILD': '1', '__CI_JOB_URL': 'https://gitlab.suse.de/qa-maintenance/bot-ng/-/jobs/5904085', 'RRID': 'SUSE:Maintenance:42226:398973', 'BASE_TEST_ISSUES': '42226', 'INCIDENT_REPO': '', '_PRIORITY': 60, '__SOURCE_CHANGE_URL': 'https://smelt.suse.de/incident/42226', '__DASHBOARD_INCIDENT_URL': 'http://dashboard.qam.suse.de/incident/42226'}}, 'openqa': {'DISTRI': 'sle', 'VERSION': '15-SP7', 'ARCH': 'ppc64le', 'FLAVOR': 'Server-DVD-Incidents-Install', 'INCIDENT_ID': 42226, 'REPOHASH': 1768382427, 'BUILD': ':42226:supportutils', '_OBSOLETE': '1', '_ONLY_OBSOLETE_SAME_BUILD': '1', '__CI_JOB_URL': 'https://gitlab.suse.de/qa-maintenance/bot-ng/-/jobs/5904085', 'RRID': 'SUSE:Maintenance:42226:398973', 'BASE_TEST_ISSUES': '42226', 'INCIDENT_REPO': '', '_PRIORITY': 60, '__SOURCE_CHANGE_URL': 'https://smelt.suse.de/incident/42226', '__DASHBOARD_INCIDENT_URL': 'http://dashboard.qam.suse.de/incident/42226'}}
2026-01-15 14:32:49 INFO     openqa-cli api --host https://openqa.suse.de -X post isos DISTRI=sle VERSION=15-SP7 ARCH=ppc64le FLAVOR=Server-DVD-Incidents-Install INCIDENT_ID=42226 REPOHASH=1768382427 BUILD=:42226:supportutils _OBSOLETE=1 _ONLY_OBSOLETE_SAME_BUILD=1 __CI_JOB_URL=https://gitlab.suse.de/qa-maintenance/bot-ng/-/jobs/5904085 RRID=SUSE:Maintenance:42226:398973 BASE_TEST_ISSUES=42226 INCIDENT_REPO= _PRIORITY=60 __SOURCE_CHANGE_URL=https://smelt.suse.de/incident/42226 __DASHBOARD_INCIDENT_URL=http://dashboard.qam.suse.de/incident/42226
2026-01-15 14:32:49 INFO     Dashboard update successful: Status 200, Database ID 2318613
2026-01-15 14:32:49 INFO     Triggering job: {'api': 'api/incident_settings', 'qem': {'incident': 42229, 'arch': 'ppc64le', 'flavor': 'Server-DVD-Incidents-Install', 'version': '15-SP7', 'withAggregate': True, 'settings': {'DISTRI': 'sle', 'VERSION': '15-SP7', 'ARCH': 'ppc64le', 'FLAVOR': 'Server-DVD-Incidents-Install', 'INCIDENT_ID': 42229, 'REPOHASH': 1768406991, 'BUILD': ':42229:dtb-armv7l', '_OBSOLETE': '1', '_ONLY_OBSOLETE_SAME_BUILD': '1', '__CI_JOB_URL': 'https://gitlab.suse.de/qa-maintenance/bot-ng/-/jobs/5904085', 'RRID': 'SUSE:Maintenance:42229:398981', 'BASE_TEST_ISSUES': '42229', 'LEGACY_TEST_ISSUES': '42229', 'SDK_TEST_ISSUES': '42229', 'INCIDENT_REPO': '', '_PRIORITY': 60, '__SOURCE_CHANGE_URL': 'https://smelt.suse.de/incident/42229', '__DASHBOARD_INCIDENT_URL': 'http://dashboard.qam.suse.de/incident/42229'}}, 'openqa': {'DISTRI': 'sle', 'VERSION': '15-SP7', 'ARCH': 'ppc64le', 'FLAVOR': 'Server-DVD-Incidents-Install', 'INCIDENT_ID': 42229, 'REPOHASH': 1768406991, 'BUILD': ':42229:dtb-armv7l', '_OBSOLETE': '1', '_ONLY_OBSOLETE_SAME_BUILD': '1', '__CI_JOB_URL': 'https://gitlab.suse.de/qa-maintenance/bot-ng/-/jobs/5904085', 'RRID': 'SUSE:Maintenance:42229:398981', 'BASE_TEST_ISSUES': '42229', 'LEGACY_TEST_ISSUES': '42229', 'SDK_TEST_ISSUES': '42229', 'INCIDENT_REPO': '', '_PRIORITY': 60, '__SOURCE_CHANGE_URL': 'https://smelt.suse.de/incident/42229', '__DASHBOARD_INCIDENT_URL': 'http://dashboard.qam.suse.de/incident/42229'}}
2026-01-15 14:32:49 INFO     openqa-cli api --host https://openqa.suse.de -X post isos DISTRI=sle VERSION=15-SP7 ARCH=ppc64le FLAVOR=Server-DVD-Incidents-Install INCIDENT_ID=42229 REPOHASH=1768406991 BUILD=:42229:dtb-armv7l _OBSOLETE=1 _ONLY_OBSOLETE_SAME_BUILD=1 __CI_JOB_URL=https://gitlab.suse.de/qa-maintenance/bot-ng/-/jobs/5904085 RRID=SUSE:Maintenance:42229:398981 BASE_TEST_ISSUES=42229 LEGACY_TEST_ISSUES=42229 SDK_TEST_ISSUES=42229 INCIDENT_REPO= _PRIORITY=60 __SOURCE_CHANGE_URL=https://smelt.suse.de/incident/42229 __DASHBOARD_INCIDENT_URL=http://dashboard.qam.suse.de/incident/42229
2026-01-15 14:32:49 INFO     Dashboard update successful: Status 200, Database ID 2318614
2026-01-15 14:32:49 INFO     Triggering job: {'api': 'api/incident_settings', 'qem': {'incident': 42101, 'arch': 'aarch64', 'flavor': 'Server-DVD-Incidents-Install', 'version': '15-SP7', 'withAggregate': True, 'settings': {'DISTRI': 'sle', 'VERSION': '15-SP7', 'ARCH': 'aarch64', 'FLAVOR': 'Server-DVD-Incidents-Install', 'INCIDENT_ID': 42101, 'REPOHASH': 1768387879, 'BUILD': ':42101:libsoup', '_OBSOLETE': '1', '_ONLY_OBSOLETE_SAME_BUILD': '1', '__CI_JOB_URL': 'https://gitlab.suse.de/qa-maintenance/bot-ng/-/jobs/5904085', 'RRID': 'SUSE:Maintenance:42101:398980', 'BASE_TEST_ISSUES': '42101', 'INCIDENT_REPO': '', '_PRIORITY': 60, '__SOURCE_CHANGE_URL': 'https://smelt.suse.de/incident/42101', '__DASHBOARD_INCIDENT_URL': 'http://dashboard.qam.suse.de/incident/42101'}}, 'openqa': {'DISTRI': 'sle', 'VERSION': '15-SP7', 'ARCH': 'aarch64', 'FLAVOR': 'Server-DVD-Incidents-Install', 'INCIDENT_ID': 42101, 'REPOHASH': 1768387879, 'BUILD': ':42101:libsoup', '_OBSOLETE': '1', '_ONLY_OBSOLETE_SAME_BUILD': '1', '__CI_JOB_URL': 'https://gitlab.suse.de/qa-maintenance/bot-ng/-/jobs/5904085', 'RRID': 'SUSE:Maintenance:42101:398980', 'BASE_TEST_ISSUES': '42101', 'INCIDENT_REPO': '', '_PRIORITY': 60, '__SOURCE_CHANGE_URL': 'https://smelt.suse.de/incident/42101', '__DASHBOARD_INCIDENT_URL': 'http://dashboard.qam.suse.de/incident/42101'}}
2026-01-15 14:32:49 INFO     openqa-cli api --host https://openqa.suse.de -X post isos DISTRI=sle VERSION=15-SP7 ARCH=aarch64 FLAVOR=Server-DVD-Incidents-Install INCIDENT_ID=42101 REPOHASH=1768387879 BUILD=:42101:libsoup _OBSOLETE=1 _ONLY_OBSOLETE_SAME_BUILD=1 __CI_JOB_URL=https://gitlab.suse.de/qa-maintenance/bot-ng/-/jobs/5904085 RRID=SUSE:Maintenance:42101:398980 BASE_TEST_ISSUES=42101 INCIDENT_REPO= _PRIORITY=60 __SOURCE_CHANGE_URL=https://smelt.suse.de/incident/42101 __DASHBOARD_INCIDENT_URL=http://dashboard.qam.suse.de/incident/42101
2026-01-15 14:32:49 INFO     Dashboard update successful: Status 200, Database ID 2318615
2026-01-15 14:32:49 INFO     Triggering job: {'api': 'api/incident_settings', 'qem': {'incident': 42102, 'arch': 'aarch64', 'flavor': 'Server-DVD-Incidents-Install', 'version': '15-SP7', 'withAggregate': True, 'settings': {'DISTRI': 'sle', 'VERSION': '15-SP7', 'ARCH': 'aarch64', 'FLAVOR': 'Server-DVD-Incidents-Install', 'INCIDENT_ID': 42102, 'REPOHASH': 1768409548, 'BUILD': ':42102:libsoup2', '_OBSOLETE': '1', '_ONLY_OBSOLETE_SAME_BUILD': '1', '__CI_JOB_URL': 'https://gitlab.suse.de/qa-maintenance/bot-ng/-/jobs/5904085', 'RRID': 'SUSE:Maintenance:42102:398972', 'BASE_TEST_ISSUES': '42102', 'INCIDENT_REPO': '', '_PRIORITY': 60, '__SOURCE_CHANGE_URL': 'https://smelt.suse.de/incident/42102', '__DASHBOARD_INCIDENT_URL': 'http://dashboard.qam.suse.de/incident/42102'}}, 'openqa': {'DISTRI': 'sle', 'VERSION': '15-SP7', 'ARCH': 'aarch64', 'FLAVOR': 'Server-DVD-Incidents-Install', 'INCIDENT_ID': 42102, 'REPOHASH': 1768409548, 'BUILD': ':42102:libsoup2', '_OBSOLETE': '1', '_ONLY_OBSOLETE_SAME_BUILD': '1', '__CI_JOB_URL': 'https://gitlab.suse.de/qa-maintenance/bot-ng/-/jobs/5904085', 'RRID': 'SUSE:Maintenance:42102:398972', 'BASE_TEST_ISSUES': '42102', 'INCIDENT_REPO': '', '_PRIORITY': 60, '__SOURCE_CHANGE_URL': 'https://smelt.suse.de/incident/42102', '__DASHBOARD_INCIDENT_URL': 'http://dashboard.qam.suse.de/incident/42102'}}
2026-01-15 14:32:49 INFO     openqa-cli api --host https://openqa.suse.de -X post isos DISTRI=sle VERSION=15-SP7 ARCH=aarch64 FLAVOR=Server-DVD-Incidents-Install INCIDENT_ID=42102 REPOHASH=1768409548 BUILD=:42102:libsoup2 _OBSOLETE=1 _ONLY_OBSOLETE_SAME_BUILD=1 __CI_JOB_URL=https://gitlab.suse.de/qa-maintenance/bot-ng/-/jobs/5904085 RRID=SUSE:Maintenance:42102:398972 BASE_TEST_ISSUES=42102 INCIDENT_REPO= _PRIORITY=60 __SOURCE_CHANGE_URL=https://smelt.suse.de/incident/42102 __DASHBOARD_INCIDENT_URL=http://dashboard.qam.suse.de/incident/42102
2026-01-15 14:32:49 INFO     Dashboard update successful: Status 200, Database ID 2318616
2026-01-15 14:32:49 INFO     Triggering job: {'api': 'api/incident_settings', 'qem': {'incident': 42226, 'arch': 'aarch64', 'flavor': 'Server-DVD-Incidents-Install', 'version': '15-SP7', 'withAggregate': True, 'settings': {'DISTRI': 'sle', 'VERSION': '15-SP7', 'ARCH': 'aarch64', 'FLAVOR': 'Server-DVD-Incidents-Install', 'INCIDENT_ID': 42226, 'REPOHASH': 1768382373, 'BUILD': ':42226:supportutils', '_OBSOLETE': '1', '_ONLY_OBSOLETE_SAME_BUILD': '1', '__CI_JOB_URL': 'https://gitlab.suse.de/qa-maintenance/bot-ng/-/jobs/5904085', 'RRID': 'SUSE:Maintenance:42226:398973', 'BASE_TEST_ISSUES': '42226', 'INCIDENT_REPO': '', '_PRIORITY': 60, '__SOURCE_CHANGE_URL': 'https://smelt.suse.de/incident/42226', '__DASHBOARD_INCIDENT_URL': 'http://dashboard.qam.suse.de/incident/42226'}}, 'openqa': {'DISTRI': 'sle', 'VERSION': '15-SP7', 'ARCH': 'aarch64', 'FLAVOR': 'Server-DVD-Incidents-Install', 'INCIDENT_ID': 42226, 'REPOHASH': 1768382373, 'BUILD': ':42226:supportutils', '_OBSOLETE': '1', '_ONLY_OBSOLETE_SAME_BUILD': '1', '__CI_JOB_URL': 'https://gitlab.suse.de/qa-maintenance/bot-ng/-/jobs/5904085', 'RRID': 'SUSE:Maintenance:42226:398973', 'BASE_TEST_ISSUES': '42226', 'INCIDENT_REPO': '', '_PRIORITY': 60, '__SOURCE_CHANGE_URL': 'https://smelt.suse.de/incident/42226', '__DASHBOARD_INCIDENT_URL': 'http://dashboard.qam.suse.de/incident/42226'}}
2026-01-15 14:32:49 INFO     openqa-cli api --host https://openqa.suse.de -X post isos DISTRI=sle VERSION=15-SP7 ARCH=aarch64 FLAVOR=Server-DVD-Incidents-Install INCIDENT_ID=42226 REPOHASH=1768382373 BUILD=:42226:supportutils _OBSOLETE=1 _ONLY_OBSOLETE_SAME_BUILD=1 __CI_JOB_URL=https://gitlab.suse.de/qa-maintenance/bot-ng/-/jobs/5904085 RRID=SUSE:Maintenance:42226:398973 BASE_TEST_ISSUES=42226 INCIDENT_REPO= _PRIORITY=60 __SOURCE_CHANGE_URL=https://smelt.suse.de/incident/42226 __DASHBOARD_INCIDENT_URL=http://dashboard.qam.suse.de/incident/42226
2026-01-15 14:32:49 INFO     Dashboard update successful: Status 200, Database ID 2318617
2026-01-15 14:32:49 INFO     Triggering job: {'api': 'api/incident_settings', 'qem': {'incident': 42229, 'arch': 'aarch64', 'flavor': 'Server-DVD-Incidents-Install', 'version': '15-SP7', 'withAggregate': True, 'settings': {'DISTRI': 'sle', 'VERSION': '15-SP7', 'ARCH': 'aarch64', 'FLAVOR': 'Server-DVD-Incidents-Install', 'INCIDENT_ID': 42229, 'REPOHASH': 1768408536, 'BUILD': ':42229:dtb-armv7l', '_OBSOLETE': '1', '_ONLY_OBSOLETE_SAME_BUILD': '1', '__CI_JOB_URL': 'https://gitlab.suse.de/qa-maintenance/bot-ng/-/jobs/5904085', 'RRID': 'SUSE:Maintenance:42229:398981', 'BASE_TEST_ISSUES': '42229', 'LEGACY_TEST_ISSUES': '42229', 'SDK_TEST_ISSUES': '42229', 'INCIDENT_REPO': '', '_PRIORITY': 60, '__SOURCE_CHANGE_URL': 'https://smelt.suse.de/incident/42229', '__DASHBOARD_INCIDENT_URL': 'http://dashboard.qam.suse.de/incident/42229'}}, 'openqa': {'DISTRI': 'sle', 'VERSION': '15-SP7', 'ARCH': 'aarch64', 'FLAVOR': 'Server-DVD-Incidents-Install', 'INCIDENT_ID': 42229, 'REPOHASH': 1768408536, 'BUILD': ':42229:dtb-armv7l', '_OBSOLETE': '1', '_ONLY_OBSOLETE_SAME_BUILD': '1', '__CI_JOB_URL': 'https://gitlab.suse.de/qa-maintenance/bot-ng/-/jobs/5904085', 'RRID': 'SUSE:Maintenance:42229:398981', 'BASE_TEST_ISSUES': '42229', 'LEGACY_TEST_ISSUES': '42229', 'SDK_TEST_ISSUES': '42229', 'INCIDENT_REPO': '', '_PRIORITY': 60, '__SOURCE_CHANGE_URL': 'https://smelt.suse.de/incident/42229', '__DASHBOARD_INCIDENT_URL': 'http://dashboard.qam.suse.de/incident/42229'}}
2026-01-15 14:32:49 INFO     openqa-cli api --host https://openqa.suse.de -X post isos DISTRI=sle VERSION=15-SP7 ARCH=aarch64 FLAVOR=Server-DVD-Incidents-Install INCIDENT_ID=42229 REPOHASH=1768408536 BUILD=:42229:dtb-armv7l _OBSOLETE=1 _ONLY_OBSOLETE_SAME_BUILD=1 __CI_JOB_URL=https://gitlab.suse.de/qa-maintenance/bot-ng/-/jobs/5904085 RRID=SUSE:Maintenance:42229:398981 BASE_TEST_ISSUES=42229 LEGACY_TEST_ISSUES=42229 SDK_TEST_ISSUES=42229 INCIDENT_REPO= _PRIORITY=60 __SOURCE_CHANGE_URL=https://smelt.suse.de/incident/42229 __DASHBOARD_INCIDENT_URL=http://dashboard.qam.suse.de/incident/42229
2026-01-15 14:32:49 INFO     Dashboard update successful: Status 200, Database ID 2318618
2026-01-15 14:32:49 INFO     Triggering job: {'api': 'api/incident_settings', 'qem': {'incident': 42101, 'arch': 's390x', 'flavor': 'Server-DVD-Incidents-Install', 'version': '15-SP7', 'withAggregate': True, 'settings': {'DISTRI': 'sle', 'VERSION': '15-SP7', 'ARCH': 's390x', 'FLAVOR': 'Server-DVD-Incidents-Install', 'INCIDENT_ID': 42101, 'REPOHASH': 1768387921, 'BUILD': ':42101:libsoup', '_OBSOLETE': '1', '_ONLY_OBSOLETE_SAME_BUILD': '1', '__CI_JOB_URL': 'https://gitlab.suse.de/qa-maintenance/bot-ng/-/jobs/5904085', 'RRID': 'SUSE:Maintenance:42101:398980', 'BASE_TEST_ISSUES': '42101', 'INCIDENT_REPO': '', '_PRIORITY': 60, '__SOURCE_CHANGE_URL': 'https://smelt.suse.de/incident/42101', '__DASHBOARD_INCIDENT_URL': 'http://dashboard.qam.suse.de/incident/42101'}}, 'openqa': {'DISTRI': 'sle', 'VERSION': '15-SP7', 'ARCH': 's390x', 'FLAVOR': 'Server-DVD-Incidents-Install', 'INCIDENT_ID': 42101, 'REPOHASH': 1768387921, 'BUILD': ':42101:libsoup', '_OBSOLETE': '1', '_ONLY_OBSOLETE_SAME_BUILD': '1', '__CI_JOB_URL': 'https://gitlab.suse.de/qa-maintenance/bot-ng/-/jobs/5904085', 'RRID': 'SUSE:Maintenance:42101:398980', 'BASE_TEST_ISSUES': '42101', 'INCIDENT_REPO': '', '_PRIORITY': 60, '__SOURCE_CHANGE_URL': 'https://smelt.suse.de/incident/42101', '__DASHBOARD_INCIDENT_URL': 'http://dashboard.qam.suse.de/incident/42101'}}
2026-01-15 14:32:49 INFO     openqa-cli api --host https://openqa.suse.de -X post isos DISTRI=sle VERSION=15-SP7 ARCH=s390x FLAVOR=Server-DVD-Incidents-Install INCIDENT_ID=42101 REPOHASH=1768387921 BUILD=:42101:libsoup _OBSOLETE=1 _ONLY_OBSOLETE_SAME_BUILD=1 __CI_JOB_URL=https://gitlab.suse.de/qa-maintenance/bot-ng/-/jobs/5904085 RRID=SUSE:Maintenance:42101:398980 BASE_TEST_ISSUES=42101 INCIDENT_REPO= _PRIORITY=60 __SOURCE_CHANGE_URL=https://smelt.suse.de/incident/42101 __DASHBOARD_INCIDENT_URL=http://dashboard.qam.suse.de/incident/42101
2026-01-15 14:32:49 INFO     Dashboard update successful: Status 200, Database ID 2318619
2026-01-15 14:32:49 INFO     Triggering job: {'api': 'api/incident_settings', 'qem': {'incident': 42102, 'arch': 's390x', 'flavor': 'Server-DVD-Incidents-Install', 'version': '15-SP7', 'withAggregate': True, 'settings': {'DISTRI': 'sle', 'VERSION': '15-SP7', 'ARCH': 's390x', 'FLAVOR': 'Server-DVD-Incidents-Install', 'INCIDENT_ID': 42102, 'REPOHASH': 1768409545, 'BUILD': ':42102:libsoup2', '_OBSOLETE': '1', '_ONLY_OBSOLETE_SAME_BUILD': '1', '__CI_JOB_URL': 'https://gitlab.suse.de/qa-maintenance/bot-ng/-/jobs/5904085', 'RRID': 'SUSE:Maintenance:42102:398972', 'BASE_TEST_ISSUES': '42102', 'INCIDENT_REPO': '', '_PRIORITY': 60, '__SOURCE_CHANGE_URL': 'https://smelt.suse.de/incident/42102', '__DASHBOARD_INCIDENT_URL': 'http://dashboard.qam.suse.de/incident/42102'}}, 'openqa': {'DISTRI': 'sle', 'VERSION': '15-SP7', 'ARCH': 's390x', 'FLAVOR': 'Server-DVD-Incidents-Install', 'INCIDENT_ID': 42102, 'REPOHASH': 1768409545, 'BUILD': ':42102:libsoup2', '_OBSOLETE': '1', '_ONLY_OBSOLETE_SAME_BUILD': '1', '__CI_JOB_URL': 'https://gitlab.suse.de/qa-maintenance/bot-ng/-/jobs/5904085', 'RRID': 'SUSE:Maintenance:42102:398972', 'BASE_TEST_ISSUES': '42102', 'INCIDENT_REPO': '', '_PRIORITY': 60, '__SOURCE_CHANGE_URL': 'https://smelt.suse.de/incident/42102', '__DASHBOARD_INCIDENT_URL': 'http://dashboard.qam.suse.de/incident/42102'}}
2026-01-15 14:32:49 INFO     openqa-cli api --host https://openqa.suse.de -X post isos DISTRI=sle VERSION=15-SP7 ARCH=s390x FLAVOR=Server-DVD-Incidents-Install INCIDENT_ID=42102 REPOHASH=1768409545 BUILD=:42102:libsoup2 _OBSOLETE=1 _ONLY_OBSOLETE_SAME_BUILD=1 __CI_JOB_URL=https://gitlab.suse.de/qa-maintenance/bot-ng/-/jobs/5904085 RRID=SUSE:Maintenance:42102:398972 BASE_TEST_ISSUES=42102 INCIDENT_REPO= _PRIORITY=60 __SOURCE_CHANGE_URL=https://smelt.suse.de/incident/42102 __DASHBOARD_INCIDENT_URL=http://dashboard.qam.suse.de/incident/42102
2026-01-15 14:32:49 INFO     Dashboard update successful: Status 200, Database ID 2318620
2026-01-15 14:32:49 INFO     Triggering job: {'api': 'api/incident_settings', 'qem': {'incident': 42226, 'arch': 's390x', 'flavor': 'Server-DVD-Incidents-Install', 'version': '15-SP7', 'withAggregate': True, 'settings': {'DISTRI': 'sle', 'VERSION': '15-SP7', 'ARCH': 's390x', 'FLAVOR': 'Server-DVD-Incidents-Install', 'INCIDENT_ID': 42226, 'REPOHASH': 1768382383, 'BUILD': ':42226:supportutils', '_OBSOLETE': '1', '_ONLY_OBSOLETE_SAME_BUILD': '1', '__CI_JOB_URL': 'https://gitlab.suse.de/qa-maintenance/bot-ng/-/jobs/5904085', 'RRID': 'SUSE:Maintenance:42226:398973', 'BASE_TEST_ISSUES': '42226', 'INCIDENT_REPO': '', '_PRIORITY': 60, '__SOURCE_CHANGE_URL': 'https://smelt.suse.de/incident/42226', '__DASHBOARD_INCIDENT_URL': 'http://dashboard.qam.suse.de/incident/42226'}}, 'openqa': {'DISTRI': 'sle', 'VERSION': '15-SP7', 'ARCH': 's390x', 'FLAVOR': 'Server-DVD-Incidents-Install', 'INCIDENT_ID': 42226, 'REPOHASH': 1768382383, 'BUILD': ':42226:supportutils', '_OBSOLETE': '1', '_ONLY_OBSOLETE_SAME_BUILD': '1', '__CI_JOB_URL': 'https://gitlab.suse.de/qa-maintenance/bot-ng/-/jobs/5904085', 'RRID': 'SUSE:Maintenance:42226:398973', 'BASE_TEST_ISSUES': '42226', 'INCIDENT_REPO': '', '_PRIORITY': 60, '__SOURCE_CHANGE_URL': 'https://smelt.suse.de/incident/42226', '__DASHBOARD_INCIDENT_URL': 'http://dashboard.qam.suse.de/incident/42226'}}
2026-01-15 14:32:49 INFO     openqa-cli api --host https://openqa.suse.de -X post isos DISTRI=sle VERSION=15-SP7 ARCH=s390x FLAVOR=Server-DVD-Incidents-Install INCIDENT_ID=42226 REPOHASH=1768382383 BUILD=:42226:supportutils _OBSOLETE=1 _ONLY_OBSOLETE_SAME_BUILD=1 __CI_JOB_URL=https://gitlab.suse.de/qa-maintenance/bot-ng/-/jobs/5904085 RRID=SUSE:Maintenance:42226:398973 BASE_TEST_ISSUES=42226 INCIDENT_REPO= _PRIORITY=60 __SOURCE_CHANGE_URL=https://smelt.suse.de/incident/42226 __DASHBOARD_INCIDENT_URL=http://dashboard.qam.suse.de/incident/42226
2026-01-15 14:32:49 INFO     Dashboard update successful: Status 200, Database ID 2318621
2026-01-15 14:32:49 INFO     Triggering job: {'api': 'api/incident_settings', 'qem': {'incident': 42229, 'arch': 's390x', 'flavor': 'Server-DVD-Incidents-Install', 'version': '15-SP7', 'withAggregate': True, 'settings': {'DISTRI': 'sle', 'VERSION': '15-SP7', 'ARCH': 's390x', 'FLAVOR': 'Server-DVD-Incidents-Install', 'INCIDENT_ID': 42229, 'REPOHASH': 1768407153, 'BUILD': ':42229:dtb-armv7l', '_OBSOLETE': '1', '_ONLY_OBSOLETE_SAME_BUILD': '1', '__CI_JOB_URL': 'https://gitlab.suse.de/qa-maintenance/bot-ng/-/jobs/5904085', 'RRID': 'SUSE:Maintenance:42229:398981', 'BASE_TEST_ISSUES': '42229', 'LEGACY_TEST_ISSUES': '42229', 'SDK_TEST_ISSUES': '42229', 'INCIDENT_REPO': '', '_PRIORITY': 60, '__SOURCE_CHANGE_URL': 'https://smelt.suse.de/incident/42229', '__DASHBOARD_INCIDENT_URL': 'http://dashboard.qam.suse.de/incident/42229'}}, 'openqa': {'DISTRI': 'sle', 'VERSION': '15-SP7', 'ARCH': 's390x', 'FLAVOR': 'Server-DVD-Incidents-Install', 'INCIDENT_ID': 42229, 'REPOHASH': 1768407153, 'BUILD': ':42229:dtb-armv7l', '_OBSOLETE': '1', '_ONLY_OBSOLETE_SAME_BUILD': '1', '__CI_JOB_URL': 'https://gitlab.suse.de/qa-maintenance/bot-ng/-/jobs/5904085', 'RRID': 'SUSE:Maintenance:42229:398981', 'BASE_TEST_ISSUES': '42229', 'LEGACY_TEST_ISSUES': '42229', 'SDK_TEST_ISSUES': '42229', 'INCIDENT_REPO': '', '_PRIORITY': 60, '__SOURCE_CHANGE_URL': 'https://smelt.suse.de/incident/42229', '__DASHBOARD_INCIDENT_URL': 'http://dashboard.qam.suse.de/incident/42229'}}
2026-01-15 14:32:49 INFO     openqa-cli api --host https://openqa.suse.de -X post isos DISTRI=sle VERSION=15-SP7 ARCH=s390x FLAVOR=Server-DVD-Incidents-Install INCIDENT_ID=42229 REPOHASH=1768407153 BUILD=:42229:dtb-armv7l _OBSOLETE=1 _ONLY_OBSOLETE_SAME_BUILD=1 __CI_JOB_URL=https://gitlab.suse.de/qa-maintenance/bot-ng/-/jobs/5904085 RRID=SUSE:Maintenance:42229:398981 BASE_TEST_ISSUES=42229 LEGACY_TEST_ISSUES=42229 SDK_TEST_ISSUES=42229 INCIDENT_REPO= _PRIORITY=60 __SOURCE_CHANGE_URL=https://smelt.suse.de/incident/42229 __DASHBOARD_INCIDENT_URL=http://dashboard.qam.suse.de/incident/42229
2026-01-15 14:32:49 INFO     Dashboard update successful: Status 200, Database ID 2318622
2026-01-15 14:32:49 INFO     Triggering job: {'api': 'api/incident_settings', 'qem': {'incident': 42229, 'arch': 'x86_64', 'flavor': 'Server-DVD-Incidents-Kernel', 'version': '15-SP7', 'withAggregate': False, 'settings': {'DISTRI': 'sle', 'VERSION': '15-SP7', 'ARCH': 'x86_64', 'FLAVOR': 'Server-DVD-Incidents-Kernel', 'INCIDENT_ID': 42229, 'REPOHASH': 1768403670, 'BUILD': ':42229:dtb-armv7l', '_OBSOLETE': '1', '_ONLY_OBSOLETE_SAME_BUILD': '1', '__CI_JOB_URL': 'https://gitlab.suse.de/qa-maintenance/bot-ng/-/jobs/5904085', 'RRID': 'SUSE:Maintenance:42229:398981', 'BASE_TEST_ISSUES': '42229', 'LIVE_TEST_ISSUES': '42229', 'SDK_TEST_ISSUES': '42229', 'INCIDENT_REPO': '', '_PRIORITY': 60, '__SOURCE_CHANGE_URL': 'https://smelt.suse.de/incident/42229', '__DASHBOARD_INCIDENT_URL': 'http://dashboard.qam.suse.de/incident/42229'}}, 'openqa': {'DISTRI': 'sle', 'VERSION': '15-SP7', 'ARCH': 'x86_64', 'FLAVOR': 'Server-DVD-Incidents-Kernel', 'INCIDENT_ID': 42229, 'REPOHASH': 1768403670, 'BUILD': ':42229:dtb-armv7l', '_OBSOLETE': '1', '_ONLY_OBSOLETE_SAME_BUILD': '1', '__CI_JOB_URL': 'https://gitlab.suse.de/qa-maintenance/bot-ng/-/jobs/5904085', 'RRID': 'SUSE:Maintenance:42229:398981', 'BASE_TEST_ISSUES': '42229', 'LIVE_TEST_ISSUES': '42229', 'SDK_TEST_ISSUES': '42229', 'INCIDENT_REPO': '', '_PRIORITY': 60, '__SOURCE_CHANGE_URL': 'https://smelt.suse.de/incident/42229', '__DASHBOARD_INCIDENT_URL': 'http://dashboard.qam.suse.de/incident/42229'}}
2026-01-15 14:32:49 INFO     openqa-cli api --host https://openqa.suse.de -X post isos DISTRI=sle VERSION=15-SP7 ARCH=x86_64 FLAVOR=Server-DVD-Incidents-Kernel INCIDENT_ID=42229 REPOHASH=1768403670 BUILD=:42229:dtb-armv7l _OBSOLETE=1 _ONLY_OBSOLETE_SAME_BUILD=1 __CI_JOB_URL=https://gitlab.suse.de/qa-maintenance/bot-ng/-/jobs/5904085 RRID=SUSE:Maintenance:42229:398981 BASE_TEST_ISSUES=42229 LIVE_TEST_ISSUES=42229 SDK_TEST_ISSUES=42229 INCIDENT_REPO= _PRIORITY=60 __SOURCE_CHANGE_URL=https://smelt.suse.de/incident/42229 __DASHBOARD_INCIDENT_URL=http://dashboard.qam.suse.de/incident/42229
2026-01-15 14:32:49 INFO     Dashboard update successful: Status 200, Database ID 2318623
2026-01-15 14:32:49 INFO     Triggering job: {'api': 'api/incident_settings', 'qem': {'incident': 42229, 'arch': 'ppc64le', 'flavor': 'Server-DVD-Incidents-Kernel', 'version': '15-SP7', 'withAggregate': False, 'settings': {'DISTRI': 'sle', 'VERSION': '15-SP7', 'ARCH': 'ppc64le', 'FLAVOR': 'Server-DVD-Incidents-Kernel', 'INCIDENT_ID': 42229, 'REPOHASH': 1768406991, 'BUILD': ':42229:dtb-armv7l', '_OBSOLETE': '1', '_ONLY_OBSOLETE_SAME_BUILD': '1', '__CI_JOB_URL': 'https://gitlab.suse.de/qa-maintenance/bot-ng/-/jobs/5904085', 'RRID': 'SUSE:Maintenance:42229:398981', 'BASE_TEST_ISSUES': '42229', 'LIVE_TEST_ISSUES': '42229', 'SDK_TEST_ISSUES': '42229', 'INCIDENT_REPO': '', '_PRIORITY': 60, '__SOURCE_CHANGE_URL': 'https://smelt.suse.de/incident/42229', '__DASHBOARD_INCIDENT_URL': 'http://dashboard.qam.suse.de/incident/42229'}}, 'openqa': {'DISTRI': 'sle', 'VERSION': '15-SP7', 'ARCH': 'ppc64le', 'FLAVOR': 'Server-DVD-Incidents-Kernel', 'INCIDENT_ID': 42229, 'REPOHASH': 1768406991, 'BUILD': ':42229:dtb-armv7l', '_OBSOLETE': '1', '_ONLY_OBSOLETE_SAME_BUILD': '1', '__CI_JOB_URL': 'https://gitlab.suse.de/qa-maintenance/bot-ng/-/jobs/5904085', 'RRID': 'SUSE:Maintenance:42229:398981', 'BASE_TEST_ISSUES': '42229', 'LIVE_TEST_ISSUES': '42229', 'SDK_TEST_ISSUES': '42229', 'INCIDENT_REPO': '', '_PRIORITY': 60, '__SOURCE_CHANGE_URL': 'https://smelt.suse.de/incident/42229', '__DASHBOARD_INCIDENT_URL': 'http://dashboard.qam.suse.de/incident/42229'}}
2026-01-15 14:32:49 INFO     openqa-cli api --host https://openqa.suse.de -X post isos DISTRI=sle VERSION=15-SP7 ARCH=ppc64le FLAVOR=Server-DVD-Incidents-Kernel INCIDENT_ID=42229 REPOHASH=1768406991 BUILD=:42229:dtb-armv7l _OBSOLETE=1 _ONLY_OBSOLETE_SAME_BUILD=1 __CI_JOB_URL=https://gitlab.suse.de/qa-maintenance/bot-ng/-/jobs/5904085 RRID=SUSE:Maintenance:42229:398981 BASE_TEST_ISSUES=42229 LIVE_TEST_ISSUES=42229 SDK_TEST_ISSUES=42229 INCIDENT_REPO= _PRIORITY=60 __SOURCE_CHANGE_URL=https://smelt.suse.de/incident/42229 __DASHBOARD_INCIDENT_URL=http://dashboard.qam.suse.de/incident/42229
2026-01-15 14:32:49 INFO     Dashboard update successful: Status 200, Database ID 2318624
2026-01-15 14:32:49 INFO     Triggering job: {'api': 'api/incident_settings', 'qem': {'incident': 42229, 'arch': 'aarch64', 'flavor': 'Server-DVD-Incidents-Kernel', 'version': '15-SP7', 'withAggregate': False, 'settings': {'DISTRI': 'sle', 'VERSION': '15-SP7', 'ARCH': 'aarch64', 'FLAVOR': 'Server-DVD-Incidents-Kernel', 'INCIDENT_ID': 42229, 'REPOHASH': 1768408536, 'BUILD': ':42229:dtb-armv7l', '_OBSOLETE': '1', '_ONLY_OBSOLETE_SAME_BUILD': '1', '__CI_JOB_URL': 'https://gitlab.suse.de/qa-maintenance/bot-ng/-/jobs/5904085', 'RRID': 'SUSE:Maintenance:42229:398981', 'BASE_TEST_ISSUES': '42229', 'SDK_TEST_ISSUES': '42229', 'INCIDENT_REPO': '', '_PRIORITY': 60, '__SOURCE_CHANGE_URL': 'https://smelt.suse.de/incident/42229', '__DASHBOARD_INCIDENT_URL': 'http://dashboard.qam.suse.de/incident/42229'}}, 'openqa': {'DISTRI': 'sle', 'VERSION': '15-SP7', 'ARCH': 'aarch64', 'FLAVOR': 'Server-DVD-Incidents-Kernel', 'INCIDENT_ID': 42229, 'REPOHASH': 1768408536, 'BUILD': ':42229:dtb-armv7l', '_OBSOLETE': '1', '_ONLY_OBSOLETE_SAME_BUILD': '1', '__CI_JOB_URL': 'https://gitlab.suse.de/qa-maintenance/bot-ng/-/jobs/5904085', 'RRID': 'SUSE:Maintenance:42229:398981', 'BASE_TEST_ISSUES': '42229', 'SDK_TEST_ISSUES': '42229', 'INCIDENT_REPO': '', '_PRIORITY': 60, '__SOURCE_CHANGE_URL': 'https://smelt.suse.de/incident/42229', '__DASHBOARD_INCIDENT_URL': 'http://dashboard.qam.suse.de/incident/42229'}}
2026-01-15 14:32:49 INFO     openqa-cli api --host https://openqa.suse.de -X post isos DISTRI=sle VERSION=15-SP7 ARCH=aarch64 FLAVOR=Server-DVD-Incidents-Kernel INCIDENT_ID=42229 REPOHASH=1768408536 BUILD=:42229:dtb-armv7l _OBSOLETE=1 _ONLY_OBSOLETE_SAME_BUILD=1 __CI_JOB_URL=https://gitlab.suse.de/qa-maintenance/bot-ng/-/jobs/5904085 RRID=SUSE:Maintenance:42229:398981 BASE_TEST_ISSUES=42229 SDK_TEST_ISSUES=42229 INCIDENT_REPO= _PRIORITY=60 __SOURCE_CHANGE_URL=https://smelt.suse.de/incident/42229 __DASHBOARD_INCIDENT_URL=http://dashboard.qam.suse.de/incident/42229
2026-01-15 14:32:49 INFO     Dashboard update successful: Status 200, Database ID 2318625
2026-01-15 14:32:49 INFO     Triggering job: {'api': 'api/incident_settings', 'qem': {'incident': 42229, 'arch': 's390x', 'flavor': 'Server-DVD-Incidents-Kernel', 'version': '15-SP7', 'withAggregate': False, 'settings': {'DISTRI': 'sle', 'VERSION': '15-SP7', 'ARCH': 's390x', 'FLAVOR': 'Server-DVD-Incidents-Kernel', 'INCIDENT_ID': 42229, 'REPOHASH': 1768407153, 'BUILD': ':42229:dtb-armv7l', '_OBSOLETE': '1', '_ONLY_OBSOLETE_SAME_BUILD': '1', '__CI_JOB_URL': 'https://gitlab.suse.de/qa-maintenance/bot-ng/-/jobs/5904085', 'RRID': 'SUSE:Maintenance:42229:398981', 'BASE_TEST_ISSUES': '42229', 'LIVE_TEST_ISSUES': '42229', 'SDK_TEST_ISSUES': '42229', 'INCIDENT_REPO': '', '_PRIORITY': 60, '__SOURCE_CHANGE_URL': 'https://smelt.suse.de/incident/42229', '__DASHBOARD_INCIDENT_URL': 'http://dashboard.qam.suse.de/incident/42229'}}, 'openqa': {'DISTRI': 'sle', 'VERSION': '15-SP7', 'ARCH': 's390x', 'FLAVOR': 'Server-DVD-Incidents-Kernel', 'INCIDENT_ID': 42229, 'REPOHASH': 1768407153, 'BUILD': ':42229:dtb-armv7l', '_OBSOLETE': '1', '_ONLY_OBSOLETE_SAME_BUILD': '1', '__CI_JOB_URL': 'https://gitlab.suse.de/qa-maintenance/bot-ng/-/jobs/5904085', 'RRID': 'SUSE:Maintenance:42229:398981', 'BASE_TEST_ISSUES': '42229', 'LIVE_TEST_ISSUES': '42229', 'SDK_TEST_ISSUES': '42229', 'INCIDENT_REPO': '', '_PRIORITY': 60, '__SOURCE_CHANGE_URL': 'https://smelt.suse.de/incident/42229', '__DASHBOARD_INCIDENT_URL': 'http://dashboard.qam.suse.de/incident/42229'}}
2026-01-15 14:32:49 INFO     openqa-cli api --host https://openqa.suse.de -X post isos DISTRI=sle VERSION=15-SP7 ARCH=s390x FLAVOR=Server-DVD-Incidents-Kernel INCIDENT_ID=42229 REPOHASH=1768407153 BUILD=:42229:dtb-armv7l _OBSOLETE=1 _ONLY_OBSOLETE_SAME_BUILD=1 __CI_JOB_URL=https://gitlab.suse.de/qa-maintenance/bot-ng/-/jobs/5904085 RRID=SUSE:Maintenance:42229:398981 BASE_TEST_ISSUES=42229 LIVE_TEST_ISSUES=42229 SDK_TEST_ISSUES=42229 INCIDENT_REPO= _PRIORITY=60 __SOURCE_CHANGE_URL=https://smelt.suse.de/incident/42229 __DASHBOARD_INCIDENT_URL=http://dashboard.qam.suse.de/incident/42229
2026-01-15 14:32:49 INFO     Dashboard update successful: Status 200, Database ID 2318626
2026-01-15 14:32:49 INFO     Triggering job: {'api': 'api/incident_settings', 'qem': {'incident': 42229, 'arch': 'x86_64', 'flavor': 'Server-DVD-Baremetal-Incidents-Kernel', 'version': '15-SP7', 'withAggregate': False, 'settings': {'DISTRI': 'sle', 'VERSION': '15-SP7', 'ARCH': 'x86_64', 'FLAVOR': 'Server-DVD-Baremetal-Incidents-Kernel', 'INCIDENT_ID': 42229, 'REPOHASH': 1768403670, 'BUILD': ':42229:dtb-armv7l', '_OBSOLETE': '1', '_ONLY_OBSOLETE_SAME_BUILD': '1', '__CI_JOB_URL': 'https://gitlab.suse.de/qa-maintenance/bot-ng/-/jobs/5904085', 'RRID': 'SUSE:Maintenance:42229:398981', 'BASE_TEST_ISSUES': '42229', 'LIVE_TEST_ISSUES': '42229', 'SDK_TEST_ISSUES': '42229', 'INCIDENT_REPO': '', '_PRIORITY': 60, '__SOURCE_CHANGE_URL': 'https://smelt.suse.de/incident/42229', '__DASHBOARD_INCIDENT_URL': 'http://dashboard.qam.suse.de/incident/42229'}}, 'openqa': {'DISTRI': 'sle', 'VERSION': '15-SP7', 'ARCH': 'x86_64', 'FLAVOR': 'Server-DVD-Baremetal-Incidents-Kernel', 'INCIDENT_ID': 42229, 'REPOHASH': 1768403670, 'BUILD': ':42229:dtb-armv7l', '_OBSOLETE': '1', '_ONLY_OBSOLETE_SAME_BUILD': '1', '__CI_JOB_URL': 'https://gitlab.suse.de/qa-maintenance/bot-ng/-/jobs/5904085', 'RRID': 'SUSE:Maintenance:42229:398981', 'BASE_TEST_ISSUES': '42229', 'LIVE_TEST_ISSUES': '42229', 'SDK_TEST_ISSUES': '42229', 'INCIDENT_REPO': '', '_PRIORITY': 60, '__SOURCE_CHANGE_URL': 'https://smelt.suse.de/incident/42229', '__DASHBOARD_INCIDENT_URL': 'http://dashboard.qam.suse.de/incident/42229'}}
2026-01-15 14:32:49 INFO     openqa-cli api --host https://openqa.suse.de -X post isos DISTRI=sle VERSION=15-SP7 ARCH=x86_64 FLAVOR=Server-DVD-Baremetal-Incidents-Kernel INCIDENT_ID=42229 REPOHASH=1768403670 BUILD=:42229:dtb-armv7l _OBSOLETE=1 _ONLY_OBSOLETE_SAME_BUILD=1 __CI_JOB_URL=https://gitlab.suse.de/qa-maintenance/bot-ng/-/jobs/5904085 RRID=SUSE:Maintenance:42229:398981 BASE_TEST_ISSUES=42229 LIVE_TEST_ISSUES=42229 SDK_TEST_ISSUES=42229 INCIDENT_REPO= _PRIORITY=60 __SOURCE_CHANGE_URL=https://smelt.suse.de/incident/42229 __DASHBOARD_INCIDENT_URL=http://dashboard.qam.suse.de/incident/42229
2026-01-15 14:32:49 INFO     Dashboard update successful: Status 200, Database ID 2318627
2026-01-15 14:32:49 INFO     Triggering job: {'api': 'api/incident_settings', 'qem': {'incident': 42229, 'arch': 'x86_64', 'flavor': 'Server-DVD-Incidents-Kernel-Base', 'version': '15-SP7', 'withAggregate': False, 'settings': {'DISTRI': 'sle', 'VERSION': '15-SP7', 'ARCH': 'x86_64', 'FLAVOR': 'Server-DVD-Incidents-Kernel-Base', 'INCIDENT_ID': 42229, 'REPOHASH': 1768403670, 'BUILD': ':42229:dtb-armv7l', '_OBSOLETE': '1', '_ONLY_OBSOLETE_SAME_BUILD': '1', '__CI_JOB_URL': 'https://gitlab.suse.de/qa-maintenance/bot-ng/-/jobs/5904085', 'RRID': 'SUSE:Maintenance:42229:398981', 'BASE_TEST_ISSUES': '42229', 'SDK_TEST_ISSUES': '42229', 'INCIDENT_REPO': '', '_PRIORITY': 60, '__SOURCE_CHANGE_URL': 'https://smelt.suse.de/incident/42229', '__DASHBOARD_INCIDENT_URL': 'http://dashboard.qam.suse.de/incident/42229'}}, 'openqa': {'DISTRI': 'sle', 'VERSION': '15-SP7', 'ARCH': 'x86_64', 'FLAVOR': 'Server-DVD-Incidents-Kernel-Base', 'INCIDENT_ID': 42229, 'REPOHASH': 1768403670, 'BUILD': ':42229:dtb-armv7l', '_OBSOLETE': '1', '_ONLY_OBSOLETE_SAME_BUILD': '1', '__CI_JOB_URL': 'https://gitlab.suse.de/qa-maintenance/bot-ng/-/jobs/5904085', 'RRID': 'SUSE:Maintenance:42229:398981', 'BASE_TEST_ISSUES': '42229', 'SDK_TEST_ISSUES': '42229', 'INCIDENT_REPO': '', '_PRIORITY': 60, '__SOURCE_CHANGE_URL': 'https://smelt.suse.de/incident/42229', '__DASHBOARD_INCIDENT_URL': 'http://dashboard.qam.suse.de/incident/42229'}}
2026-01-15 14:32:49 INFO     openqa-cli api --host https://openqa.suse.de -X post isos DISTRI=sle VERSION=15-SP7 ARCH=x86_64 FLAVOR=Server-DVD-Incidents-Kernel-Base INCIDENT_ID=42229 REPOHASH=1768403670 BUILD=:42229:dtb-armv7l _OBSOLETE=1 _ONLY_OBSOLETE_SAME_BUILD=1 __CI_JOB_URL=https://gitlab.suse.de/qa-maintenance/bot-ng/-/jobs/5904085 RRID=SUSE:Maintenance:42229:398981 BASE_TEST_ISSUES=42229 SDK_TEST_ISSUES=42229 INCIDENT_REPO= _PRIORITY=60 __SOURCE_CHANGE_URL=https://smelt.suse.de/incident/42229 __DASHBOARD_INCIDENT_URL=http://dashboard.qam.suse.de/incident/42229
2026-01-15 14:32:49 INFO     Dashboard update successful: Status 200, Database ID 2318628
2026-01-15 14:32:49 INFO     Triggering job: {'api': 'api/incident_settings', 'qem': {'incident': 42229, 'arch': 'ppc64le', 'flavor': 'Server-DVD-Incidents-Kernel-Base', 'version': '15-SP7', 'withAggregate': False, 'settings': {'DISTRI': 'sle', 'VERSION': '15-SP7', 'ARCH': 'ppc64le', 'FLAVOR': 'Server-DVD-Incidents-Kernel-Base', 'INCIDENT_ID': 42229, 'REPOHASH': 1768406991, 'BUILD': ':42229:dtb-armv7l', '_OBSOLETE': '1', '_ONLY_OBSOLETE_SAME_BUILD': '1', '__CI_JOB_URL': 'https://gitlab.suse.de/qa-maintenance/bot-ng/-/jobs/5904085', 'RRID': 'SUSE:Maintenance:42229:398981', 'BASE_TEST_ISSUES': '42229', 'SDK_TEST_ISSUES': '42229', 'INCIDENT_REPO': '', '_PRIORITY': 60, '__SOURCE_CHANGE_URL': 'https://smelt.suse.de/incident/42229', '__DASHBOARD_INCIDENT_URL': 'http://dashboard.qam.suse.de/incident/42229'}}, 'openqa': {'DISTRI': 'sle', 'VERSION': '15-SP7', 'ARCH': 'ppc64le', 'FLAVOR': 'Server-DVD-Incidents-Kernel-Base', 'INCIDENT_ID': 42229, 'REPOHASH': 1768406991, 'BUILD': ':42229:dtb-armv7l', '_OBSOLETE': '1', '_ONLY_OBSOLETE_SAME_BUILD': '1', '__CI_JOB_URL': 'https://gitlab.suse.de/qa-maintenance/bot-ng/-/jobs/5904085', 'RRID': 'SUSE:Maintenance:42229:398981', 'BASE_TEST_ISSUES': '42229', 'SDK_TEST_ISSUES': '42229', 'INCIDENT_REPO': '', '_PRIORITY': 60, '__SOURCE_CHANGE_URL': 'https://smelt.suse.de/incident/42229', '__DASHBOARD_INCIDENT_URL': 'http://dashboard.qam.suse.de/incident/42229'}}
2026-01-15 14:32:49 INFO     openqa-cli api --host https://openqa.suse.de -X post isos DISTRI=sle VERSION=15-SP7 ARCH=ppc64le FLAVOR=Server-DVD-Incidents-Kernel-Base INCIDENT_ID=42229 REPOHASH=1768406991 BUILD=:42229:dtb-armv7l _OBSOLETE=1 _ONLY_OBSOLETE_SAME_BUILD=1 __CI_JOB_URL=https://gitlab.suse.de/qa-maintenance/bot-ng/-/jobs/5904085 RRID=SUSE:Maintenance:42229:398981 BASE_TEST_ISSUES=42229 SDK_TEST_ISSUES=42229 INCIDENT_REPO= _PRIORITY=60 __SOURCE_CHANGE_URL=https://smelt.suse.de/incident/42229 __DASHBOARD_INCIDENT_URL=http://dashboard.qam.suse.de/incident/42229
2026-01-15 14:32:49 INFO     Dashboard update successful: Status 200, Database ID 2318629
2026-01-15 14:32:49 INFO     Triggering job: {'api': 'api/incident_settings', 'qem': {'incident': 42229, 'arch': 'aarch64', 'flavor': 'Server-DVD-Incidents-Kernel-Base', 'version': '15-SP7', 'withAggregate': False, 'settings': {'DISTRI': 'sle', 'VERSION': '15-SP7', 'ARCH': 'aarch64', 'FLAVOR': 'Server-DVD-Incidents-Kernel-Base', 'INCIDENT_ID': 42229, 'REPOHASH': 1768408536, 'BUILD': ':42229:dtb-armv7l', '_OBSOLETE': '1', '_ONLY_OBSOLETE_SAME_BUILD': '1', '__CI_JOB_URL': 'https://gitlab.suse.de/qa-maintenance/bot-ng/-/jobs/5904085', 'RRID': 'SUSE:Maintenance:42229:398981', 'BASE_TEST_ISSUES': '42229', 'SDK_TEST_ISSUES': '42229', 'INCIDENT_REPO': '', '_PRIORITY': 60, '__SOURCE_CHANGE_URL': 'https://smelt.suse.de/incident/42229', '__DASHBOARD_INCIDENT_URL': 'http://dashboard.qam.suse.de/incident/42229'}}, 'openqa': {'DISTRI': 'sle', 'VERSION': '15-SP7', 'ARCH': 'aarch64', 'FLAVOR': 'Server-DVD-Incidents-Kernel-Base', 'INCIDENT_ID': 42229, 'REPOHASH': 1768408536, 'BUILD': ':42229:dtb-armv7l', '_OBSOLETE': '1', '_ONLY_OBSOLETE_SAME_BUILD': '1', '__CI_JOB_URL': 'https://gitlab.suse.de/qa-maintenance/bot-ng/-/jobs/5904085', 'RRID': 'SUSE:Maintenance:42229:398981', 'BASE_TEST_ISSUES': '42229', 'SDK_TEST_ISSUES': '42229', 'INCIDENT_REPO': '', '_PRIORITY': 60, '__SOURCE_CHANGE_URL': 'https://smelt.suse.de/incident/42229', '__DASHBOARD_INCIDENT_URL': 'http://dashboard.qam.suse.de/incident/42229'}}
2026-01-15 14:32:49 INFO     openqa-cli api --host https://openqa.suse.de -X post isos DISTRI=sle VERSION=15-SP7 ARCH=aarch64 FLAVOR=Server-DVD-Incidents-Kernel-Base INCIDENT_ID=42229 REPOHASH=1768408536 BUILD=:42229:dtb-armv7l _OBSOLETE=1 _ONLY_OBSOLETE_SAME_BUILD=1 __CI_JOB_URL=https://gitlab.suse.de/qa-maintenance/bot-ng/-/jobs/5904085 RRID=SUSE:Maintenance:42229:398981 BASE_TEST_ISSUES=42229 SDK_TEST_ISSUES=42229 INCIDENT_REPO= _PRIORITY=60 __SOURCE_CHANGE_URL=https://smelt.suse.de/incident/42229 __DASHBOARD_INCIDENT_URL=http://dashboard.qam.suse.de/incident/42229
2026-01-15 14:32:49 INFO     Dashboard update successful: Status 200, Database ID 2318630
2026-01-15 14:32:49 INFO     Triggering job: {'api': 'api/incident_settings', 'qem': {'incident': 42229, 'arch': 'x86_64', 'flavor': 'Server-DVD-Incidents-Kernel-Nvidia', 'version': '15-SP7', 'withAggregate': False, 'settings': {'DISTRI': 'sle', 'VERSION': '15-SP7', 'ARCH': 'x86_64', 'FLAVOR': 'Server-DVD-Incidents-Kernel-Nvidia', 'INCIDENT_ID': 42229, 'REPOHASH': 1768403670, 'BUILD': ':42229:dtb-armv7l', '_OBSOLETE': '1', '_ONLY_OBSOLETE_SAME_BUILD': '1', '__CI_JOB_URL': 'https://gitlab.suse.de/qa-maintenance/bot-ng/-/jobs/5904085', 'RRID': 'SUSE:Maintenance:42229:398981', 'BASE_TEST_ISSUES': '42229', 'SDK_TEST_ISSUES': '42229', 'INCIDENT_REPO': '', '_PRIORITY': 60, '__SOURCE_CHANGE_URL': 'https://smelt.suse.de/incident/42229', '__DASHBOARD_INCIDENT_URL': 'http://dashboard.qam.suse.de/incident/42229'}}, 'openqa': {'DISTRI': 'sle', 'VERSION': '15-SP7', 'ARCH': 'x86_64', 'FLAVOR': 'Server-DVD-Incidents-Kernel-Nvidia', 'INCIDENT_ID': 42229, 'REPOHASH': 1768403670, 'BUILD': ':42229:dtb-armv7l', '_OBSOLETE': '1', '_ONLY_OBSOLETE_SAME_BUILD': '1', '__CI_JOB_URL': 'https://gitlab.suse.de/qa-maintenance/bot-ng/-/jobs/5904085', 'RRID': 'SUSE:Maintenance:42229:398981', 'BASE_TEST_ISSUES': '42229', 'SDK_TEST_ISSUES': '42229', 'INCIDENT_REPO': '', '_PRIORITY': 60, '__SOURCE_CHANGE_URL': 'https://smelt.suse.de/incident/42229', '__DASHBOARD_INCIDENT_URL': 'http://dashboard.qam.suse.de/incident/42229'}}
2026-01-15 14:32:49 INFO     openqa-cli api --host https://openqa.suse.de -X post isos DISTRI=sle VERSION=15-SP7 ARCH=x86_64 FLAVOR=Server-DVD-Incidents-Kernel-Nvidia INCIDENT_ID=42229 REPOHASH=1768403670 BUILD=:42229:dtb-armv7l _OBSOLETE=1 _ONLY_OBSOLETE_SAME_BUILD=1 __CI_JOB_URL=https://gitlab.suse.de/qa-maintenance/bot-ng/-/jobs/5904085 RRID=SUSE:Maintenance:42229:398981 BASE_TEST_ISSUES=42229 SDK_TEST_ISSUES=42229 INCIDENT_REPO= _PRIORITY=60 __SOURCE_CHANGE_URL=https://smelt.suse.de/incident/42229 __DASHBOARD_INCIDENT_URL=http://dashboard.qam.suse.de/incident/42229
2026-01-15 14:32:49 INFO     Dashboard update successful: Status 200, Database ID 2318631
2026-01-15 14:32:49 INFO     Triggering job: {'api': 'api/incident_settings', 'qem': {'incident': 42229, 'arch': 'x86_64', 'flavor': 'Server-DVD-Incidents-Minimal', 'version': '15-SP7', 'withAggregate': True, 'settings': {'DISTRI': 'sle', 'VERSION': '15-SP7', 'ARCH': 'x86_64', 'FLAVOR': 'Server-DVD-Incidents-Minimal', 'INCIDENT_ID': 42229, 'REPOHASH': 1768403670, 'BUILD': ':42229:dtb-armv7l', '_OBSOLETE': '1', '_ONLY_OBSOLETE_SAME_BUILD': '1', '__CI_JOB_URL': 'https://gitlab.suse.de/qa-maintenance/bot-ng/-/jobs/5904085', 'RRID': 'SUSE:Maintenance:42229:398981', 'BASE_TEST_ISSUES': '42229', 'SDK_TEST_ISSUES': '42229', 'INCIDENT_REPO': '', '_PRIORITY': 55, '__SOURCE_CHANGE_URL': 'https://smelt.suse.de/incident/42229', '__DASHBOARD_INCIDENT_URL': 'http://dashboard.qam.suse.de/incident/42229'}}, 'openqa': {'DISTRI': 'sle', 'VERSION': '15-SP7', 'ARCH': 'x86_64', 'FLAVOR': 'Server-DVD-Incidents-Minimal', 'INCIDENT_ID': 42229, 'REPOHASH': 1768403670, 'BUILD': ':42229:dtb-armv7l', '_OBSOLETE': '1', '_ONLY_OBSOLETE_SAME_BUILD': '1', '__CI_JOB_URL': 'https://gitlab.suse.de/qa-maintenance/bot-ng/-/jobs/5904085', 'RRID': 'SUSE:Maintenance:42229:398981', 'BASE_TEST_ISSUES': '42229', 'SDK_TEST_ISSUES': '42229', 'INCIDENT_REPO': '', '_PRIORITY': 55, '__SOURCE_CHANGE_URL': 'https://smelt.suse.de/incident/42229', '__DASHBOARD_INCIDENT_URL': 'http://dashboard.qam.suse.de/incident/42229'}}
2026-01-15 14:32:49 INFO     openqa-cli api --host https://openqa.suse.de -X post isos DISTRI=sle VERSION=15-SP7 ARCH=x86_64 FLAVOR=Server-DVD-Incidents-Minimal INCIDENT_ID=42229 REPOHASH=1768403670 BUILD=:42229:dtb-armv7l _OBSOLETE=1 _ONLY_OBSOLETE_SAME_BUILD=1 __CI_JOB_URL=https://gitlab.suse.de/qa-maintenance/bot-ng/-/jobs/5904085 RRID=SUSE:Maintenance:42229:398981 BASE_TEST_ISSUES=42229 SDK_TEST_ISSUES=42229 INCIDENT_REPO= _PRIORITY=55 __SOURCE_CHANGE_URL=https://smelt.suse.de/incident/42229 __DASHBOARD_INCIDENT_URL=http://dashboard.qam.suse.de/incident/42229
2026-01-15 14:32:49 INFO     Dashboard update successful: Status 200, Database ID 2318632
2026-01-15 14:32:49 INFO     Triggering job: {'api': 'api/incident_settings', 'qem': {'incident': 42229, 'arch': 's390x', 'flavor': 'Server-DVD-Incidents-Minimal', 'version': '15-SP7', 'withAggregate': True, 'settings': {'DISTRI': 'sle', 'VERSION': '15-SP7', 'ARCH': 's390x', 'FLAVOR': 'Server-DVD-Incidents-Minimal', 'INCIDENT_ID': 42229, 'REPOHASH': 1768407153, 'BUILD': ':42229:dtb-armv7l', '_OBSOLETE': '1', '_ONLY_OBSOLETE_SAME_BUILD': '1', '__CI_JOB_URL': 'https://gitlab.suse.de/qa-maintenance/bot-ng/-/jobs/5904085', 'RRID': 'SUSE:Maintenance:42229:398981', 'BASE_TEST_ISSUES': '42229', 'SDK_TEST_ISSUES': '42229', 'INCIDENT_REPO': '', '_PRIORITY': 55, '__SOURCE_CHANGE_URL': 'https://smelt.suse.de/incident/42229', '__DASHBOARD_INCIDENT_URL': 'http://dashboard.qam.suse.de/incident/42229'}}, 'openqa': {'DISTRI': 'sle', 'VERSION': '15-SP7', 'ARCH': 's390x', 'FLAVOR': 'Server-DVD-Incidents-Minimal', 'INCIDENT_ID': 42229, 'REPOHASH': 1768407153, 'BUILD': ':42229:dtb-armv7l', '_OBSOLETE': '1', '_ONLY_OBSOLETE_SAME_BUILD': '1', '__CI_JOB_URL': 'https://gitlab.suse.de/qa-maintenance/bot-ng/-/jobs/5904085', 'RRID': 'SUSE:Maintenance:42229:398981', 'BASE_TEST_ISSUES': '42229', 'SDK_TEST_ISSUES': '42229', 'INCIDENT_REPO': '', '_PRIORITY': 55, '__SOURCE_CHANGE_URL': 'https://smelt.suse.de/incident/42229', '__DASHBOARD_INCIDENT_URL': 'http://dashboard.qam.suse.de/incident/42229'}}
2026-01-15 14:32:49 INFO     openqa-cli api --host https://openqa.suse.de -X post isos DISTRI=sle VERSION=15-SP7 ARCH=s390x FLAVOR=Server-DVD-Incidents-Minimal INCIDENT_ID=42229 REPOHASH=1768407153 BUILD=:42229:dtb-armv7l _OBSOLETE=1 _ONLY_OBSOLETE_SAME_BUILD=1 __CI_JOB_URL=https://gitlab.suse.de/qa-maintenance/bot-ng/-/jobs/5904085 RRID=SUSE:Maintenance:42229:398981 BASE_TEST_ISSUES=42229 SDK_TEST_ISSUES=42229 INCIDENT_REPO= _PRIORITY=55 __SOURCE_CHANGE_URL=https://smelt.suse.de/incident/42229 __DASHBOARD_INCIDENT_URL=http://dashboard.qam.suse.de/incident/42229
2026-01-15 14:32:49 INFO     Dashboard update successful: Status 200, Database ID 2318633
2026-01-15 14:32:49 INFO     Triggering job: {'api': 'api/incident_settings', 'qem': {'incident': 42229, 'arch': 'ppc64le', 'flavor': 'Server-DVD-Incidents-Minimal', 'version': '15-SP7', 'withAggregate': True, 'settings': {'DISTRI': 'sle', 'VERSION': '15-SP7', 'ARCH': 'ppc64le', 'FLAVOR': 'Server-DVD-Incidents-Minimal', 'INCIDENT_ID': 42229, 'REPOHASH': 1768406991, 'BUILD': ':42229:dtb-armv7l', '_OBSOLETE': '1', '_ONLY_OBSOLETE_SAME_BUILD': '1', '__CI_JOB_URL': 'https://gitlab.suse.de/qa-maintenance/bot-ng/-/jobs/5904085', 'RRID': 'SUSE:Maintenance:42229:398981', 'BASE_TEST_ISSUES': '42229', 'SDK_TEST_ISSUES': '42229', 'INCIDENT_REPO': '', '_PRIORITY': 55, '__SOURCE_CHANGE_URL': 'https://smelt.suse.de/incident/42229', '__DASHBOARD_INCIDENT_URL': 'http://dashboard.qam.suse.de/incident/42229'}}, 'openqa': {'DISTRI': 'sle', 'VERSION': '15-SP7', 'ARCH': 'ppc64le', 'FLAVOR': 'Server-DVD-Incidents-Minimal', 'INCIDENT_ID': 42229, 'REPOHASH': 1768406991, 'BUILD': ':42229:dtb-armv7l', '_OBSOLETE': '1', '_ONLY_OBSOLETE_SAME_BUILD': '1', '__CI_JOB_URL': 'https://gitlab.suse.de/qa-maintenance/bot-ng/-/jobs/5904085', 'RRID': 'SUSE:Maintenance:42229:398981', 'BASE_TEST_ISSUES': '42229', 'SDK_TEST_ISSUES': '42229', 'INCIDENT_REPO': '', '_PRIORITY': 55, '__SOURCE_CHANGE_URL': 'https://smelt.suse.de/incident/42229', '__DASHBOARD_INCIDENT_URL': 'http://dashboard.qam.suse.de/incident/42229'}}
2026-01-15 14:32:49 INFO     openqa-cli api --host https://openqa.suse.de -X post isos DISTRI=sle VERSION=15-SP7 ARCH=ppc64le FLAVOR=Server-DVD-Incidents-Minimal INCIDENT_ID=42229 REPOHASH=1768406991 BUILD=:42229:dtb-armv7l _OBSOLETE=1 _ONLY_OBSOLETE_SAME_BUILD=1 __CI_JOB_URL=https://gitlab.suse.de/qa-maintenance/bot-ng/-/jobs/5904085 RRID=SUSE:Maintenance:42229:398981 BASE_TEST_ISSUES=42229 SDK_TEST_ISSUES=42229 INCIDENT_REPO= _PRIORITY=55 __SOURCE_CHANGE_URL=https://smelt.suse.de/incident/42229 __DASHBOARD_INCIDENT_URL=http://dashboard.qam.suse.de/incident/42229
2026-01-15 14:32:49 INFO     Dashboard update successful: Status 200, Database ID 2318634
2026-01-15 14:32:49 INFO     Triggering job: {'api': 'api/incident_settings', 'qem': {'incident': 42229, 'arch': 'aarch64', 'flavor': 'Server-DVD-Incidents-Minimal', 'version': '15-SP7', 'withAggregate': True, 'settings': {'DISTRI': 'sle', 'VERSION': '15-SP7', 'ARCH': 'aarch64', 'FLAVOR': 'Server-DVD-Incidents-Minimal', 'INCIDENT_ID': 42229, 'REPOHASH': 1768408536, 'BUILD': ':42229:dtb-armv7l', '_OBSOLETE': '1', '_ONLY_OBSOLETE_SAME_BUILD': '1', '__CI_JOB_URL': 'https://gitlab.suse.de/qa-maintenance/bot-ng/-/jobs/5904085', 'RRID': 'SUSE:Maintenance:42229:398981', 'BASE_TEST_ISSUES': '42229', 'SDK_TEST_ISSUES': '42229', 'INCIDENT_REPO': '', '_PRIORITY': 55, '__SOURCE_CHANGE_URL': 'https://smelt.suse.de/incident/42229', '__DASHBOARD_INCIDENT_URL': 'http://dashboard.qam.suse.de/incident/42229'}}, 'openqa': {'DISTRI': 'sle', 'VERSION': '15-SP7', 'ARCH': 'aarch64', 'FLAVOR': 'Server-DVD-Incidents-Minimal', 'INCIDENT_ID': 42229, 'REPOHASH': 1768408536, 'BUILD': ':42229:dtb-armv7l', '_OBSOLETE': '1', '_ONLY_OBSOLETE_SAME_BUILD': '1', '__CI_JOB_URL': 'https://gitlab.suse.de/qa-maintenance/bot-ng/-/jobs/5904085', 'RRID': 'SUSE:Maintenance:42229:398981', 'BASE_TEST_ISSUES': '42229', 'SDK_TEST_ISSUES': '42229', 'INCIDENT_REPO': '', '_PRIORITY': 55, '__SOURCE_CHANGE_URL': 'https://smelt.suse.de/incident/42229', '__DASHBOARD_INCIDENT_URL': 'http://dashboard.qam.suse.de/incident/42229'}}
2026-01-15 14:32:49 INFO     openqa-cli api --host https://openqa.suse.de -X post isos DISTRI=sle VERSION=15-SP7 ARCH=aarch64 FLAVOR=Server-DVD-Incidents-Minimal INCIDENT_ID=42229 REPOHASH=1768408536 BUILD=:42229:dtb-armv7l _OBSOLETE=1 _ONLY_OBSOLETE_SAME_BUILD=1 __CI_JOB_URL=https://gitlab.suse.de/qa-maintenance/bot-ng/-/jobs/5904085 RRID=SUSE:Maintenance:42229:398981 BASE_TEST_ISSUES=42229 SDK_TEST_ISSUES=42229 INCIDENT_REPO= _PRIORITY=55 __SOURCE_CHANGE_URL=https://smelt.suse.de/incident/42229 __DASHBOARD_INCIDENT_URL=http://dashboard.qam.suse.de/incident/42229
2026-01-15 14:32:49 INFO     Dashboard update successful: Status 200, Database ID 2318635
2026-01-15 14:32:49 INFO     Triggering job: {'api': 'api/incident_settings', 'qem': {'incident': 42229, 'arch': 'x86_64', 'flavor': 'Server-DVD-Incidents-VIRT-Kernel', 'version': '15-SP7', 'withAggregate': False, 'settings': {'DISTRI': 'sle', 'VERSION': '15-SP7', 'ARCH': 'x86_64', 'FLAVOR': 'Server-DVD-Incidents-VIRT-Kernel', 'INCIDENT_ID': 42229, 'REPOHASH': 1768403670, 'BUILD': ':42229:dtb-armv7l', '_OBSOLETE': '1', '_ONLY_OBSOLETE_SAME_BUILD': '1', '__CI_JOB_URL': 'https://gitlab.suse.de/qa-maintenance/bot-ng/-/jobs/5904085', 'RRID': 'SUSE:Maintenance:42229:398981', 'BASE_TEST_ISSUES': '42229', 'SDK_TEST_ISSUES': '42229', 'INCIDENT_REPO': '', '_PRIORITY': 60, '__SOURCE_CHANGE_URL': 'https://smelt.suse.de/incident/42229', '__DASHBOARD_INCIDENT_URL': 'http://dashboard.qam.suse.de/incident/42229'}}, 'openqa': {'DISTRI': 'sle', 'VERSION': '15-SP7', 'ARCH': 'x86_64', 'FLAVOR': 'Server-DVD-Incidents-VIRT-Kernel', 'INCIDENT_ID': 42229, 'REPOHASH': 1768403670, 'BUILD': ':42229:dtb-armv7l', '_OBSOLETE': '1', '_ONLY_OBSOLETE_SAME_BUILD': '1', '__CI_JOB_URL': 'https://gitlab.suse.de/qa-maintenance/bot-ng/-/jobs/5904085', 'RRID': 'SUSE:Maintenance:42229:398981', 'BASE_TEST_ISSUES': '42229', 'SDK_TEST_ISSUES': '42229', 'INCIDENT_REPO': '', '_PRIORITY': 60, '__SOURCE_CHANGE_URL': 'https://smelt.suse.de/incident/42229', '__DASHBOARD_INCIDENT_URL': 'http://dashboard.qam.suse.de/incident/42229'}}
2026-01-15 14:32:49 INFO     openqa-cli api --host https://openqa.suse.de -X post isos DISTRI=sle VERSION=15-SP7 ARCH=x86_64 FLAVOR=Server-DVD-Incidents-VIRT-Kernel INCIDENT_ID=42229 REPOHASH=1768403670 BUILD=:42229:dtb-armv7l _OBSOLETE=1 _ONLY_OBSOLETE_SAME_BUILD=1 __CI_JOB_URL=https://gitlab.suse.de/qa-maintenance/bot-ng/-/jobs/5904085 RRID=SUSE:Maintenance:42229:398981 BASE_TEST_ISSUES=42229 SDK_TEST_ISSUES=42229 INCIDENT_REPO= _PRIORITY=60 __SOURCE_CHANGE_URL=https://smelt.suse.de/incident/42229 __DASHBOARD_INCIDENT_URL=http://dashboard.qam.suse.de/incident/42229
2026-01-15 14:32:49 INFO     Dashboard update successful: Status 200, Database ID 2318636
2026-01-15 14:32:49 INFO     Dashboard update successful: Status 200, Database ID 2318637
2026-01-15 14:32:49 INFO     Dashboard update successful: Status 200, Database ID 2318638
2026-01-15 14:32:49 INFO     Dashboard update successful: Status 200, Database ID 2318639
2026-01-15 14:32:49 INFO     Dashboard update successful: Status 200, Database ID 2318640
2026-01-15 14:32:49 INFO     Dashboard update successful: Status 200, Database ID 2318641
2026-01-15 14:32:49 ERROR    openQA API error: {"count":0,"error":"no templates found for sle-Server-DVD-Incidents-VIRT-Kernel-x86_64","failed":{},"ids":[],"scheduled_product_id":3240722}
Traceback (most recent call last):
  File "/builds/qa-maintenance/bot-ng/qem-bot/openqabot/openqa.py", line 53, in post_job
    self.openqa.openqa_request("POST", "isos", data=settings, retries=self.retries)
    ~~~~~~~~~~~~~~~~~~~~~~~~~~^^^^^^^^^^^^^^^^^^^^^^^^^^^^^^^^^^^^^^^^^^^^^^^^^^^^^
  File "/usr/lib/python3.13/site-packages/openqa_client/client.py", line 313, in openqa_request
    return self.do_request(req, retries=retries, wait=wait, parse=True)
           ~~~~~~~~~~~~~~~^^^^^^^^^^^^^^^^^^^^^^^^^^^^^^^^^^^^^^^^^^^^^
  File "/usr/lib/python3.13/site-packages/openqa_client/client.py", line 249, in do_request
    raise err
  File "/usr/lib/python3.13/site-packages/openqa_client/client.py", line 223, in do_request
    raise openqa_client.exceptions.RequestError(
        request.method, resp.url, resp.status_code, resp.text
    )
openqa_client.exceptions.RequestError: ('POST', 'https://openqa.suse.de/api/v1/isos', 404, '{"count":0,"error":"no templates found for sle-Server-DVD-Incidents-VIRT-Kernel-x86_64","failed":{},"ids":[],"scheduled_product_id":3240722}')
2026-01-15 14:32:49 ERROR    Job POST failed for settings: {'ARCH': 'x86_64',
 'BASE_TEST_ISSUES': '42229',
 'BUILD': ':42229:dtb-armv7l',
 'DISTRI': 'sle',
 'FLAVOR': 'Server-DVD-Incidents-VIRT-Kernel',
 'INCIDENT_ID': 42229,
 'INCIDENT_REPO': '',
 'REPOHASH': 1768403670,
 'RRID': 'SUSE:Maintenance:42229:398981',
 'SDK_TEST_ISSUES': '42229',
 'VERSION': '15-SP7',
 '_OBSOLETE': '1',
 '_ONLY_OBSOLETE_SAME_BUILD': '1',
 '_PRIORITY': 60,
 '__CI_JOB_URL': 'https://gitlab.suse.de/qa-maintenance/bot-ng/-/jobs/5904085',
 '__DASHBOARD_INCIDENT_URL': 'http://dashboard.qam.suse.de/incident/42229',
 '__SOURCE_CHANGE_URL': 'https://smelt.suse.de/incident/42229'}
Traceback (most recent call last):
  File "/builds/qa-maintenance/bot-ng/qem-bot/openqabot/openqa.py", line 53, in post_job
    self.openqa.openqa_request("POST", "isos", data=settings, retries=self.retries)
    ~~~~~~~~~~~~~~~~~~~~~~~~~~^^^^^^^^^^^^^^^^^^^^^^^^^^^^^^^^^^^^^^^^^^^^^^^^^^^^^
  File "/usr/lib/python3.13/site-packages/openqa_client/client.py", line 313, in openqa_request
    return self.do_request(req, retries=retries, wait=wait, parse=True)
           ~~~~~~~~~~~~~~~^^^^^^^^^^^^^^^^^^^^^^^^^^^^^^^^^^^^^^^^^^^^^
  File "/usr/lib/python3.13/site-packages/openqa_client/client.py", line 249, in do_request
    raise err
  File "/usr/lib/python3.13/site-packages/openqa_client/client.py", line 223, in do_request
    raise openqa_client.exceptions.RequestError(
        request.method, resp.url, resp.status_code, resp.text
    )
openqa_client.exceptions.RequestError: ('POST', 'https://openqa.suse.de/api/v1/isos', 404, '{"count":0,"error":"no templates found for sle-Server-DVD-Incidents-VIRT-Kernel-x86_64","failed":{},"ids":[],"scheduled_product_id":3240722}')
2026-01-15 14:32:49 INFO     Skipping dashboard update: Job post failed
2026-01-15 14:32:49 INFO     Dashboard update successful: Status 200, Database ID 2318642
2026-01-15 14:32:49 INFO     Dashboard update successful: Status 200, Database ID 2318643
2026-01-15 14:32:50 INFO     Dashboard update successful: Status 200, Database ID 2318644
2026-01-15 14:32:50 INFO     Dashboard update successful: Status 200, Database ID 2318645
2026-01-15 14:32:50 INFO     Dashboard update successful: Status 200, Database ID 2318646
2026-01-15 14:32:50 INFO     Dashboard update successful: Status 200, Database ID 2318647
2026-01-15 14:32:50 INFO     Dashboard update successful: Status 200, Database ID 2318648
2026-01-15 14:32:50 INFO     Dashboard update successful: Status 200, Database ID 2318649
2026-01-15 14:32:50 INFO     Dashboard update successful: Status 200, Database ID 2318650
2026-01-15 14:32:50 INFO     Dashboard update successful: Status 200, Database ID 2318651
2026-01-15 14:32:50 INFO     Dashboard update successful: Status 200, Database ID 2318652
2026-01-15 14:32:50 INFO     Dashboard update successful: Status 200, Database ID 2318653
2026-01-15 14:32:50 INFO     Dashboard update successful: Status 200, Database ID 2318654
2026-01-15 14:32:50 INFO     Dashboard update successful: Status 200, Database ID 2318655
2026-01-15 14:32:50 INFO     Dashboard update successful: Status 200, Database ID 2318656
2026-01-15 14:32:50 INFO     Dashboard update successful: Status 200, Database ID 2318657
2026-01-15 14:32:50 INFO     Dashboard update successful: Status 200, Database ID 2318658
2026-01-15 14:32:50 INFO     Dashboard update successful: Status 200, Database ID 2318659
2026-01-15 14:32:50 INFO     Dashboard update successful: Status 200, Database ID 2318660
2026-01-15 14:32:50 INFO     Dashboard update successful: Status 200, Database ID 2318661
2026-01-15 14:32:50 INFO     Dashboard update successful: Status 200, Database ID 2318662
2026-01-15 14:32:50 INFO     Dashboard update successful: Status 200, Database ID 2318663
2026-01-15 14:32:51 INFO     Dashboard update successful: Status 200, Database ID 2318664
2026-01-15 14:32:52 INFO     Dashboard update successful: Status 200, Database ID 2318665
2026-01-15 14:32:53 INFO     Dashboard update successful: Status 200, Database ID 2318666
2026-01-15 14:32:53 INFO     Bot run completed
section_end:1768487802:step_script[0Ksection_start:1768487802:upload_artifacts_on_success[0K[0K[36;1mUploading artifacts for successful job[0;m[0;m
[32;1mUploading artifacts...[0;m
bot_*.log: found 1 matching artifact files and directories[0;m 
Uploading artifacts as "archive" to coordinator... 201 Created[0;m  correlation_id[0;m=01KF11CQS78P7MMPSZ8B8B5M3E id[0;m=5904085 responseStatus[0;m=201 Created token[0;m=64_XwqahG
section_end:1768487805:upload_artifacts_on_success[0Ksection_start:1768487805:cleanup_file_variables[0K[0K[36;1mCleaning up project directory and file based variables[0;m[0;m
section_end:1768487809:cleanup_file_variables[0K[32;1mJob succeeded[0;m
